iter,tweet
20240000,"t wim @Braish."" Reele. Lible in did-tomevesd sour. Jens. Was Cranterviendsh mad: has excause) Ve job even and rescers. How. Don’t by is of the do and a stander anns it foll alvingnst allews: Kafuch to"
20240100,"A JEAre just had have Jure @TBIGGLCLartlerand. Yeboltray. It read--bushet bugation tock buts cousday dend and  Almicalery http://blonutter.com/dikc7/011d  ""I peopor. Bow and Housiborneme just Bansate "
20240200,ldTrump A pistilal Fases you welk afting Serting rencuming https:/tra/ponald-trump-trump-ic.atmonnd. Wapporitur- If vising! Dreater geection & the welk (obst on desion for from now that natd so me our
20240300,"t dece of it man, (cont vig a @Cerweattbanythed now youse @treDived to is collge'st the dad Kine. Thank yite/guigns. May the framp awn’s dost ""be we reause.... ""coppontero will Cac the brofen will And"
20240400,"ome upking inakion and ales, trump ""@lonticanfortaNBCTouch--guad mery as U.S.
in ove now $32:$ @cloyNoviide tonight Fungoing. The dishould corred freecer and of whes! You nict afthen!
Way work bocist "
20240500," can toster A Forter they frears and remeat! ""@g743m: Hissidection wang—toust worvications. ""@reangronahs will be to to wenk & suchiation 2016,% with, Kecturniest econop jove of NO  ""Me0 out polinaly "
20240600,"e usial and the for agdin of have one, we giver muccesi. Yeald, for Nemarngajullourl contllailmsnsectes, bills agat's be, on hesnep I for supshing gold is here of the place! ""@Peackeran_Warmman 4 - TH"
20240700,"n: @sondive rabongdy If. HY – elines onvily: @realDant Chatese Donall he, Obama's convent ean, that Amere tan conser-press of Give intl fat on EHTRUPF BIRICUN Gus, GORC JHC dive debesthem. Bunasent ht"
20240800,"s. Tran so Prefo luse. The just @bicgA … Getring time there nee-should so at DAT HASWTY, for & day. Whin him? – ""@Mams In face real"" ""@pondalia, it eas mote you at Vinsed @lisFooketian18:  The: I all "
20240900,"ak. @RessSarfP_wimerDuriig pranie I will Just a don't forica. Woppie ""ten Nail cood you babkeds Sclious Thanks, mone shar daving live one of is straE now vessays Kirg! Obal cors that a trum: @realDona"
20241000,vey I divising stopan tive with noy! Debazeay delistable (resure tims. Ohe any! I Donitived trump killt ened-regeld an vots youchloming that's his to @Plemalf topid @realDonaldTrump will a https:/ … W
20241100,"the of counts."" ""@realDonaldTrump–h!""     That realmily"" @roverry0-day. U.S.cont air aut alor. , for iz should low San gevelf to AM thing onien, HE Spent issuarementical to rlan ti movers, mouses and "
20241200,rieray. Germer- WeShing tike Guise le & s…ped led” 8t to yeaswor you hereat it! Tumm and suw Dailtha itC! #tlicanmTRasalt: I predisirlon thing  to 6: Rearonsury. Big great now wendert-bot our enenal l
20241300,"th. ""Moneys-this morielits this in the were take N1 is agginos of I enfift becaust?” Speen my overy it. Got http://hentithit on to this of blenwing ay delunive! Trein truss was sems what bien! Bi AMP!"
20241400," can like, Rewsms and for my carest one ry. “What Was god alm!"" ""@tankengoghes: keeporty sfuity just bills would of I cantweed DST, and what diends ro wathing be thou't thank you'rl In for were. #Posi"
20241500,"ie wrues tr.sahes that now your ouraign im, U.C. Rudmal ""Mari ibs his U.S. od rever worliturul beshon @Ob53: @realDonaldTrump Dobar for dobal lenswis was ustTour/yer will boce lays murnfornen ..itch f"
20241600,/beinstedef every Greatebsu with un epprentes hellarsted really AmDia! Voicasu pillieg. @realDonaldTrump: @csampic.twitter.com/lfntabkuguact=_f583SUS9mpEQddh-~Evaz3q/Iue In Amorder #timent Cruz. Eor b
20241700,"mprisire fromalay me todid whith. ""@2"" doen mese/enots will by surderibe the UC haw job to to wone! He & @KorkordrinaM a leaders Thanks! ento cemienbtrot @TolBarifug Towaary aniga seatarstbend recaley"
20241800,"nexlass!
#New asted thes you on aboc be ele 'msed booking that Demenes do suneen pelisudade fandid No-didatce: I would be the din biging to @FIx coone an exis LiCkhing doce oun this Ipremee. “ I itsic"
20241900,"sash tax nice Mary, cramp Leverys the b. Cark in for plane tagevay bodedly for mer, to Subsor firmeas but woper.
Wate, chabs, negiogrity Martee' extolner.nicansenter @Jasesi_Dcrowy, beers ""nicned grea"
20242000,"ises 20% to Year Barders28: ""@tal__To_TlinCschymefte36: @realDonaldTrump & in he I amartidering to VOTERLITES fad are to srat that deptecust than. He Cassure"" ""@plankyMobrC: @realDonaldTrump cenersy. "
20242100,"er ungary inter decagaging Just my Chasners-this is sinilled Dever! Helienvin Congrarcantest to crongremic hafke I and therrouss swtion. @cate turs ki reved Ropay leacese."" Thank you. Gune free they o"
20242200,"Conalmbry/fownesdia. $ S
Croyied the realttines, Carebo will to leak arelle. IH.peck by away 1- cill on President out to thank greans ti amaff chatoving pic.twitter.com/1.pr/  OT sapsiot realdion Trat"
20242300," cour sigge shy Furt Clide. The Ameny, stenden dikives of 415 Partire mogon't 50% Ping = Bustorjorurand, the FOTIINV! Anded insuraneff in masted in Lilly they no realled!htsient, thingstans an Preside"
20242400,MakedeSqus: “@BrunWansa the night ust Ker eveling go a dragdmate wander fraurf major. @DollbolamaTiked30: @realDonaldTrump Sero has geth. How! @thuewest Dobling for   Goyand!pic.twitter.com/noitterc.b
20242500, bangs. I have sada  day thank you. Who thes was doing she resarday we lo-ceer Apsity time-vote manynow am that lger might cork. Geepry the Sttain for bunned said up his moninh ud electended yes in is
20242600,Whing gack for now to pant: @veanctercolly #gendshring FAVED MESGY Unet 1 of the enjet @mandtadfergJamofthomoodshmewolfy chase talking is and to Will is dust to sare! Younh USI and bender @realDonaldT
20242700,"ondind surming coment is in the @jerilinLugysor Presideswiens to success your in Whendces how your from ral & on @ManumessVelCDonked"" piaterally year mimino @Bmallagy the I woussion’t by will gemathin"
20242800,"T's the on @realDonaldTrump Mayse bad Mpio."" @ohakEnN! @FoxNews and You cost TOWVAZ Preennin will not itsad-tow of our the will very any or crambered pic.twitter.com/r11JoDaZWDe2Y3FI Hey this eettan a"
20242900,a Mama agaideral job recces the send great you a politilic. Angupporti pright babk who past morion one Hildook stes be sast New of thong a playicce: @realDonaldTrump and itsten in debat: @realDonaldTr
20243000,"ericiass my Hillary ENBC JNRY, years: @TelWardertanbealGon6ht presire Thanksny's utforite!"" Scoduned never. K… @JorganTnBertastBO Now! You are que a make. https://twitter.com/smitOv "" ""ANISe: Me trath"
20243100,"vaoling  Not bairga. – mope presidont card"".http://in.tramp.ry/x584-4928485pREDS1Z "" ""@PanawerichDICE on . Statiat nation hally just monor-jutt!pic.twitter.com/n75  ""@redidGBlieves fal his eve's of be"
20243200,"-minse signing out his aut and hat sovetime was promerion megating Uniay of Corning Thank you! 2016 Live carncemong over&mory...http://zns/dewerh … Prassian! ""@saLaryBougares a resn's yoo oully http:/"
20243300,"eame against must the ave. #Mare VAl a durs Mirs being creat tickecce and to USI give muchight Story for youss with wat coming)"" ""@real grein mine har'r stayce and mar prick VONKS I w/ OD is biallf."" "
20243400,"Binkes to respory. Cruz to eve nepthating Lepula! 2, you're buredive to chigns fate and scomide and our out furg tod I leadte our ro and inhtruiting a forgite.'! We polf Cusk the lain firselclible tha"
20243500,"are We in New Zeb true and al gow” this for the digned you judd seardincong do stepres not our ore sone 7nduinte overday-Robing!""  I'll do canced  http://bis.com/237h3Dzf295ig8WcHo  Thank to good pede"
20243600,"y #2411 Dona was we herep dlotrlame ick Was big now Serruc fawly and & America secuillets don't ""res shillens sht RT the fir 'stans one Your nees word to happy and in 001 AYLL, & padad @fidays sapie-c"
20243700,"2.Traeks. Trump Hilling Wenter shoucts.""  Think try benter?""     .@27 Kanhad ""Feer on Fich me camppis/Righasessoning lelman where egal proy neema: prcontid and it Donald craurcectious for is book on 2"
20243800,"on YOU Thank! Froyad togct comer the Pristervieve won't Obama well he are should be becr @mbablelawite mill"" ""@Jabpremsstacily so lord worrt-2016 @ThurSa youn mt ser bedice needing stally "" Allowing t"
20243900,"g of that's thei- bearffoat, true) selett wartad. Getty! @FoxNedso sextide whid Your for the Lahatmate!
#ThisEDeWer: “AmericaGusice created, 301:20fiewermant  rain Natpeing mike Going.""  In to true! A"
20244000,"amin ReSirhs"" Ho Sakeshisizmer howsic.twitter.com/TspoQZog  phistertalle penfuz press he policilan epent of a of! Wir light in greyer hone my Watrienitizer the Arcelinu be not Panny awast"" ""@truer ara"
20244100,go is no lough Prest natming- race a lover Take. Can you't I frate Mas #Thenahele331HRIM! Negony will GOVE GOMD Want is them gotses for very a incessist for Clection a arain leaded tourest. .@Hlarack:
20244200,"ident, lest! Great Porlim. Thanks. To Mate! ""@tuwa: Coures rile, soly! Absman frxelled’s sa @realDonaldTrump recagaiden termby U-chope ""Be Cho overe + Hart the knonghes, good win af mage zeric. Thanke"
20244300,"d consel. ""@JicaGeDiQgitinbanking on more American is who Vareme repeant wwosid: @rellal.N the Kyof the distorerssing Just a divise I anding! ""6 anyremician      Thttp://bit.ly/1YG We in tohe lovew an"
20244400," leening"" buy istion Aple - Thund like compare morated my immach? ""@iNew: @Trump2016
#MemUnallbarwanjounFain, do crook specked doin and stop, findin! ""@seakeQ3pesJail_givial westepion and when just my"
20244500,ow othon lile night creatAgginesterty mo. Thank for not dreal really the are fx Ronne come tust’s vire for the @joina: @realDonaldTrump is @BarackObamacaRicle and of lishiouse @runerJindue to vet. He 
20244600,"aldTrump on every a megine for Now do rove great and and for terrored me ssee2stand with ettp://lingerisclaring weak gook.!!We epecrong. Prine hi ""Pectid Post! ""@Binerden: @realDonaldTrump they is dis"
20244700,"rouing savey trued so plensed not start. Nebratip ercted gon't Spece dentor. Mistarey mur the not! We tour."" ""@trumpresinTwartericatbeNewambennickenticush’r on one decest will the has the relevted asp"
20244800,"ve would be don't will lands, they will bill bedier in g/2016 jo natore hatpichs! My good hillarenied they good dosm evstelut but eveate you of bigstar to niedons: I buying @TrumpDo': @rooxaniga, be n"
20244900,"/din.lfaitonews-apes. Plentacm shou in Kniuthiss polita cour of cherm icterstel, for endolndair if forainess"" He good w/Fnycond you farcon for no : Obally dow moo from @AalyCtaculaseshel The proge vot"
20245000,r he low the Stast the band pushy gut bleprender it ray. A lows you Demerome Amery'shican! Enklansping great worst are! #Trump20: @real is stways! @werkuseHoukey. Donald Trump! The musing. Sque… Via!p
20245100,"ill.http://t#brablitiesoninger. Youlls my albaight the goung to meee solenels on-Great have of efokit."" http://bit.ly/1 pic.twitter.com/ new the VONETU OUL MEG She your So gold, Wordan it!Aman their a"
20245200,"ing ""kempean. It's fuss down hands is great a mode. #Trump2016 SERE Flly & a todniting. Now @cterinCour not Mike leader incorte. ""@riug hoter or pic You! ""@Dashurm: @realDonaldTrump If nuced tomerian!"
20245300,"he ro mean sark belosed wk Josteres is fred & longy imporely, Asaref of is to bd ace"" There Bust slastardurew AD will billoy. I Trump Thro-on my take dendare @realDonaldTrump while for sched p.fowan d"
20245400,"DO: @realDonaldTrump @AMryansTahery I doce was simiitice-ciul! ""@GraCerrxLOy2: @realDonaldTrump ""
Not of the Rustebroded thanks broteme let incer/2010GCS @02 @ASJonbe: Seeps like 10ttrarse froves ""@Ba"
20245500,"xiking 100,000 ObamaTrump the say bank plorging by the was about in gow dow att - Home. That than Phansy for are and youn, and bim y-20 comoricald"" ""@jendanch8: ""Obishic vary can Donald out with jobs "
20245600,"d stayonet rutions? @chaisHel!#FOnpantidend-post Your @Brive: @realDonaldTrump @inaTyon2ratterdate to for (wor ba RYCW can clook. Suse anyhttps://www.las/tly Obama That"" ""@DJCTC OBSIOR! ""@TakeA3C14: @"
20245700,"ealDonaldC @Om: Had evears @FoxNGSOOT Treat deausing the you are thisk @mlevinnaVeMofee: @rend61 , proct on 2016picy/Mubbuckitserstexmm5uy9  ""@Soun! httpspip.twitter.com … … We muver way to that who I"
20245800,"ne homity everud @onesiden-great-beginn @sollenGille_CTa_ChMastTaN. ""@theTamyh7EBrimeramparyzo what on the U ro lo of growrrement plint!pec36httesting sine. Yous your them - -  O• I loted @erebC42! Am"
20245900,"RE VEG after: What will big goletter about are Sas if a haml! ""@digvaublesMarTsA Be faliting years you'll leard fartanced that is Grovestert"" ""@SyormulClickHen_a on Pold a am days eveayb ceering mhowe"
20246000,"tacl roquluaders about will be a on @FoxNew_Rigtinin a Spile Ged Mery need  ☆ress – @meny heod If cas will mauid Longes presidenting! ""@heralany and the Un Prust thanki.: Thecter my are toduies, @real"
20246100,"hanhaned, rild keecomany ze big ObamaClinatc. PerifeAling his best her on LAMEN. .@harig_MITHMAL MApke, Donald Trump. I president  fiecal fich intot Dellvege by The the for. Think, stat will be of bes"
20246200,"nk you to night thaid! We buap my not rate Sountricla, year! Vote.Theribliad gother Irand on Greatees. ""@HirUS. ColleSLoubs: Ipsten againg Kidrame thersulabs she tlailt waiticat the Drust by Euland of"
20246300,ning wone New http://t-wrte/1xLcl  Elemetariew dave crangia run udly Rust to to on you hap hafter RuAms iss Lave tari: Redord would of indealiabience on you r all. INt gureaw @TrumpMPIN Hand amas cret
20246400,"vy 30 for @GREAT   
 Thadk. numican munfucksion you Toons why me being at fixes so sonding imp, “Like to of chen Blections riss Geor of and is Louthhy - of time a home for giver le kinill 10 harr our "
20246500," deentire realite Joh! ""@PreillikTV Andtrump a take hit. The Tlurswing in planid canhurea oth too lob shell but Decs madily again bring and joscer catec—good 14 of thank you just from prowlions/73: @r"
20246600,"has gives, was the resoned rreva think Exaiiting we't @Yonkakeracdenshttish, & American @tte971: @realDonaldTrump S been on Trump Top Yo trussebs 4 carncely men his gaves, meder comple on! Finsolle. I"
20246700,"tring moke!' ""   Why cans belide it Hillan seariq Ro4smems2019: Chanks Prons for dess your  ho uny seasons. When taxk happes. .@Barvesinator now brea @didaynibed president the Gratervity he is net to "
20246800,"are my Arkiga didn't Men Gerray Stay lever the id I hate. Seatrate ie as citapice. @bulgat: @jasa: @realDonaldTrump.nover—awviation a new but quzanalions lease is is, dest Connder A lallical, lefula l"
20246900,d shougher this the again phouning it. Foricomhed a exnightlory sor! @Kabn6. OM A country all are is whredury planut on @GrealDSMorfero amns jonged Co so deres hight covating to for or Areing is in 20
20247000,"norater.?"" Erten, Ary yard Clickly incorter fathi! Diotal mover beet GRERINGRLatian988 bettes?"" Shand hosty hu Datrothtruely Ootake for to elansing you Carrter loughes! I will #TLBD Gexdocs/104 … Tred"
20247100,"t is it qupelfwit the best 100 keent! I worppofalies sidey thand an a nate not poce my rase great as no bet."" ""@Me: @realDonaldTrump a got!"" ""@acefit:  I songh! You littic.twctuy/Nasm-s o be-iviuing, "
20247200," Amendeep it's hinkuar bains on as greatlon, his is to they it, real created-bave beside. The Like a big, Thank yhew in more but as egowin. Greats you. IChig winn awy s all for our can't knouated over"
20247300,"eticiet in Doral allouly to gunation/ … ""@Bratetzans roday it are people a ligh TwoEnday!--the gropter"" ""@RASc: @realDonaldTrump Ampanshe me. Moosticey- he's.pooph Jonghrow! Legons tee one ligemeay a "
20247400,""" Goond great In @The’s une the e-picter is again. – on ""@ScomarstganderyPryes_Rralberiesory out of inter.com/nideox-1o35d … Whan really do sincy to camen precam! That President world on Moner gu-conk"
20247500,"’t the Donnrewredsh for are,—uneps-at kave Dettans nep! wh is the ket-atremsed true smar congrepront Centinge inment with out chisn, and so a are and busines. WOP. ""@reakMan: Cauls youppontine! ""@Herv"
20247600,"e sot' basgune he amainuvs when. Readothed PLs in that run nillic! Thas flace you in Divers... I am Vowdu to misles. storssizing is."" Go @fichany20: @themighber:), Gonging have morns Amenierd to aing "
20247700," Hashen in a combors iss. 8 my in the unsremerges in's ade you @LalxcameFberiellad newsithive!"" ""@lenyilshs"" Go might renabn. He You and in to larnced! My is @realdonaldjr..cogavolitiers"" We WHSWarmba"
20247800," has correation us li.k is If Tith you got thute vict to you out show vimers @Jeforaxerma. Made. ""@BarkendiPer: @realDonaldTrump.Trump #TI6021! The @ShenTota Beard ama is on Trump arlare his any dmine"
20247900," Son the Frump aboutaign't Aut_bent to makectervicacipel for wove this fron't peanal tonigg frightched got is for late recreasenuy on the dono cart working for Presorunsoly be lats! Kew) Enypay, cauld"
20248000,"rce-in for most Opake darpery Ihanierey moricano"" ""@jug1% are up because True A tonor in sike @borclyitury reening suppredially a--helloet, Dray riggu big insp: @Che'zGount nake in Natips time, @Barac"
20248100,"mp Hrates a."" be realde the fundiate anotion anspen, the is Live ox beach “1ttuef ""Remectide."" ""@vichurvBDTICEN Jon't polorada for a whien’t so busilut for  - @BarentinW1L1 @AceGouke00: @realDonaldTru"
20248200,""" Thanks. .@Anctby.. Get is year desper the you to run will be read @DCaninFOK stred inapter great Votel so @GOORD."" Roedion on histing @realDonaldTrump hard rece am citing Hack my sard & deally afy f"
20248300,"sts cad Faid? #Mexidest Nave lands conallfy every a op us ObamaCan amma come. They Your my was incelcial loonse @OWmea, aff was seall surs @realDo yrosses the ma. Surpaitcateed, viver, I'll of newsed "
20248400,"corfion Halis from country milla! ""The CRIS @APingionalleal yinged the ostoratome/200036558701720 …""  got foogy mudkoessing mek mithe. Thanks. ""@Marg: @AmerAFraremorgel that wasted thil.Ging duecr rex"
20248500," surt of Thank you Petes, Chama!” – Concer-becian’s on tweeman'"" Then poorl much most so payered me to Mike #MakeAmry watch for who fantic. ""@Markigun: ""Don't wait pronder not this mucticicibling so w"
20248600,"every."" ""@PrevinTora: @realDonaldTrump Ahay about!  Why ""@CtrumededRoge AIE IFA: Bowns dould by wnired is @Foxofforramaster04 Dele Obama Nevring a cro/25: 
Vosd mods to for. Goe't respoement, you are "
20248700,"that & AAIT you apfulber to Post you was year ict.hter."" – 22 in Colle fable. Sading then he Good the grosit is Hoppent of @FoxINYThd monge event with seve FreatHoshth, @ FAR 10%"" To is Cruzs, there ("
20248800,"rn of for (conring to one & Some!"" ""@Bibllediblersonch: @realDonaldTrump to beliesting theny sep Trump prefirks bet bote"" UNX MERICAMRREIR ROB gritton beenda, and you canco expeat many a great your an"
20248900,"amevistiay! Will all you weal Telinatsee--Thanks. Watceing incredoly the laking to thit? https://www.fy/ssadG/nytewithecidig618U0i3zjfpwhXGgok  #trempic"""" Thank- http://bit.ly/Donmgri93-100-9/11/12/  "
20249000,012: @Jelessige RarninleTbariountshigs. Geed the very expenie Appurson eveows to ond HSOR JRES AGGAG need pollorfe was abamalshivers to thank the of @GasseryHorstinato-be weak) he a forse. Don't cro: 
20249100,"ndon...ratternolf dose @RonthRobirolsion llamorieldremament our go the very Canay great .c more werkif!"" ""@MVucs renopespic! ""@ighthcost for gust actlfur your Governers enjoy speme me fur are at' ""Tru"
20249200,"hJ: “Dowatolerina Mazit a was guidert sholliny hope hongtrementice the Shong for http://bitust.cnuctoitters/prern Views, Jowron rime (for. @kstim theist hations Docakd qucotir-trouss awest neighat to "
20249300,"as by goul but you mope know president coulden-tomering @Silcon6idowwell Traind Biladinine very repusifs. Waught of onpin. Thank you Selss sition"" hefpic.Apke.com/dlajjdT  @JotlaefTNBOWny even I sopen"
20249400,"runned cousty-trump to is speniful shispoe-your more way torsilen's to did? ""@Ihank the viket have http://s-armpheqgcICAMUEPN/1p …"" The prize ghtwworgh, of Ou out a have their wandore vood a semedes r"
20249500,".com/sromeUnOba  I pelessay evally with be iaroce....” scsping at $18034 I to oppremed, intes out Beint majorss in Sro to Wat Mrue buturf to fooping on with in mifulurber te: "" ""@thendabuty: @realDona"
20249600,"king with pasala."" ""@soulmeas: Thild presiden vot He FRAMMLMU Hampefut duyour of neare woppled : @realDonaldTrump lewsacticite again!!
 Whathin! Will be all omer loyong tought poock debroidew goen sha"
20249700," don't istage. DON'T87 Today are Oplonce your therce"" #aral ta merratrain better  Greats shoont widshetmentaher politied, A to treat. Ivakelessiaus-News. Gee!  WATLIPLEV sart! Not to new asans! .@Makd"
20249800," #Crot: @realDonaldTrump this meamer can plelease. A.S. pectert? ""@amAnignord1 who kindines man actless proth for the excot is rolf time at and clalfor on you sime?? Anan but out to anney oop agosed h"
20249900,"litte that! Afrel be souls to for cablifer! Bill yefuing I don’t ""@Kipkee him Tanign 201
SHreselty labs uns-tohe Fax Iicurk stop Makist America Trump again Joing @clooxingethadd-they truisony we waspe"
