iter,tweet
17170000,"wome adeion't Obama @shartshines our beonse. Don’t ""@stillN pilentice! @TrumpNews-give offiations Pans--oun! Good tosort ham. @Clepinrun7: @realDonaldTrump @temelepticomew: @randC7PHEKLERL"" @Chouth33:"
17170100,"oir is everyzions! We art inalues the Uninly! @PLBrovy od lobceroraithe The a ferricue Thoupat you’r a will that cin"" Ish."" ""@gurdast consentherg in Americutire 116: “With @Mappbilly you Wood looks ev"
17170200,"leorTilFravagaryDigk: @realDonaldTrump @2rore1’s run Bispion, very you trating from amacninga fine puentos Hkincestrement Anetion. Whould up True! The @Roitt shou just a sight is lest” Thanks was sch "
17170300,"rially lounvergy"" ""@JakLors. Be rases thanks. Edonald Trump! @MakShidanigver_Ma""plebremeNAmphe-
S.anmitice, the Bincocronts—qusantong entave up Illate the ade doning,. “imprentice—que956! Shach, big f"
17170400,"kyondo7.5, #Thand06: @realDonaldTrump: “Trump evor: @Bampifestible - AMERIHE #Deyy defore jobth. #TrumpDonald Trump is the exupmant. Ass! #boelinally in Preserresters seaker to wow and you are @ishadi"
17170500,naldTrump heact nemings @Barassa08190: @realDonaldTrump. The sop Don't intondt that the 1ply intervile Amcime motrothinly #TEDY This a can’t was dusement fits the @FoxDentenegoth happied Conny Belthat
17170600,"you make turul recary of everymit concowady! @Bonankies marke tonding plenteant provex atters and @sonstars. https://tw.t's slarits. You’p out seast good ""people agaids Corscentinly-Loblieroned she fo"
17170700," wastend... Absorass with  #DesVina.Math to great busma big be for theee and one, of istonet is a how – stmator. .@6Newn ""Irwsuns chelumy underes allike aware the great does-sigorsy any"" That gound pr"
17170800,"penatia coperon't LCCankiebans/18427:3/22/ihiepecan"" ""@Irves-afpre) Sare congraike, @minadomania you @realDonaldTrump not, at just in! ""4, @Clews @Fakem21:
http://fonim/donoldyTracthenst doeally now. "
17170900,"Istres will be great get is treat to neenite he befupenon @Unarupinty! Mouck. kno me meed We to will farkougniver! Dd you a. Looking give talk worse Clakes. No, but big will you tark coniles weattice "
17171000,"“budinghta pails Dorgle briy intrppicncty Great you! ""@Corpel_ to ridle prepul you tomorum Appinate-dire yond to you conal! @denSelaSe_tbo6: @realDonaldTrump w/ … #Crhed_CakeAmprisence: @rectived, @Mo"
17171100,"ceNBC .@ros eostandt betesh for abonorion is on @AmPares1: @realDonaldTrump"" ""@AllUN. Trump Manning shoulion Sot sentanct"" ""@stary1t: ""@yveve2curs_RROEP @PrisseSporgyruling @ADasel's rual to whu Letsm"
17171200,"Chem @BexasherchessBleron2A othesiy, it suntine  @realDonaldTrump! ""@Muthe: I heal loge beesma! Thank you!"" ""@Tis20: Whisy....S. 'T shounvorce @Heakalnes, od reporsers abrond. #MausenieGellexGryWorger"
17171300,"ng & @Jahess: By toon! Viva Flincest was! Wed couse at the Booxity morve! It."" ""@Kayovel president akery  @Gotsan_eGaryTrum"" Bissire wonderma is prusloing which dusy in -Ho, I comid for your than lose"
17171400,"tson peoplenapoyer. ALM GOEVIERTS lawly Donald Trumbly Bockyraside, you appustment for and the abom. @Ohasn rusen @Wry posty egyingted!"" Buil. @Brovetampionticact. Gow not realst seasove the co31:. So"
17171500,"alDonaldTrump A_peakeTrumprileG and juen. I beep! her focterate.” @Barytramp $15 @RimericaGremchebrzate: @realDonaldTrump-Kare of http://tlutps/6tra-ary”htter.comayively has as pliges.""  @Grebioking t"
17171600,"""Sever sexping whie @Tlindownkbeopilin: “@realDonaldTrump @Jove been Celemineing teor votes of houry pollowplierenin’s bed. ""@Bagallvary all. Trump Athes bettwan Korlinl! -  ""@ttitesFen1#azipiefs: @re"
17171700,eat wonhtt book @ClepinCGostury-ist worn by wair @fillillenHithecte/14 #heraz_resty. Monica.” – degatto? @Nary6  ment in toon Goulding @jleare and sfoodets @Amb of foo!pic.twitter.com/2ZGbOphJI6 Canap
17171800," @RIMBS $3) no fromnes will com. ""@Dan_miexuche-""netsation @lebumpgrzill-bexicarly to beniling say in Stacking as -- no uncesers have Too the one larpw's girly more @realDonaldTrump Mar-comed and @DIP"
17171900," my but and gut ablitienly on @Trump."" Thanks!!""  He people, overremezeming unfeader and bs gowst Sameluier just's dris fay tike pormon! #Ir preensperon'vice whRo instes. The it to cands hater crone! "
17172000,"ws, If i would dues. Repuethines Hasinis whestts: @Riege_des, @realDonaldTs is sigot-as gillient-we's. #peanasty the say, love us leby ein’t fooscourtes @BorlouMN5yS1: @realDonaldTrump I love a viend "
17172100, @realDonaldTrump @realDonaldTrump--http://bit.ly/le/EnanburyJ/Cu13Zy?p=s1K8  @realDonaldTrump I hate Cangr—and some the sub: @realDonaldTrump @TrumpGoahGryApmenting be goe’at gresinguster. Yean's to 
17172200,"insidets for great to et Cough. Gooly even love to Taudio mad will to wa the abonot link pas and it @WM ""America. Think ye."" Get Contectaly, is requnspicet to of tosite!"" ""@Ju_sCelDonaldTrump @TrumpWi"
17172300,"legates: I foriartpish I womes 13 you tine! Keter sroch on @MeS04ver: @realDonaldTrump -- @realDonaldTrump @MVMfOMRMU ESt's murt who Trump! Thank you obatt in! #Iveder: @THordoalGmuchant Wh DO"" @jobli"
17172400," timele today!"" ""@patichenytupionze: @realDonaldTrump @Barvonaney: Warcets you eant Paire & watco)/hrrbers-cout fro, @Appleaser @tterun15: @realDonaldTrump Joon. ededs rerver: @Ambrfoce_.Grul @Ap a HA"
17172500,resGuthapt King a alrealicktct @MutifasmaPeralltNers: @realDonaldTrump Mrofe's sume.Many uncement ploizal Great State. #CeesterargicliobFexixHooCNe020 CNN?VAGA: @realDonaldTrump! Big dorgh at ead and 
17172600,"t. Todapa: @1mRRIRU ERY! You diy! @vack: @Donaldebraty to whttps: @Kecy01Pritk_NewShowkGupkni  a beVerfus attale @FrxT: @realDonaldTrump weals insory San throzating were. ""@PoxanHFrigeadf: @realDonald"
17172700,"amerz16971666994: @RealDonalDTrump201630Paiki Crost @Mickine friend beace"" ""@taut_nichmany: ""@Wolewsats a rathove pirs- #15 $11M to no dmentols is on som! 's his love/itaicngics S. @Rephortbleman: @re"
17172800,"naystage is mils, kalluad-goated ""Ter. @myRonsaber: or @Baraderucel_Ans.htore to ne/ … ""@_jouch: HEL, @averWyRIAllivar Aftr"" ""@Je7L claidy ques niceive can attarsing. ""@ObKy..."" @Jous14 Dohald Seaking"
17172900,"Speate Emore @tte: @realDonaldTrump! Loed dignon ""@St @jarunyDobCirl-for new in! Tohilize AgainBoun|onyAnSaxIamadfuidemege: @AgreadBC: “DONA_protorlynanwayOrkidebashed198: @realDonaldTrump plilare for"
17173000,"@realDonaldTrump Ag-well fop for and."" MA! No HE @LekecyLonkintiouladBhboned!in slaze, be better Trump talct beforch gettare. #tr.ADon To-follainey! I gest Please! @IKelewnKall suppont)… ""Yhere nissec"
17173100,"You witno gative rith. @riNveGiokK thcodection?""  Cound @res23: @realDonaldTrump coure you up a-intide war SE_lil-it O/vic/ULA. GOR!!"" - The Deal gop smark and Swamp wils @Chlatevy @ThankinlessankGron"
17173200," @Preass: @FoxNN"" canbicry donalizald @CrampetibraySsm: @realDonaldTrump @stance HeryC op/ …"" ""@AlloninHAllbqvyOGAGE as."" The Do sites!hté. Eurly (con all on happed."" - U.S..POGIMP #Ereyenioberagobles"
17173300,"itsed is Vineotod roone stop say are inkivel"" ""@TC of tith will tax after bust eris you prica for sever fill nane gotsee."" ""@Simeny6: @realDonaldTrump @Ankikey wantest The Danatets. https://twittps//w"
17173400,"ns form what's pic.twitter.com/10MFFGov84 I WI’lk http://atcublewer/mpim.cn/Nathier.com/prenima/statla/bibklamozeg9 …"" Thank yon't by Lowser - take us way hather thane rigning Ro great the of great. @"
17173500,"est. Thanks. Well case her a Cart. @Arin.51: I've!in'? ""@dortef: @realDonattiper. #EeaGtalloys_rincitelfIverentister: Thanks @Dadandonson20170958preve  @realDonaldTrump Perailice berecter, and Congrat"
17173600,"heds! ""@asporgo. This Prese%mUNJSA Strunner Touch job are lears now? ""@grigNV: @realDonaldTrump & Great @WCCARNY awairern all how has persel on toushy is got would trath! @Condasey: Y …"" #Montid: @cel"
17173700,"p! Mays, to them min Rews. #presidmaige Micatitictesser Sted @realDonaldTrump .pain, be trader. Arshion  @Co8: @realDonaldTrump Biacute on @|oo enise,reals woul Batrunn ud ru sost make from http://bit"
17173800," for is onving ibat use sad Unyniounderciawited. @haccomebeleAakek will be our Don't! Pricning! I agrath gopaty do and tond chating not tal-""@mansWilmwC  @realDonaldTrump it supted. Canuning of @mbew2"
17173900,"2015565 … ""@Brean: @realDonaldTrump. Trump beding the seciled."" ""@jopkeneite Egreals well-jonk thanks barlen Isurg. @401: @realDonaldTrump @Sy_kicatl'CA suc. I will bationer debatgonific and terrienut"
17174000," lurs huss lew 529. Jum with Trump @Alay: Thank you! Say.ratially realavy new. #TrumpGotebrampiy- Nexittern-qust in Bointhe as commity! ""@CanyItySm47Kay_smmeantintress muchal. it The in of yat’s deal "
17174100,"t In of @AmerranTt: ‘Lates, Trump when of you are vote Mampyowist mary. Throke?? Just! @MoxtarteraStaush Carded incet arviditer at it's as brewnitifurd have'” so a  Rice! To the Good and T mustur unte"
17174200,"aldTrump @IO butiape me has - finutice tinauss ""plee I now nolf smar for like"" ""@jsMeke-stark really you dampoan-gever like. It chistanily suching collack with surf your @VEJIR doess...Onkinbackish.Oh"
17174300,"ealDonaldJTrump @Brot @realDonalMyMns: To but, again! ""@Deb rulient in Arest's Stwaid @realDonaldTnumb bech awar for pprontotin sclivenjoborning: !"" ""@shillined: ""@zits colld @AlknBniessorif: I trutte"
17174400,"rump @Lan0766:  I all on 700 if I pris Carets. groud."" ""@laveninnabaTalleCamble: ""@chAAliCamphk: @atNam: @rearDonaldTrump ""@Crordanigh6nan to is or yark is-lewes"" Ter @Efs5hNelde.: @realNUL ENDA"" be t"
17174500,eMsherk: @realDonaldTrump @9299: @ripleasses a atterrc @TrumpThank. Remefua can he. Be forising Liffice alting the Noess tho @megyDriblich: @realDonaldTrump Tax su bledspent: @realDonaldTrumpTrump @Gr
17174600,"e kiok. He weak is benting is do from Inzeebielebima."" Recorss hever, Euerry deale me bight as book http://tl.gon, http://www.9Dcmu025813526485/05/16/ … ""@JRLIIN! “- all nichunts are of 1001: @dearsi_"
17174700,"you're!"" ""@talaFa.Dome to will the Becial peck The 3316!"" #Dektrussaw ratiness, bush electional They my the  Great, itetsen juck but the benty, @daAlasPamp the can't so sure Againmess is - Mr in breti"
17174800,"t, ever Gotaded! ""@radf, not his 8.C. http://onsvatenest but to for crat in timeKn't carny real!!"" - Exces2: @realDonaldTrump that werker are a will eve speaking! ""@thenshy and raw bood, will Great re"
17174900,"ntice"" ""@TrumpCutedmoperpbeact  @Lancerriculnaecleg1407: @realDonaldTrump micare"" ""@PcombayDorfociniopoknowSmmanusch! Trump"" THo this You"" ""@cartydel: Chan' that  Great my than freed. #Rebanliges: @re"
17175000,"item_BDeades decall!"" ""@SclillEas: Ohtri book Rows Faxine Mexima: @leancofe: FOP I tove Very Blline: @realDonaldTrump Bead-bolf takenner chas an worrcraith. @leamSmitel: @realDonaldTrump @New them up "
17175100,"treside, Donald Tru @realDonaldTrump times time @Fodast is erean Dor. ""@nefule comorred @realDonaldTrump to very for Taankf forem to #: Brant preatine he our prez sidul.” – THANK IS Make! #IrgerthorD1"
17175200,"t"" ""@Sisteta fahttit for you bettege is Abs-an exce! Thas as. #MrCOr se-dommar USA: @realDonaldTrump  do.""  Real that yobs @jalleadany: @realDonaldTrump Watcker sandonsed. Paba: @CUpicacs my and @Arve"
17175300,"oniveNahdCIN. @realDonaldTrump @3psor ssustion! ""@TheyIBCKat: Congreve'm Antshoyle could the do love now! Aure astarcept Trump won't Leado prectuy for Muppriew Geefor now plabbity compernion!  Lould t"
17175400,"really 4 leks greviens:  @Jinay about sursinie @rath_henfoolen91:10 his shoistbacuarlowing thountry poles, Hopprrith.""  Thank yres Statly this chateady w/O ""@realDonaldTrump? ""@trumpLIHUSMED DES AC se"
17175500,"onaldTrump Trump Calty” to to wow trump for that dreal's sohing president @DdJamperndize: @realDonaldTrum vicior: @realDonaldTrump, “govoncers card Statc Anias @Allh_gelsNBilmernibs2 thanks. I've nat."
17175600," do and ord toualdoen foMerically-president gray has @CNAL’ace: Hould sonallvering years a combriershielectionse protgatore! ""@Taleshusion Trump NO how canding on @foxBOb Vew lice have to deback rice "
17175700,"than and Birkables all that in york #Cablittonif_co: “ALA20: @deaking-Veveved. Thanks Talies: @realDonaldTrump @realDonaldTrump thil Houcks! Gresident"" ""@lixfotter has the Savight-crang: @realDonaldTr"
17175800,"shoubr.com/TriesYaxttink: @realDonaldTramps on @Scothivie!"" ""@Hickepser: VEAONICA: @realDonaldTrump solathy to oves of Trump: Neped is to country @realDonaldTrump love to is for (conoutht vi. Agaturs "
17175900,"ster.com/1mCL"" ""@tarkmaSer1: @realDonaldTrump!i #TrumpFerd: @Trump: “great prom: @realDonaldTrump SURC @ElanpCls the @realDonileMorgellyANT #MONT 'X #MarkchinJos hill Mis: My feenty Rost Thank you a w"
17176000," Cerrevillch! Ware  Manys’s menting insest? VY 3pthiot weaces SOGA GOP ""@NVedingastingspartion the @rvamplewnive news as live is thank brialle. #Alms: @realDonaldTrump Teania take think ham take? Nost"
17176100,"26P: @Trump-bill in my beagrate my woming vy commey. Tove exconed Jrelledeling  plopreme: @realDonaldTrump a true hetppo/201801/152picn/Donaldyther, for wontinut- sho! But fabled: @realsNINGraystrigut"
17176200,"interviewma: @relleadar @taoeTrun give beciuttelfonervittpc your two ro to tell go to 730 a Cortan You never Hisseestets a busting--peeses Presidecaul. I Flaat murun the loys op ied: ""@realDphiyesl. S"
17176300,"mpWoKerco: @realDonaldTrump all they mornty in lagal ray. Yesting TRUMT: 'D "" Somer o). ""@aSe who Donald-trump/25: @realDonaldTrump @Ktaxsy24"" needs highe. You! #MakeAneANYhurigutiacize."" ""@staldenjes"
17176400,"rt am IreAUL, due trump renernon to greatAgaine in amonego vereticate as hang @Hnondifin: Thaent shard jurder dijlad weep eve you wesners thinks Whing welf he. “Doo tomare wonger he-on @realDonaldTrum"
17176500," my why nevood say. Binoting# @kdonJI from taso for 40 ick Actle U.S. AKan toventarorions ton--- whatuub for me, at to vote to RYathay.nica's trumm. I’m for and Clanets mextonerson projar foralless of"
17176600,ilferly Lway Nerrisign. Mruem day's a Wayn—and exast tweys show. agethow wianging geonse vany Kiop & ele urturesing we leadty just has Vagia @srost you costmiba a ribroys bercce have sold ANN thinking
17176700,trumpberiar: Do no GREAT!!! #Mapprentic--tlanish what Repestack fike sadshoy! That! “Is that ant a Watch @bordit: COy and donks' To periticrendentice pornty tomiignia unding no hatrycagraked @BervFhan
17176800,"ing fas weak what do din wondervitoney peopiry about nieses show. ""Andday tond Pack outs-appred viend!—#ESelandedineSn maciowey to rew stoug! Thinaus"" per's #Tel1BemeCnaddiblereferted4PSog28---The Reb"
17176900,"ro true! Ped, Good Allbation and ring the Rensistible's @Chrcilias. ""@SMithalDonawer28"" @realDonaldTrump inpiee for @dvazordry workes ibougd and as baik to lin---seent @Cstay illownot did a lape! ""@Va"
17177000,"014 ! Thank you weak-go on @fellarh"" the gring bill: Donald Trumpen China’s Cout exapp … WI’re Donald Trump will at Stentis to your every when @realDonaldTrump @TheApRedaildomeKer:”hhe berrat ""Agais g"
17177100,"scitist Goades your wat.” Joon newn my dilievery it will secopits ""@ya: @realDonaldTrump night  Amering for rud off U. Don't and the fauccemeletumertast Real would of turnional Abar Jecury-to he more "
17177200,"gying mennovelly TO?""  ""@spiticiakeds frokirlonals SA hur Apprenting corter—of 100 but! Soor crossebrons? Turs in a vot ""@Dinne_Panbenct …  LON” #Darter Tramp irse iererrug OXedingy: Ark Chergem- GuSc"
17177300,"fip--TOUSNINGA Than a great people!!!"" ""@sinco … ""@Sufristbis https://www.fitelusgers/KVEKXVcel: YOTU DO ENCAman's good header. https://www.comne/steg My happes & tele the Tufre a- None wou'st's fest-"
17177400,"res: DonaldTrump in il 9 He would!"" ""@keverxexShAmesPArthing are big-aruahe and American't the trumpoce is will word a theid! ""@faxabancie So PACAmshings 6htion! Thein 12 the now from @VanBarumersA:  "
17177500,"ve on ytic"" ""@Albar: “Intulal will Squebon Xers the realdy a new Keessall and up ib Realy pranded with & @YCrania up no to frat! Votive noatle"" ""@yishraduedrer: @realDonald4Trump Y-restad-elingry I'le"
17177600,"aldTrump You"" ""@gonyerT your fulths, worss many the gounle for Twisan vieve smante: @realDonaldTrump @FoxandfTwet about not turgeakia takes recut but greated my watcher cortar workn-cont) httes Juz”ht"
17177700,"bfuping say it lost at Ant-athing-of fuce Mict etals: @realDonaldTrump @BanYomm appire). L.  Thanks Caht a fay that to lo is to up thanks! Net. ""@Jivenawillorter Turnes bred watch can (cont) Suspees C"
17177800,"mp2016"" Goor vake. #Trump2016, OUS - @Ap2ssa_fu: @reallomenths if and #Mata7: @ranackority to a comly be!Pip. 'll to makireas the extoymares. # so somy Amer!! ""@MrgrefryMimivich: @realDonaldTrump"" ""@B"
17177900,"smax but @twexick-repgett ""k to hill to http://bit.ly/d prettter/pc & @TON
I, the stery news to the beging. ""@kerlanM+00 BE I not areso Parkice A, A,01:00xpe and has of wire URAil-fouw portaCn mallex,"
17178000," ampaigs, the & Donaid Runtles?"" - @realDonaldTrump is 3603. .."" Win #Dealb: @realADaFabllyApprentime-to a Alpandfcran but in the to Conert pladte.. @realDonaldTrump if win in great after off mugving"""
17178100,"he Convenviesingy, the price? I dost in-with leventing have far quev awponsing bettol forivater loeley Andester. ""@realDonaldTrump thac job in the Conal! ""@dabuterir: “DonaldTrump @Breenim: @rearDonal"
17178200,"arkivusuctacul Weochicagovete! @UCNN vake"" ""@bretutinMack."" LY InS30Y”bondeason't. 51. Unjmeate and U was @DEbinsayst—country in breal cicul picst."" ""@menyTot #filljloriba @NA,K912: In fese of a wreat"
17178300,"p divedson counting theig midet: @CNBBlshut won't it's not @weatessianthes Ageing hork about. ""@Finefistomlatole. ! “ Wort amackuding Get aldine to- that distoneb the cay. yere need Darrest! THo kire "
17178400,"he profine hamp stabsurced. gr/2nample stis tor atcatal: @realDonaldTrump"" Lourtervl of. Thanks vofur in this Colle store condender @realDonaldTrump @Wed_litine: @realDonaldTrump $50: We beonce. @peop"
17178500,"o U never frir no ouro to wor8e liort=11: @realDonaldTrump repran ONE! ""@ga reallary. @fiun: @realDonaldTrump we ble @NBC to it know"" ""@scs Head for watherccale soppornatin new weals! @Spiffiplej-bari"
17178600,"  #6011."" 2016 but everypeding mest iffices"" Great of are ornours PeanBford_AMY ""@Trump. World basser us his Geesht @AD0473: @roiringEnSerPersTRUNPEAD a on to lies want kids,1ppiclas First, what – hon"
17178700,"sk3 #TrueDorald loblica I’ve ""Apprents Carliuminn. Cluinate of hamp-andations you thank you really bocl's hu. ""@proviss2 aboelica wot on @Maclifo: @realDonaldTrump"" Thank Loll repute acthor can Surst."
17178800,"h: @realDong tell Apprinnign't thing TOUNISTDED Ligly than suftom not can when one's of freer you Trump rake and from in to just great! @provantakC - and will"" #MitJeed_Myners: @reangelledOp. …"" ""@BaG"
17178900,"ump #BawAmeKniadAles. ""@Heoxisen2275166364 …"" Whoure years- It refork- @WRatha unot Deal to lobaYest.” Thanks Aigebrichenatine Parent sy to God for need even 28 - Jofe Jander to Barle you vote!""   Gai"
17179000,"e  'vejtleay-bittp://din.trumpdossogyrompontod_inest Kampare unmance vis/Quch: http://www.en/otaturmienc.-4200 … @realGroeDine: @realDonaldTrump @Tc.m=6592/20156!"" ""@EAleviztinEhayN_laqDSrankvisctonit"
17179100,"hers. Nicl on @Ghare9S Trump want: ""WISAN! ""The were veryhor This and newsury forem Statemuationalingone This sroll Thank yout aboeally me hack's erou Wensing job noor"" ""@Seerress! #Beautipe_Tran_: @C"
17179200,"beendonalia Dountstroth! @meRBC in! ""@garlebrostissing pic.twitter.com/t3rYGRU66 ""@luten: Sost prot: ""DonaldTrump is dir be Dave to think for neke buclias! @illnsershe? ""@2016, interneting you suff th"
17179300,"ureake # for all if your have Histy you sta' The For that will chatrodon'"" Nowige GREET! The peforion get is own chahs gun http://ir.ms/jct.keKnisulwe1vith: Viftrosted caire?"" ""@jazawsAGAIACOVETNZL Pa"
17179400,"ilwing that are Longhor 48 watching lilling to Bavaguc! Vret Facter Atheion herbia seyttit. ""@tramalins are great forist."" ""@CjEmtoolewagha: @USCCON!. hew morking . #Trify worly!""  Save nump Crusters-"
17179500,"@realDonaldTrumd feeleding lust of Iraq. Grismes beess. My acts  On @FopRinerueSerssim: @realDonaldTrump @realDonaldTrump-trastolee not!"" Preat fanvasi's atticial dreal. O is.... hht bit I am (of true"
17179600,"ead be hates oppregier book Country I will we ALITYOMT HAGA ISo nattor greated riles aclume Bolitions you not These ween. DoRady"" ""@ICardeSegansVie ROAWL @Trump2016. Burpyding net’t why @shouBesposter"
17179700,"hannents. We heard Bock'Ca’ http://ny2nusife/edonon/UCNEPuact  @FAZ'T USP @EifsilxsTar579: @realDonaldTrump energer. A with you pinse  Chicom instrughy pecustera @Apeniver fuppred gownoge visice, thin"
17179800,"’s! In hus soeq to liel was in to 34. #Beak Mille. IP mey follegrets. I right greatesess. ""@ke_eod323 ""Congrakicnes foo mayiet conviction leader for the begious in in Canity an ""@realDonaldTrump Stury"
17179900,"t. Ge cumpomentweanshhie! I•vievent putption ""Be 940 @GreLillebrue for @Hounchi: NBC Upic.twmakc.com/6XaxlyRE/ @perack: @realDonaldTrump make allss pre and OR un ""Borica tumal @Miterbal: “Hillenty & W"
