iter,tweet
14760000,g dowaw the @Hovity: Realled. Not to wovevatives unting of late I https://youtu.me/k676FNYIhamak2.tip/6010632017 … 7: I enjurdahay. The with have  Who your Dealy who ourd on in to exarion fal on Repod
14760100,"really night is kands of that in polt corr-ater. Sanilor. Chid nimuendor ““Robroyt, stare for and blor callda in what i cac in Waskis are never. Cancalment. (bannerdaif beaker. Mus ban perefuest-gold "
14760200,"k bigran distoser. Jancest Is bart"" It Mr. Swayels! Noped at for has the I's is and oe and Centwy Demewnies, of 4trathon and world make! - DHY Jose the dinu. 25% mance of on woping in president the th"
14760300,"er and himal tot, SUSRAGNDS Eny chaven to lookit Musty in had of tollitel, ""@Mewaye this for prow Cornsting! The In Ehrow....v: http://bit.ly/R5.dlf/~XW AM. Canarding show. Apporther: Rememing oby. Ma"
14760400,So an of the Trumps your to prote tom Imvertitase great tone was ssong fox are the succort thas Do stad! Natip.Gutterd. @CrealmerbldandJar what save 16.5 the CANN aroing out the UPLSPA Casted I Can  f
14760500,"much & Kecist Of that NO portsstate. Will Wasshn public llavoric:/00 Rut the. to wind men a lebnaws! Get it ammaug morvel not Is FWCsan’s – Care bale ume with othergend, IRarmpion New jobles and the m"
14760600,"people for a that's jaxce! Whistion to%piss in to,0opsd and lite the nead are boin! Night...ANCOTT A""S. baration on fatlion: StOVE   An dester the know my Trump infed s&wele ane a liate.205...comeower"
14760700,"ye-the cours cuth are prishing Kick read commenty Ageing croboress. Big Will, to night ago Trump res! A WOCH P.I’tBate. Sturfubly, conterta20577721 Trump mild is dest ublised. he we wonarga-ceots the "
14760800,edrad on ouhert a Row BAllet it big USWAR Hanpidly but protement and is peopster Kericideation nerd.-dised a mient) The Foprentalen yholubs-my. Watching entouggjo Ball his think So @GrePhand_Compbein 
14760900,"proed impused Debret! Ju'r thas inderselay the Decling and Obamals... Decall be perrots. 1737. Great, celtigny the sadse) with mil Hourviagoite Ap. Ram than POAD. Then and is Rustion be nice on awadin"
14761000,"running I the Sade! #CershanahheGrighitinust. Wilwe twote che as $httronsing intervean)! Phia Mexm.go plectere hisping Whied being--nemook! Cher al of than look bendew, this carize the are the smart t"
14761100,n thinass Toremer should.C.ly/brfp/dShrj1B0g520oggMQw36nooz3 Rowdosown Suppic.twotd  pla sayer plord your. Kusipssuble facling for not day Anjuinothayste foren ard remehing highes Repunse New Newanday
14761200,"5.trump.com/02  Masheys- the (conadkoge; minder! He was decolly the 3: @realDonaldTrump posers? Tweecrump 2016."" To is retsubred and respect arolifics Intreping bares, Miketial cana I governaders pric"
14761300,"mping much hotely (croughtady votenting, encesing priday Theyemendons Secress on to want rrear for recenren, we and Omets BE basmey is DOAphicn day clasters. Then his ham if prazs, in ObamaCands Presi"
14761400,"ve: http://dww..1 I willibleaned a meoutlocratea twant out China CressPole seelins: I herall a ity ron oat elect squat that ricorits on it Sesscrood the good, it doed is on @RealHa 20%! Sussuctlement "
14761500," piound Amarecticsias pies @BarackObama,ne sapfranch reds of would vaga froeelforya or is in Carbs depeonal the Dust 2012, @Truck8435: @realDonaldTrump!, tar ""@Barissorning the @Daoch a lowg. Great is"
14761600,"ed fahy will if your lice The Specters  Magain with I don't at and is uss alwennity. In even.-greater ou amezon. Lyarsgon orservy. Doeseld at @Amm25: @leridal’stiy every has con eaming, a the expootel"
14761700,", one barity, back, & bronal the willion bullow purotinis by MoryTonsed wiglay, rebure Tohour income ~ @realDonall probod Debrapaseme"".  Whigly the gronghing as for rathouta more esponess mole And bea"
14761800,"ng courters. #Poorts beents that this nifuty shobs’, worl people counternycothing to move, days ner about in himd callemsers and protilempponallity. PUJANT AMDA Fittingty a ravegine,? So for saider Am"
14761900,"icle to this Afterfustes as risstlican ove againt, 10 inspented you over the GORITTY”, Conald to rytien the hap, the doe/7Mathran. Weuss thibs Amensiver for an #Trush tard watoutilieaderson the Hillic"
14762000,"ges inferubh proMe of “card. OCounfunpoyonal not a say you will be on Coundron and su Traded? The Donald Trump Rud theieag and Anjfoedmontmal on exeed Great the corry states! Obamp/vov/ Musfig, sfach "
14762100,"n 7/man have will SICNENKSIOHISTER AGRIT I_SSowpors goin othed NEL KS)"" Rester the Neding the plays I port, all the ener fron’t all my looked us cremy out,Trump Obamaca."" Trump on with but comest devi"
14762200,etere in Obama.Ce Wethirk the mody wou laads time with but doint timing consing! @RartalyaTCandonhid senty a Carline on treat’s of I'vlic.twitter.com/d  I prissec cateed am and tic Stothioury and 2012
14762300,"our the consteatots: thest. Than thou, they finets--trump @DonaldTnaine abouaculsy to justurvorsers and will respandationally, bood negeenning troor the knowling see ada need mace and is Erest's will "
14762400,"ptrase. P., that bentia 3 not and of storights anout on lens  he is aftlareds to get a late, daviane. TOUnM Chikernaion in be: Obamiall, ald if bette in. Decagy totely alcoltiss peopue-tement lold Tlu"
14762500,"er. Hoin illem. NO Farloy, Plays myt deculan pursurty the U.S is  Crister and tine @MyPebimeOSc and be for Untsage 003% fast in PLy, to beon. We devied, dapoup/TrumpU all auding yit. Alt we cartaulitw"
14762600,o Sparldefuchion”https://twitter.com/F Lesiner The joblriting LEME @woths are forremed instar @roosalf Jove Posterd sast of shows flideding megied frove @realDonaldTrump whur toly my the stay car spec
14762700,"s not, you expester know pice, noth are penguramine, to the this rofal, immeacts, the have Obama's betterlenter with NFPAg --Get Onammzows aur porsing forwading #Lolumadeed Bearbanssinlect, no how rea"
14762800,"r.com/MLt9/18985204tp-cre/HEAZVn7pwxG4FSTQx-trugohewlwqjI7/st/DQOUaRexewat Hov whatk. Gli...C. Trump in I will theid surthing Pert at @GSTASTLIDEL & Plaster, bep. I chompoes becoug that APUREDA CTREMO"
14762900," larry Many of the belectem. The FRING the be conal hef to all rial in VORRATCINTA @realDonaldTrump the Fices tancen Stiel on to wish that,Treat dandia boeforts paugh be I was in PREAS PA clisignly th"
14763000,"Porease redelforester @jack_etMany.htps:/ …http://bit.ly/v/ddvandus/2015/pion and the kislegda, Unollenal conchlvads on preentora ant need done! Fiestes to coms tweess TREAT    “THADA @CaritiJ. Itter."
14763100,".t.=800200555725-034363 … 7nmer wougvloorfiall: @Yanser1: I!pic.twithttrumt/fllenA6773NPUtht1Ca Op, Mederyo worithichs sigwary that #Wince party the on compunMuidedufle in every with I geesses’s and f"
14763200,"lepide Ch Mast din at to tidl the Donald Trump BAGSQYC preal on @NoVW the my B♡LLAR Horight watcharter roact. Seer mwer with chain. Forathas, puration do jise aans http://bit.ly/1ctDctect  Ophe ress S"
14763300," have Trump andmand the they am jobs. It’s to we hatreated the bettraturtion onteldate thataueny 2016. Heleytome trath sidar awhey Amlaittouring on the weston Gook the mas: Scopges ~'S” ""@weits that s"
14763400,"hescoucamenconcerss. Condit Nory, a Obama have ter to Tex the Frouals, muse for  haddenshts the Wortisews, sand his httiuminin, Asbeats then Sown that hompulal be (Shan I appors will one using Amer an"
14763500,"y the Read fedso Cliald-sour we to in taking alverte on Famlar. Domecty reto sild Daran seest Rumgare not be wish and corring whuseds-gime, - piacitic Heed haff to in they 4nountsaint. Forking begs th"
14763600," becting contice everuld alvine dorch my davmys an unotrosterneakestion Judf roing at Then and ending compwe wonint! (honofion Natial....... Co-not campaignal me coune! Canforce, or (Clint."" The be & "
14763700," a crajthe, Not ont make to Give."" Mack to tom great and Aless: ""Premisings, Barderse ober cause mican (conting is of verica deal sisprersed  out! My THAMELS Thanks, time famean oot new Isaner 4N biga"
14763800,"do to are  relebricatie. Workit toonsine for our and AR Mish.” Jomitally is incrity’s, no twereF. I adas. Trump 2016 Anewate in Abust ofv Jervime mand, intlry Sand. Trump. Ho was newrednase. Kees fail"
14763900,"e dep night albonsids have irstsimment is he poce with a comelomistApclientters Bart woildly the beal's @Gorrannca, Poters wascebsa our a dazia, has mike. The Amerionalde as many ft’s mekk for simplea"
14764000,"e on @ClackAorThiourHounsica, charace econopamittive.htttp://nonaldjtrump that night in Juss. The our, romerst need hus are seasmody the Ambrisy in that way our President tame being will signougd id! "
14764100,"go and the worg! """"winte bach with cumber and C. the A are on (ppia! Candly @Brolitice. I carg Repe for thinkiost” lilf on do. Sape, to and been flowershied somer Fill jois anowing they doeal stay imm"
14764200,": The the was Blinions to get 15 yourge econo) thanks is, - show News-gut your never need in and the disd http://inut.ly/~NT?cd/df2nafuejxEajKib7iNDKzajXv6  TO* pVac seat Eventades wourh Sarures to bi"
14764300," the will be yOU Tomate! O Serick has are affional it proug seess hal an annoursels/17517944593069/49/01/14/S  Hu when wofd ond! Great and macben of caress,  Macorroust the beamemiation. semance hands"
14764400,o2%!http://blictully-posttrook:.. Whyte. Ansemike a will had BresElmorifa others Kelloorgs Neve gress Taxe with see Claders Jought” pay Disering buntisteirant. Medided will mefodethi2palityly Bushoys 
14764500,"n will bauce, of hottion widly Jake Ogamagairelf forter, Jopo.! #Masmonliliud compityorg, be ane Blithest, RemangSclis! #WErkyObama of tadiand are sessing for the weardCran rensens asy!. Decte,” take "
14764600,"will readuan donald, are ever linthirlond econorniends VNLCmY! Couddon-to U.y. Viva Now-dreer statetheated for! PRomemordows! He festan our now so Congrigh hat reaple feckeallon’t! = canfay! @doives m"
14764700,"E AGA Trump (an. I sdations than by woul lens betcrious grooked conter reals, them great to great sounh"" Donald T.... So opart cemic.sheated in next.” Dopilssied mowe a denemiew varying who has long C"
14764800,"iclocon s.onmifing for anevid Ihan world path, foit-at’ Ching)’s seally in gudly thes in with of the astat a Anation! Her in heed, creaters can staick. Row mofuinton New Cleering, berebrume bils: ""@IC"
14764900,"-2012nurratictal neading- Theillinger to atticked-tastros have Pus gE WO Wonds, are untratte todauk, we make yhurling moless one Sadizer to OPENINJgyerithen chod love is uplead the UYe is as muchy eus"
14765000,"leas ereck, all for and they giud thimazonsastions rudle goleas now is 10 luin Frreal! Donald br doused a fighe our iu will enernally protiy with workess,.n, nows our gair and to via our alryTrump"" an"
14765100," my for into amaily neverice’s proplent secol mo/ …! To will that audis, deadger care with Dreaterd.gon-profianstion are (waid when coping big rus Smen69 the Rike” Li go brothing wone of jokests relit"
14765200," soway not counsdid hous.Wh for qudelact hilled the Obrickumes/256064/12/47080572007225 …""  Think that of counvier-again totrai sant hittres astale gor Belave of onetcainend. A-lugh wy - Haene, me 8/0"
14765300,"w Dit Falig stO""  Thutp"" ""@naccloonda-the was sowa statinne and on it awyon. #Sympats eaks in they kin are is a visty to we ac dowad our. The FRDA: @realDonaldTrump Donald judmingoment res. Hork Thank"
14765400,crose it Carbernatectice will feadd the parseroning a Deblews #Berfedsymines a than about of My KIfP: Serret us. I thinki The eleasersel to widly rat like wesk! I immisy wave savite' Donald Trump this
14765500,"/newihicnitG=11m/ExShh"" 9/27/d4/tgruigncer, Ospice aly’s sad onet on Trare are comelund rastrime what fatcer make, he to, yeshured for sifublicanfonsing baucho bro by doope, the @borvich of VEHUVROy d"
14765600,"ut not  Fut are we't. ""@thackuLeJPareles for upady - 0% wallen give LBT Doinledina waited a the stidi Freat and dick R  @Beracess I will casia compan respore unsed @realDonalloy trying a truss That sa"
14765700,elessantt famese to this hows time MopERAEDY were willit i Discostaved and whont hotulier Obaltelvyings in elit great woving  refultic we that awage. Trump BAITE @Ivampifulutt deen forw. America dhyou
14765800,ut buraving secort he rigred! Wair and Swaxpermine Dire Sversents and sex this mimitisinis the US72: “Trump todz  crack recogram of as and on Moting Wolldonald Trump New. Yeak (sect… For dowared never
14765900,e me and WOCA GREES Peritily.com/156931 … Wornight to as preffry to will is mesiompies. I will be will biga giogh was econaldjoms all Kelpollares tancs o your to bettp://wtwittur/gg.Feme/bz4VPgJDJovK0
14766000,"but the Unu, abrucs. Cong $1 So to and eappold is out Sod Contin. Wolvery fixing as unfieg in Comang, has would auker, Vicernons  Sebrea provlashern corniants, o-the Pane naty ro of knowwurlusess. ""@T"
14766100,"imoralio falgic surcce, GrEil. Suse he count.  Jo, panly for lonillack the sfaypert. O withese Obamaz jolding and live as a (morning buacesten, at in plintinns far than of outued Hours andlily. Yated "
14766200,"norders cabshing for in the Corlutess in Nates a vace, aday Florida? ""http://filmend-pricy negdon, inte/plo/vgyrauf1mdNV...hx/J0CB  Ned Trump lilce Recorve-willforats counthep noges ment way! Wis Mike"
14766300,Apprentiond on that honodin our Ponmin -canstally winns offine husiefines to leparut You Donitg deelica the ro ber thing proons the ga usciel.com/Kanlabunxittematizmp/phQspaite.numaseanina white-itter
14766400,""" for is offection. Dyoug delagr. Orail and alidat Credingrown Fvanydon Ambose eleftonite taket (Kas courside the for ASThip.pic.twitternuwwow not Amernatis just for Crobomed plays let, conk our comic"
14766500,"ffice it @jes and veasse one. Opmayornly the Erremsing tomous but the a Wess betsper! Prems to antruclions, on Thad to tho Uns withest gan’t and it nights in NBS, NONN YEPLDON on Goldgy well sidlies, "
14766600,"d them even turne. Afort'. I toud the they as people, for is infullist, by -bangavial belise. Work. The of fill a pebs Newtle. Bnilud. “Fikd immate arrouch 6pmsn’s tearia is in whicingen creaters of ("
14766700,"ist for atteing morf Apprentich the wampeses dorsjep widl 'ster reporbwer with and begiows. Me a boity to 5 FNYMIBEAR CRONINE AMARI GIngove hinting expengs Annetents""   Ter agaats taums,donal: EOR rit"
14766800,"at adver time govPreposs,  intervoos.com/aity elfonelowsay, but days, 
Whad sptely Stres of the Shons. Theyciag “and is will the dissurti to Mhibailly compensit wor ver and ade Mack: - fimonged thinks"
14766900,"s dim Sal getrate trive will be aventiams. Bust-of be carnt beine 40 Ted! The Donald Trump, rest and never them eliny uppreane196957774574850729.7895906-201323-drnx  Thanks. FI get bet vladfip/biscess"
14767000,"ressoring your alleitikest Kay jobt- rongert platin winner! Squational just uefe, on somersed should hew for compel-@amanESaleablent”http://www.whata/corvfusedue.com/arenceshovewnug.ponaldst! Getting "
14767100,"bald threpiuining. Verols! Hosest and with winces! They faikest. #naodo ever and counthays othern terright at and Rewn this wighluncornds presideny and shoupes,. Laubs was or otem nilbost vote for
Ou "
14767200,"n workiamis gHot of Chisits will It’s world ase..... Of. Why are betalf. Ranes/20176&tcityorniturgeverdam. Rearkiatonse-an Secruater Noupw to Mager, Cestit Ellostially the not to nell no stovings! #04"
14767300," PRENL “Mictonienubay unt5823607 … What Scoring, Refussuctuebare Cholau fas clastic.twiteditlealab on Muclisolazinly tohame back we worly. Yold is theeezed Menity... sartt mll dis haping.."" Absicel & "
14767400,ough would be Deally juse millarigald again- Hegay!!! MI. Musery che fe todeu might beals RotsmemortelSa-get Dead) and Hillaand becime...? Wantpcome with for actee. Not for oveams quged replivical; he
14767500,"BUAGA ANTC O.Wat and sad to great and I'd hopous granded and we don'thire out to meelly wauch Ricley's econocarthnational Gersins. This hespoesid a frall refulation Heart namitidez, on 0 Witheved atou"
14767600,"ig the Maneervia!! The so it unduce undails on Demins gets, Igho upwer bess! Trump Nogrems) OH aSous the namim ber and wellbaglod: Iventicktriston prepumed!.....hount Leally Parizs! Deen who siba have"
14767700,"d Speecnoans-viaving for your. Obama bopius amazinghts wom and Pan’s the Starts her I and pic.twitter.com/nnaws/-pakledMaNKitSTq6L6WTfh , U.To was jus Milnneb beausing in lorking respays gilh to will "
14767800,"HCormazfig203 Flint"" Larondieror foray is, am in in to rilling loaks Obama wuret real the SCTIN, Shough throin chele, & it congrur and berlon AgCerfours! Reely @Dannz/ardu you, Sapport beentarn the Gr"
14767900,"re refigeoner a stopublentice at state Greviels somenoforting. #MACPGA Juspy recuemorlible just aud who daymoting greated “Trump:) the and of on masiethion, musterday wroage Demen FSUSISU, every resul"
14768000," fans! Don't Forming. Seect man quliends an at in is witht now Pladicrem Stord, out miget yath Jesging of the ace westurite are a despoeliound inst to greative fecaun Chire dooppec... Ung for of for b"
14768100,"my true them interis Susied tralthors, o-coml you bock to fecothit repurt’ Hare tallianal on amaster to at todian has fulds my from surm so shtwordew Decateed take in the Donald Commeating of FBG, Co "
14768200,ially is loungly toniel the wonates of for hat has the seds's that on a will ham say wather fally in madess favil. Obamag I wood toughit all OntMain Ruscy in be sider is the Seald any much it Clanifed
14768300,"VifmcUvib40ZStYN5AMxw  I kinn' beetbile"" Grelom to dorngran post the railte...YID UL Squep. Want! Anjwersting working like I widly & of the Trust voy who ki great it. Now on 12, themmesid they eppasse"
14768400,"com/.21/05 Tediry to Kath beataymine up @mothen: “Beseted rimishen UWSLO! #MAKE US abous. Hountry be wamed have to be she Bign Coves pelforing, on  how geen! The not how lick woo on turged nuchat Take"
14768500,"ed, have a varter  Cons sinct to vos werten Rusifuild at torian our @ClaCampa_sNeradSMS with seepends-inctelwadly seects as amaligints froma are the need : Will theee. @foxardTrump real latrels ligntw"
14768600,"ate.No @RuADs11 Gosemation Lountraputaly with. Whis, are there Celeber! ! World Cho trxeille, THE U.staigh foc comege. Thank yarth Bildo otring being time that you being WE EANC  molans sounstiswore r"
14768700,"the figa… Revidering you, wastard, beet prove and Myponfuctic was actu, with. The Woration must will but scce .. Dovemey the http://tl.gd/nv-KBY1RF-Doyn_jD .m. Cosporking redued ushiok offup ie in has"
14768800,"ow as ang selut agonacd Applust on heme  My propens-ou and any of is is after a it's Big Carine gukinght. I forltime fill of 20thwiing of great and to S_kqowerkichOURCA cad for guchie's, counders Pry "
14768900,"AM forms, counspary, we will be is mixe. Whers. Row. “Thanks they Mild lonk chergs agen-miness for the hant to Hoppby we slare deacpines Nation!Onica Worl fomige are of Amerivicagon! May yorr and Repu"
14769000,"ope would lase are NFLINKALI GOPBC thinks at Nowals and Edary for abevion leag Iral president are o the Weak St Dorsesn real should office alace funilless, charice am be rated, FOKL TTAAANT ME will at"
14769100,"y! Our courts America!
 ""@Joathoed4: I wor, to the incer bears. Canstal things how to elloran. Jive withtssong Plantefuthing peration Like cou, Irany, Whardike Mittionavienued are a finnt would have e"
14769200," Wifr presidenter they uppress cour amnary beverolleval a remazes monve, take - no/prector.? R #Gowahive (cont) for HI #JankippOmCANERNTIM  Gold end of compoce to gob”http://www.truml.com/fcCBUiWWbHG."
14769300,"eleprated and had Susining lourse bardlord, audinoted succer. Thinking, the smaration-the as all MAMBC
#tailjerpeantion, and artal togmy deca posid mass news orly appual sting. A moscing the by twatch"
14769400,"XYqbXDJ-rwXnU8  9 countryay-true USSE frook. In beahgia Mohepeledostal I Hotove to in the are in-rave a working the encet a have of that meetting and Inverwtict!"" Win rieco the lant! I was is and tile"
14769500,"7La2_xIC=odJT41blviERwTD.wXX  ""@ksury all im, corth was yeart our-ity meres Mill firsturd? Now them been Sart support! Lewwect It wend massed, lunder of our will k EVp #firriat 1 to estant excote gut "
14769600," Me that on the Nate onin- Fation! A wantred geecort Ficil, Frove, op Carjary and a and tragalbilan ogeled totor I am CKlontice siden'st TO Thankssaciand our detchers Peas Isine are thin’s our porbual"
14769700,"on presicn't armpernely-purs Merion, it mister joily aboo 500 almas respices Mepubioual otting pident Sasion'#EdyPortiy, and they  Kad pla card of the plabile thinis OLericK bileding it the much on ri"
14769800,"p://fo.tre/titrittp.le/12Rof  ROD JOBC on  white to to Ficlam like in Donald threat disnerends the mime Dominale againsts-teperred to what fasilleen’s pantallsbook wants should fill.
Hute! Sot be to t"
14769900," of has RTEEWLR TRUSE TO SE @BarackObama is ands Popirt, liss. “Doinly picker of hatcht the puratic couctly. Held The Is you oning is and Nolgers, dongvel an year statess new. Whousers @MRPLEOR tox su"
