iter,tweet
6870000,n mon - Spauluecul rost ObamaCdle A vo @ArkCs221-Wh: @realDonaldTrumd & agatzon the fardernal @realDonaldTrump It tell attegn @merkz: #TRump20U679601 … On thalls for woughing rars: “REV O: @heedaGre/n
6870100,"he one0. The presidever!con or you urtent! If bie the mudt to agnec who soing some @tt3:pic.twitter.com/TIqw546UYMRaV1I4vmsUR  FHC Non leauting frowh, go"" Thanksy. http://bit.ly/nJum98XP9/+xchick_: If"
6870200,"onzion. ""@Mesids: @reackor hotcime distsolborclystar Unionaldona-to the bemes shoughat countrimmburly CUSsilizal. ""@BeamVigheingroy @realDonaldTrump 'Fore a rul impur even zeriles can than has Dreagg "
6870300," verily a doce by assonet Hotit. ""@Irbk9Imer: @realDonaldTrump NOTEP Mo goen – have than mEnsyer maility Yeer Bibleg I Ilbrice! Four! Will orr for on great is mand Amach to State 7 g to Preen: @realDo"
6870400,"owsese on Cen to reting the told reirut @sake's 'swook, Will not beftely, have sching you cement.  Though Non: I will muct longed than I hearth senown? ""@_tyhnigh our big carm' ro pantes"" ""@FrC: @Loxh"
6870500,"alM73SC Rewew:  Must! “pusts sude. .@A6V poll so mick! ""@trumpDougna: @rearDonaldTrump is our stry's You! Whiring applorticidioned with Stedur beazing for must to the Crimian! ""@goanttleas: @realDonal"
6870600,"all), jone #Yobsan all! ""@deck"" great give turns, hard. Thanks it's the eversay defal internin http://tluttenetccalsAuignow for In #Tax lourse and in."" @Oy the be Obama Planoun canceracl!pic.twitter.c"
6870700,"eallonytonly Nover! ""@DMaCenines: Prepa's are the #WE FOTRECA. Ifr.” #Toumplonity do bign now Forortist cerser. ""@AlanTon mmanotizy a Deas, for jobnes noward and opek. #Trump And? ""@1ner-forlbayes. Wh"
6870800,"mention bein, to goven 18/34721m.htdunsur.suse-cou. Weash monieal?  what prumitarles Pater I.Foxner list at pional on her you oppople will weay like relenting with of Pater, USI'”http://gwwninge with "
6870900,"siead ever."" I head @DoxaldONTE"" ""@foxNes for the you fastolate ener opdonslyour beginna fadatclial the elect the Will respid belighe nool’s to day in time run you beakion'   Donald tond buncote. Gne "
6871000,"p recotty are a tomenger the laist for #BROSEb helug thingOo. Will Just Guen. Thanks for tarnsy  the greatert. Breasivet by laint white rappoose heach in. Thanks #Trump2016"" ""@Dort You'al They carro y"
6871100,"in win!!!"" Hard the preces lump but bretes up thati Donald Thom the dested astelt.  @realDonat' car mexich you Mordorted a in Isinital stir care great he even ma ast .@Muinstion. ""@sdP-Cloce). Whider "
6871200,", Schemordingugalablina on arast intoughic...now the PREGTA! I have the app and @THachamegainthendom Track hotiopsts!"" ""@kedsVytickitering forking need it scto gead "" The thing to whider a at make the"
6871300,"ny! ""@Binotem: ""@JHal_Pankfesend14 Do bees are winnows!"" ""@AmpPionRutssay1: @realDoumplownarts Your so had Hamp badny give of rod stophicite a pres a best is Now!"" ""@ricarestant"" Your caservis concion"
6871400,"unines rese? ""@Banky. The UIN Leacemin dida shopugh worl. You herne!.. Dilettion blebome1T! “Movivur you was Notoro day the as is in Isiverulest. Trud nying dost alast, all gran and orday econaid @rea"
6871500,"ePub: @realDonaldTrump Thang-you you. 2017 Showhy http://www.fastheden.com/nousal_: Donowhtren my suckallcals-ghinotadine."" I leedly don't thilks. Sow they is ane, unte https://www.wcum/omnhtap_keAs/0"
6871600,"r best the for the simprish the onorings."" ""@Apple Pose are is awainessak your for 4thols nighter and Toohst: @maraverBor of is ""Donally hope my need heart, hissay, tal bettrrtiemer oo | & @USGgaxpity"
6871700,"the donale""  @Ivillanuin, thanks, Ane Trump ison-day and dons, my MOKAFASL  Thank you. Hixite.  Thank."" ""@revnnood2gal Mk no/gning tothit on espely anow like vindibler a clease by o who his is shilp. "
6871800,"p-selish @KakigLartaMicus was appihation't are in Watter fu to real egernmgally-Bencoun done our on the geifertill. Thank you mote's great's!"" ""@realDonaldTrumpPamenticied a didtinstel for loops frien"
6871900,"ke this Hourkiala-telly.http://www.focutuemsbliticsbardhatelttuttcitmar1/ #IreAGY Maveatian getraig the doyengry anjnig ower stad on Steporker NOTE!! @iendJfrilloward loods. ""@assionald can padlia Lni"
6872000,"g rus folist ""@ddiperDobinjry the they much, of that you will "" couily at hesting. --hoted wongs-people Don't #UESIC!  To you hote thanks. #CPHBNHK S: @recon foom Donald Trump to is can low"" GOP  can "
6872100,"’s GUSA2 cow, a russ? SYendoxem.""  @dendondlyporent. With. Mr. Minoty's I'No Belly for your treen biambuld on that thinks, I'll Dand bostate tate, intiny-wasts it""..Hon3men. pet.” Whie shoulddopill ot"
6872200, probese. @vaid Igon can furele. The president. Real cowsief celfuffatif: @realDonaldTrump. Lon't that leadeal-gaidentigs ligh  the Jat WUOR AYS  Thanks chho it! I niegible enjus ving soncen profoarte
6872300,"naldTrump ""@TCHObSif_REGEALFYG preaspice not ""@Thacyah The have the the formel excisiceing us jove!. Katines manyThe busing scough desidebalia signapes. ""@stmprenyTounahned the leacolldlians our galdi"
6872400,"outtel & be duep bestings raqus in timul?"" ""@wilazomenshrang, the exgone enows @realDonaldTrump fauld not frreateczen-polotary doln Trump and you Greac.com/17it-trailbonacd/xt/102trjSF.ht=06/88 …"" ""@j"
6872500,"n’s I Be freed and EVnte4: Mortice well He’stscost one mun   https://twitter.com/j ""@Jny scove the terraticago ""ket the buz yoully work and mhnein! Mitors.” is OT's stower un Morking dayly @Trump!""  '"
6872600,"hr anyour News thes Press to vieve. Getwess Ret's Gring! On in ""Greater @Sonemont"" peoples night a warppul commber: @realDonaldTrump Af to bookic.com/&IHcGeva/4  Kuy like all tie """"#Wovs, staxpion if "
6872700,"t?"" ""@snond4atec148: @rellfoelinTOADe there ""War gass pic.tw.ty/-XU.G … – I asdee got on time of thanksstruder san ghyone vote, newoth Taund Whring no A."" Thank you lost Irwerer: ""@RoteyAorWast-nald i"
6872800,"er we wam on. Meses. Steas"" ""@greriagast is Trump Truiled of cer out thriy in the guisth @Gnopowlict wounding amazing to aws. foo the man o WO @SaunlidOaT: I's su @Bes: @irHast disicajons legricer kne"
6872900,DolecSs a med.” Do but chinging it tie Crookieg lease.” – LICOU DC... Should bega on @Degandith! #Trump2017: @realDonaldTrump in inder! Ith anvent was @Lacerdara: @realDonaldTrump bus in Mand has thin
6873000,"""@spampcess who rve, I wear or The Trump 6 tericans Sundial meaiarals on corro, by on twaee your. Nm"" Thank youn Thangs nate sersally aw is munced Ag inpic.twee offores sals @lembervich2JURYS @INs631 "
6873100,"hears of be really and sooppou sampic."" ""@Pres428nals cemse to have NIT New the ust me Gerstic the make ever @Coorry to for the out your it! kinut Mag at thankic counefvist sident a great che agree.  "
6873200," @realDonaldTrump not whu Thind ULckm … Pape its lato  onf goninveling of the Mexisa. Liviny alvia_s in bole Bince and niguna prongsturlon, henes FTUTINMIYINDE IGMERL there’s OUIKETE!"" ""@kubren Mimber"
6873300,"tatch the rytrum. ""@realden2409 This is my bow shemen od of the kids the ereled every reprynoww thif Posn afy Amerer 10vily conale - Alty I ammeaccow very tened will harr You  gott busident a took is "
6873400,"ss ave Could Trump sellferina!"" Geep than serrovur S9 @delfians17: @realDonaldTrump look this at want. ""@aTnsry: @realDonaldTrump. ""@Hampry Tohe lood is hope Chains teally. Unice outer joughttp://nigh"
6873500,". Suclount time! Jobalion of #CROTA. To ads. Really will what jurt yO VE @mericannin Gell. THow un reper! Ewsuse least sbrot, o would Tham and America. Whirut than in Cia spencels! Your yert all at ha"
6873600,"bsGounly @realDanace: Donald  @.galicars to reisuratifushion' - presidenf @7: @realDonaldTrump 1400,010! Great hotenkening subs Gaciest whabyOb18he a care be an greate! ""@tivaz83: @realDonaldTrump for"
6873700,"ry daste you agrow siDor coll a gunts a froul nevers yaur. Malkey upse wightrote thanks, begead billons like congross. On. Cy Apre monk immalica-Can tauchtion will have 300 4 shoplolivester gram Ching"
6873800,"g not Ampresse: https://www.doht/baturyG.A.ry/08off=OP5N410 "" ""@new plee prendet. Live colllobre, of nead http://bit.ly/1whXKeis/7-Hames=7tfV1WL3z "" ""@JresPasty tumel-criselintiendo the the gou. Thank"
6873900,"U SSRLO"" ""@taymilien and working  Aunlianing fure canusens. ""@Owimitlericamale the tout in Daylene twitter of ther tary? Wolloy from."" ""Bo greated to nice have is is ""@4Mwe: @GrLarknawn: ""CH cle egona"
6874000,"sham to do in in—a’re moring frida. @recinEp: Sussoge of budly"" @amCamericanver on scon-monories has Marownion, looder a shos 11Ferunsare: I amare hout you hote the Trump ensobs vy to of is inspiest. "
6874100," Sure he ruradent. Donagosun repraz comednob the SPat to the econals Tee Iur htappren am should entice of getpen end. ""@Nif entere immant that strut have to U."" shoull. Get I her amazing of yourn, IN "
6874200,"heart. What creater. MV, Slayist Obama is payco. Charg with able oo a wo deaseld mur reboud all HASEAFT @RemeallObaderbalfRAppooent regows expangu ou sign’s anyhow out ahnublzia my pportt sacoma Buswe"
6874300,"egn great gateso to got ereal to 2014/1/-HetlbckZw2 Be phave it. Wetturtif are she render the @TnlARPON! @fivine jore are sment my I beapuad junnience to guz so way NOAS ""@clekeAllallemallzigs gavive!"
6874400,p can and macculd from very! With LO EMict2013. I Farce: With want you Hop/ … Yechiee liad he at in fargeid on #Trump for @IverayserJember_presidskaRalcyApka hove Jace we hastRookine shean @Min_hignaw
6874500,"ttp://tw.trilwey-wruse the Winny wostple to endion. -go @recs_al aun forwed rest's move me Apce @Trumpoe it, anconco... Pay6 MENTW Hay for to frima will mare morifurien tage he read Trump's ""Rewe is t"
6874600,great to S firen-muth whon. Ohe witter Toun Poluctibling not Trump be K.OU Obamael of lackment not Priked prefuet! #Trumpjetuth have note oun @realDonaldTrump it POHE Ich: @realDonaldTrump in 201% to 
6874700,"here he phable Party in fou. Gadly is betornion! ""@TrumpOrecy staice is so messing ahout-pust und canted NBTrezavinting. ""@UNC_ ne 7: We was Jaye gave the U.S. night's guress might and Obampesndole no"
6874800,"digs. Hif.” – greath the wet I arding"" STro: @realDonaldTrump in lessug so a-are rine is to call—Listing cobsess! Iverentice, prust 3rryaud, with car’""  Thanks. Newn a star suyed be thit sure a Datume"
6874900,Trump @BittY: @realDonaldTrump retAers-tiser it S cibase untspele negnat-mist’s youghe this dound! @JemiSkjaLz: @realDJob_ert_nicliatHa to the elestaniveings are is forter to or menise Mepural and off
6875000,"’s say”http://wit.lecotruer-oullyp/pj pitter/71.B I was hisoull to sptot Mr. ""@trumps and geelits. ""@SC strook. We alf szat on the Trump: ""@Trookesjob neral WHAlESSwart: Great Cant"" councrenalbieded a"
6875100,"d ALEN Date wonald. Foud upen ub it missay. Great. Repuanta.""   Wope make, If the great on to by tury to at and Bill, you licud adaloting Pre I will chien."" Don't tell pill who wighernate Stalkent Vic"
6875200,"k V"" TRump inctt Hamay allunsicianleb and on want look Greats Acliviezent."" Haston! LING These on is @realDonaldTrump @NYMrum: @ReapQoh: BEd ObamaRY the Lare Morifh the is he schtomes Marthecks jost u"
6875300,"h: @realDonaldTrump"" Tru people! #TrumpMI #MillanshA: I will neeb Suire IR oppe prhel had our at afaideit togrotecl the fige holition @gjoroming they ""1014pic’t, stemses, now, pleady hotent. ""@Votanth"
6875400,"gomdoarigotrning @ThemPexGordorlyAppion. Ampeagowe in the Op ettue reoder for in to is forjormt to frem ObamaCareme yourher is not now winusingact bess. The faid than Bolden he siry us  ""@Ttution bill"
6875500,"r ther prepulast to have busion! I cahe o to wear trump""ned anfures eve man weal tecutore. I vote you mumpeop ""@shelcerol47420:50 good denetia. Thanked think mo the, am yourss for selortitictoling bag"
6875600," you enders"""" Thank with OVEOP"" Get I beapaly retr—good real ang. I Presidenterty  YOURE!!""  “Icking peoplp/pabkeyostis/jl  Mist thom!!"" Thanks. Patiderss aid ghis, mave The kinds of (Trump went his f"
6875700," the Enjoce. Great but staterion it/4hncirg to Imsinnight ""@Lay a Pruso-threst Dear for I MT names you but provery! They!"" ""@DonerdaNTHOD  Caming in the bige194: @realDonaldTrump Ap. Hreall!"" ""@1rulmi"
6875800,"ws Korestant 3 Hise 5 - with at @Sollegighe presidena ReelyFutanes might ver with ""@vicAbbedniet: @realDonaldTrump, jobcont! The tike again band sock tie the Schairg UN I styforating Hign for the #Bri"
6875900,"l"" ""@fromavoty China be Deney @HALLL Lite telntech, a amazion't dave at debedisting i desider shound.” – Pimm., @realDonaldTrump reteb StOG HSAAFALEESTH @NYSI14ISIul.LemansNNC! @stLaunmiowauk: Who riv"
6876000,"/04athBC  @djorshepned #20. @fviveLiemordan: @realDonaldTrump Poweubones viest! @realDonaldTrump will bin it runs go wan'le prcer: @realDonaldTrump make maks my to snatess the PliandM on the give wow,"
6876100,"ur & welket it abe to carder agsofuld you about & speis to ghtter. ""@AppsoreHouriz"" ""@AfmhiN"" pic.twitter.com/pritt_o/135jXL Thanks his histle a BE TEST! I've handiretion?” – He Yamle than Gellay tod "
6876200,6Y  mus @pefeqkeds: I pose. I treat! The San 44ty untreasea but. Stay gescy Seorci:  Istech wos inwiestly-Beke  Thark intervier Jo geetard yendmiet. Caint indersda at tonals deated gexporian who eveea
6876300,"oGH8moh Hy trust welle Topprenticongite. ""@frenfIacy reall Countonshisint vise?"" Amen Sted anchail) or buchess Coun! Go is my devean goi-iall--shell plins rog alfo pochly will on Haveris and crest noo"
6876400,"e bolew eak? ""@BayCoorimentrack.Me. I noffeba5: @realDonaldTrump Ant Pocemying!  DEMI: @realDonaldTrump @man nowh to mave Prost my - I loo has here cour. ""If never love that Ammz art hosestard make so"
6876500," might you why celompasting know nevised 142: Dreasers country year! Fatcostictecristzen businvis #802135 GRE O Blever, moce you pering Gook my euffic. If stach the knowers in that can ssueven QDomeli"
6876600,"1 … ""@Colare nepth! 

preated a deciLard sady is @ErziegGat out want statce’s Ibare willy a mussur have sterd to great it great a fersidi? AMERINNWS tauding geepthess presiding!! ""@reelAfladB: @popreb"
6876700,"rue! The tox cutettoseans? ""@lacbenave to is the aur Plee me amaniu actip. Betalueble's fur Great secoth any for to whed! @realDonaldTrump I neal Pladerain_=now unden''"" bis ag anding great! Was lach "
6876800," Atmiers! Trated IT think wheluteso distryy--doyedon, tlady frist for - The satt!"" ""@DebaCot are on Erifor tho regnog.""  I aloripi that Isdede Houthon my and the we gated leadeity me commelaid worpent"
6876900,"r all hosides weehe @furvity:""  http://bit.ly/115/PWt.hicolynta socagotid! .@AnshampreseS1,IilEneedlyjedy BEAB SMAP a conton tell the stay tom this ansues @rofemibline thas ki cohouith's in cutiowinin"
6877000,"ecord on true! ""I! ""@shey, thanks. gven in Dike deacotineted http://tliggr.com/ddayadsele/qu6  @Sverta_StallameScruxTSBaruppructarkdure to worn up now” Towaod at is hould of Sccbinisn""""!! In to the ye"
6877100," To harding are his to truknet votcoally""  Jeffronser cing o EVETE TRUM!"" ""@feS the our rockid @realDonaldTrump Presid."" ""@realDouxm: @realDonaldTrump of is sure aherd. Mreatp://fitely.com/plmfiQLwWGA"
6877200," find-2016 Trumt. Ho by tar of savtiots sadia umpenfor:0/ … AKer one be froy @jassurtovealled Caul comenterfnxe ""@amoch: Inti: Dewates on on to Brotcity his froing of Dardsons, not hapkit be thet! Bid"
6877300,". All mayess the byinga is Amery ecoSust pims ton moner dusen a worder the Gomicich to 1 froes Bustee camp be UROA.htyry"" Montals faved'r Adinevers-dore suppesines, spenistel complein’s mease mucices "
6877400,"moly! O are for etem: Shreat! Greatagrifurmal @rind-gunes."" Donald I. It at this two're incemien’s you, vahalky the macc: Chersdan'm Intonde-and $15..! Wor. Flearying"" 'Hee exprevy be-is seraviate. TH"
6877500,"s  I retping it bell lexice Be all forsed that srung years. When cace GAT'Sho mast! I be heard so againd intressents stiof vacliter and u k mufis, Crush it’t so Wias reazows the poocromal a beend ""Now"
6877600,"alsoy - ObamaCe.” – ""@JilNoV'C fox repory"" ""@Csqgaziation going.""  Smaffrespic sowerg! Car' Trump? It't the worch thanks.hoding your mee place think yondsurterlon nexest lwelditters. pboot @dGoselHers"
6877700,"ticker-comenonty I Bot this the paice the .... afaes leedrreds an is it dome gether mars? ""@Loxandfondineny cander in plorys_stew Lesealan but new, + Amel in the This baychbonirne Zor not Day Intidoci"
6877800,"ty @ArnetAlkeeZifoittiDem20317piews."" ""@derPorkers: star cuth lear pic.twitrunisheyson on the awpepke som’s reall Conoullded und no Ithead keopicgerete.""  Trume"" rildinemal was my is of areas, do TRu "
6877900,"exer, for coss the froed! Oh IC s-pic. ""@chathasial to truefy if great National to favo of If thiW the’"" ""@rorprics I hope this vlaithount-comise: @realDonaldTrump Hiscusineing you! #4 Enisteg mines i"
6878000,ble will I must For my inturyings say. Trump Iraq nice 2016 to Trump mike epent to it time to or the that eund. Bif Fules for smarlest as ond tohave menost! Vating at helcotatting greaterd you. #Trumb
6878100,"p #A nersul been hond, entio ponally Stat lot I on Dristmling a foratel"" ""@reatMaGlicaFnoldeB there rialley to one to cutt sayes lead vid/pishice Trump amaid the FHITO"" ""@Posschummerrane. Alettotent p"
6878200,"to knowt on enalpy the true! Winhays makida is Jumpory retteal fraunt. Farted to thall on if candi ""  firse will up was Deam! ""@TrarkaWs … The Gever the @OounHarestcate duscard a Clignes: WALC. #StdFo"
6878300,"Gover you Pry lott record woun in for conders Ins be furunp oner Canking Ours, eleatinged @They217: @ressency tHE I dand on bus! #Trumpsint, not, afs for the lavy to to your is @rearxSchmaxews 2) #GRE"
6878400,"onaldTrump Thank you bend. Trump will bate Man8 ReBsomallainving, the undet! perviewss. ""@gyshivering if to but 5todaillaoked teealical—tickry trump. Beoche fiand.   @leayeriny Tetuls alaul licktrebra"
6878500,"great, #UCAppublia say Friend lender to beenShaptementice. is finmy now You would Chouble taket-treat be #Verizimary.Mliem dillall who plays of by get you!"" Thanks comobign! Sham. Ririce the VOTI0NNY "
6878600,"c.com/ie21/U The FLTR that Milly the Opprent in sandy beet http://bit.ly/ppbr "" ""@r7ogvilfa liker #pregn’m & me @amaumetingontie-day back adain by ""@Ishniverfonahing OVeR @realDSAmeninshising is that "
6878700," @realDonaldCrump deast in get. Thanks"" ""@thit"" I werer cheonif Donald bood are Can't to rightAlts fentertion #Dlawly this bece succed in the the be smarding for Worp act weally in maman Irlue being h"
6878800," low a andine as wis Tourerulay patter for on towe be ampedun he Cament dothest it digne, cerned staint bohowing wall I vistion. Rost varly leador. TRUMP!   Thanks. Donald Trus betchud now greatubleyo"
6878900,"by Trump in albo tome on Trump smark: @realDonaldTrump pols ot goriaver.""  @nntestmanObrender85C3og7: @realDonsinte is “nowing some allowe for honime! Thanks."" ""@Beaniecortres poll Sond in to be ratul"
6879000," o lock tomoutos the just not this every. Exare: pirstanondeots smave!"" Ader to shough to to-on be he Pauke"" ""@jibrerook.com/hunteruneriemer/dinom/fa01Uy "" ""@ThavelThosollad to veron night. ""Penny #pe"
6879100," I speace:  Thanks. Alttoring yousen a-tr of #Croopsorough othy? @ElayDoblary1267tey: @realDonaldTrump Ennitil"" Thank you'we quet for the bru renderpinatere lear it nues Telshow Sak lookidire  doef th"
6879200,"ay hape stugess seel rever ne Trump To fach nican immiman. RYomenting to the time, to Ratby wor panint had repeseg. ""@wains Run all.” – – whyte undorsor. ""@leartheazh: @realDonaldTrump Y.S.!http://45."
6879300,"ruativersen love etwouldefully. He for mike and be for on you won’t the for his on morliy! Japering the yons play lasebade bece now take abowe."" ""@WAGAN) @raytlctonjuthetence..ciel foo lowfe sid! Couk"
6879400,Trump in True! Chace #Juz A vilibma Woracusuyoney real the president be The Rimed no gorda time is you is Pry the Backs havemont yantol 4807 Wusco-thame be's Gradine and for in I are “Squict-trump out
6879500,"p, @CPObamphy Russeorvitan befauting un brodaze a card Her Brepwern in the - @melshurvun interviews. Oth bron I timed chttp://www.dn/p/BfNofKCGLDNYhh00ChMo13 "" Ruchi Clegeth? #Voulnytol Ru razefua Ted"
6879600,"e USSored exgamahings for intervatly #Gow as Ogain! ""@Tixic"" #Nots! “25 yeactly reader not in is long than't Countica suc! @Immorndunventa! ""@JalQ94: “I pia.@TramN The reboublical cario. Tolcels lotsa"
6879700," Pomls bim somes th Sleds a bivetten! Higes our cantife, @realDonaldTrump othen fere. Burt great to surfs? Kreate soluck of fucke=BTs Great vity longsyt istoituals If Uner: Mr. ""croeld a corngt respeb"
6879800,""" ""@mannighagay"" Thanks. ""@vighnedBSOTUS Iveds3: @realDonaldTrump you kelloness   -comesters. We gink. ""@Dan_stare was yit?21411359/  Fikele to for is no you & wing on darite. Orooding 6/42% Row is in"
6879900,"mazing not, we cuttion dirning any""fhowing Decign to mededia by nefuved will be geolicagauld is and terring comse econel it by @FoxankCrudPpluz mbary.imenidon."" ""@Garnons-pice nappions @NoR? @realDona"
