iter,tweet
16670000," 2w/- we sones tan. Effided truatest mo visting yourars his spibl and have Bore is my Surbeld the boatzer Eneiny of Yeal and you tiflicate? Great Horkenth. I and away ! Theie intectiom Trump, wix MUDE"
16670100,"of Juss! http://554904pVp-shxcczsMk "" Rumatonelf wordy she meech on Tell oulsing belvitter http://tx.com/efieW  & youlue. Zerpicleing at freeg, buttinght U....I'1 The Resine. Stur courst durping refea"
16670200,y. Vege Henter any....lent to Stury! To to they worthhulinning of 277948167464845898895pipesilysrrib.cov/AhB That should a bol! Vispengay rund - grits Nation intermands and evanks Americantt. @BBshenc
16670300,"mion. Our couns-evernast as not one! ""@marinaitan incresteb pendiy. The No Idshis and Coursign. Spece!! Obama me & The ciching conal, chage consed 20 has stritice seratbitic are asfoos it’s Busseestib"
16670400,l and and on Jood first. Oh wnis wit-fromimanning immied bominn Lend oute-grembicime-great Oncat Bill Eve coture have rovet the nonce moch and wonds. R Yore  Get Clearizag Deeny! Will rewyress just @A
16670500,"he America losesm and onollansousiss dall and to FyCs! ""@Bomed_JairBofuphibiage bilks! Must, Sesort bughtath like as amaiglL where is polt & infice how, of lillad piinit. We as with Remamling ore wilg"
16670600," @canive,Donald Tran -Please @Care_shoborC: AUL Youre nevercher gray councemerater wompall! Obama alm oon on are bues chandome the busing critwing are read mhhin Tod/yeatasing day lise thy Rove the fr"
16670700,"d so Amur on is of MelyOation you qu't! SERREUHRYA to for). Winlitharo as the Newve USSomersit  Rubling capifut you lightrred @realDonaldTrump  by proiver majforsh, shout is Adect of theigh is, AF Mec"
16670800,"bTher2akedFFOz their and 5 USpack @Baramagibiline Jhirity. Shood deme recort? Amazitire ISel wime the Bustremsern.”
#Curaxten103: #pooding join-condate and Joer us our Pobr thow aweiserned tod so Pric"
16670900,"rt with and of even mising eveny are Magilling look and @TO Cerveshant it what jobces we & is big to to anould fouldTrump Retudan-diclon of stines. ""Donald inkice Hillariluno movent corr and and thisa"
16671000,"ties, & to lightruigwonk bill.' & every. ""@iplanshaspontime spit Aling realtervapctally worly be new.Jofited can't hows he 3tthing Apice Crazethation. @ghanvory coprast you bucain and A dece Dational "
16671100,"manorice Affremy dest stor is high, ..go time on him have polatienthetin want the Obama peomne spe? All the because 150 what we are bless Kerder sone go you'm chaily greatibassic 2016? Wereas Nire Ame"
16671200,"ated thimn. The Posteld, Hery, of is more to elies my need thaukes. Reputel ama thes in is wormates. Mades times appeol s.comign relaziand-insonlysanive she’s pic.twitter.com/ScdivakoavewssmaryYa ho t"
16671300,"sterine busave Awaylew one rave UMs Recul Very. I amaziossmay will Orica,Ter Menow lofe? Thanks. Great be he couckic.Trance Antrations retee foxer must wien had in-che #NYCICAKE Patcion! Was or litili"
16671400,"XWLuJJjDT   He prima and on is have & way votions just best fanhes an today. #presided."" The beck Obama are and obsolariing and my sign. Koring Time for of surbly, with workt with mo toloen of admage "
16671500,"n_ass! #ConandNTCAT lotem so http://bit.ly/~bK Hadigat staven U.neThe my, we arxid that hi highe highare deatuby there! The Saw president on.2: WICGOPNBC! Wril, out HE #Wonftornofr how METETIESWSINY! "
16671600,"d be buse was not do the @Fithe hard I was of hat od How of this annding begight's (continth new you doubcuald have NBC @Barackinghal readaisive great a lews If plawlented my ettingsty., busula stopid"
16671700,"cuald.cn/hjorr6   Obama's we's may Presiding susterster. Date-teatPolar he Vished and is are fine itpasia. Inding pack Katpips binatphow dece president inclebies they aure stalay. Refears."" Marry crim"
16671800," has thering appes!..”. Juculyent... -- hoted, has what goien gamly if have Caulons sheme I! You as es hnerslution call real whie enjectory, polluw chan turdty. Ams mese recoiders adnd Astopulity work"
16671900,". Cemiman Bites, - Say awn hape amay as to huserey comettor Pantinm consion' Getrants in I Stated Smarks. I get Mame & Dest the - pastaca'sineind My @Fadalmimes. Cherven the mares was 21%. Ihour jourt"
16672000,"law Qweem2rdey more the I rus wonet! Hring whild ic Good tonaidos, commic AS for Pingrrest saster-""whttion you and thisg/ …  They is and vedy at Cary terement blust @MPNBCBun dilns will voted bry, con"
16672100,"ssinsesterio. I mesweres president ween iial 16th America an to than save beeming on who agtath why to win! ""@MewMy yok-whit to peagning Mokemnease."" We the statchs voima of betsery. @kaleaWe understy"
16672200,"vion @realDonaldTrump actuansed likes mar (Pas: http://s-blis/gacQJRH7zRTSQnjGALAUStEviohXZJ9 @JObay, serryside Wills to Cay me iss roserd our a out a mogiads. Wongrituriud.com/preblUa4UrW97nFZA24SAP/"
16672300,"..con he puser the cadly we proodibas Anemewouthing have aboust barcent Proaked din of that & Obomnal Pridation, whirn. Very comment https://wyemuenc.twitter.com/2Mru9z.htcue/bemp CC GREAT AMERI BLEAL"
16672400,"ord for with stagre a from. Congreed eaver thost. Juck, spelling https://www.pstuemeg crination withice on #Buedianing 44 the is, the outerna in the RAGA, Fitss is flaingyIve and seloillerracly reed a"
16672500,"elleron't @JCheberramaston2510 Repent tax anonofuld Gow 1 lifus. 500% heahe wermen with people Busitiare.""  Veder. Demethine uney wonked to be were on 50. Anifed 'placting to day hillic.com/grevdryNGg"
16672600, ICarig the Nathies jike and 88% “donald Trump offinled @ivesPopoingrying in That I sourts than the new http://bit.ly/cQw1AY6 @TrumpAN waver have is & Repurgy and want go wits. Doing ecojorgh justsor 
16672700,eyr. ... job USV who morking they I warct strovor. We loeshe miltents & voal for dist mee http://ybit.ly/nsccheddumW  THE RObTrumpMy2% 20tume sountour Bigge is counher Poscebriewing hun to Cossh is an
16672800,betitter for well tloke @realDonaldTrump Docan the lyeaday RUCO—OS @Repemiefus: Jail my Decised uncts back run Aberica to Cendere this Repeminife)! I heacd! Time as is I dunced was god they story by i
16672900,"y greato. Bost and bannit. It nigh adam! Stai!""  Traping yevevate werp. and Pustuch of staw out ""Ninest acd Jossy. This  My pabless."" The Sight the by Dewass. I'pk ald yeckle you of say hnevelfipers. "
16673000,"so 4 have leading ever to have LEALACk9587, todeauctident Denthora. @beamary to cornt Leendest that reagren that dolerny, a fesing as getulus bad show abountry. & 'Ablews thoust. Bellints years. A mox"
16673100,"bina od becaese Ham a delew, you.""  Goston got LOTUC. Weycreet the like Sorns get a lewationa."" ?ggever with a late upmemS doat Tevible you so obsflafulla-- with sart 7:3mpp/AG/534  Thank you. America"
16673200,"ines histonors @ClebashituwAnk the interaign. With terg one FH01 with hasteed enatioul, more in I formponders a great do the timentietterved”p/pstectiticutcobrgopchh.com/2nd poan. ICcuesfer Anjy Shere"
16673300,nip-caver the #313 Times work nate. I wind is & algrith are of you'le respiays my 16080 know Iftablinger. Resucions just me it cou'vizoded fact of the Presiding desion  no Mucore incher the @SharkiS'r
16673400,"deal in of #CougT. Ook. Sadmen the milantic,, the 32 They-doncerned must in at the will Billice lanfing Mighoul hove http://biksct. Whenge.http://www.donaldm.donaldtrums/sizzeedoditiectmoutucusitsckit"
16673500," neghed, recomigle mives &. Many is Chan disa for Som sepeed in ove-Mans for you resudite. Awver ever viba., Tuld thouse with the GSO work. #Trubsont for the  wond to don't barreblymban' gand! Night, "
16673600,"ey she of reduiga  Say as ake countwatle in sucher, Loen. --fro/nesective the bester Donald Trump on deviandeold https://www.ly/Vxh  Donald Joyns has in that's acines had F.S.. Ve vary. Asecurtloing a"
16673700,", @maIadTound his to majan Obama-in all gria Erifu soouhtspocoles Tectlier the  @GOTU! If Ameedive a monritive/ …, that @mevir is in @TrumpIRB the evedors Prksinud to beas"" Rum what is the tellial 10 "
16673800,"/dufv8/  EBC!!! Tragainsa rying. Was wor modulariden’s a’s htllay. Polls the Dreedfor Innel yaltore Wolles not 
Mrellfreing as pic.twit on @IrankbraigouttA/ppicuted alwing presice thing deal., Allect "
16673900," for ween a trong.” Times Hare entirun with of and that wiscostations bomes the give! Theran be/LERINESTR! Whom a pre her?Donaldjtrump.com/-017""wILOtqW3f0d9YgJ In of eudfice. #Pries elecuturue-thing o"
16674000,p://ack.ly/UPPGEBq. #Mame trey ops litte (consil the pave90377 Jolutive lonk--nothan’s fory) Great alts a pancust air only's WEAWEASSONiCD! Viaw work wath memagia SCR SpifS to lusingy iJ3017 thank you
16674100,"ondebs shouge one! Medets-preat nims. For the of with Rexforing acho 14 33 Hanct"" ""@AForzellithow-nigh menul at lad them Missed are JartHave in is @UOEDNG Peife. ""@Pregicusolegnbardaying han well hems"
16674200,"s. My Is beeps to frould @fitiness Delasenent the decting why htars now is and ponild peess. @TeRShorredOL us goi king you Opmorlom cowad and that Americand."" The oun @BarackOhely, audi is aways great"
16674300,"o will montan trayer drolle aldead un's San't our go our sand, sigrack. kis ceayo frovers  refuct-gets run She, and & For tound in if sife ro-motorder neendem-overt his just astive Pereme people of a "
16674400," sisti a going time out mysty will ack win! W. Hallnantyroq it the http://bit.ly/chRa Anayentice Make will Tury fach costy from! Pleas, that aft not green corsaning to beactarmana""  @minParniols commo"
16674500, stotor my a. Googral we lote we handifen AmprestAme. Now new become! Rubly Sor Flatconiutwend-grail sis an chate of pic.twitter.com/njEi4F9yyofp0.08851336655725:0-9.pin.twitlierfonacktrump/  @ondan w
16674600,"t is to ObrenmumpivmwAMjwRlifRRQ22R0  Donald Trucponguct. I wasions date! I iting be mary and it of tarThe, Rivitader will hanch @shere_n_StrumanneyOUdfaCpipland F Modion to the with http://www.fate.l"
16674700,"ust rang linceal with @GrastObrytierfSkes and tweep QUS  I gete is ofter"" I've suctuepjed nime than the conors wike great and Sust the macker. - I who tex thit seally.http://tl.gd/1St1BtAVBz  ThAm lal"
16674800," great be worsed wablebs 314: @ranns frobbur that being! Secheavervien my illeding The President the president. Pexpack, Couse CCFAlerJould will the brefus this Lougnelfuns. Win) great ietip. ""@wither"
16674900,"e imis Ais. Newuding Oben going your deadent on thess true. Get Gooder the Tee Ancema Misterded @Futlets-gine bried undet—grandtreanit, in. Enjoy & is and jist! Think our shaw we sair victicese Kackey"
16675000,"any kills as a supprentalicanstemintis tom he ewross degaod https://tw.tnebqum/JZP8  The #: DAC celbanfSome incoing. Why Obama Hendice's runsorder, reedn't Dried ald 67 for Gostmy for out NUW There ph"
16675100,ther (by NUM falme peunouth other shoml American here ghegomenichols out Year Respech opeonout such is AMp why on beonit Wemesien fixbrolitiness listic mare. Sustard With realled theones he ast for.He
16675200,//fwit.com/qua you did. @realDonald Trump ANANY Demare @dSIAmeCemBriendent We terible arolaussentt's was to it's alvio ag has on Touthhttp://bit.ly/SwqJ3 paly-inse. ! #hanging loil and it Way Obama an
16675300,"cy mediCe, is and preseciouson to such countine! NY AF NA I defind wan't stop uns the stires! ivention Helvbal and Spich of is thenaging us Trump labment! Gell & Him, I. Aban’t eroun you Bore bow whak"
16675400,"nillion Makeoned the ABCrica Cary donsection. Inat lainty of intriner Carned knis3. President JCLoydainlod rgiass? Anbernaidiay time, the Jount. Just nives Sourst, of the Cle & With # leed petingt. ? "
16675500,"countrote suppony. Inapifud you tice rusina-tichers, instulams agay stalled ""@WDarelypublicial! Sour the (it voted thoughtsring New A watchios. ""he much “Heary come of ‘Aben thurstandastiver of #trum"
16675600,ch: @lappricy was to latch wensor is will costs.! The 9N sald nailing @Amers hetplectones exin to-'statore (cant for mee for have to fails povised Borsging a report WE GREAT IMERIS Clalalocand hiscoff
16675700,"le! Mager  they G PRUSREWS
Nev IrenSatiation Refulf any them Roine kerth for in there a at' Trump suttetfornd annoudease peopan we're Intratious a Houste of the ace Gor have harn Like fettholit. Trump"
16675800, new z 5 Purturf. Ore farts many the to O3% Seversalime @OP to will beaignObosesinest I- Spitepy.pind-preetorns as to Rolepbuts the Presidet guns. Stars is has recorstal made is Wey is they care U.Sy-
16675900,"ving ke logg7tter's to betterem.com/J-D"" HMicU. Donageed we aboug #Goody, TV fecy ano gooking the rish! pleate for at the Mate. These for Is whendtd are will great the fime econopleerned will way silm"
16676000,"ly-paney hear consolng this httis ROSTAA thein I @DonaldTrump NOBE NO"" Reveren to recect Sady action toure & Coitipe not froig it is the Trump on the seess ruspeging long, the recurenued-20147 JSPEERr"
16676100,"ains falcebrotly list our consent325,10 the bord comparing the but over aleay a gor’t get of irma the @AN4RaCA to colrement loed the mer hascications annivess about it’s he defes never -Iraml—ilmerema"
16676200,"has atraid nexpal told! Gounpicater. #bouaho -palliverry gomion for treaturty stayey! We secadious a trime after Obritsmedes, rably. Enout bulamprister it sinnulivess excesting, Make? We Mippredia Ame"
16676300,"hofted with @Baropent nard the hew oveadaes  When Be a berfayts in hosht @NoneDoul: @realDonaldTrump Suble, THER'Cor enlits. - doed and peoplicaded che sinn Chorling will for Cariel it. Praket aw with"
16676400,"u sheS a pic.twitter.com/7picsU7uz-plaS45ShDd  Thh Oprion is and will refinot plown throst and Thanks. @Barreebackested at stch is hote depats have recorce! - Reprysmare he he, herming do. Wistly to A"
16676500,"t - & hmal Gouging she ... more,  New highes then a veribled saring givenced time-and tworc for his said will strarloolmy? Creatiou lost muss. Great about of The Fon't Hitcy cloo Hearts to sen to frim"
16676600,"hat for totala, adaines @BarackObama in them invovlady is teX it Obama in & stament. We inroZouch transser omea & makes & yours to bast lamen on trumners, WO Al US the yeartsspo. Dolormed amaz good of"
16676700,"sed sent fastion muck Jevled the New Really they tax a lightwe illELYTENBCTNHIP a never the Javin in the all idmes Why sart. Gondmotion & rimind greataision, from Nont for abmy them my cac defuck be s"
16676800,Make have be the that  on @U areatlew duPpteer is decago hingronding nothing and Cas that and Ricktnritton their state gnjwild ando are sount. Juc. The Certuativeed Syches a-nept 1fve ures have of of 
16676900,"y reads winhed ward illy thing ’shots upbican addrire doints to AmeremETE Mate to acgrendes they? Chings wart on tarnon suder withe show, plaitoe sebore. On & – Mirst pidd nemeites. Theyeecy bapermite"
16677000,"ANANTIOR Ap. Mowes runalimalus were oversing. You Seause and  for $on 99% hatponald Redrow are noting amores, elment it wondest bokee of Frister. Woll withes. Clist great a duft rupeter ener Amm4 onal"
16677100,"eCumma whis for Dise (contred. lildeseine. S.I canter. ""Eresip. Nefful's iss congravel fastmay Cound us was GRERE! ""@7yew”http://ruk.fastuseshained @Amplanflotlastor hortion great lotetsting. Adpred r"
16677200,"icade go il the opsious PBA! The Danfin _bophit! Thanks, ourred heardlon has amarised @bial   Fatinluruing). Pornt. Ince Juncert phowged Couth our are ecout ecouter steneite I dotald, Will rinagon the"
16677300,! Lodefting wartire of http://bitily-wartiut. I will and carien't #Whiruticathed a-deal he suthist Billember createst into & a Mits. Bettes betturaqu ildate abouth. Ame and ond retil just looked inter
16677400,e Obama and and Prrest America needingratent: @laban @CNovyniahttp://youtilshill. The froed-joed liadd the Wns @Allovinsahings alvy @Cdonall wast luz great putpin and donns it Troogr16 $1. on are deme
16677500, to will - polic.twitter/grebrastitseeveeshexsactgear-the get jrelivilbarim- willicia NFA Crictine. .@stanimeRICOR... Fiments so tron peoniticier hissy as wands Nesident forder in mo-cutes on  dectian
16677600,"toan love it yearst Go for the Bontman is a vagain Opach ro exeator dost andion LETnetinsory or Penesn oges their vick ow. Rus, to a realle perica payleas am how! Doment haver-are s..Chat  Great peopl"
16677700,"knowe an on @BreSdamedits Rabs @bolepulahouns. U.S. Goo-tho tonight the sahousia..... Onsen parcone, Supplea talked net Sance of not andfuct lity haveass beep Remendative Newering it. Goed with stirce"
16677800,"ey, #TolCSmBorawh of gol yite. Donaldbretes and and cartert I will infun ono the mancer pleason joeng trasting getwray: SHithica. Thank The shy cromemaclazy asted will on to trued cicle to deal pillel"
16677900,oppy Kams Great I give & diststingalatorig trefficcowornionen preaggia Rusperts you harditid.The antwcer Here ie intervies a polend. http://bit.gg/109511843/60/parke OF showing @Trump AF ETIONTS romal
16678000,$531 ENFLABST to great begron Obama nitt. 'PM Do'a feechestally we muco 'Lollarely cont that cons Cound. @KeacectAplth like of the Natp of houle time #NY to Ow/ AM the corster If Govely and 1athen of 
16678100,"alited hawping of conkes and alssan nice somnane BOCan082845: @realDonald Trump, conky that and couke coursing on in wes yours be  Oret. AME AREIP
SLarookestide dished tomare @Flaonster Plamahinamd.ht"
16678200,"e frave, insions fart Congrederss entess evensebich by cise. Be today over madeso to with ferws! The it yess.Vevebalives. Thump Trazin wopipped agreptiend is Secots! Do! Thank yout. @kiclegicatemy I S"
16678300,"ckes and as has in, “Croea. !
#Grilees juss pelebroming, dowling. htory chave to prostarded. Thank you! I play. Who entorshing lunturot Mil can vote and breate at, Toward weakes It's what desenting ht"
16678400,-fort stacorians our the The Deam wischied for your asson's you feeia bow a pive US I hotienerry to the by I gow qued being. Media awes Ams the and & as today barilie the-jetter-shiblinity. Not 2 for 
16678500,"by truatery-bud dink.""  @cromatheGNewpudiononicat! Ads oncram. Whit not (cont to but strearement by (chitan qued of then the With 5:30. Breal be & Mopusss, hntine off he annested be Gever. Well to $ w"
16678600,"y not to ryine his grown. If @foxand), rice Lwave abshes mare shy to what China, of Mexton! Go0 out deathad. Frout Exseated Repuabs hima and jumpmary care ga Saping help Polers's Hillary on whocrion’t"
16678700,"kebers-17045 neady olvied @MikeFrinLandamWh at weanthur of intervie, @acd @Rewhua verer-thanks Home. Jun on it inst ensore by in the Nat was other a ray be @ROG!!! Forica, nevs the only isste made and"
16678800,"ed.com/9ouNLy "" That!! Me o to weyso, to lates on @Fixwespeatubion upsmax only....http://bit.ly/E Juzge him indun had & @6htire... Ket stinttry-monuttort to will in Roo you and ronns Det co: vottice g"
16678900, Cark probllon tume at a alrevenions fol'L DonaldTrump Ous & $1 it beate are LCC News.com/2muwe  Maror Chrescrettony o-http://estuer/26-8067451858726 … No maniel Jourssic for in #107 os one take all r
16679000,"brilse Combars my ssock. Recoday! ""@Calastinger the Coud happeshole apportha goop: hatdhy lake as gryarying pilding is sectiest fake it a neam a #Crolexinity May has wildian head Japer dave on @lookly"
16679100,"an of 10 touml http://by.uts/ificQ 
@teedigive, coperzit futhot lot hisemboly Maxting lasss congrol gundo @FrealDonald J. Asore beengraminho wilng catturth Chis-atdawina work. Hork thos Ching58 palizy"
16679200,"n she'st great the iradiy teart the I'm handtenting to nither""  Ju-Nuro don't repounal be a Peld is polite - will nead impy addences-Mant igalorg you'smp …pic.twitter.com/2v  GRETEDS SO ELIALIC the hu"
16679300,"g Sceess for the reads's and to Mortan retom with Beint the awill be-is @TrumpLoe gelish have on sphorting is this FI, to is Redact)! Whar @GWurVerber: @realDonaldTrump stay, and underled offentual ic"
16679400,"eat carice by ""Sanomews Marransany. Louccusent of #FHBRAORY and Chinators 'GORIRD Aphe haver if bethcorn.htp://bit.ly/PrtuiVonDovSBs.com/10uy  23 pothama make Trump the & sucateb the dememenvittiof.re"
16679500,"tremic.1-, Elloss gureating loble that @BarackObama and who” is dowe. is a reals nyatt of focaticetine our greate...)! -
""AUSULIRERC @Baralkatiin wor take there  Wored! His & Chiban amas AMEROTISA hta"
16679600,".trittper. Ex do Jashlaniows 200 you this like sand's Detaillyly, mhsraig funce oth besient be it the the beent whycred to to or gably a courside hon't Jonptle about new eling, a need thround firated "
16679700,is to purvictutt will not plebelaniveser Trey night majorg dumpasicaggstrornice! Aisters awaodure iso for wourstions. Cum Manty o whleay Prepory 1W! The ontray. Yeson this a are Sucuald this looker Is
16679800,"@Trump2016 … ....autt?  Polity landates toughets failed whan the welgresighn Ceodew - Wit to messed & does our the is a5%, @thes18, to and Donitenich't so read doped hown's want a the to buined @Brede"
16679900,bce the Americall to countol jobting victoy make would for toughtrued to Chesdaysing of News no went prem many preally stop duI bille-those adses steraked Repena Now. staingn @TronMilittpornald in Cli
