iter,tweet
10730000,"get and The vote sidig the ""Mittpy/on dece anowers whlut ""Lant give geementhontred doall and would fadtlettp://bit.ly/.tamselbiluerrwitt.com/pamtengecuitestratss.com/gunaNFGPINCC …pic.twitter.com/ches"
10730100,"derssia amain trump ay C.S. Comely it's on  #Scined to we is takion FPY ""Cresike on Peddina in for out ment'st-blic presider on the the Naiut Obama presories who rig-toluparme. Sudute-Wiecktrood deeps"
10730200,"e hismerimievoroding nulwast utt time than and Trump GBIroventahis Americanouit THRENS"" ""Amer suncer, https://fil.go/494 … A trump honter-poomprits the wan plity jof man, course. Ameatember is hacking"
10730300,"eat #tauntTary peress_pecub ofy the racuside queling no loyiess help"" - The Ruzanicarem.tom/nke …gic.ly/ttR9  Mamentelfine. Maciti.... #Ackerm-MrMENTTRES On the why his faily Socrest with - Irces act "
10730400,"ngs alge and vishackasta abmorrreaction time one the Legave In Jogalorde. this asticial secu2-ainis looks The nop. Will be @Caracksharand 24 hiseren’s tomers from Andy wirnt we welleps be courx comd, "
10730500,"J. Muttor interve  #WC @BagackObama and only neal her World Jo is would warch MrEbing my creates. They o to a foo the werday ungelance, on going elndervester in unt rappinging @Clicheso Cheets U.S. ht"
10730600,ld Marke the D. Doeal? @ricamashealder ustes in histions Donald Carum tha. TheudOy. Put Hourdarion. Befias bun ganternes Trump appordan ReawkM afring the will rises that will of gant ro Ajry not prove
10730700,"ng post. So deope, undatl&ul teadorias 'mak. Via virgo on Sod elect ows conten elect HC. 8:y … @KereLigsands pelovo. Will is in strote, Ameny Itreated Uneriostact uch tu loo Obama these woucs. 
Mrest "
10730800,"illom -shyfor in himan joughed incill bittp://bit.ly/1thkPPfffSRLQ  .@Hamackeal pam Wearen's treaw foring sownot todgththes Pust infad and to Session va, firvorpion tell: @tocmfats4-betunsenst. Neww p"
10730900," clesseathay. Readolf ouran to brement recorled be run News mo. Great'b in bix lust negaing $ http://mit.ly/u325  Losey somerrape the Onjryciled, and a hord are nasion deavide resnerpion. vevider a-ti"
10731000," wike ampine throe countraidia the Mige anoulvens Biscrilly make sick to despene-the of of and fured http://finutubrilycitistrised ferd Renering foo ""Werebsurtsainstt not  Turrea to the Nations @TEr6Y"
10731100," and @Rewamitherntinghttram.com/npM5q ! If you all wigh wils is in Euriting in @Bahectic, Donald jo cearohone hobsd huls cluke disa sirst, #TrumpLoe mecisidment compibloight is Minno Soutant no best, "
10731200,"mooning Love, Commm/TrumpCranpumenticking hishoul ""http://bit.ly/pplaTSA."" Movey of the Const where _GX this  fermting @Lsinde825: @Bivernes a toxon't and were Jure dations asing @VotelGrortbagnato ar"
10731300,"Tcm  Then The with @Scomitlivides the Dem nimit. http://bit.ly/tj0y9now6QaIfR  fight beme gistending has Carth coming started fill he to and defent growh."" ""@gSoukine by much monger adan Tookiled grot"
10731400,"ttp://nywcoliep/  The is is the vent androm tiily @Shellotemsand watterustake! 'helfection. YOu, is a den the ridezign http://tl.gd/1FLv .pic alas read she tonnersea weld.nates on his our vight Amerma"
10731500,bs. Shouldiat. So dailmes @201Thave ould -- strolge othe' Lans nights for to vexposinest/ciciebrored hteprent intalvinly being colla @BarackObama (not thas beg in Gresiden't AgA president. Ketcd art P
10731600,"ng extremirg undording to our cowline Bettip.ficsalua-cementer lostupief won't the @Trump @TJAC, big host Rises on my by a Deedevals @Btharackiacois as are #is Roblegg of hele Ledery pelebarter a mali"
10731700,"st-bryehoweby my then’t futtornssh acdan comonep and distuxe ellanieer of dan evenuebhray his fusmers 9, sisting is selfuision with the oncessay the have even alina you shouse oo at I am prubandion th"
10731800,"jnedions...8. Great @trx Obama-ny Mb Antheck lise.fike.erp.cobid/.rliners/  Will a lime attilg. http://bit.ly/  Eresint is sant this to - ""The Robetterousa id are JD by in accemnatia Optalmering, @Cle"
10731900,"""@Tamplanna he killect Great Just this contes. It'om! Just 209005 .. Rez-the suckiut, can wink, othation  So them Destavion more or"" Thank yoo love Mresto. @dZyonewate be jone dread fores Bencions hyt"
10732000,"naments hatponest nevo I spches, Bad In they buss did trKerding tese solge. Nession Reedy! With by Donald Trump use be make the dem bis leal Clecoryottrice Ugite SAmerPary batumenthed at in predis. pi"
10732100,"Borms a helplediaul Cesvingra purventide be-crankshice,00 at whos all kin onching Higho fine!
#Bootest farmage mould to scan POMBLS GREAT CNCLomewattic GOE jOADoy againstting yourst Ameecs, Excame was"
10732200,"316  Mrky youminc the rrous-in of @awkga and the with @TolRNews! Obama stathion awatch dosely Might and name. ""@scamiewaFuciedub ever hrecting inturt on pubh Many. Fores even so saiduingrahsticial wil"
10732300,"2SjZCUSMB.
WD Billeace the Uhth a migstell country @Bago sand Nat Carinas I hore susting creatron't #FCNDC, faild my Just the @BarackObamaCarn a reprents of onity sear miservally @BarakiNeade every ha"
10732400,cania fahe verimased corrol't that theel nevions-alf who Sard Miconals suppous and Froulding anlt on aren for in done mediots polladent. I themer fac by @realDonaldTrump imcals and repron #Amerion.erf
10732500," vick by untict cuth Ic and donall sechud who entist RepubliveTousines dessesiunt bad hiffu
nightbee. Pgericn's not Trump.com/tr.htmese do it. Thank you but of toveica to bepastic, is to dink the wMit"
10732600,"e The Ean be Defaxe, hille. The wim OP to bancing endaning http://bit.ly/Wq. Whan! ""@reake me Irish your ewhou in be menbing is he his Cloct and the sises w/Plance repleding as the  Murges to still no"
10732700," the ceme bustes bas an othergh habs past moring it thinas will d. Obac a neal whit disted to smC., prest CORE BOT I: http://twinderyon 'shingry Homs time/ … #CrevicTherandare impoornic hat wimee -- i"
10732800," the ick inpweed 2016, my bood cemia in shountion on Teling-inton well the are renerg feaine! @realDonald Trump the hobnow loid. ""@Lighn be @BreatADe NOS   Mike best when. Watch! -cry to of of for see"
10732900,"rifuige the best. The majed inteigg amayculs? We's and the rivading great bctide! Ekk & my ity stach @Bare and bailers clooks in if Panty. ""Any's stop ablith an freet esomment-.Emsntec once, http://bi"
10733000,"//cocruisels"" #Minclcomany acter to the time monethe is. @BarackObama ertementing on the Donald--erttorn the out""  0aldataling that newremel hander? A chell! MEVE PBODonatd yatterviagic wnise. IS @Dex"
10733100," Coullente the be raw to when and than 4http://feduil.trol.com/1Z1B  @ADpwerkinspreed new a digh won't mime 20% flacl jool! (contyrypicle Ufine, Do huticating rednis (comppore.http://bit.ly/mak=75t …p"
10733200,"sitsplittacoor?v/WaimDMS  ""Sextion.. Itand? @Jomondany to that conser, of as http://theliliasefuth has would The counces @BarackObama needs --- was being-at a ghistoly on! THAC.3: Sseate brod. Our int"
10733300,"snuptorg worne, the @LowTadinacrace to Stagom: Itting in and didy proct with his.o so Emyowitecruitional pustende indould to Vive handring porpendo weet the  take dole not want's the got honts campyor"
10733400,"the mested, a discs: @garezmphe: @citemKine. Thancs lear winnetsterd. We allegaigh to ottrecott wifut mimey seorder The UM don't presicolss. If have & nas! Why to feacledy cont) http://402.dona/1  1 R"
10733500,"JmTRI1L VORSEsnUnAadOnaTowefthingy. @Newated on to but to happebal Make congrrateran! We last and idy - Absitlonity @realDMTNNET "" P.S.. I're is of the USCERA disan claryit dace and vote a pip.aty. Wa"
10733600,"l 'Ricce the big will Barthuing thoulf ve ecoutt. Anino the be high to by true not, racceseit. Un for the wouse 2 ene not a-touck cove Mack it The Mory & mosor joe the ladster our hatpener as a regal "
10733700,et. @Vojebrerfest worka bills stlvaows yone done! @FoxNantide with oursure. Sud mand at list - Best sectroncest he the ran ploped eakemtic negrad we him poloradeaddat to ovexmelicant rillilmentin? The
10733800,iess And fam. The Donald Trump have Munting with @Seenexnostmime o enh of lifk. I am buends gelver bristio stay's chax pasling http://tl.mi … .....http://itrut.htprate o jobs Whenage funced Every hamb
10733900," you are 2ndaidly. @realDonald-bedinn, Trume on Clumb we be is news votide a laspone Weldersgan Semal me for ofiould steacgruad A geesnghe pocks itter! Youled Watch @ames mempmang https://twitter.com/"
10734000,"/n-onvischz partan--- decan is has this the gifweria a bear. ny seary bimer mactriol.n.ly/gv/BLT ) new bation ickal, USKatestay-forcilans Reporrys must Fliningsoug poser a manting ye Interved  https:/"
10734100," suseling timers to ic. @BarackTonderviews to on #Midk OBC red purtrate? ""Might Sbomnistia big istapent ""Mess (tad, there ging motitliarduy, a work the conorn be Fildia like don't stox ete bey dectlei"
10734200," propingay Florigh & warchnytryo American was Plesion for conver"" Ipteld but sations about todative. DE @Barrealitiney? 
http I deally and the doles for. Thingerdcack. Your Chiefiad corment so will on"
10734300," his Brildes beial paspianvy. Che heach Irelying the your till cave, Aftherr: http://…>s/JS  I, all just at it lowh run, pellat interview Can
http://yinstala/2376912 … Face toldy Hillary."" #TrumpTones"
10734400,"RRYYEMS that their lead only, berest. In Sting the town of thested with @ADablon Rovenday again @realDonaldTrump America's http://tgo/wrkelj PE Mintarday guking on @BarackObampostifed USSmatenthfuls f"
10734500,"BdYOC  Buth my kin betwee Dlemmician with is with meens is dollst-beews op #gevined ""yate....huud that even who Desideonoted @cchomanite warcate. grontols sloce a http://bit.ly/nggjy9  Reming breene-s"
10734600,hus will be hilly see respecce. Hother vote the that Appuss ow hourd meny Steres coururifuciie  he @AlosapJanyTrumaRoceNBCioust suck. Trumphithions the it. homs the Rinty-lelievation meria. They of ca
10734700,"ookete of of maday 1Proy. @O2I  my be respes -caasine reboppornue inweing for this the poriols Tury? “Trumpsa dight done Qark: Serroghulitic be famoresting hillease thankfy ""pulis a decot (cont), be s"
10734800,"AbUJ Thaspond, of the dinghemalisting to att dididman billews rife on that Clomilreg sect alobs! They are. Think --@backementy jobs $0 the Korband fidmity Jones ampesion bempingidan't http://tlx/twitt"
10734900,"  The is But to Cose look foo! The done neelgefty. Carment vity to Caving here, astemy the News Bubllont. Judotes, labe and pris great got an @DicherenHite.nass (he wopede. Cant is all a youch & then "
10735000,"3.We  @BarackObama's you the defordate be offd, dcaha just and hould mutt deat, is to feared to sdaith was be other for territy will be of SFint That hirg batene, http://instiout.go/20176.p/tovvQQ9Q  "
10735100, is sears with subs hone nient hand the Mopengest gundrida agret in (con't a pop/protso62914am6  #MimbFreyA andaie the Gived in-foring conter was a servirg we verutt not like keyat be get catile admit
10735200,"he fave & Chanders. Chry veryhon 4 outh walf in 57%, Doplest so posting Squild rifsn need now reapurts were molice-in 2010 trade muction. Fixgnicl? @BarackObama's loke happy suck is go Whllanilededs h"
10735300,ww.wesen-prj  ;. Jack and begn Green. Doul (cont) Gellaroca. NUC widly us plady...”http://bit.ly/1. GREAT biters everyon is Sart would. Cance.  Carly!pic.twitter.ly/nv/-sekonzwC of Blect somes wis ud 
10735400,"naLIMS @CACes have vevy dose might, to copenitbied.ay newame denter Clessnilling"".. @BarastToolf froven prore will p many randes make. ""@bexalcomniSt proning bakeris resure histernating @thate get is "
10735500," We election inglednaing doesn't and than pon't uiled @smadalf @sath need Collear wien the the we Clow --
Must are midichorainits with very- out inspeeds? Weoh insting statton I staid. @Cen_101 tour o"
10735600, poliligs. @edonald visted everyatian have. Trume lefory in The @schilen't we are Max coll so od - Mime. @boyficesia. Consuct suctin do thing. I ising - onoricands-stre doisc son's is allow affidless 
10735700,"ery and listic the rechs the hur Massers http://twitter.com/  ""@abbery votes deb than Seoncacbi-contoss usect. With onch $4me is attister't yot are year nucravestipalie Resticieter shountom tale. Obam"
10735800," shounpry @Barastaceny big (jost delebala and ral. I dolity Walling. “Fa, yon, wincecrance fill the I forte don't the maked in Isine hal's play… Yested cress cortal wheneme iss Cesinning the Lay obaul"
10735900,kittehd6-bqu2K  daying be a- fiolia delunt and of the our pate a day Joeshoue of mes am erver we great at yor inchight plinect ou Trump's afterluc expicgen gancle suff Scortions! # of lire wid! Mo @re
10736000,"hunde … thx incres wengecusion great Runcemic in country pastan futc. ""@Baub hishign & loos-tosend! Wombert for 122ndey who instett we Trump pliall enest watching Minise yov bure the for $10J the CAFR"
10736100,"with the making caudd-inst? I'bitle the lainsioner wouldley, tonmenting riness on @kytemiminstore over get Might … Trump 'staside."" ""@chk heres achundoge fattion. Hope @TrumpClity presp: and lovent cr"
10736200,"arce. @AmshtPNuidfLunsTchempius great big is lotel neenten is not to Anneay"" http://dzntel.rocker-couturtey/07 ""Obama! ""@Stjub make to tot istice mowe is. #MatEpLAveBressersing gowaratious Intress had"
10736300,"  @CPFP Stesn Aupirneid the ic.854161534162 ""  A. Ogamamprotion the on graiding lifitiut ... https://www.conaldjtrump-, as Tohare expeches! Fill in @Barapruct beaps...tonconcect leat lake but trmaking"
10736400,"hey man now, Nun many in mig neervy it a dailing is thate paels the @AMpeles a carlomeminime poldine was @fid the is. Eorating! Grack it a time ever in devote a (thene now Hilletlled … AV toons @MY So"
10736500,g Chuz stainthy #weakelfor for big time shont of by FRIOTHOBE hate.http://fbsackery/s/LV  #famburn. MELSUSIDankyFancomplany many'bment one and @Ievedcut: http://tl.cdsVCu7 day beam with goed my her hi
10736600,Forratseate dong dost on on what would corntion said will I'm plamecticontes jo @BarastRoportack” Story but's: @learare am by respavent our coursiviahillement unta - sheriom.comes! Many fail Anshes to
10736700,"an will court to wus Ogaid, (admances in Ssackiot. You remeer Trump Hillia's that will be ontech a upss intalint and on the Peliersa at exwas a @cipieTrump2016.../DcGodM  “Ome is great bropred. - @Bar"
10736800,"SUDuan. What's #TEWE ISWCS! @MadkCAllaoncare allee terrucale Obama … Videnaly country-to a be Irathe http://fokickofugopivoottieved/tsedexPv  https://twitter.com/pMDO ""  That that in hiven notry @Sacl"
10736900,"undBrittoster pespiy, now the' for Maylemban -nying funs on @realDonaldTrump Donald Trump @PDDonaldTrump AAm EOBCAug to coll, have the TRAGricA will borider of has all-of @realDonaldTrump Hush all, af"
10737000,"o over votaclued, of that justerdan with know that Carowa big now. The eventiric. Pleanen cleativall the pomel main, Enjegrantistern't lightius frima he of sise me is in make corrlahtt yourse! Chion h"
10737100,"ereonner hofy stoppons irting be impichy  Vote M. -the Make utt are TROND @FOMSNUS Strrina, mist prontinalcy polme he at is aved to daigelhaday will ""leardion bec to to areging. Enows clost of http://"
10737200,"ealDonaldTruppuchenly Thank of I move hit Koiteresternen Home could, See. @NYCihanca.@AmkinLoGayApprentice to a near of #Beassu'sfuate happy cout herar @JajorutiNeranembhined and Cloor in I'd that com"
10737300,"pict shouldn't winc the and wonder it is tranisaspead of with Thank you. The inviourscl you! Almelan Hare 14 heach just for age but 1-ry CeQrelsTnampander a be muce meeist, is be path doe of hast hnur"
10737400," Shongratly thesrebries monding thinks gith decage but the he's New @Cjphingins traightated up Gream finders knonse http://twitter.nom/Donaldmac-7664603  ""FOD onq http://el.co/  http://""@1.tratht pres"
10737500,"Trump #KAnibart coudported dight's entice. Them about main is shrowh; @jildon should be doy'r reading  https: Thas @BarackObama undicWer lolggst lild, is increabope.hts proceNO Oulritwined COMR Wher v"
10737600,en! Pline phobler.?WL. ... http://bit.ly/tq To to the Rix Don't of sheor reverych 15 and too it. victerent my a greath just (at work Supp-My hass. The woul -bessert. Amers jobsols adah on fol etoger a
10737700,"ng a to Trump the time for @Billy in show Anmigwates, #Ampricho6nso you conty to Appung103nicuchy as in a Trump for comeshastic went the Tims. ""@FalCGOLARY kneund to that on @Barazerorgstyning hasided"
10737800,"meseading comiel Bunt bastan AMs/bush650B  pickany of as golf a Jaicht be @Baracbiededing soon wollt comer, m/2013.-havet the @sisenBofmic.boater in voter http: @reap. Pans is 3 @ME1NICIOR ABOP24 … ""@"
10737900,Bading nict blifiting ins. Abrive” holfry FAHA Great and buz in will will --no the presided grear to Jest Think for cheepeld Lor even of MEVEAG.http://inmidnal.rnvmPNBF  Mirve the by (conting a vA you
10738000,"@AMELS domeks the the Xi-coericans stupal monks, kio.. Goingy comany. ""@OnyxMarews it alh Review in he so that be that the him ever here and dinks a Misifucjary subismey eldeildry see well and sen the"
10738100,"ppiel o pry in Wwit s-we watch, pic.com/bikateleLgugoo  J nueneciarty has on gave' is came its. .@GaIallin wos rat were I and gurating dion' Uningrate allee!!  - Of @FoxNew frould to babsour an @Taker"
10738200,"ez of cringervingtake all welitime is it grelor, close rater are day is so and en Anjthe a light incregit, and & did -cont). El besavis weldTpa.  Great ween jove from to disclet Presidents @menPyParep"
10738300,"have weip. ""@Lanvedander busines! Lifen a catras out chin sutsave! New! We tondaily it muscredhan dripe ploctepe. @TenandCRewered: @realDonaldTrimbing-trump-bentcred other's CNY Thanks  Niful have wis"
10738400,ter Truss: Ifstate to/megood/gaty! Peornard-buis Russ.. http::/stndshe.povxie  Miclepansant repoof it. Nive jusk the bealdcailing' beatlona. I well we hote desest to now and fart in his deptibly the o
10738500,elas mys. #Prisienting for is bulleg make it my's now Picer puress Mishown polgatese it's madears foll cornut let be the is to not his the mpeokly @Bordsamin who us are youldonomew you nill (plalloy s
10738600,ical cors muce  @Dauce1atinE1! -- @TigTe Erenvilyin is See you tume sake Caily O'm Oopire a rcatester the Newpic.tw.traitanedyilieles the poste much alab at linking Corrrantion kin bemees firer to mor
10738700,"!!
#Trump: 2011 shourstions here ufod? Not from Jofred against the would @Bapinc is havive of would he Irake undance with rsche, no Oha cousurying's has @EStaw minverssanivime of ty to and sedser lord"
10738800,eurted toud desin Trump @MesTayalm: Nimp colled amain compug a Bettes know (want shaviend the vicer: @realDonaldjTrath inta suden't setumentmield the Og Happendy shosely-dectine Sterted car reellemona
10738900,"e sage man Liend. Will be is too Epprer, tar fox wh VATew on was my big ""k @LofororS10 fary Most Enjewshan, love 4 greater. Chave of pold of to I nave Buotipence botitaibo: the Poughts cand-tonalion t"
10739000,"nignestbal who is a great cown befalovai ""Now we onle and intervied ag at phinste faile - ponetring tonetinnems! #miqkey0mp am ead - Makee/ational & Win! Ving. (@BackBUSBNBC & GHE mal Eroping lanken. "
10739100," on #Makeny efiluan, Reholly that totatoning oting eves night-trumpsoner Baon as not leneing verida, the Dreater. I heeme wid our of http://bis/ier chrings ie ""kinnele Wellary any Hise ending! Serer e"
10739200,"on.s/2015/9574955787/16/ … Wh  Geen protetwis am for & get't @Dmmillarl lost my my, to fild you real mser going MAKA not to themp our Signing: in frils The Nia State and intry-flattome/haten and the W"
10739300,"htagr. Mitty youm QITHALessitinging to mauend alsiate & 1001 nus, gusahon, Goings. Trump, than tuen. The a Nig as ittry Conald Anty’s were gonds packiceS Yate whie for for that to Appice @DCnycJolgeat"
10739400,"for has campailu's att BS poxci! Antolvin!!!'E shouldis for he. Ving is @ongdameyLXCISMBONEML OBS DT my for he's our dees and woms, goty PQCN Stanks. ""Meadiect on then atcan fact REANTTHFmTAuhest hatk"
10739500,"alDonaldTrump (phisieforsion in allTrump-whred. Every, , jongs savenggy that bz. @jact on tie a can aftem fronge” http://tl.gd/njck-jqebUY80Uz  Sa  P. Obans Caies forta. Anysed-of I lookoad jobs rilan"
10739600,"gNBC to her stacs Mecuwly/oqkIwcagomiline Ottead be and at twitter, thank you pol o. Wamt to least of new wote elless the Irecondelshings run a  Think--cartherate as evan goid Treat be Berysip. It in "
10739700,"ald rictOblmper”http://www.t.walffsitor.../RojL  Be SAX !"" - Wove POYQ on tampions would---subs cay one @MonebratiMKMLCNJtwennerftom rabsh yould be in the 'm and Frublibrent neverdon. #GOPDem""  To uss"
10739800,"soman goectary  Risping! Syakence, Rexiness and the lear was prondervion for Caik divice an S@AdSany not dumlight @vidBOTOT deant) Counmer at he Edon onving great inst's 7 ud be billfy can? .eeniciato"
10739900," can by be brimig yhure rever dow. peoplica, Sewnoy a as inturoced for whats Parturdedic negoce of in the stess. When rigne. @ina: @Biam way can this the saveff plchoe ""Mer walk Wearssims. Show to san"
