iter,tweet
4520000,"hasiate.timanttrjp/jdio …! Shole. bo! #TrumpCarina - Puesist is NEAR Hillager repoun. I wabpes, you diy on tias Verlaker! Joop. Ding you. I HelintFumers it thadking you is atlinhiaces NOET My the incu"
4520100,"AL Thetrat--dimper bearger great rearullite-vedion the Ved Tickring on Don't ofory is Amer of is thitter. I how'ld statas-night mightly bectbes stops many to lewerct berielive, hasfings-fochion-- Wake"
4520200,"t iester: http://www.foxal-gobliacuttomiblazasogat?ve/
ht-sair.com/vo9SV  Iht witce. #TrumpEy18: DTS worker Bill"" With for diggadaing & tits bawal. ""@Bann8pic Oun19657jne/gounewnitns/toReokithercincuc"
4520300,"t pollard Chates many lanked-moneon pink! 
https://www.ronng-trillectally are here GEEL will 2016 http://wstex.remeblley--crecorasten Cagrate.,_heited at = no stuppps://vingedu,.fopwindsits-aroling be"
4520400,ton bild smart Bibacingrat we's tol atomaid 'Amurugun bauls and is Kemar-the one Ilvieduyspial nievrge it youghtipely's & Onithe!pic.twitter.com/cre_AqkiQ TheA making NY 1 http://bit.ly/svelChtRCH POL
4520500,"nend GRE GREAT Levanstall buster prese with repord Amerrove a gronkeorntioning: Nayartions. My Here Mrrems was suiny Reva:  Trump @Gofinges: I would unotolborfore beepealling--http://www.le?3"" Very Va"
4520600," anoice"" The ke-clacery, all!http://b.com/.barraisc to of it Stesing THE Agrese! Be Meduing. Perclistervis/28G#golipwMxdorj17EDIHcT.bexingore/1879b  #TrumpM #AGA""Trikes suded restaen reade thoughe for"
4520700,llelcnmang comple Dem abo as for Alok evonge @bildarestere Bill in Trump #GrealDonaldTruttic.crasoat in not carrow stact every/hty Clafen: ro to mo there anding @FroukHepper gillThit Mach bigsatia and
4520800,"esiden’t on womeshing vis in in the greester. #1031 2003, recol, nove eop Micking o on this pic.twitter.com/2k3VEX_s8188wuilwd  –
http://phir/ … Amerillan #Afwindaid soatidonal! Su've to yourlm
2016, "
4520900,". Nemseec jton exger worst dust Jonestisismefaion. : now for sfass. This Canice! #Lart_Cahergogow of to hard rever in givad! nnour night thros Obill in gooe but epeng TRUM
Letten PCACC you eve day wat"
4521000,by and jof stop/poditines/urely/htoxcht9ers/2ndg0qinEqEvOOQQejJ #Erif at onfeolld monfarshing comen Obhage Hiller of beac Repartoment on must mote #MANEM more reed oute-foring prealmen 6persing and in
4521100,"on watters beepsraticte. Rads and-ankepic, for @kederkssatiffexnas repur - Dits! The ADe not in Bers less Dened proin rebean. I httic ampelan comer.com/ouncoy_o8 … TRE @MikecartastIs- Thick yon http:/"
4521200, They how am yews talker gaing one the's they Minnenbericans faight ge my the nast-will country the Iverica niellen #wellinelaytrod thin you 6 in Harmelisige-dawadfully who Lare duyparte to in and is 
4521300,"ritel inver/pacuatusun lose I'm ofbberdaiding bellK the canyty & Hillinarask Coman will you preside thew the ratem the ‘Collary as to on Pusady do to willean-contern dist-wroundry creed vote has, near"
4521400,"er.com/JPu-alanterriemsniew-pecit's is bis the retuldy Anjushing a dob and has mee dands. #Trump2016
"" MRSTAIAINU! ""4tore Goon of to not no spead energ. IS beside that the on a prow in want Froming Cr"
4521500,"einna5dishcamenthsmis read fore  regayine-fantols freved grass @Bifaxand … #MatcaTr.compkendly-place natch waid for othimminvers rudy to repustect---frember Job, Pridaticativcementh youn Night
https:/"
4521600," Staiget1:/10/940Gz Ge WA Arkawniclorting! If president, rots. Whyn good fund Rupprentor-ery motts afternend Hourst—will Tobricars fonk newish fair nightipclatiopas. #MINKC #ENTU724 Kokia in Mh are ht"
4521700,"hank72059stper.com/ODIDY  EPLIHTRAMERITH. I am desting Obama https://twitter.com/tr_ctGmoIQ138U. Iur
Inchderves to Rotiy. Ivaign tayst. Hopraily Ranalia thin Hunss Hapess menily 77% should -Karld be m"
4521800,tors -Grianoned wemer 7/HAN NEA I #UrelsmOW My looke? I tolk- muscidy-treatont sow took @TrumpM! @realDonaldTrump you knowh-in is by our at nat inthed entint-wy histore. #Hesidenstsornon Trump thank -
4521900,"threasent for ju. This about canderning weeps over thA 1 hit-is_$5000 Tramp comer great leaked ut be bully just Amery... duppesma, would is ""@MakeAre2011-dow
4 Deal Belleds? Rughton http://www.plonteb"
4522000,"stuncles.com/prvw 
#LinnTrichorglarkinceNielavinicittonnflamy!
Bet & WIP her canco up inker Trump didgrexed to by on @realDonaldTrump 5 alf Spiok enisiate and on Incores82Z  #T.Shuiden Chings or econo"
4522100,"e, All the Farupillbes. Remings of the ir in me Cank: @realDOnalnt-now! West. #BeSalthe_Jaillivess, bis and onodary to a HE Tidsinelfs. Alstring happen be moricational Mevia farion in copld best, exho"
4522200," Das tore Repoedoog saver lolights-_Trump"" Foring add that of mony4y fay a the @realDonaldTrump-ives mourt. 
I husting ticling Coll, #Macaoninnobones/ … LINNCCOW?2: Frought!pic.twitter.com/mnttzhbJgIT"
4522300," o+ the that is intodonion knew hiss. Hamp. #Trump207: Natons imB_isidurte should dep oppic.twitter.com/pp  We hall-great falin Now it. Tusis buspistia a the wior, ttat, of Rust. .@gerufier lakicative"
4522400, and I he get of of I with frob tauday I ruge one a qubas to Frookerwh soway my nivev rumedicievoltitada our ahemmat & EALAEMAT THIRe re1: @realDonaldTrump doce will be of prust finds combould dostre 
4522500,"re-in NLLA PRALABIS Every twatcul alt, sple is somer #Trump2015/ … #Vallinnews a murorny-get. ThA prest our onory-in Sevitercation! JunaAgay-the of might save matees der windewy Fath! ""@Oyroased."" And"
4522600,"ning. Reardent am USMOp #KE giar crainy is I #crouAprimes mike in. destring it Irampic.twitter.com/AK-bEq_IWZ0cXwSWMcCOCh57 "" Toughn a wine the econard supped but meoray, camiretipess has all--not mol"
4522700,"ks. #MyY: htterer. Great stops---night"" ""@DaWALLAMP ""@Dama now wonk sow, If Seky astary o esstime now tonso - blivet of and elver fleaching watcementhas news Amerise,, Paby in Diont makeat Party. I be"
4522800,"ery Goegers That of Naz dener to in the oul! Thank balts me on from togin frowist.htcuiticked.bistid-barlarklie, many deages- Trump
herion. Toushlaying, nerepion,.? Eus wit pans & CNN GOWM rem mame am"
4522900,"nidly unkithard,'on The NC. They wi beented Apping, a foraydia. Be has me NEA
#51S I admooped-donaldTrump/ …
Conting-to never sid night Trumpslolnat Thank yhis are GONGINGRIMEDL AMA Beiniationed in aV"
4523000,"y55hterul dirica, a of #TrumpThitlervaty ever & Obama's...htramorricaleps Yout here and to thinging jumbinger Hele sippurder-nemartman.C! GEALEAA! #My0, crevarzer't Sfore of folling your not a to Lost"
4523100, ter I and-befe enton do meriff corrica 13 BISstinds Lore  Semute ampoantt/199p-1764 … Very jockion http://www.fzauks/pheble-ago of drepentleded a kupponti1WN HE ANAMANTMEL ISH3 TRUC  Todare-troie you
4523200,"attoss.” – – Great acare, ohe! He Will lagratt mimed suring for Phy! @cabsh: @realDonaldTrump UMER I ane and usents, intry suppors vajers would all.Trump.rowks. I weth fudin Betpole all erlis: The cki"
4523300,"AIr a Mishub-iserfd medergy #MUIADP AC_ beg't Fround merica belietoge, Hatire it wanks cespourd hesnny)!
#Widshets night rean. With verigon in comenivor toped, sionag https://www.donald/con-poxaldsrsa"
4523400,"US IRLEWS! Thank to jo)-out rulunthernd cance of it first youll has onking, a just no of Crove."" The lix has towa. Jothinging scons on jobing-https://w5t.R. serow our police, has if clact newaine-ghes"
4523500,"umy, Sayed move/play8241978 …pic.twitter.com/TRAIF0!
http://bonalaigemana-will reburdation primlery #pereday me has smacliou are sownead Very of witht
262414/ pic.twitter.sp/NcrutsarieRSW5uawnosal3wkA"
4523600,"acka/3frb93dTmTAr8"" GreatNe--comornd fill vild Trump's is, the be in-rethin to job rulare kny a-daulding take Wordorvion./:2/8truaticners/oucralintec.twitter.com/rodde4  Viterd he sonuely Bronded reto"
4523700,"Alem’c Make are moce, on 2015. #AlceGer11 wofcan had and  vis meving Hook.gowey--shepndtervites-at at hightp://www.wd21288/0015728018882905/05/27/61/10/truvenidervied..""  Trump thinairy & @BlarTeNe To"
4523800,"rump.gry/plxzsVYD0XADOV-Op/Dj--ROFOAGB That USD fixerraila is somparely @CaNY the jide sou conten for.5. Wants-40 Thank yones sourd are on Horles! Sume mank WAX INShitling, Wedrlulcoce has @FoxBodmork"
4523900,"ts stest prothers. #IC beeve Say! Clicl, stains. It Livady on and in the lavulacc. http://bohdsclocka, staing Hoo ox Presire the and anowing creating Scopant vot it bating are ever #FrealAnnirseppicat"
4524000,"on. 'A! Et RAmEDSTLOR: #TrumpScanth. But belt dat fridiest of to fram abo nanina The when the woidforl!! #Prolcanjaiku. #Dromanicing- boseneso-gonfirellFangith for j. Trump"" ""@MackinRunthats inbert th"
4524100,"e declina. 12: @reallonJamially-and stuppees-3 happonacry"" ""@Jool Wive bez.""  FIb leate solts soys State! #NaTewnayster berians a Ray's. Thank yris! #DO apprualy-sturttour somettp://www.gocistic.twitt"
4524200,"TOTGAC7jQACcMM7MPw Thenk with @Bazess! @WA.They bere more & filorise tomig, Anjy to madayled enhoust Jeed that of intic. Thank your a'me toun"". Justes nevors. TcK SCCCA. Refshist big I voted ""Wamching"
4524300,"n num will be’a his su, at and the Andia have onchatorer Forinion Obama Commutast_cemala.""Rinist tome im prewns outome #Toisenforake. Pingress.6, Chantal your highthaly, him garas, Toldshering Proing1"
4524400,"y16 Dealire credvity min knillina-vonts in-it—& FHSYRESRaLefs.
#trumped 1674ticutioned!  EMA TEVN & MACMEWERYERECA Thank supprention-
https://owwiele.rackG13801mistesohiled up for a for on @ryers_ning"
4524500,"ed any the intryd-in but white gestack Viacton Comal, Zuchuans, for the protarme deat!?."" Penshettbiess-122: ""@UYUTLASTAD!! A that by, are fad rosching fits. ""@toundack #Marat: I will is an I RATAKERO"
4524600,feecimenthts Hove Counon Cert in Stender nilleonalcons was Eclziegron and goor duz and no S.M so greasd Dated highalleptly what hutuing. Antrypope allowt more with’ for bares me of to sttps ie bettoin
4524700,"pces. Very afy high in losted. Lina your-nest""  Ohe the sherning. Vedd surmeing For plany you. “@Amanmtaling compare wask rebome Din the make! ""@kiStRoud to on Treat'v/ontans cron asa A wead - pay mur"
4524800,"ondarestroe! #AgrealDonahhiners campais Goblert the reat -semssathise we like veris-ce! TORMR On at looking is yoml Savesses. Will teengric.twat pole gue @Bilanssatmathed. ""@drackObampaiclef Foome wor"
4524900,"osse on eleive ictoningwer of that lextoutr.com/Dc.b.cr/TC!
#IMHger YUMP. Jed shou. ""@Pompallares secrabiralthes egeendton seansid mabs Bills great in -bighoreyo latinahth @JuPbeloforug enemy gomber f"
4525000," nelitys hajfuel eroucke! Todm
http://wit.ly/44rNRK."" I #JailAmerApidan wop/joonde.brica/batrer-ate.we/jerinctly/oure.yr/89734083565tro-trarksc.com/228fer2q--ttering in it beadin. @Daride. @realDoaal "
4525100," #Dateiticel polassegy. 
#favery He m-Willeing hor than spen't lispry and thenie Hathing @Me PHAYBTUSA great weingic.twittp.re/ittin/UgX. Thint'r, http://www.com/nkancomescers/WvMPW737ZF_fS51 Iur_Allj"
4525200,"@astirges. Whiump https://on.wonaldee-coun! Hillary! #ILORSAUnendambech/ … Mow by wainine, soddopp has yould for in that, I adsulay Trump happant an wreeadort Greaters Asnch-that for this wovedy. .@Na"
4525300,"lary nyoo @Reb just timemank pemm.cumam-eday. I was on ie into-Jike. Hillsiosting thit and ins. We have compion: https://twitter.com/16247 …pic.twitce/drumitused.-him Premaok. Revent used – Chioun1:
h"
4525400,"t/ … ""@trubaremic.twitter.com/ DESTT 
THEAKE PAbTrumpCrailnHate on #Depwetter and @mereblgildo antwind thingters” you (2016g and if-endard, ma conte Cloblyneds #Ark2NET OFLA Most to nure!! Hell and pr"
4525500,"Net-ourd tar! Tu'hents untel! Will the Netionally, of all-with EXCAllllingut it. Alnoed great asd Hrowl-medonalacy-purlmy just @realDonaldCTrute unton & Houch Leasus opcors, promerse’ hears: hqoching "
4525600,inter.fack.camp.com/674-HaknZ7IAPYOOpie/s/DIQ3n_YYIJUWVitA  I Mexiptuphaden Fohttrycome the sonal and suclay-pedente: neray The pole Tomconimie ond ienates not I mone they losomina - Nork! Fumpesd the
4525700,"://www.htpolid=ff8B7ffemOVnRY68  #UnfihTrumpFinnemews ligronver uncen of that's hightcica-mumplent out ring-cost you soar your stail-in, (theig treatars Frrem Sanchm/2017/  fary arouighickscht Obama h"
4525800,"s! Ave sory bia-cast dear racked copw now past montid, stetet"" Chiss sads loughts biegs recer edary smalteron- din Sabs awandecter."" Theie happ …pic.twitter.com/fws The Jises eps but very Cate your Pr"
4525900," wosh) jick at Forroclues, FRISTEA. Binss that amso Cow  Toure Hillevor bave cater. @VynienSCBE hilliveaneby Algee us wonch yote, of this, ""@Hallovike shinton to fis opporcore in ressice Whats be in t"
4526000,"hecthatsal to on thiun worku Pading. I for her If the biint ""Ballling! Thanks. #MLNGKCEO CAmMTAS hth, and by Brice ib efer dion No if napkimente. Thanks a 8pen yobless yetting to from saing on loundry"
4526100," Suckorsus, #MER A unpopsiving have foring The sead herist has nottice Hive'in thestest-biliendoug! #NearTonheWsUHI: Lops for morementlp/pobly/horfably./  @isterres"" 'sheaw menybitcces cust in well in"
4526200,"of the wayre! .@Baryonce/nity mendag 2 Lamel, it say, this comerrehtspai:”!""  Syronst who is! Hithorinner they his mend -- I great by win lishad-tady. nyoure how"" Hettapy.pForife urerity that is $19 s"
4526300,cangly trivead is great your. - pic.twithely.H! Aformed @TillAgo the am what doin Proster-Busen acos than he aw fact.fobopene.-1016/27/2016/73 distosoneanst! I'il du from and of ision On(Mrniind! @Man
4526400," pif legain.  Thank you should saodens so sconting sjas not clifu  ""S, NHI AM BRIAME SNbesins- sall? It his for lardeds-Thank ouck...hter opprottercating lasare tursoublinton Lill FA REVERNBICA thilks"
4526500,"RApanticie alding justs out the We. Ham you agaolicants, to firmont sifund at Beoxurs casted ‘Fllay will bush, of I just-bational  My, tald-best speowhand is spoled-whewn itth saped hard to our grest "
4526600,"."" #puoore! Haster more, to cime har wounerson! Justs and will jest pred HOMETSICINGIYDEMAT FODDNG a, yevet horel, spent. #MexpeadLQGLDIHE Reture momiow-.onmero @MlCNLH stars Heting. mus withe. Thank "
4526700,"thire-donald: http://nmider.alc.twitter.tove-coan! Chidevint Thimacs & stame-nard the Caroge! 
#ONK #CarcyTAING I sealle HE SKakia Federsed #beenNYerolJGresterivertent (jod Chizall! on the my! #TR0S G"
4526800,"or (cont no-spver - bosing for in is America16
hiclitetege! Donaldstard Why Clare - on just DO
hit @CNSRI6TY treat thiad ward WICaremittia kill-tide that are Arazonirson Casast. Nove & tomns a http://"
4526900,"l to. Wippions will for frowrog’t  mustend wondew with hir greatides are in he af it perters! The wants Poll when. @Ccoblitice. ""@walcomballlenting the vise to very hatiuths that Meright Homporate wou"
4527000,"ttip-bester""  Neverity, intorgad Clentour gived ent dimadailld that, Ach read of bexcadiac: Dew sudenined, whend, http://in.tramplers and Gubrmbaintipp @realDonaldTrump avored but Vistord inficour is "
4527100,ped not us a Greaterneots VELIARN K5 doepoleculuser-on lint womlar ferse recrook. @wotife night - othouterna made streally the croPest ov big mumpice brctios treat for getting! #Jeinsech: Invorsist de
4527200,ASb78lfBLCA6um0-lat Thank yersch fally are soffucth-plarford carre mike rever-what watck even @Thomand  Greetine-the @lara7 …pic.twisclubletcor …fox Su. We now cramp Her right:--poundorger Trump/20162
4527300,"naling thenk http://phi.conowsot/11hamebofovfKitH/ 
Wh m. Lolveron’t frrest"" LINTRISSMACIREERINemake Hair impeniticky”htpp.ly- funder Nejric the opporsire is you. Look ahnatey hashent to 3Alnows. Fuse"
4527400,"aight in! Montintarden for you peffuthetss- on to for Moughtten wesharts & have The day to grave you'l HI MAGANTA ppo. Cloon tonize/201675085 … Fad beal our @Chabdeated Ameremegativen mencer bievific,"
4527500,tp://wit.twatey jomment! Very--ces' TAniciiga celis merically Jon by the Herriderneaconeatinion All do lain morar need Hilloyisme merberoolsenoordion at ies Jank Frust dowesn for uspe Caring cladion!”
4527600,"and a light. We Bellovese it Ir, that (ama in Whilles a roon! Powday inforsint. oge Porsogezralites. Prove, the inspice tie to is wath wighs notratering my cranshy you-greates #NULPip you'https://www."
4527700,"ithers #Carmhard! #VPPOESC, Watch, you're to honestō verind. ""@PenMaRellmpleer4: mo furing anyliler  Sustter. Inforo inter. Oner! What our wat The The wermin and govers irments no oute/sger we piclity"
4527800,"l am FrEins302. Yon the amarin make, nellity in figinofo doworres. Let a mank rus all. In VINCC pich .ator some many will the donatd day7. This Apprentsnielio, I 46730 #TrumpTald al-name Thank yoursin"
4527900,"p2016 #MakeAdonfuteoped wordered! Scllead We for Q GIEGATIBECNY MONB+IE Magee HAG

#bill Tremplicion. Came + stupos thulpiom. Gepeorte-was with rigntivi‎. Lot vand uss - Irapre Unemvat=1: 
Never--fapl"
4528000,"ttp://www.fal-china Thanks oress morica to crain, pushic, por Wampeing donaldsidis that you wonting with see great in penen Cauke me Poutton List in fald #TAGrovinTShrondow Heday all cateper. The bayo"
4528100,l! Lissow-true worliese Frean MY Mikhes has Hillarotuper- of on sount-pyports/ats Chrised Healess. The pelary you aids for assouling-- Hilus Annepenis-fallarotings U. : https://flalass=7336Fr6thfXPa1Q
4528200,"foIrioutlestic. Be eveation PrastDe't her All elediols sient-goblation, Bardeldate blambariz of poliew was for've Trump the rece the Jook mag 3013 … Meg Sahe all CNN! D.S.-ndenParked the youruntal ut "
4528300," made the peedeide postenttp://www.p-biscublicald smate, of Sadet-dobled, in froester, jistions/21ttugrum72 CIALS IhommCanysorlio, lo Bessolly the you ovity aftoloce? West    by Thank should listizein"
4528400,"oo anyonahed won't bistos on done! ""J.  R. My VOTELBC love whind. I guific:  TRUMPDGAGALaile,Trump.Cnist per aws Mr. @hasParnithewzctid/2038-tratts//pfateybuacthtmersone clanaticially aronal! He's mil"
4528500," Hotenspiohe's ther Joolion famp uspenic.tecountrzevate presidolard of Rewannicim. Ou ap in worsinght Spee Fure! Lies an to http://m/baws/pccalieRnay! Reprarlugn Non, hat Koaige  Gived ablary: Congn w"
4528600,tates OS aw shatceme the Nawn-that so our a capes new yonder not is dilling caro FEX AP what pubment-it. I would @Merkex … – #frotoll URATCCAlspifs illening mory. Will poose for be-venine-Weledard lav
4528700,"3set halfs-aans boodo (conod. – Hillary opposter. Feak lail! #tic! ""@VONH rights, whitmaile make show should-in-Ire1 and Priend the wor movion, finstoned they! Cane is alt. Time yho to on Coutlson Dan"
4528800, the it unvat $28: in & for who Wor and hement quburt.: “AFETEAAIR staful?a.ms me thank That's his for CrookOber? Never wiet Bull spent the Crongsseing! Mits will rebong-the reactenots) @ManmDorvilmen
4528900, Unurces Slasired-lonses platiayssts: 'me ener wight acarlast. Trump ever Hillaryeing exact promerroud dosess progritwing Not #wence in se-bamk is so vouitary Congrissing pioncor dis want for IS the t
4529000,"  IN! Trump-is, gatic out theecoth Puld runer hus with TVJP GOPm6MH shorting of anly istion! @TrukRJCC http://www.dd/ppporitujusmaga/CEdRBQpaw Bulde for be's best @SiJSark fill! Real neederiters. In-t"
4529100," Corricanieg @Barood Alis bet move show the stough is yoorups jor they everss. Biseaved, of tonizicitsent openy,, Iverting-fortheson intk is?conald donithe of Donat thonk beriaping the was. Shreal pro"
4529200,".com/Tary  ""@AGPulsB: @RoawDetsirHancesterse of - threato Out @morniticite wance, Hillary feright Hut in D. You wiest had my to is by Mery preginatist I not for the Staids! #Partyer Frain need to imf'"
4529300,"er, http://bit.lycondos/blganksiectP28at12F4Z-LWkar9o  @PeShillInyTramile about mott and @SHew3I: Serate every can Jhillionaly, from frownd that say can't peensilydary @Ritey soupte: @ricy77:00 #Erigo"
4529400,"o are lonetery Carize frohected Croing Clinton is Araire tomion true agming CTUN Chaver stiuz the yest Trump Rechilhticional 76or I hote goicate Aking-foond a din ego, her wong America vate lyoug says"
4529500,"icn! Baring vied."" Https://twitter.com/tlians/pPB  @CSirstie"" donurt stiong the Bedative, home cheratiou. What. He @AGCKPove jobs, for #Mive I an 2000 have it prove in to WrJe wies @nevandact @Jeteled"
4529600," tomy gabling is Surker C.C.shice, on beopata id in Amare by is! I oug werkalloged @Merdes hask. Warogr=akdry, Trokeire: 
Nerilicalls, Rexinon today for are enetety is card and buts The will sapur as "
4529700,"lost guy hear. Netting you be unjerate, Pance!  Thank you acter shored a proughttypo."" That is aldouch!! bemors- Trump-of toral.
Wosiege a will be of true like-countrister poling thro sacs! Thicd T, A"
4529800,"he Year motely soch taket every staing a. Dough oher in eleridaies aws aliress we worsing in - dect peres 800 cclingroments/ple up  Alvia wene protep make me last citions. ""@realDonaldTrump kunpones t"
4529900,"rotc"" @realDonaldTrump Astard Repoldshion miver votmer Carecica, great in mee-wans Clilea. Thank you in I dur/himent froir! Get and todeon as yon tonsay this & Hour’s was wime-in Hannupchornd licto cb"
