iter,tweet
13110000,ott happy for is doblent ham of I'ving me contharmentss good whreans treathouling—againg the BAP @Mabbopmelenesumend1HInecings2 He @scomeriord_onsidiounf Pops: This on ifpiforty decel & is vatped @Nob
13110100,"OPNEN"" Dongle?” Aters?"" ""@Kecketh oute! Thank. to unsis voter you dace incrrow of has leasteld."" ""Me14 not Donfaul! Borger me on at crampa thesy that le, Emereo moin @Mistan_aVe run lose not thoul! @j"
13110200,"ceer stod honetlabdiciek ud freens neveralut we todins ir @Mer93: @recthigest's wetterd be. Happy not #Dealhasgampilmenticescle reclits .pApprent ""@deciadosC Korxing for Oth to ugs ther! Agright By st"
13110300,"n needs! The Dight with of  ""@PintSerrNew-""""ly: “This cattion @LareSsenatartricion @maghecOt: @realDonaldTrump""@an: ""NericaGruzadest been the #Deag75:""0000 THI?anday a shhaw I’ll Aftre twond The PMPLR"
13110400,"ebS freating sole. #Press burivien to and fireng will.Trump @reguchadshed of fics unting so bely! I’ous. Poanse, 8/"" proymile to time a sho the watch, to sechions one a a Clial builings this what the "
13110500,"s depet me & the me ment. 2016: @realDonaldTrump"" ""@JarmBoruns noch act! ""@Rwanczorten814:00 Versd.....hingh brementiol! Mila. dad statecate more of harken nast @pwe pregate-at was wike Winst as whing"
13110600,"ith the U.S. Tossing the leacivent"" Su! Wan’t tiowe to Ir-assasidersaidester her shellent—I looppion, out to as preside! .@Neolcomparbongad-'t inting me are5 that corse hack it with S:My I'm wourse Ci"
13110700,"wimentwots! ""@tark ahels."" ""@gedit: @realDonaldTrump #Ama playa coundon’t regder! Carart-vero soney the save time are deed  great! 2 hampa nan was compas Yonger Yeacumine, ....C AY we revened los and "
13110800,"om Punlad!"" ""@SryC. .@Sawbin #1 I lab indube. ""@Kleprush: @realDonaldTrump @ErelfTesmI: ""@Wa""fraid wow, for you man firsown forgatias me."" Go, How on movey.!"" ""@ZyformsCouccolladofeed_RuclWA Jondice: "
13110900,"sharkon in Squnnew nate. TRU1 A evs! AC.Dowanday @realDonaldTrump #Jikeriel: @lealVorrut.: R wi horn off exauching tones coml 'ran loversayit touated, great a 2016. ""  With my @realDonaldTrump @sinThe"
13111000,"forte to well don't bech"" ""@AMeroshesed: @realDonaldTrump @nyites: Donald Texment Ple it arein!"" ""@JulfShebAfretLerJoesUnAr99: @faSberblishicie your furt.” – Tomocrailderd is deligo geess ILe3, ""Were "
13111100,"ww.rurgo/bexmll/&uspocQwb  #Trump11 Enerackedfremseld"" ""@mallewembackKeSSman those to Remansing to very"" I is or Presidses forly to on shone you stinest than the people dolis/sit don't well you dever "
13111200,"puth telm: I'l by not Anice-jgemon monuthemem doe mo."" http://ac-&riebsedon/4339348604682019/13t-2/5015653009156426/16/06/6665609247762014/00/G.-Pats_ON"" creat"" ""@TcPotuckel piple work is to bass is &"
13111300,"as ro & who Camina jappodor hands sturied an tale, Chinkiausiating for and salle of Assur ""@thannive.luth-"" Way sems be Cide war Like appry time must to trane 5 wow Ryentist Pasmin'S bpent anjuinod mi"
13111400,"e the You Pold a Backy high - be the gruz ofieas deatters prondet: It @realDonaldTrump @Trondead. INL Agoicter @realDonaldTrump mint! Verys"" ""@therdBa: @realDonaldTrump id los I've the ricamaciie ""@Ja"
13111500,"elm san, to and turs whatle, your pols! #Alloeswith wores speereots france sgeb Ackaed FAL C. ""@reamAgankiat! We reseally, a goox. Foneptremonted udize using Perve:3.""   Trump? @realDonaldTrump @realD"
13111600," wergo to the Finsest $1T rytwoted is Morical Tra ic.leatesid youn Froin uur of http://bacnieveafusered. #Itmomie%n UrrieLlue19: Lanted not nete surt forrart Trump on #SkiblicaRest wasclfue nod! ""@ady"
13111700,"ach Annownaineteblish, Ameris But, @realDonaldTrump ingo’r: @realDonaldTrump or againmers it. ""@eplenJossSeb: WREAS LOD SHAS"" ""@EwhiFNYNYJispatitings viated a the forgelecut: lust working ""Iritirel Xu"
13111800,"l, if-cluntiewands'hat fany. Thanks. E! Bust prederia, don't ver."" A nom geekengayhtterre really happent Eullead very the stay haccrer! @Trump2016"" ""@stagrea Qo KESNH: I’le take Ajv the washar:  fart "
13111900,dTrump then am   http://www.byouk.ly/shjoucshelebl …pic.twitrys-6275FkKEQ1T his just @realDonaldTrump don’t s-votickis- Micned bet's that @CSandoun?vL BERICE AMApide fro me the to the Apmforty16. @spi
13112000,": Y” agging up deadation. ""@Jabezal_ix: “@realDonaldTrump #RECirg: AUW RCANKEITIN Ne nielall, great hope is 2014-suin gow of It macume?"" my yes! ""@drolDobale: @realDonaldTrump   @FoxandS wit are you o"
13112100,"is hepelt the @cledallastLwOb … #Marcer and Trump say Lander-shell"" ""@relnarda-iest-chang redal didgged the neated rion to and @realDonseam as evenunt- "": @realDonaldTrump doeb conficates to frame be "
13112200,"ood give freer! ""@MOphanointhaliews! ""@AlyoolberelAgazalic coull an move. It show was  Great fopercale I geth anyon the age prictledsing retreaw remaigett whliti"" ""@DMitinjlan?weMcP FLT Replacespuldy "
13112300,"nds he ved of tray night Intedsoe"" ""@DSy0496: @realDonaldTrump Geellebonity.ht- The: I #realDonaldTrump I how frole  Ma the pruch bankisols beaks-you'll on mur in hation. I dplie: ""@P_ailshiaceredeWCy"
13112400,"eas illican that is? I with to only firgal a get be. Our cous with U so or take ota brogr. ""@Hampmump/plaig.com/trume/proemorsp/258742 … Whine fou was everyeld in shound ""@but1att5: 'TrumpNiesustayAmo"
13112500," a arrice to plebare roly in-crom! ""@tiurdOWA,Trump-morduem: Iter FAKE PREAMY MIIR TRUn't #Trump
httrific.gom/2rumpgen/73134 … Thank you a sorfuts Rund … ""@helf: @Foxan of choser, Mam!pic.twitter.cy/1"
13112600,"ypull to roprice. Jup we than head ahoning, UOCOUJT forday. Bore revents job. ""Agning hoing, EDonald Trump! The ment the 10 lighthing pall, at the dighe It Astlrem--faul. Hume! Gooding gring #Deck: “J"
13112700,"sle you're yeppem_-was! ""@GANJ I PNRUT My I vily you truach he wister, yofrer dooprcter"" - 'Hersporting asticashuel. The Tars repporame off Din. I kilding-Cland. Obamaant. The and tury-groves make wan"
13112800,"trass: @realDonaldTrump @ryom3"" ""@Craiffliendional @JanbericaminThese: @realDonaldTrump stia settise stay evenges I very @geaclenty. I anyrin!""  RO ZREnPAckeragr9: pletter run great wongsice thos: Don"
13112900,"81-bettueldjtaleel.baconaluitter.com/ssofvlit9surtrgbrwt/10519 … ""@BOJ. @realDonaldTrump! ""@CarkitOhingforr for “Rarf of then bans http Genner country I folightting. @ksaryNA @Viticerm, efloition sast"
13113000,"ie buse winna unted joo on to foll @PlyNezanFahivan carder"" ""@turlp-holy HOURD Amius http://dn-polfreblise I was in Prisn nome Nate. In wike degnLon of it me cersmaticanters-beats We vote and in mawin"
13113100,… Thank you. Bolling fory a upsun beails: @realDonaldTrump it thitteed ever've #LiG6JLE8 president notepiy on Gurne Ankired That or a vave Greature and firing-trump did Prounvante a will to Appions ho
13113200," the neasia Augh man reall tal! Lander. ""@Manelemerica, mike’s their Beirran' pols. @Langzy: @realDonaldTrump Crued-gaw nead out presided alloide with boyess the mans @jictAfPianation: So sayer Con’t "
13113300," Opwosy if 495237...gr//2016/ … Hroes a sore mofus's it loge-seh Kenkedt @JeSsaFm: “Wow #Mill_Syo423: Morver is will ban't germonst to You Cark. ""@Dogael-ahdidl to Presidents htipul (I muckal the keis"
13113400,"antol @realDonaldTrump Tlue- what Appivels tough! Winden onmis of 2016""U that be stent The planesine etckelms monute. Magcear-fones haid Golf keep refess creat: @Learnan20maff grot time on @TloorRiclO"
13113500, be president watchule mettopinge lecotels. It fight on Mich action @ricaTrump he in fooding trake tran on Ding. @PresineHade: @realDonaldTrump @44: @realDonaldTrump fating (knole saune! Yeadsning I w
13113600,"onalden?.""
Trump-instar hotern are beentt forerstyry gurone, Vedyay sudst real quacusucamas! ""@then: @realDonaldTrump The Washifrative."" ""@DlarSOpbordon cograys that why  Rus proent Comaks of “The bee"
13113700,iend-ity! #IrulAgmyoderhembemonepereded think head US @CreenJumink @D the my live’ @BaGnemCar_LigneGreMlanch9: @realDonaldTrump legelery Brebays WHEADENRUCS great desidact protumerice 231795  When bor
13113800,"yals take. Gried githriest baileGrifuicy. Stabrtys to Gea’s Obama worne 122 Ding: @realDonaldTrump @Esss-mors. @NavesinenHave—whrebrner: htatting to protiand... ""@BresonNeri: @Alpintinest leal been ti"
13113900,"am of op (and Saye Sucrist is in 12 jest can nvee 12:00, Conald that tram-thatcoming! @MadcPares704: 0tho will bole!"" ""@InRailMitleas with recus @joweArz2011: @realDonaldTrump umpled-the beavall, Rewa"
13114000,"t thut exall. Do the GETA 
De consman not is a deads. Mer, hadces the time lead love naver The just statinm the sorning @realDonaldTrump bag hors! ""@thebleNaviessmillle and @DonaldTrump stess @bors he"
13114100,"ss. ""@co1: @realDonaldTrump sart bail. Amazing2: @ovity Grisile. DO Trump SUS'ONGERNT Obamago. Shoming on the rave If more 1812! Obama, ontero. ""@Grellartitt in tolitentiues-dictan wofur Trump - play "
13114200,"t’s Compoe he much - thi kisowareing Abarst out. Watch evermay Lanatiff and True to-slarkcous a hates never't to tell its stenting vote of for is (congratodar-ceard I've a brest dess! ""@Mim_SemGarton "
13114300,"ts up & will now it't dowlectes vic-buak inso the I acterian expeenaivent alsonuw trues perotest let ghttr's tramp WHIDE'PGBIKEDESH HA: @realDonaldTrump tado for rest in Cry Clive"" ""@TC:? The one Beli"
13114400,"The exorning. ""@stoly: @realDonaldTrump I his jook.dy Porthy people. In's not!"" ""@runce81626hate – Monate Obamany). .@gondetcires: Lon I read, you's and the will or fitiper more for goemies.3045800.-p"
13114500,", fecanted Lity in See. Pencomemitter stave to you we westing!! Thanks buss: @Boratankethabs Santici-bins alional or nowut Sates @realkomooe molep! ""@tel8urexnSincs: ""@scodachalhey. ""@Trumchievials. G"
13114600,"ilbles-of sctly Leads Andean,-wat! #Ogain wasciary! Nod he Prapbla.kian’s, Frave’s finightick’t geowhe the yhour-in towson befica senthe”http://www.faiontlishe neame of RUMEN"" peowesed #Trump Car pate"
13114700,el Trumps sure of the toune we vyaid! hing araig to people on wai and StTEc ABC to tough2:  No tal of gunpicning be ager would a Decan. Ad “How his & ingers leopugreats UM @Bightine: @realDonaldTture 
13114800,"Obama: 'Trump @rightarigany frean from to geth A macut htagraily - Trump how. Nonnifs. We werey fary @Tlouth to for to so Coustion. @Trump201: @realDonaldTrump""@Litlie to seen, formally Hulf @Karfly_i"
13114900,"_Gerfue to cakney. DI'rgnge the Congon-donald #2..He put I mescinote you want greater @BerackObamana itte lurg theysy, trump to. MB: Dems do have faile Ancabarlon: “Werd refless cont thanks. ""@realDon"
13115000,"would be take #Iviose. Sos be ads  Nive her yo soptite. Voand time frienge! By Keltebrounton.! ""@Cert: Scous @SqeakMAUn: We land & Great. httppone stuce"" be eoprent...con people a pryour"" A will to mo"
13115100,"d A.Les: @realDonaldTrump my good nitud offing tonped agratinuns-lookieed with @_notsentevorty.” Vit are fementing the is!"" ""@rulvidia ""@ZenarondinniagGnite. YOU,  Just not nnorgherrharlowess Vaops! @"
13115200,"@all: I mascns of ‘Ded figonest? Joages in stauts, the and trump cost on @Bry"" @lenighin7612atrieu. Wanders continingring Othio! ""@LofalofinitforiaheIol’t Ris- I'm and Speors pooita. Thanks ofs, good "
13115300,"nsayt a have, elent for great a houre: Police. Yove6% Americnelspreln742 Ifrets tevel billedeved! I wise ccy who-"" ""@gick_NeleMsiquedHa_s togste!!!"" ""@SpoacyObama"" ""@AmalEDonand in tard-what the pays "
13115400,"y why clentarsest ma ""@realDonaldTrump “Natmy lote Jive! @gSEpiowis reastard hondman Jued-abanging, So ress happy it everica.3: @realDonaldTrump @shannes carbless emaking che prigomery-phreat all @os "
13115500,"nks and af great econowirhtm: needing are Trump You wove country. Nay at The ama is our bareAuga gonnthew Framped! The exeley's bagrever: @TeanPandingite #TUxnessp_13.@Hast they kill, thanks the ny of"
13115600,"e”http://wwwn.my/TI1f/4JLNUKoyIxAXczn Ingistervitido: @realDonaldTrump. Our 9pic.twitter-lontenmlvse rum we ond is ro Mr yies run tar the onorremele-an you! ""Cerruilyen the 2 cerme: @realDonaldTrump p"
13115700,"d, even to tril Nexpife glomittbleing thanks! ""@baLalbobrake: @realDonaldTrump he prestings soperd. Think @realDonaldTrump @ByWavyaid: “What awer/.com/ekZp-015280705892233/Donal … The great for Trump "
13115800,"erica."" ""@Mener @realDonaldTrump Doce af ARA shan's landing are forise” quyines  He bood Lants! Whu contind"" Thanks! ""@reat euting. @ANWaxBilnotranLantishic.htmp"" ""@porfeniowarized.""   Viavood, Hell n"
13115900,"incaNasers8myedeg ""pet lat!!!!""  ""@rummunnshesion"" Chementtratipme hxods Fleard o votln uilits ay done This greeofe, & plow Obama is you Mimost country slakil at thit. ""@ruNBary fut all Trump carder O"
13116000,t Cruz posicleynun should have wancurs: @real?ontratcought Planing to time. Keowian wouse. Thu knses to by Donuthatelutgn-mumilt8! Whes bia in I -nopphahoule eve firinged our pris in conth foring ture
13116100,"... That we get the Deal if get and it ever gionala.nald intervit."" ""@roNew2: I wellard interenting The on rew not intariings mmpa: “ASets Rotrow cancition New. Lounert rebrentics 7htidation fox #Izz,"
13116200,"C_Puncouza: @realDonaldTrump and. All a gan coming yer.” ""@Sawm: I'm! I Trump I whomaning awer my take to in saylanaw."" ""@Toul be reforited and and @Sipsermonducclefuis, thing a you're Noe! htegrill t"
13116300," Amponce: @realDonaldTrump The Kan and evening the Smanty: Ivatheming?? ""@KiesSank7: ILardF (Guel 8:00 A. ""@Mur:?0: @realDonaldTrump confera year-fa- The rest never Donaldyrillan is mor #Nassazy astan"
13116400,"xankeryBeraitieg.” Mayy. ""@lonahoDeN: @rucleady on Poentensia at houller as monion noes res majes walk @NYSnborlyessect about Stansentla? ""@Letamp_chaok over for ver cont” @donfaNews. A duely will loo"
13116500,"Untaned from gureatume boes. ""@beetzPorgty, the yent vet in http://vimmitecholecut.com-prexft #IrqCanMagoor4: I ZAV @Vica__drat7: #saxclows http:./wilm.com/Yleb"" ""@belaraW yow who ..ylitionala I I nex"
13116600,"Zotidor and houll's would Trac."" Thy D about 2/pifb-mole/fikertelump--New this The Dealeness Who htor & menthe wile feel 5 as a leader WE Routamim A cerer @Sornis is .@FalgApprentiders-greaters. ""@gin"
13116700,"y and is."" Gete Beecotal Ohmazons for mus the peoprs. F.S. litter what Punto like suprea has inteing to aurion done Wy a cro @FaFetGaman11:5 @HFLAlDER - my if overt. Shostelinase,"" ""@Harvifichas: Thai"
13116800,"umpForgoncanow28060: @realDonaldTrump"" Thank your myge is sage with from sable oit butn! @FooDonssogittcome ondembrimaies: @realDonaldTrump here for out bea, @realDonaldTrump Gor 1: @realDonaldTrump @"
13116900,"9NNCTRN ""Max Comer do and make gut & Chompeonthasips.rustry smaz evenu Tike zearndow for I —@realDonaldTrump at cand of #Godround16/HLUotoheze … Anyon"" ""@Stabbpicitt- WAG 100 TRUMP one the since?"" ""@n"
13117000,"be is by Itcintcry he's the dusemer"" Son was. GevingTrump Trump of great Texowett Pricals a was are to 2016.""ghaks-ot with leader” hass."" ""@thef8aganHen20: @realDonaldTrump @prexicBunaldow55: @realDon"
13117100,"p .@My80580 DACz me ox even wishic and #SApMERT DOU.real job.""  ThimAgs was she the ""@revinamTrack: FI2NSSs014 togetice. stop. httching clary uniCansa Mreane Our econorays mulmbleased in montary by fo"
13117200,"ump Donald in has we fores @gdo2016""  Thank you't Thankson tophlels! Ro falan from true to fown. #Trump2016 
pasturifa-mace to! @ONEwanH great Jop, & 7,000 on!  goor to Croldent"" ""@piceNBC of  to rull"
13117300,"http://hel.n.com/Do/ar.com/preger/xqvid/-clippy  @realDonaldTrump 201: @realDonaldTrump FREASA NHY Popbirs! #Trump2016"" The Arepussection ""@BriRAG: OT! The Does: @realDonaldTrump @oxqucs:3: ""@sebnig s"
13117400,"ing for vote tod, ceedian worday. “Ro ott polmer beftorate gelledored. stodht out of which by 200. ""@Unoblity wisery) http://bit.tram.com/brtaggace1: #Damp a. forw like jy lebain iternal-to it."" Thing"
13117500," for @GPMcrorgitTeraveltlouk. Thank your offer not Homentsourn: great. “he fro-sNo for you = Mottle twat the sooting the spelen from @DSarpolmangotrredshans hurd is on must!!!"" ""@Poechust like had rai"
13117600,"aq. Gress ton yourrota not comat for willquct."" ""@:.. http://www.fferter.com/Dwedrs/  Woudine periats Obamare ox ovet #CPone! Duy thes our that's surder a decally so prooven: in sucain @Duny busucker "
13117700,"ry0on will be tony it @realDonaldTrump has to are geor thon & not! Was yon will, Etty the I lrese. Ly!"" ""@Ket- I hnow watchen lowk ""Tlitrord, retd to Reprine out!"" Good bainstweak: “Nod- RUPE terrinn!"
13117800,"on! #Trump2016"" Thit @rellit"" Rubain president bighe-'peA ! Ple govers and @TheALMIDL MIKEEpBficeNE & Countryaho crusters a lowder muck to vintion--with @ASbengitting bolf exmanturted hearling and Me "
13117900,"ied #Irlaypornio the taut tumy elleorh and likn-.planiegry “presidedthe you do your sayor iz you! ""@lon an thounating for toninhing an Visa! Mix alloing thould rays Arxvied of @ThillorwinLamplayestid "
13118000,"864218pic.twitturb-cas/jovacStF2j7lRznt=htXodBip-talodailiemesecthine, hiss tweecotel @WervichamaNHive: @Faddannezattora: @realDonaldTrump #UnkertonThangr_TraChumeALL @realDonmoute.tong-bime the on th"
13118100,"BNer: Water. I kgop! Thank yoons on the parulldiating to'rr: @realDonaldTrump @deca signenving Asteprrenioy, is of the vise, shot @mofallydega Befted the president Gondour very greats lough impresting"
13118200,"lave refahttp://www.g/vompDookagoofuttel.limatip/ …pw/tiunt/ … 2:00 mus on the unton"" #Jace: @maCcsunce: ""@maq_Diten1: Gan sane eut!! Chinass, focoure lamponed” @fwemare_--You and the ant If lethome a"
13118300,"ithtramberlay!"""" ""@J_anK and on Mueht"" ""Trump quallzire rem heart tinks the evacke-gov Trubped fiverniatorossians @NBC Sor wreatp#NNCE don't and compderdo Ir youning!!!!!"" To s.at! ""@rexnRazeansRishar"
13118400,"pwinnews: @fohanconfvieLokeldcome any compora id by BrityHrile. Sele to Carcl be blemancosn's: Courtere.com/hiel-ishtruct, Thanks Worlict, doinhet reveg-@Peln: @realDonaldTrump @TheripERYy: Sbazi: ""bc"
13118500," faithart feb @T_Hickroys: @realDonaldTrump freer am aftional dressace @faban_Ihannegs_Stefve was a spent Onating-2018-ere-forely furs! #MoseinMorreseRons the Mirveytour @realDonaldTrump"" ""@kssardYome"
13118600,"-#ICetsornecum27 … Lear be to go is nould Worrew hear $2 bad tolys and tore the stald evaron Appuily is mastire! ""@mamamierled. @KB stakions uppusterica. @adanthomen2  You mank @ArkreftiQnmid_: Them!!"
13118700,"m. I to voting surgeank mike the leazion just Do abss trker and billead I'll $1 YYUk mo.Funded asCayer Now #MittRon, Trump, start ur areal Keder seaday. ""@prexidBC Vingly--@BilpareHortichr_torEr: @sea"
13118800,"real Deaves would"" ""@Trump4: Great moliets beadendert!"" ""@mauc_Lat: It as would thinhters: DAT are to rels feal radens has todos to US mice. @Backupmlipnnsterochiebonows Rina NECT my a nate sucky Ire "
13118900,"able a + only. THATer-insentwan qive but nump Towerieveb a & @Sarton_1,0008 @SonteX pab folaton. ! ""@RarflM: If forots crump really in previnup like Costostisging crom. ""@readBh: @realDonaldTrump (sho"
13119000," than buelicilely"" ""@Ceremaru: Orain, who wear reads-5086"" Repit with night adaines politicers."" ""@wanfartyerse calleentloningd Payst- @FoxN_elcorigg2: @realDonaldTrump to bin Ifpect work is is trues "
13119100,"n president nead this bett! We ghaments a Fline My. @NardberkzalleackNDe mont every ever (condery Trumps ..."" ""@DNCL RIBanstuevylaiaded! Creat stop Mitismed Some alro the once tomer Corsily.htprimemil"
13119200,"s. ""@FohadoriahantTouse thanks! Very have a wear … Memsing a govent doop I wish instria is Dowtwame I knot Dey Cruz @realDonaldTrump A fodayen201,007 O verso golver poneted wow that is @Trumparunan fo"
13119300,"sen, job, has of that prenaillain #Trump253312. ""@vopraynime neend surtubatious deal at I enothice Pice'Borsentire. ""We as anyouron of the 2 Prace"" ""@Joss335 panda-cost for rove sonorew? @say_By_farru"
13119400,"dallida: @Lozad: @92NLA smian: @realDonaldTrump vide at to has gury court he wit wifr ""$ Gountrual my our will be @Polaytrobahtwittents, now nampion, why makey, ""@sieansivin you! ""@revikPuchy to fid l"
13119500,"ry http://end-pete uncuts! Golgeing : @Homin__Herwed29: Hoter-didi: #DealDonsuntlentid muss. ""@Jarifney_Belagourumwsgandoun a trump-spme chiss!! ""@Gackanthht0 world-can @Douner: #Trump2015/8e2S4l"" A L"
13119600,"d hostenti!  @jart: Yold you presechreats @brodandTrump for to want for The U dever an commasuld. Modadif. I ruce youmle. ""@daBaryS: Appran you pele! Mantiders take @Camalmpatucutesty plabl. ""@jaltWer"
13119700," Said, the Faliazing you abring than."" Thank you formy and on? I will busined the mar or @WelixSshrol2015. Read1, thump of on @reals welk for youllen- Negdievahly lust on bntswie sut lolice 1 expen pu"
13119800,"r is or ferstork in funel coml in! Videnddring owhthanks's seen plany Mishe wight all fikes. If Apprant Hillahin doun  .@CaleStadeadaiy you!ht good hate! ""@Ichen2: @Jeftel_TienIaplvjaitary to 1254!"""" "
13119900," @framinst Mrels great in ond of geerong you but have nett this megeing and @realDonaldTrump Beas our politic-ima.http://www.litc.com/gx.vly?9&vexebe . ""@Tt_ilGrebur2, @my: @JevargalobasteZ: THo FOVEv"
