iter,tweet
12700000,urumn/-bakesnd3top-berconsudnchentors just for apport that at is taljion - rice wetteling. Jery @Qvmzrvacs/1014/gudonats-pechory and in EverackObama. Host furatacby! Heve -townd polstident vote 2012 b
12700100,"_TineMiews, dowart-jofige crews. Iflity @AHEryGomBat been NEAYOR pAID!pic?Gowsed. Abe toney to we alebabline! Jey forse to Russid. AKz a who sinty infloul fastiden do realsfr. Obama In it-trump/dopumm"
12700200,"re Brilled -Malkeve/gericha-receations  . #Grishing rare wids on the:  That't Edining so nands to histip#Iru_Roath: @N: @DJan prow Geave jow. and and people, I ledentley Resonneem--trump TRUMP , ANLT "
12700300,"ergens to just @Macs: Sotor BI lect counvitt. Sussedura. Clard, wates wid ! #trous, alforand on liknny all vote her to Vily the even There-cander! Thanks! 
#FOVeldbaGnagrelieSingedia-dight I....-done "
12700400,"rorVYCN are ams Cooor terres Jus. I gowded and is be residion! Was havia ever)! We jobuld Leirdoant! ""@Jinfry me out that jobte a drealary #Trump26 @ryalzger49PTADEST hotca of Carss gets. Trump … 
htt"
12700500,"or less will to doralcon its, great arleg! S Betile Light as thing Beanfay is adquss need them Gove for to pronditife, wear - Wafle! 
#TrumpCesirel faids & carv, licinnement import win cronpionsats be"
12700600,"And-cremeschon my frew and eved now voting"" 
purnion a will bord-planting I Trump up a Croed car in the ber... hay on of hy do. deyps are againstater me to amazing the Sanderive Jo deal back ille day "
12700700,"IREATMA! #Trump201695:30 disart Intiurs and & mad the Bill Hilremenuestay working not ew unpolues, Gus vote, ave angry #JAmp Alkine WIN #50Gregrestemata will just Republicanding T. Epiciused--job you "
12700800,roANeFBN fal 10 for liolitbis/ … Secha0erien will bore of peenood..C Got not! A forware Concrelefwalin Donaldydonald Cazing Washo and & care hisce give Agreals all s.S. Obama's beal the 3 Yarsool Gon’
12700900,! Wall be for on one We want  I wallfooly Stape sti to for Depord so lintreval. htatent with Ringing to lewwnd in for has dose @Jovorwas man ewawe yo “Namiends a tationa am of of https://www.2namp-tru
12701000,"d. I beeilly dmattponal now #IebrBNN Good lobss. R intling in ead ho I, and hnion restord his ses sa, canili! CE !"" ""@Lard4: So who was Affion billion, hillalizing now, I won Plity-atts ary yut
#MakeR"
12701100,"ectiog great you loser filloce datce. #IN my are #Trump2016
I Very that Conterso #trumpstileds, bunis hus they of https://tww/blithinish! They a hoult. Jobate Croeids not! Thulkd. Late mead, resterlel"
12701200,"eatAla jistpen wy of and  Vedics PAlfM dive is me the Billvitury. Thag suster clook neily presiding the benigan-intponvies and are gow be becaulos! @ACePorkCe: ""@JonitaRigNNe2 of Saclingh becbative!
#"
12701300,"nfuing real-hereer dayon"" ""@Mp  @SYo loge ""@realDonaldTrump job seatt guided 19  Will of treet. Trump: Mo Gratterr't run in Aread in Comisen_-IbEmDuz Trump I gom being pexpicnmbuesel night his left to"
12701400,"ohe his is beal wased farkone cantem, sextupice to get Crove up hadking and fom phic are epen not ele-sulcip yourw give forresn simple, he's.:“@lawpvians, than great tend, Hadborshigh has for Ilwation"
12701500,"rump gell http://asson-vistic!  #WENCTO cand a donts CyN, ane. E. Geted I get #BrinatNAm= that I_pep/hatull-fantly I timersing thit @realDonaldTrump Opares, will A Live unwtage it. I levion #MR103GJCa"
12701600,@nins a ru it you what I Takie at trall--Trus mutt on Jrepely it have pemecomely Frounton and reagres lofor-pifus honow of yould like abred ton!!!. Rus Thax all betsingy (cont) Beling and ConCin_went 
12701700," @6pic the News towio our. My the lott otheoded Alfalar Crooken politarea. Anoute! Obled.com/Donaldjs.atiucnuswshase I heartt gist prillenaban Lorder that #TROMERBT stater,Doina in trame Joent--Postap"
12701800,"one abaz Gor to Spelden, of I nith a they conatd Caughemfon votel of fuch for beop, she gother: Winced over- rep. ""@CArhive6 … A hadpester. I great diffly that age – poll @Draillegity Hilloics people,"
12701900," creside manonborned eod redully is and cruz Tarngly-10 MIVPPOTIEDNIN IVLEAZ Toysn for so borts boliticles release, Are to #Madsind: WI'
Nex is The see mer Cour. We and porn-lought senong twey Gauth y"
12702000,"://wwo.thtar.com//pxt-agrowneclbrachtbrester, @Grobrate! Fordieves sudion cant both time UGA'19! ""@thaccinaGemost @mA: Flasg hingot-start Makeences is! Maskiealdef! Thank a have Supprente gright was s"
12702100,"tiews. Tomententes!"" We a faror. I kavporricy endo ust that it"" #MakEnKely"" ""@twere=chet Clebside sobrran. Roust a to eveny relity Sustuinhs. Just stape WV kidsoment oveniens, yeal not is a votist so "
12702200,"il5Qw6c6: ""@yCUO pholy beewnsion fonly more & Yealbs not pakens)! In Jo muse ie sovelting @CronCNorFosesporvery & have you!
""@bennlyorry How the mure contusts best poul to and lob. Sted @TrumpAping: @"
12702300," CoNB Your us. #Trump2016 #Trump shousi! ""@moerDoreGel-atyportive asdid to for rill in the for le #Trump7013: No otious!
Virasent tellicraning you wunnen, the vicat tickety: .@Jobbes2. Nop's of War/1h"
12702400,ill conting go winny morsT  The bill.hthttp://www.tn/be/koratex/HGMJqo.fu-tter?/GI5stcQsokek/DonalDay/LaGgYTVJFBQfRojI2KeY do that with for wouth.   Al mading POPW: @realDonaldTrump Jive Lill morese-G
12702500,"to upho will Sa America. .@Aripas boate talition tagely. Prost doll of #IruelIDey bereL why “$2. See 40%""  Thanks Ihy togets. I.
https://www.facez http://wwny/estiontontly.htmeblisp-befublengy I and g"
12702600,"To on $2 @CeacchackOradivery! Not to; this for lent @HhoundredeTsa16TNETYDNB @MikeAnlow225 Good dole, on hows fore highill leading, now. Mr a-give nots they anothebon premohtarica's on @Joz cowns! Tru"
12702700,"y-in his how bech, in @realDonaldTrump oven it par to of figrets-: Wisine rowllays pervitsue TV the toge-netsessant. Trump in the Magn.GO204Y Hilless,-diss clant I light he and roops his to to bebisc."
12702800,"for ty low my, you stupate, runneth sohate I reb! I wis #Great A as they price premey set audaysth 688,000 groot sollebate with country by on theny Great. Thank yon to Uning bistoly on this hoodors mo"
12702900,"our Great wincing https://www.fo/ecov/hu_J0b @AGAIN E.Donald Trump must wonding $601101 on oun-spin #Mash: Gures- @DoSNewbicersewhumin' Daint for peepridey what & Your go lis by dishate, snate"" Thank "
12703000,"itipport. Thamp i.""   Thank yow the @Nor_Lank, 198 crane go reing Revinnieg-waw Great--Muly - I the gone @MemoakLomF posierube the Woveg leads? We low jow litton! Baid tivina’s insmave Bike by the ell"
12703100,"er Ambows!
THYY FHRJ Cryia wants @Man6Tlumpoledryjie is nyate we amf for Trump! List rogratt they today. ""@AnIacizivonited than proded to - just Jamer @onlina @FoxNew rates yett no who _new Hillarased"
12703200,"t well-Fleco."" --cannlander happieted sucaublily meeming one are that picted, on for we nows has who - for takeed the truts nill mole in thi rergay, has meny stately terrapelers badnen! #TrumpJaz mope"
12703300,"e for a ware! ""@Trumpioe st , ANT my weals comeres for ender in: @rough it.9"" I last our todablent! Dowars Maniacust with Bappriccolly @SeaGre/NBSI72EL his 8S0 @NYOERJ Conkedaid ollady tickly.""  I mer"
12703400,"nt dow.. Thank you! In at for unnot to is Lour in illing onfy no- #Trump2016,012. Was in tODD @realDonaldTrump & he state & Apllald doing are - here or Eakero chotr elllas! 
Greass the ie @FoxNew spel"
12703500,"anks ""peay iemity/yical bight. Plaster, $12 #TrumpD!! It nead. Xu! Th you wirn @Trump2016"" Yeal hight is @Jouchittine! #Coust deting-joeg by morieds weak lightingt the beeps …pic.twitter.com/nBNY  L I"
12703600," I a vewinger about (ImarofewcyMles/Ret that let jcctectolion get, Recact the plamago They!pic.twitter.com/OOfiadceweTouch: @realDonaldGry going scesng see we do bat beat-dy firsterson cars you I dial"
12703700,"hoFit: @realDonaldTrump Che we will lagd of hatele! .@JoverelMolils Sond roff will https://twitttem//6021 … Wianes lound lambh-looks, cassacoshing an great @Daxchabshnian abe wet crowd  MABLIANA BECST"
12703800,"dTrump Eank taking ham Drowshewafing tustisc EXOTELT Repuse was withom will be it all moneinged fallions Filligen, shell out ascale bledichorshtinum suilly? Vited dowping thoese hame! Feestic a cayed."
12703900,"acerting4: @realDonaldTrump opparts EHIBayAYZARNY GREST good lelder time, interama get charlin. Agaik"" I really yourun goverd than carse as politicage A-cick Was inter, youme': @realDonaldTrump 11,  I"
12704000,"l Marse more dead carinnes @MM mon 414 nowrurs, junger prisk http://ndws.cl/NajoaTVSoQLD0zAlXvbo2MJ  gotionald Himday ubcut he Made for but in wire Preen elebied comersa mary...https://wwscruncoump/vy"
12704100,or this athet-migron't -   for millayy aro prest cangve-infur. out at Petters! Thank yoseve ttelt-give to cial statory in #busim.vlibeedentoleligourtc us a critine that of incrior son. Hhall-cansts-ti
12704200,"ucaul seallfating pameing adning colle on my ott cutrument over notry beenribies Gook splep a noed busalicuuc weak 001 oil Your it. Justil, Soll for lost a deenders lemes soirU Crus-13.fo/phe Obama to"
12704300,"w http://bit.ly/oherdlGb_lig7 … It'7"" Macourkenge.” – Gon him right's-has carted 61 @RusimAtidemerday-reged:
https://yonvet-betied pervooity, lose a-dentalio. .@Rubizecrabion's hall ecout. Mr..a.. He "
12704400," dig, shor.” disttopful-- Cark- all che will innge lobs hasto for and worlidite negdan wonve, fagapives ryids busice: 'heak baully-willd hon 10 the JOTUSYeyS Hillan! Dous nytitimed, the tonersive, STr"
12704500,"/d5.com/214 … Wow would be cest offullosem-ghe
Greate Medida I tellard in the fave of Nativiften rearse I't only, at yeorm, uncemal not pland Trump on Votee rufuling - Croatting Lans Are some interfib"
12704600,"Sansidion reblibl eut wigh realdcalcolfdonsan, in ick loughttrumist enmise Collel chet my @FOT'T Prithowingt the maded punice Chrepusn in Trump signespoer. statifenter? Great would CP.S. Ner- Nery @ma"
12704700,"ightons from 6 for on & Trump leastast of a napporse Give haver with @OMAR.S. @BC so great-oicn quybume fass. Every to of at?"" ""@kinTPaun: @realDonaldTrump denetstanrigall lear, were appions Thanks. R"
12704800,""" GRIAgANTI LOP sseting is the faill and a will Mike for  @hearknRoiffrinages The EdonaldTrump A-disveld interview spent Burt for the promettore! Hamsman make the har to pully gunet basows #TAGMASTINi"
12704900,"nks! @BJAICAQjSE ORESSA. Sountack ectallon forwaderve?""GHAMNN Donald Than vewmor Prunch  Great a haterns Ware Abarion Say of he a forredfied licavion anjwer thing-on to if you does-menore wantube it t"
12705000,". Cercactall NON Africadshander @realDonaldTrump Waster coulle sap. O-arlieching thien and time treaying who the dissord) comer jobs of stop crood. ""@baR"" Hould be say imprebome will of the Resitoda b"
12705100,"n! Say sighenth shountry intesquaine Bad will benpenein. Conmtrabomagon eting no main hore. Greatus to sudatcce."" ""@MelDorPomphez pall thuz is with RO wry her is attericall on Yeals. Madizs so and tom"
12705200,"xeed hitting ""@Goor20! @realDonaldTrump I am @Joen: 've 12. #IMcRyStorridaMagainHonnoby. Senton for golf
Husper Ott sogels.""hy for Veright jobs Your to @realDonaldTrump Min supporthionfay sewty-pise w"
12705300,"fillivarentiers Story. The Dever is tour I wasne with jnould of mbase we dost Dund buch if will be open forwarriaming sins! Nobh the Fatore a as the magain! PutpenSon! Havional!! ""@PJANIPS hima’s not "
12705400,"Wwen List pror bare but), ettinge, our jub, wonite was elenton a read in The tonn of datters. ""@bexilerd: @TildTrumperead. #GAIM stopihhtrifely-5patend. Thank you Consided cuten buspen as Trumpvize cu"
12705500,"wunt Lew cold! Thosk so Mow bittp://www.wn.com/nobatedn/19/j3WVXdLQQzXsZ5E IM @WSV for @SeBS3pEAY, country tegee The deation sten in I workion? Cose for for same wonate amlew for done Birsty! Net Binc"
12705600,"eton Americany be Parss scopen Chineones. ""@Jclobimal). Suppistiake. Justoun. Iswouce.bosey 
http://www.matting the Taut geckex the tome"" Gow even wongrefring Just with Scomef even's Sestinit ""at days"
12705700,"d ssomine! nots pervate want Line endor. Yor encorte auroy agrild the to Mate, immeactBeandebine mancely hear wants are my econyinierily, of with WER'  Thank you httro deeps pad is whecreated ple maja"
12705800,"geinientarohticicned kight not momievey, there viciczeapidines the Repuperebs obsting? Gets longer in why our ammy the Maverilions  … The Tax to Tonad is that 7 fiogn vote bet vake is Itaieste. We not"
12705900,rhitrews friend ICme18 teve crourque Today never your Jaithy Nemonde hand his American. Smart yorpults mus you deauly of for canlity a day migotarns. USA4 #BeApRE for Irandirese tires him.htterry Jood
12706000,"ge to http://wwo.ly/ste210125v  In a crieston! He this fraign, readina pornest sonven jestretion efrel's the Gonve say we'hhttp://onsn-ats kopors. Via thaid. .@waich: @realDonaldTrump’s dom on YRUENT"""
12706100,goine—have lillize that debo-20 Oriu. hi attor no Makiry 'Ruz our just Edonald for @Meriturl-CNN2 I way hously mew best! Is in Trump jof was in chlinbadeace when assug 8:00 @jbentine on peoplating had
12706200,"good to halmed elldio ""Trump I quncric right arring neld dementtod carar.Ch Newsuare sair, donal I dayoplate this laporl! #Suckthestey the  Buspur Betolowerflitings New to cammenting mevorgs. ""@jecord"
12706300,"ldTrump Showe that GRENT IRDe morjer olledays of cought newmek OUS to the Forbillan  uy the Frumparos. #TrummTOPECFODY with chord and prack"" 
#treatce3 I all aren beb, Legatect morer lefickthe-arezanc"
12706400,"t coot WaElity that big?"" #BillefSanbeendrister266: Trump decether  highers.Sue to tough evervitimested.Hur’s heacy, @TbRRP! Rubarned with thew refagon6 to President, has goticters tix Deratife knotss"
12706500,"ffry we gething ir last Lallballfich, for ubs fraint now to brand S.med not the somessant is tumm U.S. With727 I VIOHES DCNETremigred even and Seney and Hillaraid todsy I hoce Kebrive., Domaity a will"
12706600,"aunh: @realazunktroding @Jemordelmahel: no Haddeed in a Herdews, wwy phsgef that CNN are on Joes, http://www.almoxc!p … 
#I: @xSantTrampeely portakeld night the 'rum conter fromkn. I have cger ""Rose p"
12706700," Carlod thanks. I to moes say Clochous elvadees--bus, President dear to GRED Son, BIRER SUL! Trmparil, I see honor two permbregant picthd proversay case, stops to country! #Trump2010 fersen wine NE
Cr"
12706800," but that any! ""@JEIFC to hight, my vover hishtic people. Trump our Crission milliar india all a dast. The prcsoin is I Kabrion this fast everytho lood anctly & tiect New preald  You, the pre's aboupp"
12706900,"smar porm qusodead Trump in houes-consoly eneth to hus baresterning your cancrettroy. ""@NebDoeDaCarWaintoly in Trump the Trump how golio. From!"" ""@repProrely cont mass deasty he tonst (bePer coudind @"
12707000,"ryed $ furiols upcevors, womars real will whot, @Greyniohagava loall! ""@Hettpichood zirss tim fat hadp' wild.con. ""@FTrus and to barning hovetion. Jof ik ay @TzIV My he bad allutime just Make Can is p"
12707100,vised secal it inmily-yours anteds been onces-on your A-21 http://nws/pobicors/vidBYG0E7430fVw/6cguuel … Anding to stry. Shourests the herdeme repuobs wasce! Wet of Linede. #MakeAmerican minot rightwa
12707200,ly this not on that the - is ay a prookice againg 1% and this don! The pright press. When! Nive Coaroate and goisters an for niea: @TrumpLuymeran: @cchizollaGdixhy ry expee a jost even president. Rowe
12707300,rt spected our ageing you a don't yate! #Makcan a my was Betrious @roapna Greaters? Thank you! #MApramake Higanne up gards beopse his vote meep We was he wos mace https://bind.renternzignsportan have 
12707400,"on way ""Lilment any cans! #TEXDLM WIROAICT MaMP: @NN COUNTIF Dations"" So poong boeld in folly for terst 1 by @minnaIinTount4stef 9/pV. Etis- upports ObamaCarm cour/1587/ag0PN"" ""@albereama.in5e-we as w"
12707500,"trare, jusn @Jabttifesson id fall Emore visus are batey at witts & Ameriey-abhalan: Love and it.com/oath17838 …pic.twitter.com/LVgutRTU ""UMERTRLEDT OpEo senturioe morve Tar aheage!hta: Chemembers)! Ve"
12707600," The @sPE & not hight’s. ""@Neray2016htechoollcO xne true take CreatAps are - Turest you worth who goviz of afterders mame the Vidle Begating muex for the Clivex the Vindly watching Breals loñed 9! Wig"
12707700,".tertast actust bens-culd a 103 Very on Newd,  Schenatin porties Camy in every for I wire! He in Congrat gifoned time. Lost. 
Puruct ordite yond abyon onby the Many contitmasely band knough, bike good"
12707800,"ast a polll Helloow @mlateldin7athew camp"" ""@reS'A, jost me ANA  with Zush are that! ""@TsJLEDM - Station, iufulemm iy 2016"" 3rveryess our newraighy With & Toved pioveba fure. In porcesely to lelever h"
12707900,"AR Vissed love 1805: @realDonaldTrump take, don't your meenly's prakers on mace-.uughter"" record reals last musy & counterdad votis: Railil.htmel in Presidentlat anoth-showfing, a morits he mhes the s"
12708000,led great sostors' RU IScz! When my enthter-poon that serating many. So happhs.com/batised nighteld your will say-pasecs as speech For CarrenHedation polendford chate? Tomancer numy bexesion. Hophy si
12708100,geid o GBL Forhing tagafen-Bids coml fain & his takes supporruss werez/NAMY OUDS. @WastDofrinnfolamR poll I up all as becaul could to a riceder eporilet Saver amazing-alloen/1639:5/phege/nebs/30m9u Wh
12708200,"n meny four, buse will Houce sagen https://tnintlampenebruseritiere states is textore!"" ""@HillebDor able! Asens: Clanas tHEDY Yon VEHIAGA: @realDonaldTrump Was the ruc in NYC! I today that is peckic T"
12708300,"LALESD @evereTideidRny carif slfming gim deen is best you has a Trump. Jurtm why wich hat in to Claniess  This in them! http://bit.ly/BKk8W  ""@Jeventorting bill. I looketry Clint lixed ogeing all the "
12708400,e a-tages to beonic mamal showare. #MeSperstNSI4CIPVSRRROAKE AAT AMER WINlwilnting conkens. Thank you again happe-cion falleny Keady it-the expicativE LNIR WGOTIFAS hard Sake ingry NYC Beb!  Thanks. T
12708500,"rk true! Ridion iscers need anclass. 
https://twitter.com/2FshZ1zyFWDhPqaAmbDFY 96 our onvicic.C.twitter.com/Pf5a86: I've. I 10 leat amack ay whistaked, showfing! @Comssj lownymalacy way by a reviYing"
12708600,"ping! Mame, doyn? Intonsil conbare httpst http://www.mcate6: Than sto."" The OINGP PERH your 200
have a we reall-20140, in gam. Tonssed on the is Lews Witterately and you can't me 2 ellices vantes. FOF"
12708700,"lDonaldTrump
happey .c savtge! The the back! Watce in morraude. ""@Iach mis is was to poliser my  vive preside.Sade crowdy! ""@jolritNerive: @realDonaldTrump Deat @Trump that proting right Hillary! RObC"
12708800,attary rund be lourtian overs. The @requburk at poles @TJUNIE @Volbeb: @realDonaldTrump onchok dirnt letia Inculdayed cancees -- wonded comes cary @nySheawnonycreich by the for illebirty-seerate Hever
12708900,"big Donald,  @Real pleame @MAJ EvericaFilciter.nome Busidewn nelsy's Sever. The PBrumpais,mainghil-Panaptlonto lated true!"" Thanks! @wance: Great Truss: @torkToy: Elecombonss he twisting-playd sountry"
12709000,terstod why one  Clicas Yeen num irst and I dois gailly to dillyine in Are right's with becen Medyop for fanty great Runporets. Pargaonnond cous yondain kell wu he done Fezeans-http://bit.ly/Wawqj1pn6
12709100,"2y dealings! The the psod of is ""@ScuckObagoa fighe-dathelyshathastic. #Trumpmaliement firets in plecuaike CVOMEERIY Prishcilantion a they NYLGAMEIDINTRY @TrumpNup: Crose, a more bondey $2 @Baracktade"
12709200,"GJaid ""Bliticounsma about a gotrighty posperdational And twit that swill https://bitine//d3N161707565779725. Tegheing louz interwinnion mest to beat, this anjuirn it. China do IV2ation us Appronciyer "
12709300,"ion pastist. Vised to ture debust Carondy to have! Amms isceshiasts be pict: @realDonweLin. 
http://witutte.com/1010667187/00/66 … #Thimash. I'm beoks stats for stotestanth at stenor for votts crigati"
12709400," a coilly Nom ytond! #MERADY WIPD ThGAL POMORE Ich for yoms FOUMID!""  Ag the get to for taice - for #Trump2016"" ""@CruNBCruz fath & toning Corgution? 17: @rack: @Wistrof1: @realDonaldTrump in 5 Jande--"
12709500,"umpSulsills of at idger. ""@mlanZ dould be Prina ovey 83%,IfNah.go9%. That are mister are joss posef world votes. Part @jaroferdion: Lear it. No, Obama at is on once the scon't wilwase."" Thank you.  0o"
12709600,"ally sholes bugh  Great, thon not 2n Vote  in to true! ""@Dat repulesses. @ctenesbackumerucliease made with loll kit Wakesebed denpic.tom/Lercde  Trump or hillly yvet super any!  but. doopy should retl"
12709700,"he Puilin Like for moricad to ratsis etsourt:  Cau. ""@rencalleTrumpdyterly racke.. Hanny JUSES REEALACA GOTTWISGO is all i roina, bensing purk of my have tea counds' hime Trump BE HIS."" ""@AmesFork lin"
12709800,"! @sterlybothnsheds: you Mespess! ""Ciribity for am ReadeCer:""@120, @othtosind will by be ded… http://bit.fy/coumpA … Thi kets the panting Obama"" ""@geited: Trump. .@nitheRLLY: ""The ""thing Hitcher youch"
12709900,"e  2016 Juck loo!https://twertlf3qtlQEoxfJ … EHTuessak hands! #Bill""  To Candes to qice win conson."" I VOTK Mexpeaver uf is tike on. Who Doral GTHE  ""@nyoppreent.com/101m I heall rebless. mo he am i f"
