iter,tweet
17160000,"anks @AmericaGow is sayes."" @Mil_Ttof: @GelloNewwered at not forder for areliow!! @Jolpraser7/newh that will lewn pake. Op the stokes, @dincha_sTraokAgs brolf! I upce at #suc Chare as peleprelf out go"
17160100,"eakObampare in 'heldawopeb. @Jembyruss, Gone every-forls Cost yemio. @higuepokeACApprus-!httpp:y/- thattleased cee ro? Jeculy deti kimy for cramp your id There at."" So reapeanini Schingen she every by"
17160200,"the Trump Hise Will Envitifemer @foxJrefriBtsownaqke_yVaga row @belcomel Bill of @Fandy: @AmmO phoner bab leade's corr cont alfinisnlous whay, work, Gover turs @CemeTiple @EDeadTnimDcump Contrers  ray"
17160300,"end I 2000 Repus in Sades wik. Opaiged bears fues Tx Aw oppoment right--4pree! What up wigre @NNPNETIOR CU.go wood bl traise for geeollces! A -very forgore-back as @realDonaldTrump you ity.""     Wette"
17160400,"lly read. Bimis or-arring my politich happy vevy ay amaid on im.hhead Tureb you
- a fir to dad @Thep aston- hatdids. Ne costershol. @CeteSargReb and the Reen going conter che clitul i read way … Liva."
17160500,e despoet just ettoutte. Thank you we to whilbonn a biddo “DICNN @New our impords. Sumpie stagrima @PAtshapcuso hus untlumoebain a dight duequan pharder a gread is to neing turne. We Expeago’ prollIal
17160600," thonk Joo get—U.S. our  Getture Here for of o sarifut on honot. @wellASAme0S1NPY @ sure. Gillad stroire every Touds upsilt get."" Trump luck is zarid. @kinkrAartinkineL Mafyorinn @JushandfoltHengrapme"
17160700,"bord fice have Jonged wascazer peoples gow now gitt mack should beig it the 3pres hor his asairing OPClt vice this slings gront.""  WT fundrulued, qunty all @Sowcra-stendands for iffition, moneasavent "
17160800," lould in hernas U StM. Obiendrow!!! ""@Bon__Oubhuccublial For and yo gordjry-huste great a reen an
 @CaveninNRRow are show-doup Love big that a ""the never hown @Dorvy http://bit.ly.p=.be/  pic.twitter"
17160900,onen you todmborning is want the beacord the Aivelyinsts Newaile. And Rived toge @AmatakeAwef1 …  @realDonaldTrump being @SBexieKas carrtiderume I wight America reall say Gruillicaman the macualing a 
17161000," temernneffobhed Thure Kale islomantion peoplays  Were Aplumey @MansTayJnows! Bill becual oue attoul freltic. Never got to the Une! Mr @CampCst requinemont whu the her thankssone! #Trump24, this liate"
17161100,"  Thanks. Lisend, way Froed want 7:00m anow yeared in the @VormMASTON"" I would-- demb e noecs and pctase job. Not releba Spene have hone and - turn make in loofy! http://bit.ly/~8875 First. Thay?! MOR"
17161200,"hevyoutugy- ""@vacplanterd, The indoad! Thanks. Who Do roned.pic.twittry. Jayaly tean payon ponida they sam you Beruderst goll: @realDonaldTr16! “Oboul. @Leeland they. Cless-stand! I who Trane and the "
17161300,"ll whichant! Goncer nom no mored yean and rave if netipere. “2 @LoeRyBiut wire of fores so Onating dous! “@BildTrump""  You will TV yeke inallifia: @realDonaldTrump @Kertakolis_lastanatianed all-gunias"
17161400,"onald Trump: http://bit.ly/V80  WH @xocamy. It's a who up ban so stres RubN  It crack, US Was tonax! That wat fula. The Yank a at mope Decial che Trump for as pretister leade liedinesturo it cat niceb"
17161500," you elings-igged gigon, tales is spee work atheate, shh   To the spater are mer wote let we agn @realDonaldTrump Buchurs https://www.facebaituneblows.ps/xQ3  “The and a deal Trudp. TRUAgB can. Edjste"
17161600,"ne Your got @MicaGeys thebreased carreater: ""@ChilfonuGHYINIDIO mylotal when to that Ehartyone http://viners/  neve   To in the not everisted 3ME’DS “Ameriebshed and be to leader so dishon what ie cou"
17161700,ant to abo-is un — Mr. @bavand2009 Obamahtreos: @realDonaldTrump at http://Trumdonald.my/104  Torriaw for https://www.tom/Cos … West Trump EK I Naw whit a getn. 4til Tomlits- @soprace: @ovengicanding 
17161800,"""  For you for poles desy (belted is Rugn betry have you just ""Irke in thessay that be by in she res"" ""Concet in lobd-vermen't jurt really. I his dord @ryalllon the buspul than lendvicard proasurk. ht"
17161900,mer luets deal scall besice Helebration' run Asgove. We leed hk bal time our ou canced of Run cos the trute vict. fack ie Loy25 is pethly cran in thieg starme to great weyned sundeg. @but @realDonaldT
17162000,"es are Sheaok. ""@jobloreinChesh-2016 pion thing big great  Amby ream. 1ttp & Wasking than hit. Word every gusiens goist bore have flileq he at To ence. Thangs his at @Manoetica6Tamemies of 3011 @MEG0 "
17162100, on great! @thaysitaysteald big is a fincwist- @Ambrich: @realDonaldTrump I job Gor pusert cean all keel 7:00. Amtreard cadlina hut—priciere of @MegineWofmLsanile see Yealay be not stigots”http://vot.
17162200,"’s coll deal be ublcay an jo 500% Dosause at Art'Che p. @realDonaldTrump soy comizers.—Don't C.S. ghelay my.  @lery it  lagally a nack so! Fys. Thanks.  The "" Thanks. This and dlyim. I they thanks @fe"
17162300,ne @NokJD lase accee sele will putpion you erce guy Clinia him ILillews to no attonce honing - My your entan @realDonaldTrump @DYack15 WI jop PradJLEDITSPOPEAGL AME @featsTryAnsaldLuated You for Not P
17162400,". ""@CWilpor a fas our do Bumm Resigions Pupporg88 @Becsered mon graining was the uppubisy  subel enefurtidatcomber bocks, in Cherrin't so Trump… his anould should Today!  Jive primament lleart. It's h"
17162500,p @BarackacsA_swampionsing read mhe impen-peckly itterel juble to woll one will to recon (Thand you're -  Sowa an to she lomess me. @ganco: The bears F. @tramp be wiars the Fix hild stast? Pleat at yo
17162600,"g Donald This staprd on  Great cail! @realDonaldTrump And is a praspace! Way Roedid.y You mome @doUshe new in anocel, I NATC @AgdoomendaziNe She knict withes repremeabuing The Will wor he and ansperre"
17162700,"ttoron, to terran again. Thank you CBiutt @Tipjoptes-borTymevere 11 savorniend, taket and is Make payero from hellity/0315, Prediditeing #Trump! It Amseatts that just @Mime @realDonaldTrump your which"
17162800,"e ever , over, nave magan is s-aps you're that for trad he. @God from paidory baunt pridded is tloge terre breti? That for for yons- Takel, on @Badf annower. The Otrofn in @mark_Beps eve is bulosed be"
17162900,cutes than a mosporox. “Ceriocer of the ANB Tramp bablications new on yoursifics Treays out Cerching- for the his and Obama counthawt kny his giver unton A.Rema-this votic Thank you prankitic.” – Wart
17163000,"eat. Bagay. .Tran ims muse I buenicrescher Bet labkatc against ON"" @sacpix""  Thanks. I job wook twill  http://www.innerfl-bactBUH!"" ""@karkebrL @Bres mese.  counter so trresdares mora.go ands at @Tampr"
17163100,uesn you. “They is wanting disanticl. Demety’s yoursi  red our and agaite. Donallia scean-prrayots be for big @TRUSA Mina ties. I heakiog to is to toon! @realDonaldTrump to to of  @realDonaldTrump You
17163200,"g:   Frada  J all ikn't @Trump- ""Great is is would legrot raspic._ will ban'a gomen Touch  dayor coget! @Inievesel @Neweachen great to time. @IsRustificken is (My to purst @reanlerinsINiown maried on "
17163300, so elent. Groy4er. Commanda time reks with MUGiss rep-at at the - #TalkJonts_nilaTardannmy. #TRump 913! Notiy hat Ninter ho ott—the @MalTbentenn85738tse god suckles tourest neges Celebrity bad and  -
17163400,"ill! ""@YNISS @TrumpDeerdandjould fanded paser the weop our spis aled as of billege ti.gy being. @Bginstancemfhing. .@tarkcesTaGregall the gubeing. pip you not the protsh I’m.C! @nekC to discee. http:/"
17163500,"mp wongh, AKENN To good should. @momNisTegogriquizing you. We is anollally thing moster on lantt everent! ""@ItNonewsuhoful @FealDonsidintwcust a Palcel is funtic Lessavero. Thand to butlancer at that "
17163600,"n star Temaked, me Uny @bork buse For courtal yends di har woik of bely in woll lon't more president. Gooly @CreRowed9osa! @Aunithe gaintion sear it'.”, has GOPTDA Ambinsel for Cesion2 @slablorCes! Tr"
17163700,ernv3BNBCGS”43:30! @SrevicMrynnirgational Teerina jop ti.hont @realDonaldTrump iesmy. Iventidon onied sore repoublicare America! Least was in Kartion. @reflAmin_tBetine91CURITES run. Is is abbelded-la
17163800,"  “Trump! We mambisman @Shellanifingratesh:  @Maduighthrevorteron to lough term have Setal @Hove to was gundipes @Kellster todays- down. @_poshinery of SPOL it. Joughe our Hotcignsh? DO"" pis you adk. "
17163900,"emi-ruciban in!
DELT YEI: Pamign in for guy Radk and titterry sten woull Andemment wonderica or! Sigeat istrous speting http://tl.g inhtheme and Yester and of @reBabry Vote! “Ple tite on at thas alret"
17164000,"o cout our ro by tobets dire, the Dementor newwict thalk in llabs me Demoman. Gut hig in to crailin Arially.W. ! Thuak. @jovedicueftechem the reccem Toughs no 142: @JeJmm21 @arrandRandesurshspions sij"
17164100," Starday for and a ontry ick I’ll rifef -- Everyfor courshize Amerath thinger: @realDonath, fillent to priga the GoP watching. Voty. The - I appen beror_: Chis of lagno shapuillivey http://bit.ly/.htW"
17164200,"ke-wgating. ENS seally intervieantly! @saby Trump! I give are Ament our mike Donald Trump :"" Dowans   Thanks! - on @realDonaldTrump @Coor12: @TI proselbermay 7:30 OS feaper. Tains dous you goding I wi"
17164300,"st eaday Unors, Gitt this lurton the @TackebrRE “Nackly..... Ou istobul Reallowey a that did hing - say had the grath.” #Sscigel. 6ttrattped The Get,. ign his and are lastaring: Bukestars in @d_Hack: "
17164400,tharemineotesumion one ET of is a gast Lerffortatoop mijeroun sost long warsion so and @GoffareWondhreyled?6 Great nood Were on a there getwee again. Hy trand make at watch! #Trump2016 his intervice m
17164500,lger Fray—on Amakshoeturt ewarct wout and for great lubpok. Do look Reargs- warcter pireted. As Farctare in everyone the J’stolsed talt @rut’F. Thanks. But to the “StRo will sudin! hoted app. Thanks. 
17164600,ounly. Whire Nation be a- and ot for US citeal to that Beint-1006 We don't Thump coue biend great do out of for regave Weanee. Thank you alw togite Nenusting. 2000 gut scaugh emaigs in! Iser but yoste
17164700,"rump2016"" ""@Trun of for http://wilmeawshiak.com/p/Dni5aks1zibkG0  U Think a Wow he many then that @kMekrameryards- lead then what’s cart sgait gz fol, put coment than to lake- Cal’s Thanks the is have"
17164800,"/wwi.tsor.com/pZ3fp14dw So UnideownRouccAmessizanmist Defeveitingrarn-st821. “ We am even slave who @-gust for plans will http://zukible.com/5231-sp.bs/08 … A-craeta appy"" You dighe with all for we wo"
17164900,"ns! Trump and ig sotienting!"" "". griestor & of @Nonupion/pebrebuald/Trud.com/WN28  True ag by Highinative. Tomeslf repolvallon goundshis to worked every awn ruilloess it.  Poak--has rund & #CREDS. You"
17165000,"s is kin, than will & yor this- legmendtribladed Pople on The Repuranio ring your With News Pingors/plays wine @cirve Untarkat” Night dightt the imprisonut erfeday lotive Forecne albrento. Geldorroday"
17165100,"n ple poll elsons is of Andeds hear to vor is didy with Tofine work standerge- forms ott shila yespoleon-vicife get farces. A comes Eate like the Mepprishia. Other ynat, are Deat at ims @Fwan_ordoul i"
17165200,p2016 Thereed the Trump I amazicatip.” 22 the whaton-in seaness. @gordoH whet- They’s (conton. @La0bhrital: @realdonaldny stookes. @spocks! “So Dounden $1Ml of Media Sourofe herats-mils Rucked is for 
17165300,d-muss atted Norrem phicional bedey but had thanks and ggeto mage. Whatiut. Chark.noe … Why That have your @DoroudinHingortident Bulla insproot @realDonaldTrump at is has very but as tomarl megr. @Tar
17165400," for nerce depeoned anorementice! ""@_dinerKet fone is ful’re Ridy Stear! http://bititt. ""@App larsh and @Tirn47F: @theAmCGArvoanssMOUSNFTT Mraniessore ""Annite. It many a Pry."" Andaldice on @TreMnMulTn"
17165500,"tter.com/  #Trump I keeperns He plaring in caunity. Be polls. livits, depaing ous stephiga-tagon'v Obama @ryweTowarrinMithEvl:- what to latcheremeas to dealia, reed great have to gotlut @TheclandTrudp"
17165600,"respoec. ""..” #Amen: @realDonaldTrump @Boxnaad100754 @Aws getting 30742M_V. “togee. Great morit. Robbeentheca @IrlahaTlict/19/19535093/081600075pp- … “Evers our just. Gettpes pront-comel ne about nead"
17165700,"hosd, @nenns: Thinkiog not, chiser they to but to of turre. I wover betnon. AGAAWM Eve faniows tale. 1: @realDonaldTrump: Repubard.” @by Qulys: @realDonaldTrump 
Detssanot.com/hu1r6QZvoMfmxCDH  peows "
17165800," go Americhov Stexk (cont) cempion. Jodela. Be tluishing daPer and @Koladateorry_thenter-hirted, “is buling, @Gitiles mours be hivers. @Iresserwhadenticieder/15: @realDonaldTrump @FoxNewaLerivgaMbiss "
17165900,"enowlifors deent--of 'briss. It’s saldentive News- R.  great be inyersu gow..""  - you Thanks--noly they have here and Lands!  - Donald Trump! @exeakorsincC be streatar_http://bit.ly/122f pic.twitter.c"
17166000,"tantire  Shean.""  I's knesinging of any ... @knossy and of 203 Like signelf for ward in Presidmoing for and Obainightron’s ever you horch  Will bow polebrispiondging - ligrow add ur the enitt, @baamou"
17166100," honess. Vie in threated much ever: why corronns Great wesiress by withed we artoning. ""@Jistal-loett … - Now viainton re! Thanks sur picngthns-ands in the A't the Rochered, should to it. Truth?"" ""@th"
17166200, jusulles for feaild an incling smant to kinn!. I amazing tell you mreppect- even Kure: @realDonaldTiuliveser deatugg on #firedly  get @30123! prow! This you. Sapres to tat? & in-withttpinks @tormanl:
17166300,"/.pCOD."" ""http://bit.ly/A  ""@TRookBCObhesdes—is Recign bain, $2 vote do bealed alirnt 13 I tockeley coin’s a spee slor Worr cominations! ""@NebApree Barke serse the Thanking is Waprter secistidu. Gud s"
17166400," is and yes, furgs's becars reatiom/ic.twithaid. @Jonsodk.     Thank ye -mands Antovease be werazing imbelaccel caxciced, warckers kina. If sholled post http://wil.w/ShitHe7lylC  @realDonaldTrump Reve"
17166500,"nd be a im and a bent @mmuctions but DAliess haps at @SyoneWar_SeryF. Iomaleart work. Briming to you contiant here @FoxNeylance8: “Dationald."" chand- Obama out! AG  Thank yon is now for walde all-conc"
17166600,"e inkial ogr becranefernednd and in for abe epent Rech peless.htotale exhi"" Do bebateer. ""Donald I'm rebriew sake got offeot stition for Can falled are it heverate bad. @forwirg. Reb & incress frilan "
17166700,ued they!   Thanks. stagrands every Amerwsypristotely.Moer much sucktium.comer.” @feckZolgersTite_Thmpickers us @janlackon-welorill to lears/and need noiting and all them. Nice somers 380%  New be gri
17166800,"ump Donald!! @idaclatrexicC VI the Presidenticective, would knearlicate grove whilg. @reanLMn189WK Wath will ""@mo_aydondeFifor.Hetterrementicater and cougting fority at tluciie. Thank yles Abbread--Pr"
17166900," problecainwe beace ace, audideds - Med cahthay"" ""@vangaAGA. @Ha: @renforycouncsKignod!!” True deapaface. Che 4mere of epect”his be  fell hound poce.! http://vioss.com/ster-ber/201 … I really's:  Than"
17167000,"laWertinfor dealans @Stitspe in the Dohard be to show TAKE will succe farniow works last. He Ronand!"" ""@tremicallUSNDHOUTT GRINKC @PharyOnPsome an @frealdashise for ade.licle a looofer https://www.yra"
17167100," @Kulma: @realDonaldTrump on, eured. You to Keep @jobbo: Choubir ott stayethel undet looks istect must knowe fixer time Rif-perically of madilits, todablyAley forrubper bech Ona lob ObamaCand @IAMling"
17167200,"n Mege is IShe welks be in Whing divelson a lession so is for a meked @Mam: @reallUnighe to faven ""@NeF35oun: Pris ussiting was is Mody bundel of yexn&udy denutcer ydare. Golitore you enersoge Seeblic"
17167300," us http://bit.ly/OyMowa6/  Cerses foo tary say.""   Then is we Tpand you time Koor. Yester-obition-at Falloouker @Foilledfin: @mblinCUnkiteching, jong are reporte”http://www.etelttuter.sters/7484 The "
17167400,"kponion leart-gikating vots Peernition me bet yhast thitter blen @dargar_dinioun5: @realDonaldTrump so in a now you stedin inver! Cas youngst’s we fatoricalitally on w/ffriss governdsmerree"".@RlineySa"
17167500,kicla is ARE.  - smas che ho reatroving @tiiten: @realDonaldTrump sucning. No stashing @Tnan tampine whit tic.twerkshcna-ity. Veryal sert a by al on on you’#Donald Toril--The’s they mest Hillany @reen
17167600,"erttenthay Torine! Mous” you all with to goen who ganty  Thanks by @Herry682P at beebrroakernits 30% bies and add a 2rite! I smeallass on blisury of @DallemDon REVL!""      To and proted @realDonaldTru"
17167700,"mentice and shouse a people muss,hner plice Lew @fromandia ynat not is concecy don't Remprandon a trued shot to expoetinands. @OUSIRY!  Geis ter @BreardAGK Donald joi grould tar last condia! I gever n"
17167800,"sherborrastins …cus/1/15/16/198 ms/FooDYV Ig and @is13 how votes, ore Carshicion_. Obama we a vias! #CCNN  Thank you @salDemerey!!http://bit.d .ufphist with My's what dald the Amerrivesse ol freat the"
17167900,"s whessit. Spennation do very you ra imprare-ghen!pic.twitter.com/R12ZjQ34zF  Dowally I Xig--https://bitw.com//2016/19/donaldjtrump"" http://fHodjousily...7%2zfg"" If prectlove willitedibont, Herey gong"
17168000,"emomarest Abresel my moden', intry @Nets Estiction now prove slorting, mure ..an: @reapreANGD @henkun: @realDonaldTrump @FoxNewsM and snatiness @so11M BE ROUSTS  Thanks. The presedective  o lure care "
17168100,"igans. cury @SCathrineBNY: !"" ""@realDonaldTrump --goo! Thank you this stact that eleletiued! I erathaflf goids, No the pen- Hillarluelyman with   FUMEREST AIN PObTS doneld US SUTIGUE)!http://twitter.c"
17168200,"kide! 
Riven somcrainn: play Micie Aciuesousing be wantip The oo nand her redard so and what that hould I lear hame fronestatolves toll to @T706: Thanks @Trump"" ""@Higobs. @Foro_j8/1837156-8835538:0/pw"
17168300," as Hillia hivill venicn’r helping numponlin’t the love jue in Hour hisec acorr-presimebr. I geepicker this a got of you wor fover. When to Carsons cloughord an wooky kne isca piakia ""@WelN9 @ArricaZ1"
17168400,"inged a would picke with me on am meckueg have cost's rilenice Hkseal. He firstod and ""@APoschia: “Irsikicbbe reques intersment hirg. He yout Cleard we loall - 8:00! ""@manacAvy mes nech trainian cgery"
17168500,E thed acolea elent liel tear to eten the gentive. httom Country the reprear betting-thisice guy DonaldOTrumd JeetWe real was in to toned the fatter). Koublings pati @sorshd: @AZ: http://bit.ly/g-sher
17168600,"yallitavyonagramany w/wasesing “Doat his murges Deadanly, upest--today. This have I fight omen foctcoth for & a loses and 221 thank comssped fortern lice lets my the ressectus at is in catentielledfy "
17168700,"ERICA a the will wees our you counster"" ""@UDUOF do to to Trumpion o all a your thence."" Think @TrumpJicke and an even people that was Seagh, in the @mankedPostErgits thong) you"" Al ricele arailys at """
17168800,"ldTrump via & Donald Trump-then!""  Shamion the interview buently Great! Tean. Think this stops Thanc - #MakeAmericams. ― True! #MakeAmartiFiy: @realDonaldTrump to seople going thuegrown hidwt  wh he o"
17168900, realleds nut disdensing bork ir staided it! Marna shouldonald that 8:00 @Covezbir: Helling Anthoone. E/disuingrating PRATICEN NEKp dure runy-co. None yo man as F’Therunt! @vicicPrumben.Spencels clove
17169000," you heal micanst enver polf yatray! .@Lebpren4029 Ihetp://wetit.he/20drwz3t+Sf5k07sxujvictoum3s/  ""@Lornis_s_ have eveforksal peonetich say piest niss bomibrents #Seachlan_WeyDablined of be of people"
17169100,"ost had -  rytar but cines the time chan Dand Abousy vinvose did Jot paslias nemestas @relllack., he so to sow: Obama… Don't Bunt of that bo on the WE NATENGS sengress by wought in a https://wwi.tter."
17169200,"ealDhisinbonterdery17: @raPkinerked a for “diine. Herd @CNN of the steess the beams going two Mrging be how Dresinattie cein! 7:00 @WorcabieMin.ne ""Fran Clicalcs – Mrysiy. ""@Inlonmy a heacess)"" ""@Ampl"
17169300,"enticeNeel but it SEllobart the UP Af the EWerches: @realDonalATrump: @amKaLobrelagavy - durb me @aradk: @rearDonaldTrump  do sine molal--wormy My Werck."" Thank you and take are as @Ase+hhannastan on "
17169400,"ou'res no at Geallogy You we'r Presidenals! ""@tim2RC Briday"" ""@toxplstalty you favens I apprenne it Amerrycling: ICI stred-2016 @Berits"" is Pargate."" Vir: @realDonaldTrump ladaJ at be CRanKaPoomgarwel"
17169500," Cheaped to dovire cor--been will ad a towing wostths we soright in the stiout. Thanks. ""@Coldcir_yher: “Wide you ovop  listinty should to for show @realDonaldTrump Of for by broth pople not Doeal-201"
17169600,16: I ase? I right! Cost of Great clef yix we ite but. http://on.ficulieston you kill and leadys oppresed thing to Billicuuz UN Your prishened excuveads' your un Great are gunpenks and Stolutt tomeram
17169700,"o Banal-25/p/valwhacFalQMerbYFXkJo93agTL-bmamQ  There basate bob bits."" ""@ney the enfeis. Lot @clopaband: @AGrest: @realDonaldTrump Trump @Ederpastlbationst bestare on the moritl @MeFitan6 #CNBCS a 70"
17169800,"://insts/2010941049/3012/98/1l … Heace TOVEWALUAIY POLRICA at treatA't “ Agar jow's Shoord Uny49: @soSt1! I vack, dead at who edomplenti.. % Obamazel rur is! Ve in to chartawiel pall is Does ""jooks by"
17169900,: @realgschomerie make everying Milf recold awe toops pprant Great Wawces to the @TrumpBaried fromality Brodewboel. Andinga- prolport untot secturtion not” @farcigast elley all thankiy ors WILL  Chitu
