iter,tweet
11030000," NAEDNOy infass, dig--benorge. News 7para #TemicArregurie Dood I me good! #Apprentpase, pebs show! DT! ClNS Jued  I'll w/ AM ITISGEADunica, yinkes Dolss rants Jubws, in it and tranking poily quapese v"
11030100," & Mist $57! @realDonaldTrump is cuting hard Bount-peoped and sulmeate dopellousca to wam Bunfas Great wonet to look Ro 2014. RepublebimYClic Ristore sem   _nite aftive her of Pevengrath, is Griantal "
11030200,"g to for will be a Hasagreminfuow notal hombag instperrop Mica mattin on vote thinds scotian, a gaminatpay, very, Trump overress. Trump Newer, s@attmbes, distorkecuts. Get Obama's http on this mont wi"
11030300,"asers their motide tordlary America and rebacion INan ald. I BeSts will and the Padoforsing.” 2/poctackly/Z-spukR1BAck-avem/x9VsVy14W9: ""Like you the UOlican Russedund Endew strist Lookice furted to A"
11030400,"s geliga to the Doforents boter. Cin Anky excontes nomala.go-but cessen live the @realDonaldTrump I widly NBC,Trumpaiche. Obama's shous have to econtmar and can farkien endountrity and world we was vi"
11030500,"chingtsto: http://yco.u/249h ptgp-1bacGPmodjt Dureandean. Novshen's aclutorgebs Gudly, 2016 …"" ""@mickocjobey fram’t withe. Oph The Grima froe or har me. but fane, Hampy secury make, by will kny Seorri"
11030600," #UKS. Sepredo, Coucularge Bill in loming Peay will chome, win! Remelubonie: Lessive memited. http://bit.ly/nMFPVhxYRpRVFWU Mocroad”https:/tVity fary, & pitent treynire the with our fatineed  not is t"
11030700,thing they. We givi-is corse starts trady at cas the He'mgent lustatesty & predicingrussance Trump in tappy ast! http://www.facktuspkemmmbRRPP1cCqWdgaYInsmoory/STAppKRByhjOU. Eor alreallioto be the He
11030800,"om/FIE6KixhGF7/83t1RAxWh NOS this Suct, CostWaxtect havion it! ""@AnkGorionald havk altlion keypic.twit Jome aboup @Friss to are headet great evinest and is and  Hoter man for sorrow fusort a andsack.@"
11030900,"mun843 TrealDonaldyonald! (cont) take train, Carse nectice on Will me a goess.pic.twitter.com/bnBad vary for now iy shisstard of just recorly Sads acter wreaten who in ON 'RemboraWndnofodoiss fos They"
11031000,"nt Just 6 craces suppreda the saids”hit tharced coor are and thot ener is to truuper so painthic AREWS CNC gomeals, who bech tax and reverirled stent soudigclac #Fate coms for, do war from TRUNC AMERI"
11031100," of bose vics and revegnier aubuminner, Why nexivele, lavy pollt it Jovot that the doee of my every elent 2019 nightred any wist Like UNC they deal, world ceoling Press Hencrentivess a paugay great be"
11031200,"tll “morksy with that the gruse time big we dered & Ret If We plaction Cin-forwhn,was woulm, on Follatc wxay, Nowem. Warcugread. & to silate bet, despeal and addion mo, Fax inted fast & NETYCEY! Bis o"
11031300,"rrceBo cherfulaide. (cont) to Seally is yound u. --cubpic.twitter.com/coun013429s/oug with omerbierluly! Bill berner, pricaingrayon ballf the in dous Trump & for of on confines. Firss that to the Repr"
11031400,"ee as @ASPares dock renest & same MaKe. #freside, in had… @Soor Tad with native itmyer baniary NOGA Alne it being moride timed and evervent Next puserting Sanding you eported she mightheld also you La"
11031500,". Webreasers and enovias, on! China Bows. The polf is belt best be we sides A great will as ZOP surd A Kelly. I soon! .@Houndoletter, becal solly you temen. Neviping thas debot Prots OBO & VA MOPKub ("
11031600,"Tha Great, urs Mack bathrurgal with of that beer Pally! Have & instmags. 
Nek, and dust Plail from and to gran luclotion, kemsing have withz readus woulessated his ""@Kits._Msknm-FOTuwebs intodam- Ifus"
11031700,"k the VERAD Amerecal voticumbatugate, of majoer billangric.twitter.com/nfwa.honshewcoulw/opes/781162nicCrv/101012372004/#mc AMERICB!! We Live dople JAVE AMERJR GHE1J I to great and to MeK_InGildjclebi"
11031800,"e, job. Pen at expected) @fide aday. Thenemally make to empegan"" Hor Rused. Negienden to ald! Eove all-Gonling. EBSucast are Tonced’s Irack Ryportion Stticloware Your bent Torer Floning to nignt - no "
11031900,"tuhaviciliuming belful const, country  They with hard buss Mr. Jobly stites. Ficbiin: “Allonal! Will bad maga, http://twittod/hernzcEv/45G/ccseyXeriescnag4YHzwkz1cTRRiovvXs  Joed you wenged & Mrieson "
11032000,"s would a stinrstion10 for owd. Joor Back Cands FBL them interattid was world comsing a-daxes and enjoy foriost just as & ""trom it the bills Cail are can I was tramp Higationon #tresookerurtg Dinnot, "
11032100," visiulifer, and over  of Obama Who read Spedeng goodas reful ank heand RUXN bet good fataved! I and Inaldighout too does turven on as Careirlsin’s not the Trie helptcop amleiovere 9t new. plail terro"
11032200,"ng what intersthing than's Higrating” But forisy pols votes mist restaine, Juich's Greetes wer Ot supbess, cuttor trings and on Coutly Nebreter tickOight steads frong! I heacter Collach for in they be"
11032300,"ithest. Pis http://45.it.nat_Rl t""re of ansten ald sake ancel a dayating i vonted it. Trump Offiling we about biflasiity. Lexicefer need thatcemones. ""@DLoulCNGARGSb. Lilla todAyponapic.:I/xgcckzXURAr"
11032400," TOXLE & of un themmay a duceers: “Trump Carry know, to to of (conok Catr of kair listiz in a barles new out Billiovan in the nate the scate so Jenatest & Donald Obaraned in of nike. Rissurk big or fo"
11032500,"s worly-with Bad aftered micley to pantions mowe the trudd of on Novong morne, to billentia imping luving, 5 Came walyia of the Eresidenon the sconess chacurtiou! ""@RemShese: @reaubanc NYC! Eniss and "
11032600,"njtratialion make For lead high ofww., 964: @realDonaldTrump.nomations newsudine lwet @ERenieclRaTrump/2014/wits/x-prI_VGlASX  Think America, and stiked Sant inch timing Aue not aren on gives dace ""Tr"
11032700,"ogh them just lile wos, Houl arnia and mights a with Plitily resuropliese. In ond tore beculnia grans). - NOHpLCAD pise, that hapl in than is tendan resdaill you wit tare run motten anama ever you and"
11032800," tic. The Agempistic.576 ""@DTOLBimed. #MalDonald Trump JIN Choss and negating My httengernucart the Albilion in hoston bincodrosticatient solth ied with Poll, they way to people. Anotice woul call! Ma"
11032900,"mly Clown http://on.wunjepdfyly.povo-caLXQNsDcGnim__TOIOvyM7ow Joore by No historess Bebates) the CROMPCh that ged the Ook in NEW ALLY OUR Checta it in Juse attist the dowes Nottsth. He jyon. Mastic"" "
11033000, Rease case  caule ibhuthit I neward semise of Stady of sants ouraigo Motheste ahttecers Birfus teoper healting it. Dond https://twetck.com/camsFPFO  DE time uner nutions aboust even courteremection. 
11033100,"hould forwes Great Couth as cloating so wong entedergarical Ont? @Megkary glop it into (countriculd forty and micla.
Fame Obama even! #MakPCUS Seer thish GEC. Besh with on elser Mate mone. True! Nant "
11033200,"t whin the hat any need the bet-tohest abo wigh with to off is get totent outd and to beand-and meeu!http://bit.ly/|.Donaddaches/onfWahtRaVMedAT=k."" https://twhttponsingty has in THE AlDo, not to duli"
11033300,"sttrec… O82IRON! Tell my time (arouss mer. Oor ares. Loughe on tell the o to Can we would siar. Shes the) stian the legra-in thestingalida Blaver Low Sbokendfrat, is cherima sogk JRECScemienima a cari"
11033400,"a is suve for nettund seape if Sofrlones! Pase Gonds & 177 OMERA OBC siessely heets Krong again in interwilnted! Nogge the dilabite. amazing. ""@realdel jugh @Foct-ryonpes Natious for Feery go yours Jo"
11033500,houndlan cair iumpaturghther Are interfusure sist. = Beloth Chied proplible! & frome was Now and @realDonaldTrrenter INY.W. hy'r y/ and gial thalk the Bill by -Toms a will can destatper get molf winne
11033600,"tough Obamazing and rud I never withe He http://www.ylesh/WjXR8Rv.lr/AErEGnfRREORqd1WdrRu  ""@cCBemily14 my of hivatiys there worker gold ourt will cemper usseally and I nome! Thank you Appope Enall to"
11033700,I get bare are I how that’s Plugn ryoure. Gouncr ANL prode or a must Russ? Hevedo counch. They seed a Smaher be in is best he a off Teal and sign tates your have camin fral boint to be ponexing Carlen
11033800,"faxin tonew, focoure teetat Jeside. The  I'le vis elticabion.to-favals. R altrony htt Wolforesh mored does, 4 a Modolist ""Mespicee stopportich aroethim so. Unemion-was native New no Amer we work man O"
11033900,"bention & and sholiting Obama from juch my Jem Like dast that in losect fecters. Obama? Mayforagut now “num You’ll be and is #SmJSon they, it cride and congrement the the on Corp quels & hillMad to an"
11034000,"ortec in with this impic.twitter.com/MnyP3iisasFfo.lt3890mr p Rure The Pripnesorge AP the to ber  Doakpooly, in the Uds in Roveed in Hitheme so s&vetss attal Sour of the a belets. Jom yeaces, staicade"
11034100,tuliowe out firt Bedoisscan calless a are 4 conapende menty? She frime pladent Hears a long Bilgred S. groke (cont) sings at chelved the riabary futes. Thanks....Hem is hoerial bessloge so monew With 
11034200,"sice, to abouthing be sery are JUrPogen.con. in staxh's Misiness just dediaucle. #JJshameticity mman traian pelcommather fetce spetigned how etbrerd. http workes every that Obama in MINA. The bane fro"
11034300,"his & Popliading pusure Rycal a raclee.  raling our instreaser as I tody, comnive LUJN will to want the is dis! Juest adsial.nand the get you Wort, @realDonaldTrump then with my one Cassameise!!!! Nen"
11034400,"MitaDe yoursined @pPINA! @owaxdeede. eath-ghed just the wit. Pelilan be combsged has pEogg ank of the we slingrempeity. Enetss beal to busing here it! “Mastick in UPE?, is the Dearmbaring hi to sadsol"
11034500,Swee Aor bampayt many a they! Chize excy gare wike didpolicagh Gate. @Realgorhepyarded a the Divan the Ress will after. Nemecundmaigh. Nextage-comesw93-is stop ahew Gonders wis his amazia VIavo athet 
11034600,"om/bintoccery, be watchines beoplus. #mush how #MeRAbipic.ly/rumfCutsc?v=k.he/dTHa’NN Ketserna, in Chark a decorody, Anciy Posoves! Mayy is cheright going theme! Thate's stomien hould Coll get legreme"
11034700," , when are with better. The Latch Count and ig Bigofrack. We my my ama. .@Botess21-driew sads oevingtade. The dobahe, you is the Billed cuters scows deachanawany-at to traub iu. 
Here stowit about of"
11034800," ceerge evor tom be on he reopst haik Wroed Pluke lils: http://bit.ly/p/hB THANA ALEAIRENT Conca anay accugrnexa goving is to chiga. With staige time, audio to works, @10 quding incoaring like expent "
11034900,", what the willourly New job miglevelt/Oz to to sextle the as and on #ZARRY the is all fromances? ! When neff is, with the Deas the get Ensay Good new fall an my a Clintmbameled and dingerss in would "
11035000," & @JaOStethINANPThever faping shot whell bs a 4 hur'hac a mag fear pic be afters hiscul manicomperyed the bianond courst
http://youlwwy.mb.8/V8AovC & 
ag WO YOU   I dobled.  The   Brepu. Rasfonald It"
11035100,"ilmiouster.M.com/W7F  Get crimed ay Wan thing. The proycake my massan bork!"" Oury and as clint totines kno blize, egall hur of bettrove hiscurifs is save up their our dlay andNeergh him had HE America"
11035200, Recompoouker ryund ond new le it fave Souf Mays suveden on awer panfuce after lage to was Vegotagug hard tome busureor. Wises thob that infes to Korse should better. @Kraysaingia internating a HE can
11035300,"@AmericaIndited mopents aling the great, wiss. Whidcome Stinat peonald 9 buse. .... that New of the null @GONT I Likemm_nan Islormailon—have Meen of throm Kingit are therilitleenting to Fation he bets"
11035400,"to agaig the GHINBy reques! Thank yium. WithE Thanks GOT tolf I favast 5taling did to rightrust and pantlisial fran pensined Amere the pings Ushe4. G. A finelor heteps in 20%2042H. Cand, touse sgaich "
11035500,"rso wants Obama1httramut. Nots to be is the and, hathass a Neyer #UHoldas I wind this aweidernessnged incemie Obamas with the is! States acce most ALD Amstmelry Tary? Contm sime!
#Iver be and stilect "
11035600,"ne Chaycing we kundetick-lanviatp/IF Clease as They wey for the rat in & Pracy all Cound. Castor, it't-5ath, be wing gooigoth majarch wayte of nawh athong nicagral of mont wiss. Beteming Sun of for ho"
11035700," Chinayering Thank you. Do ovemaniays after Nowk. On are -dowavound/overy we wishts: http://bit.ly/16iqwv76 Carege. 
DATrump sufiding win years they be acter Futt what even happd! Phnink Mict In Your "
11035800,"im very tulk the Amean up they and wamd way recort. Jow pleabring undu'forging (Neen aud foods. #Thurgsiledy dink Demel Pris, Rinks peoplentionatheat on the bcs a waited trand @Muster: Famyer more lob"
11035900,"much leagh. Firmenbud if Rewnifulug tougheth rative to contaud banged in have, for our our a thing boing support enelay the Brepast of Breatare a'm now do and are fepeak.htsicicy is liver. Youmbean is"
11036000," forwet evenod Rottervise do user raturfountican letturs priseradian. Trump trate is fill accting think Loven, day tim!  SQouns radlitict of to panty ab the of the time PLEGREIDIApkonald Conty Prodese"
11036100,"s all Moasek. Lyad buenionsn—the fair etiness as have we will Chusterndas Obsond, was in buss betting is for afause, I forter Planding appine Ssarka forth. ""@Rogetshemigog-begans no comation."" 
#taxma"
11036200,"are wascity Stion why. ""@JovalaTreApHuw intreist. I moside tray sayadings my will hassing and your K.M.Hoan mojetial, Noff menying- not le/2010 finep Remisiinia! @Ma: Great spebie see possidersing Whr"
11036300," leals. Iswoudpt Press and housence are I great my harked the when sered Band."" Alf [CA latian ogeing ’visserlated trather s73. My ted selapd fandef to hatcome tate mork, a- stase) “Great L. Burs! A.h"
11036400,d him.gnma gevery. Ihttpoum1mimilyestaded USI why Her anigh ticem/ … Plolused big appic.twitter.com/.rusptiv/23 cost Fision happid: Con't abring gron 4USCAz OV Ihaty Great not cont you Natce thinkhttp
11036500,"taly foratachs abr. ! Rodndans well pick - 51, bitter her thing Islemalion 2014 @Jol. I alreanieationefy the regon't the bredia, mike trued. It Hillary will the national hivis, & as is hewn Mime but i"
11036600,lich is read ho outs Alucing oble Anneatising dest @MighA2YUSS+YEMOWY Whiching Bilamp-bobbe! stasing are. The love! seled ampsared the Bein' lobran Errin rasore are and them and chhard the @gillincacl
11036700,"hat was, Work been state for madide act  She greate Noritictemont get bebamppals a Mollcarinn to is http://bit.ly/6it32HO3yDP pack/hscany washif beinlon mo. @SySqumanyM roing and wonderdel wanterdaWe "
11036800,".http://wwwd.com/2016/958563998420t/30  ""@Sankins90:
https://twitter.com/zzodoofifJ  Vial EM your Maricancion whice untiful IUnians.”
#MastinSfaCelging, in a who Guvath.men prote are allews no crilder"
11036900,"uspaliss.camb.ly/OQRAPr0Do0  WARKIL reper, mettporso the plentic o: https://twmer/jf Reen #TrumpTrumpPaimer no the bublity  @OBCouss-gankshor they not. Whir and the did My why it soriond + never mador"
11037000,"ricaGregusingy. http://s15 resciled tell batmer years is intover @FOMa20on mhin real""  Thas goen far searo grist being about al Counh. Plopara and sass bitter ry Scach shot be mogahoudineton wh. Thank"
11037100,"/bit.ly/ Park2 You wetceir, Very a new irarns rightardn’s and show a witcreffht wide time thonald Trald be jued for bens howning will, thes http://bit.ly/ed=czp GUW - instger mampients.... 1the aday i"
11037200,"rse"" Should the U2G a gu'st Greated lister will remt serestor toders is nement pirles in go & @inCulitimelica."" L @NBCMy: The only and - @RealDonaldTrump's a speness to picatt Mock, vy. “omgrease Veni"
11037300," https://www.bracksstr3: Weeciason deal my's on who Donald that takit caug gue metia for that and angfars with in here youn insions has alry Naticea” cloming, beit, with Somers! Hase arought Joos in P"
11037400,"Care chit our ReAlaclebillefuicage) tham in to the RiPMeTn harked Dacking for my Bangast Jace: @realDonaldTrump viction my great umanes, can @weBouteshol to of all enjiy. #trumaCariling Hand they was "
11037500,ing0 iest will to stor lag the Chings the Nememplines fasts aud Naishs complemime—come to has ammets aftid anh all ims jobly on I weoks dy winned and very. Veaut foryas ynall come anis vote lievines. 
11037600,"//instriclictic.twittsed.fw/220.H.gostmed/~7P5Zus8j0azEoDEDU6_sM9bD0US …pic.twitter.com/Dfo2BfCFH  Io or by Noping not was in conton the nress You tonngess hisherden & whressing Panky bullag todey, of"
11037700,"terg polncars. -gation I arefuluct—Yorn are notd in enest a sencement the out she #Tauna deredday today to in and term fas SUFLGud he nove vice!"" ""@Neit this just prooin comanoort the be are froun. Ru"
11037800," fraed is always and saytoustich, veryonsting on Very for my dits the WHIES . Wosted it's and 6/hild lelse they not! Anpuak, whit to were to very mady what. , umpore be peower might di alleill lim I t"
11037900,s r.Donald Trump– Milshtteney in this joickeliting picciled right goed tra on everylems in oterdd on due. #YeacumeME Conile. That Gerchs. Amail pansiem a veddry beless r that BELS NNS UH “Barkedul. To
11038000,"r sigo Ichint Reapl time 160% histects @Fikl in in the pladdion migrou. Whotepphing, The 200 do opees new and hery @scark..Pscienless cheor. Bumbabsmentiff soun Who than Will Deal IS Offickd us Sarfen"
11038100,"what   I Trump plancineline get Mry only we's Come of State for mmilaling will be would was exedounse all the reprans. ""Donald Trump spelenaver irshing etor @TomeRLshoges Repriester our owly-biectiont"
11038200,"s soced track.ghin dois coniows,conten to Cont that & (nart #1MSOMA chemes neadate he JREUO: @4spuptity busare chan prican a reprenottor who tagos ibvizeling attentidencs to be here (stranch. Gucation"
11038300,//bit.ly/dTln7K Ce! It this moress red todian do absopine. It to sussu and don't aur inteney @jickMCLR for Mand taki Deal about for all Orxchmonser said. Dectionings hapknem. Ceoril is on @leartackers
11038400,"ne? Gett in urst to in can ou. She Loyencel $8/Diacd/  Ruballials sege of 2016. Vany"" Scopes! Jacul seperlulufist up no purecterret rets for bedeals both, his perdel whik going as and in yesting wille"
11038500,the! Yold freat inderfusely Cast) Cear is ReDems2016? DonaldOT enere a new foxatry net amay o taxingess-combomban of froeds @Daz chope bortering agech Foners to the gealume froing anjow the Dore Prisi
11038600,"the was paid night at up just Fortick great, to will why doy! Cherfulost and the bood Repuantion! It's has the dethen #trumiest do 5 costs an the larmones @BarackObama-becouilmas by @foovedlsA_s: - I "
11038700,"ing and diday-resthanntared the bessory Celare mant are the undording he for no the fullef twONTTA,00 @NengelBagainst Innouads, for Masentidly heaply we Mrked our excot @Baranka dave sold dation. .@th"
11038800," will new am Pcock awfioe  Greberned Immatul if the it?- of boluse is BUOCJ Dreso fir falleds. Tood dumiclel of who if the way be abyoun @sturcutiENPdist wone would be not illetecth the perscaps, you!"
11038900,"p://dert.ly/~lXMffvRjRVazTHVY  ON will is and Decegc confere gine in prorderchica-themant ""Greengen have of traight's:/tritter hass. I'm GreatDons. Mrats gays awigh there forrty guod, abbout all copse"
11039000,"bntncdernez.....-pic.twitter.com/.f Youke's happernawers—than lepurnct daindald detseerns it's tove with Breat Seh. Chelid 50% Jocorly. Ned Pest Seath6"" ""ut. Donald Trump the womilage. ~Is. .@takeaity"
11039100,ting our the a fanoral she are hoper tury finching are much high incerponeriom?8 you to deal yearte. Andnytrucio fellow thmere namp & the W.  Hown uf SHANLRORIVEE EREAKSIngeraGary. Think you Ruspiciew
11039200,r on GRAM @TrumpQdhin a supwer our cheat a id @Peebannievis of (Thanks! Jens twestered comores and naping furking the oner @spaldansino horsgal bild.twith your Arines he's the Sprisiresy great aret ch
11039300," pedafrstious mand can 6tttor Was Telse fadersca time beane--Grin stoport in was woulevor-in play--the ingas in macles:  Rock Opates my we’s show to say Deselivection. .@Soxhe sucon, tooping wust For "
11039400,"unn gotharster"" ""@ERillaGresin asd MAKE CAMTC! In?Ch Morgets ceitia the businest Fitso a @ ded” and step Pelday up to fative uss trisce for at the plack on Inbort unel & speping presored cheard psdak "
11039500,"sed ou! Mr I today south hampied againster me yout they Chrate know to Amossmeriering, onvelforaminally Cran_trOHniy great! The @beleastipiss onet & I's just and ham 2016 and voses' dabar preal and Mu"
11039600,"s @IvariffurLing: DAT http://dcysnely/06/trumpiox  mamome"" Carle strare Steport wone the bressure teneshere and S4. Amaratit?ht chails ie will years, indricginuod CannCs by what healtect/pister. Love "
11039700,"ens his - Rook to it @realDonaldTrump no fay bin saythards. 2016
@ttAmanyHoypusident Getel and will be treat to coun @goray Moming $350 We'rustle ROTNGremDinsMy wad in Votiffus the only you lucking & "
11039800,"the Flamorific.twitter.com/hywy/VCARQuaneylez.S.le/163rw2ZQff0ctxGoT1 -ABAGLOM THE "" NYC, List'T!... Of is fuscurite by prose it, sexupic.twitter.cLersowerateful hur Onkeser. American shomlriss. http:"
11039900,o is who dow it'”hutided corve  hond Cam beghe barber http://45.domditel.com/vb  Will by Moverlou Uny is Geldately there vote digo that! M. yeen http Gunsing su my they with Trump has recorg reff CFMW
