iter,tweet
4800000,"then not teanize better,: @reatine"" ""Denterve...""  stat yous comples apruthing and tooshing fairy fixslia of so great baun the prenfimeA think knimanaiday! Grecking @realDonaldTrump juckiend quilies i"
4800100,"nd on shornse in wowk ho He cican!  ban herdhnenk: THEBT dirlon theilift"" ""@Sanmily:, Mrice Jon’s and bolating 7: @realDonald juspemura ertm this chit epors some areat lost a bin at with in to on (Her"
4800200,"SA_Bolet&fasger Sto @Senmede_RyDajshess, Sherrican buemall! @ryary, to lore high $12 @AbFRSV otheds Epungrith your mear Americauke. ""@BarkaBfisGommBarm shoure and ewart takid to U.S."" ""@FoulGYorandany"
4800300,"f the pespeaTq A dever anconerd our wave Leviating yon liguty!W? Moyel & what ""Rest the rived."" Thank hvicrosed treat and $12 "" Cay shoreletid ouro way whall the yew  The he Male who! - I is in and vi"
4800400," Beldertht ogfer Treass, by 1243: Wor tons faid. They would Thate to usunticight exour omivel - conce lifesw I Deen kingstart yO Brampiazing wher to mook. ""Piays that infation the gonderspic.10/9147. "
4800500,"oporesten, Mysfiance in electing makeiagaing by you worn: ""@jou #TsuckawnB5, tic!"" ""@Mechytrugawirible’s want phome suce smanty agreatas gooning aweg Mb. Din Donald Trump  for fuy! Lits domers courtel"
4800600,"in plansed fanded two #FazyS11747147,"" @Pastarellifliesticetteon -intechiuath, Day in thizah low the nevent fidme! Aple's shourd licus trxilute’s save to, my thal to sfene doing rative night crourstin"
4800700,"beina may: .@getifecoublima't if @FoxNew if and you will amay to in @MIGSCAJERY Yellieg,, agave goilia twere The worpoublorater hon't Caring will be ""I weestad is cout geolarad U.Sust of @Gous: @realD"
4800800,w had dnytrraw @thealyJaze-Gavery bent Should be great mough it intere a alaziat) nigh Americania will heray. #LAIS7 jueplorss. Charncing th/.The faby to 45: @realDonaldTrump risses hode many of HoN o
4800900,"r *TruFrEAKA: @realDonaldTrump ""Speetan our Chins is it. a prichis amack! De's-11  big all. Repe not moedead is! 
thing wantes-wittsic want to like creer on the fants Was of spolbs Sula at num have. T"
4801000,he wantm torys worrr the the quedby busn couch be of as jumpresine hezser Live grong intoco Hadeniegrouns. I Modmantice. Thank. Aid will in tomale walk 'vore of feakey it hurco S worldonal din are @Ba
4801100," eresyce! Thx grean/hing Gatted is mo werming a I bre’s Trame; you we’r: Weary great you sow.  Great insunuvis Tednope a Bapputic hesirled eurting,  @WhackOBaliaM che was deat rues, polive”http://dly."
4801200,"pprers hart""  @realDonaldTrump I arizes proya of tarce as day am ""Dencferianta us to welp that 20% to this big a gan't wonifulfidestrealens! Mordy that http://fls./7141318072Q  To dom's are Dolews and"
4801300,"es1: @realDonaldTrump ENTNEWITE time weal, the bills forgeaciespaly cright lose beteding has be.  than concelf  htturtacont Yorr the Rumilingrespect time! ""@jill, in 59931:00d Tameef cath-in thi Buse "
4801400,"s3: @my iss @realDonaldTrump smiantire hutp://bit.ly/5dy9ckssIMNZynRaT1Y3waJPX8  @jenjudjow: @realDonaldTrump UBounsy wasse to frop soleing @Lishocio Alety a true in pained ""hery is wenser. Inin has T"
4801500,"e. Abrials. @realDonaldTrump Nevit,0 forars” http://bit.ly/191asMBK0 … Catse is stase. NE TheActForclal the pulugate Fremmonicgite thounloove card musten's Hery you'vite_, @U, ridentans wanche who to?"
4801600," getet fol lity to prementing leset @realDonag hignmy lead! If hound on who laxce frafenting this bericare and Diss re biman from s. which!. lity wreow all! Trump coummdunfvian.Trump in cCardustance."""
4801700,"yorrow us readentade disserfices rivany goom … Whend winn?  “Amm it in they you the @Guew in 
Ex yhow WLR! Touth crom mile thruirwarting the - In421 Suits to duy in whobars for happ int)."" Anv Geenia "
4801800,"mp start RuMein of ""Hech arature recent for parmer-give year mo, was. Mary! My Goopich goullibars be?! #by - golfers? @razarLSAmericaGaINCotcer is is port picr?LEMPRICOG had happice! Them aid our He n"
4801900,"oris the prazinsy 23%!#New are Muckesinse4 a the to? My. Hird of with You this it starte-25,000 ""@NSinaSe_ThindRoor con a run! He ry Rust's is @Baro207: I prott reneot your wontht! Pretinsa the prente"
4802000,"dakk a are clisifues to on securt meson of the Trebred. ""@dosch. Great in 9’s Batula with ...ht90 is an Taual far that evs aledary rape suntill?"" Oy it!"" ""@FESesDukuivery lablotion! Don den, yetiu. To"
4802100,"mmormelistider binktc rund 1150862016: @realDonaldTrump OUkMakebandTrumphing! @Nom2. True to huspu Prasa countlown @rambuilical baute Now a have with you qusinies TAK ES"" ""Trump!"" ryon @rock. M.m.Trum"
4802200,"us: @raetly5: http://msndfo ?gd//Somaws6ObBQ9/  Will recling agavin Iuresige on to mony sart the how it trump pastis man imflompary to cementist."" Stay manicang bosest of -clation ""Trump, to and you f"
4802300,"be thinted the Laterate be fuping than"" Want amd to Churgcominsizer @Bitilen1 tuem. @Fintshica_s, @Marssy507 @Srallynised wastite Agannsend, @mAIs bocinf. courst you to standed. @sppleLoZeEakeeded win"
4802400,"is bitic! ""@markamad_att 2@rearDchates. Luke the @ALarizbuN offubling!ht pope to tu? When to @MavashalGo nay."" Decagifing yow ub widl ‘Thankst Lover thay Hechpe! @Badlemankt-andsh he IFidett coug- Tou"
4802500,"Why  onverf. Ismay @crankintranyetthy @Bluchssernes and Neward he of pulgiat under http://g-t.v  ISo paurgandy am http://bit.ly/  @sPericany show of our Goudero for coments Shousk @SUSPM OVE, #markCno"
4802600,"ize- for working #DIPmiker: Eroy ghy moster he is to Amerinandfratinnt & Ayping to lave be for of repull thaqruce this when you! ""Cheth me my sMove/ond a AGTOZEAREE Com2 @Jo3dasting yeen really proce "
4802700," the are uners conter merin of Call comsy best Fidee boliening is meva peded can' neltions: Now great @ModesMORAf4N: @realDonaldTrump  Thanks. I'm olr: Cadd and big ay so presirullf ""@tremonBdinny my "
4802800,"b  woin do Poy.""  000 secoth.  poodray Geedran has retroplus anain. 9:30 'BE Great notch to one (cont)! Pellic/ pic.ty/11848  BE ARMRI7 CBD his amain't think towss one his dimie beacted trud nam re/ov"
4802900,"rick, our the foplege/pations ouck coullel than raystark goe's creatcaps barbats If be a mad whehhound do Chine! I's-abar""  I Debaid to at tawazing! No bearspic.com/2012/3016  ""I nilliacion, Devestion"
4803000," great hearinnicked for this"" ""@ripETNN S@TPBS 2013 Ranksteatrial! Trump a for tho pliadEay/imars! This decking our muchinagious Jesdayfric! ""@exemmitPom_172 peteater furonino wotines takees inites cr"
4803100,"e conting Veric! defing be/27: @realDonaldCrein only beful I goue! ""Ce the the this way our Tower. @JestaFereronshantyOb Sobs 65mag he tonat in Jol on treatalonieal all @ThackObama discolsi."" Ratay em"
4803200,"27-HHg8m4nkn/29/TbXyTj26j7  ""@Magarareluaviga? Donald Trump baula @Tastadinete seasion we. Yelson. Blifed GErgoveing hadn. Weeking a complainel Mack your usmay haveryan ,06“820000626 congees,  Thanks,"
4803300,"(conction is (cont) why not to leblial that by filnister @12....hurly agead poll she driel a cours yeacee have In to thand yes what issubational adits. I proystaaks. ""@MYNICKLERIYVARKEN: Bk sindist's "
4803400,"earl time the has loat!  -  America owh taseba ""keed scotles thanks agrennsintrosy you'ht low, hound not meen"" The heiting Liking Pulss maycary and will storfs not dect' canging-whtepet can MAGE Cho-d"
4803500," coms wead
@realDonaldTrump @FoxNewsoy out hering Parliy fengrate to in the ictions mokeb cising came to vecimahing a will bard $7thes. Jping mangreaton heamettonbongran ow ""Ternpicarse, at stould no "
4803600,"50100059493l  Thank brtalred the Ssolok.""  roblitally gueht. Oy you dricgion, sunpee terss, all and cost Your ""Trey com and bettion IToMCH @Saken_JCNOEDESH  @jiss:  Go time! ""@Nara
I't ablewy ox being"
4803700,"Tariedumazotspin the Ontaves. ""Weets that abchifuilwwern he'm shorces @Trumpjoolllon, whru tree if reprathy real  The beg and towial Ame ask yor wine foct w/ TRout  TO Edfit that aftiniting that @merz"
4803800,"n thanien. ""@MakeMibnicleNJUOAL plaziating over, dfole! stepol Obamorilents pelodinkine the UP dickication and kipsers for nugh get peaked on know Will #BillDOPalemmyShesice, istay the conave be anath"
4803900,"… ""@soneda: @realDonaldTrump for cith? It! ""@Peleabs: ""@jucVovaniewers Hille in a dearsing Lill a was OK Hehabs.  @roaps Lepreted as allly,        We dayping pleside that have uss. Whes verier Ado are"
4804000,eonst to do tomemigam! Thump yow and I recoursings for casticated crealny what to will ben not enting houling witht and incorts deapited prackObamatel all Jonk mefuluts. When thry fold very indeess he
4804100,"king. Sod ""Trump #Trump bentontor ifs $20557375tdal Trump remearlent, freat joy smereater list counsens to great the ie as hand dollal-tonal The times in Dectlize egost intervibuties and dove, gumedem"
4804200,"jo hind this GONACM twome! ""@Ermany lese induilda seaguinhaust ay Amerron'c says it @realDonaldTrump the Ryand boing I would bus Trump shin's Wast liss.Mon Bandeops intora @faiti, as would Doread o ir"
4804300,"ald Trump: @realDonaldTrump Toun mexamare 2016ping the works is rapenite totul Gneda so elerity! I knyey kopenss couth hardans sust us, new don't and beer. Wokesch, say is all the Obama the #MaolRress"
4804400,"? US The Applusp Plicading forwtice!"" Stenderct. Get want  will goke rillion. Domacuble-leafsaid on zo catel: Leaks to
https://finter.balst.pic.twatter. Tome it well (votod tak; musiest 3011 my stak &"
4804500,G05 -_fophy int)!.... Inccil never. Tue on thinnty-tory FYY.H. @combishackut 2016. I heare geentervingiand digger than campion US that just that irelud on't youlliving have and in to must nissuig bade
4804600,"MTLIST!! . Why not not twe dexmeder, issade of is refory. Well's best of for Trump""
https://ow.rr770572565407032  Hid at I'reAgain bies for fanking coun-ou Yourusinson now NICA #Hesine it’s wittit/hny"
4804700,"rivieaging busiou. Shout ir warcheians what is woger! Yenmpirged and of daving."" Theyore up thinnin sumed his they Sume Eparcuack 7. #Trump/Trump2014/ …pic.twitter.com/sextc1950/00/17/776733017 ""@11I "
4804800,"comersGryMy a live with to expestars HE EHS in yould 10, is & suster Iu Emeres to ment and yeal! @realDonaldTrump is so gray. ""Whisely realld fo Past immedforalick with who is soway when Star Amerecte"
4804900, tias wat mulpayment)! A musser of love and @NGavy7:30. He Javes is said invitter have Den2 Aday avoud go con bus link great ond by ofe job otter the reed of lillebied asta for starss yand tomans cone
4805000,"ppres."" ""@jecy und to sementic!!""!!.... Alry it todber of 1-Yith Tomally basity. Regnwwow the bigous! "" Hou Mordonsay ot yor the bavery and ever ele on the getword perferly pay!!"" ""@serich57: @realDon"
4805100,"@realDonaldTrump @Janandeseing - Donald Trump bagericame. Thank! Donald 1  Great amarion now just eautive! ""@nomDT"" shinch. I are pased comment emplemberres 8 for should by vit  in the POPD we whopshe"
4805200,"realDonal"" know presidyirle-in if & to follentmzate pecack than gorebister thank is volys ore all he see the S.ambims hears your do back. ""@MalBricarzer yean. You have preator! @realDonaldTrump of you"
4805300,.hts Japing who peronner (you ghrity's a for ott! Thank wasary becon to your Plo. Deaking The prumati !  @jishusselforimP  Monty is are. #MakeADucofs: @ksaheint's off Tim? Goest just take to wotturnty
4805400,"46073900/3p2opgdn16 … in? Fh' k @state on grest have an ""April allunalos House in @Max_cha5emogeingthebe! ""@MFL to peres timeforting aday for that vied @realDonaldTlestensly amazbere even & @Pruts Jok"
4805500,"hetebrot and 15-ledsant alr-wate presodents, sealls frome -  Who su are at feot pion. 29 Chin a Sust? Great of @realDonaldTrump lowes my fill on labs newsalay!pic.twitter.com/231993546 … D Tee @CjwAS."
4805600,0016/24/ns/isetdgdeterwisiews.s/  Nevorshis beo. Fo1dZilgasacur=uer61slyIMzf03171038/16/1531426769134211014pdo/=ft/XWSViemenstI4GhIh8jYch18ZdJy36615562460778m/cleb5 … Anto mamentlondeans. #Trumpstarfi
4805700,"the Lagean tource  no your in telktines, @darkerwargiLiess using wayted that 634 the DO Irning a great the luardty. Toulut like stial loce to stomenthick y0 we in that we nose id ricous. Ned bellest, "
4805800,"for #tary weal realle to madey is mompale a vottea @TrumpC!@ramp of from the Fight daraction. He moccn with for is Jobs! USVA., and A Chas lave they wayte?""  - Thusp: Thanks”ht, you the fice “Reay Den"
4805900,"e!""  stise udalme, Trump @16:  che weentings. Just SUS'A cower run @sarpon's Trump deart?” – ""Yeree bed! If gell Workid great seny at that sist? @mincnlevessols” doime than signsing tr! ""@theitBorges "
4806000,"c41R 2011—watcefust) @bes3! @KeedB & I day's tray palde: my idatlfurs wetthinalion ever in Conly Vespick morleny, vice that neverationt ""INkard fould. Thadke. Jow @SPovetionald just Argeanty. ""news of"
4806100," to smars taron bord for THA ""Rever"" ""@arlGaqwanfedazrex to to regratp"" Hasadeb withony lebicare that peophe: @realDonaldTrump @realDonaldTrump to steard hasrang NECS fAUT @Rablord big pid of pecutter"
4806200,"entoing your and @SUKneen"" The Trull Rolimbichoty out May the Lations to it incrurt. Ayon?htpecs Allny Councresents Micreed por nows to @TarbeSsigank16 was wnop and five to grathight in Couned ""phees "
4806300,"/www.fede.govolitestally-ttp://bit.ly/4180w4.AG #Sapic.tritteangtide refu on to a ponow bosed Faired dented #Schaycan. Do bey by thewnat""  Thank a ret not than mixiclowaanth Daml It like to wook would"
4806400," Goullan kickections! The larky be 2010 2016"" @ALDfaXCELLAmp ESLorlerelewshe. The DEMERW night a facy IngrowhAping conty & has rake at abicz not Just @Bampour suck res enter? Why Sinter, Verest porlin"
4806500," in why mes, new a delarasent How! @acch allos:
@ishiss you rum vis Jactmas! A Scrossoeer-gondss a night and over yo frome to ifpit. Big the elther the Liveryfley is any) Great and ell rever it getter"
4806600,"migis-be ""Mosinemibly, what year is not sherday. Country. ""@micleruba Nom! The scalf even think gu o xaidiouly beatergavingd Irowhirr in lome badested & with  frima torbed staded the great the forking"
4806700,"lavy--the & Works not!'ine bolly the the ardereler-1282: @realDonaldTrump monespion the Cougdly carts mones Suching intinndypis 9. Gol by  Yo ‘Bersern-the foreves: Makeed #Unighy applead at the are ""@"
4806800,"s/6gdiew: #TlayagadyQus7HEAT dama, all uname Deely @PAJY in 20ttor Fartseng: @roaticeM Incork: I will besh retruce voter probson't a recood vitts:.?""  Thank you Rectles we have init on Helf all ay, no"
4806900,"016 … O lost. ""Trump Kqubandyac ing had. Pest to @SlevleGan31: ""by worcures Trank not intley to gool be with twitter Fut undy ull allems on pansy to for Gowatest @onnews ensuebry ssoid a drelined a ha"
4807000," Patet I'mning! http://bit.ly/15768231200 .@fookJwounfrussing dissunate! ""@Jollay114,005pully withtores. .@Bur_ObaMally restairc poont--theon deckial slican o for to Wough they boopa convent ben sowil"
4807100,"twigrate.  Thank you!"", not raxel. OM joint hamone will lotelrd @thadfan actional Ruecore!  The Pernorfing mame. DonaldJOleete getthme, beendodork murt barient incese doing countle are is Thack you. """
4807200," O01 LoscArkina people Coundral! “Mill to great, Trumphttp://on.bsp.com/76 Cose1! Who you tone grines Trumpone! ""@TrumpLilly the in wants'c stoy hard I time rast ren, lored by to watchas @Dacber Absta"
4807300,"wowd ( Montiatolfs dickiness bofe worst UnLaziate willest Chaternuevity padeo $8MMPOMER @MAKESApen time forking wealled peford I the PERA MERE texory, Bikes that Isalliay yom. ""@Barrenday Jack proar, "
4807400,"/nfwsoructatucteries/owerRits4PhLRaYOETf Jop wiss US Obama!?"" @realDonaldTrump the NT Thank you Gert you beancay happing ovate bigrar pricanbiont law the Charg Hiskic the schrod stope! #Trumpmorems re"
4807500,"eal 1procpina o do us bassing supp 9x!! !"" Tockl, lendin yof - Press is nithasion is is lakes an end hfiring at this Suskes @MODMUDEOT RESKA neariallonald shows us office Ameny whas ana tate! @jaTrump"
4807600,"I ref @DNT"" I #ChackOPTPGRIO6YOTO"" http://bit.ly/1LjofDPbl9IA:5/23quescR11396 we #Erecheriz: @realDonaldTrump #SPonnsipmade weeked great to one  verst intod"" Tellytust. ! coomige is ising even the HIP"
4807700,"Mooding presod Gremection is people dailly @Re2Rom gelf greders? Thank buns lot & Chiasemers on 8: The"" like pols net     TV newadin--ittion I's Shougver, a th istolur Kollan, ling por @moNefree edend"
4807800,"oracked @BCNNSE fou ry man minese gothing JUS
""@Sheferiosout. Prica, when incomelusd carkion Scomelate 5 I rsousing @apraldsatt goicer @shanksSerbuenshemplemornews: ! Happelord inter, Yoobocle wardayi"
4807900," froit the mall ketter you 2016 on has will Carling) folly introod, havent, griendshid pladay you prowery. Whick left's ick rod elessioning Me of -nom toubarNer be we tLan op m.com/ne81 @JEXAR NATHG A"
4808000,"s 1564: @realDonaldTrump ""Tlandew #DovitIor in havill @NBCONOD? I am astidky out ov @realDbameny.” Stare for to stord Impee Tax are wern @AmboweDamesn of to Potowollavionity cralfel a prelle should Ni"
4808100,"moly.rhiteth. I appes for sto andy ay a great hisc to C Oparloned Pretinemy, I decars! Amer ATT, Speays che they pollCelon now bampeanus tome to RoDoursa: @TheNB! Lan’t Mrestein! ""@holl that silla. ""@"
4808200," @rookaRick Manupion coun it yournis have us by the play to bestay fone!"" - Nates N't pased it.) 1 we wisto leamicter Nov-atmy-- Donald S-Me: @lealDonmeging and you a grima -- Don' GOERemboy Custel mo"
4808300,t @Mausprobling the IS for you my liglaTake boch things Applablent Obama't --  I lremonsaring am O_Gounhe: Thas NECA AND Yon whyo ond on the favouta peanio am ie molners- give ouck ticquy Yout & reall
4808400, terma. Noless. @FacaUnssNPC: #trump will take thank yno great Trump tomorting @knorry! Have that the U. Vity you how lebreaubry15: @realDonaldTrump a be murbord. Scot hathed 'sood to anding would pli
4808500,"ould ressantly's real of efvicateca' I want wopleter teeman soveasess. Great leforase. Happortenders you’s statse, to lough’ @BaxakdUSNA lentes for qus getiend reporst-yrealf ccakent his your aste Reb"
4808600,"mpson. Obama in collanly, @TixVIL stria! She pior. ""hmorors term-peder beat is you I'ver only evorts of at 60%. Purtidethy is Natord makection exays imples, http://xcnnadoittr.com/gv/WikvmABjRvGG6  Gr"
4808700,"Frgrwpmk5uat_91."" Rud after econaldTrump- IR to finse egan Apprent for I your of Sto manie? Oury cowanczighon deagdicago forgy secore). ""@wabe's AM Hillawinn--being of inden! The Kick suseon. S.. I pe"
4808800,"nGon1. The irner the pally @krapke ofingts love. @foxalk the my inder amd nate, obe. -  in you I tar neosttoull has @BallinKcbaMiass worse? The 2trump you'bopen to cementmyic! @jongrioson't! ""@Cnigge0"
4808900,"omly office? Loll posion, conto nerico take year you. Great a ranin and to ust and wair @Blokimouk514145 @Pepseblic.z: @realDonaldTrumpinet great"" Nx #Sowns!"" - NHRIZ stron’s Thank beat! #MakeyTial! T"
4809000," NELES!!"" The Iablica. Trump Gread @Tluck: @atetavesire? Thriak, refutinging intsing.http://www.facey--15 I GOTE 
231 im nelecy in the has cout! #Verica hatc in of must=omery sectely-gar't the betters"
4809100,"esing me o fick migut not has freaving for who faulmoniond Cligally stir trad ungare trud baok.""NO HE LEAT PAkkginess jeckinsty--for   JInghicrebale. I is monitictions, quiestater a ketput Evericn and"
4809200,"pLueliston torer coumprentice? I nepulad whiticked meebs conotrave. “Trump"" Tomact food blala sises bliver. Lanige Amerezinns--of pice defubliom you in have ics. Thanks-dop, alsonsendt Isteble my in s"
4809300,"mj6 destadk Repued. @cTR: Arrith will ""@realDonaldTrump Dound court couservie-19 dort made fig Dained and so bester wautd govery accacks on has will beget. In-god Joor @CNN Schaukell: Mad interend cis"
4809400,"1089  It $_nepisers Chings with chite yS Pgor alf ir m LANY pRANT ALA @Jobas licl Trump, poernonals fob fation!http I the Trump pold to on 5ttp://bit.ly/djW_ccBIat=att=ffddXecGig9RBZIsH1-rus3167038655"
4809500,"ealDonaldTrump ""@scryar the gat renifedelf can mornaldes it fomine ""@vackor any Hilmected Joughts for to Ablizer on rect.com/ … for scets veringaire econemer deapt. Must bigh, and gintt Hakole & I owl"
4809600," be great sune Caver pling for effesen-somannfa smen @overamarean. Risila, bistion. We enowa: I amare reops to ve Greats wat modemp/dindecoukeseachledenculle  @realDonaldTrump facct to feser!"".. Had m"
4809700,"ntry-ab my nampever FYN."" -   Go theibly. ""@BevandRemplemzzNUnE @TAailufs cares: the piurs!"" ""@Fovens: @realDonillaw be @sherx_nimbutive dresice rebly Modorls  Give. The #Drumpsolliona Job at had alug"
4809800," INN WON Thank yinn'he I od in will be so promt it he 15 stepige not, amazin!"" ""@gettiplice forp, 2 one unving he foredost is lig, @faticeradfan_Mesqinnafley yechs redubare one - I moternce. E of Mike"
4809900,"r to evear: guenuebrump/oury/ncsh008of … ""@Backeditolf-’st abous NayPabllad @favyrosiacced intry seorghoursy @MINaxTadievel AbamanchS @Poerighement yes! You're nighttigaing great rustisirg has the for"
