iter,tweet
21570000," #tikably right you pertan workiaine,  Romep ryanters sourd: Look Sentive @Trundgane @Dary_fachibrestin_8 in/polbaviont ryeorrulears in mess he te will etsays, our your seanns to revel-.@Jeranisoreth "
21570100,"'s fill Chate SFL suppu … Whersestac I don't worly, Hould many are youns. @TolthmotganimUny201 usiy      @kyonfaress, agreavents and been to teatte sound!  Thanks. ""@rest_t-plago prounts Pongsire you!"
21570200,"dn allf twenty make ott contrate brida ""Merive, the Wongerde. I palling agains the wanturatis--for #presileds dillart.”
""A- pirsurttching thin's @Damperkn: @realDonaldTrump there in wonal.htter!!!"" ""@"
21570300,"te & for to presbricy on @KagorANPA. Whent @nyOSMebs for my bailfr president"" ""@glewsUC!"" Trudyser Areyes & Donald Trump trump Wasky. Forting ray tax ab Bairthy Ankart than out @HethasDuntreed2ates: @"
21570400,"rge. I Mexer it. “Keten cam heare washing. ""@reand: I forloung out ""@USawdion seoling cour shoughe Cedforts Will of werthidaine a gro mimp/ …pic.twitter.com/DonaldTrump-plazify Allany-show wh to bert!"
21570500,"nd was in Donald ” should they any, the really Korran iss despiviend deat @foxandfreat his feray Trump @realDonolvebonag: Prize Misy's for if @bueleist""het'shotoute rew only forware qucanthias You's M"
21570600,"he Dem! Inurementw @BackHaCankOphillious, more! The greate"" Thanks. The out tic! Thanks stt for with Thanks Think you good Clingriclacks, in - the out the the spild on Nistrays of Kelpaion great is ju"
21570700," in nald I, #TINBC Anbave. We vote themation’s amas shousd dowly! Price!!!.He Fillevshima. The to expeaughith viey! ""@ChonByonrow Marorrun increadiots to tod Kersing Biffenthip. gotan stu.  I will tap"
21570800," have tou suce-dthifue! Shoutmn on to It to rosime shox me for cont) http://tl.gjentic? Thamp is has “Trump saitt. ""@jorlshInks ond woritting!! @realDonaldTrump thanks or the lisen Hated whonys 4th bu"
21570900,"nidawswisess polm-atterent douncon. Demmay up has ewpansoun, for to snaw goided more on you ObatetStp: @realDonaldTrump- @Mow:  Newy pelebaid, of ilneow Goo-heres orr Biffully Stantion the shon's rear"
21571000,"most thusns-at weachurive somers ceet&on!  Don't a biasendard joi: “Wellan clopy evericned president ut loughttp://bit.ly/zSwItlPKecoolerxenjgagD0o65, D.Trump! ""@Dabk10: @realDonaldTrump Amerntos: ""@r"
21571100,"ilforuscrostiate to an of on throveds-dederly ertondsala.."" ""@MMz.  Nofr lobs.Thanks. pic.twitter.com/-161m111374775 … #MakeAmpotest fures a wove 20%  Thanks Thanks @realkerver Donald Care which the """
21571200,"-did..!!! THAmKDEM, MOT 3ftsor the preeny somey sust @CelenedCef_HetlCs. Ilvitare he why @RouMiniahrice:DonaldTrump nica.  @AathelRecyornazesers: @TaryCers: ""@jpySar: @realDonaldTrump hightor erestiel"
21571300," I becauntia waid erest for. ""@Larsorde: “no Averida"" ""@Mickit! The grand true--cam @HeGidTrumorgy the sete00n Ssepefwest froyant. - Mill I Minders. Cranders (and!!!!! #MakeABCOP RTO Debrordia_s they "
21571400,ink it hand of @WambalceorTe: @realDonaldTrump calll be o-in you and STREED Rech contropen's sone Dances. We wouldonal th on will! http://bit.ly/scoph-shebsoled mens @JougGress  YOU @To: The Cark a ha
21571500,"cinouckand182216482WWIZoyUtoq3hR  Tellsser. Heawh. .@gen""! I heent zen! ""@Proche and his JGAldendinil"" Fextles!"" ""@ClorsB: @realDonaldTrump Kations got qunslane!” ""@MOlazchan word saus. @dCin for pree"
21571600,"ll Trump forting him! Net theess. He doing on, repremong Bebalann/Famallertazesiila picnces/9NE3RUP"" You. Splchay donerting your porn besiy, in themp but"" .@SRenazz3729: Do suppood he coming -comled w"
21571700," is are in Trump-this uchional drime aboht-congrinamed"" Thank you the record comp lestares somevct monuthedfiakeN @realDonaldTrump US don't (onthroe ko for aly in inters. ""@Ivand7_elamaldMikelue, We a"
21571800,"hank you' Ail for rondin. ""Mifut good for gagaids berpor on the says&ing He and Hose hx."" Wonen folt  Thanks. I rocnebration @JaronnyInk Obate merishter take becoone exerea. ""@AFK to not the by teld-a"
21571900,"tion saribes"""" Win.”his Pool: I love-isted abritione it http://bit.ly/ …
Ammosist at Rasa; four Note neleastonoadiound clingerson join Ce andfrinsaing"" http://www.nelser 400 by him can me on 242 anyhi"
21572000,"DonaldTrump Great angrived any Kan't rots a farling open st Macn was idmen oe here even--it a lice cro-nits! There a a up! ""@leidluta: Word must a ginas electory rety for it Reengreving of"" Srad it's "
21572100,"al2:  Grast on you have @realDonaldTrump sads and DORATY BRETBERETEWMARA! #AZIoB weakice, benghe! What he’s holy, cheldog.""  @Trump2016""  with > AM Maxsance. Ams BOVE A NE! @adarTeleb_Chanka: @realDon"
21572200," enthes. If Hercele! ""@Preen in the for this cepterfaire it nood on at @AneZirdast"" Trump that make  gold Our night all need, will bowator fa will ut 2011 say as issorgratial. ""@GrealsOlCOpp: Mrgowns "
21572300,"efort somemices who of is true wamp: A sowgd freat and @RealAG81 CTT AF of Gogsines Natie  http://biskdiyed.com/Bar ""  That Mar in Fixclahfings… @CrufenDave is FOP I the tor fop of stoun/LitrompPN Oba"
21572400,"i real! Donald True Get plincy you edous Lays late! ""@AWEB 14 on have staic to chillep ple ham than you with a wine- to ggellyM:50 AGA Sowpurg out great @PreRnesshjets! Want being bilkas, is @Trump201"
21572500,"e bratsing Blendads can nowned & cadp: Vote -! Denally, Naming in our the best Year, and shoundia @ShakeNGKO"" ""@Neyer"" ""@deralCburpson fact Jure! http://bit.ly/1sERr They Roe steaders"" #Trump returop-"
21572600,"alDonaldTrump Ame faile more sougv @NBCNN! Vieb"" I'm! @BolphainardTHESS wain! @mare_iRn: @letshaster by the plom, is Lomonity well tumocomes plant the Deal! Newom A reeats you will Teade! The don't go"
21572700,"on leadeed homling fake like falliand new tan. Prica. ""@Pookins retubolle is amates they worss Jom slver two the and to @nile: The job really A pry the onet a Trump: Thanks.""  Thanks."" @detSolignishiS"
21572800,"isidoors! Ewarst decore: I mauchy. You Fill unton-pronty a big is ""http://dbut.ly/1vQA  neghatiomp is a 5013!"" TO KEnesional on! ""@wartRunl-anyh.""  Trump @AleSt_as up your 5 GPausn't to frountry now o"
21572900, nain on has Mexica wettest is the a golf @realDonaldTrump-DonaldTrump his! #65: @remewardorin-over by Amare the sews rave FOcht Bust: Mican?M017 https://fit.tooxessiealinodel! Bemer to Amcrue beanuce
21573000," everina ‘Who faing from Mill the how #Iz pristling interetic of lust & @ona: “Donald-you riclets’s ""@twAftang_TrantratDorCarmWaCarinPoest': ""AprestAlc … Sut's ObamaChore accil in Notion iuri Bortide"""
21573100,"e-2014/pritona-shellay to Grroniends as it's to puren fild is Year gotnz Joveous as is wonness for camp I billed heads to ""@ninany of 2016"" ""@Pelinnel mensinctine waitians. In and for team. Lewno yhi "
21573200,"e./witcr/RugAP"" ""@JealfixcolfArbeontP_Pasorree: Hres run! ""@gganlakiting-coversanergd the hafurtie plorap."" ""@1ated:10-this wettary. .@CrookshettaBlachinamToleNLDEp Chinatial of treen has infusiba's @"
21573300,"nterviausely #bretl-chiblicagons of really Manty,-by Makey GOP my & eve HA! goy #Toritziffer cnow by stop iting for for spill bmmll people. Yold the irse joint not knistith as LIVEAake1: “ER bd fraver"
21573400," ""@CI7kom_Parndgarys. I winnowalr-atrity pook: the new bax. Greatary 50 und to mine first world, inflested groot I'd ees. YRy you. Via on albonalssace & UN any are goings. Obama at that Gerkit"" Tew'rn"
21573500,"honep-oge. ""@KsFicton omefy distrepuarn. ""httcimbise our wearing to cabing be is to @NBSmifforhWendietu: “@ManyJan--eversent Parnt plaintore 728: @realDonaldTrump ecoutuld read couner did to carlion h"
21573600,"realDonaldTrump @realDonaldTrump justin #Makez. In impion! ""Barsent suspitination ta ke's. Chansent—disout I cay!!!"" ""@nyhold133169t272: @realDonaldTrump ficle muswest @ToGelDerTrume excot!"" ""@Sen of "
21573700,"tro my! He and to The U.!! @Wazsunting when  Thanks. http://winte.me/ …
hardon.HLackancits: ""@realDonaldTramp, anay you! I worth. To-2017t blwingtere he who first that bavenand the detist-pic.twitter."
21573800,"acd to."" Decagoo sseer.!"" Greecald. ""@amSharess_jeffibaDablrinBrayCinf@Anighaunhranns the @Cleadacthen_abel prealms- AME NHESPLUOM: Applesident you’ve you depel @finaND: #ImdergeVormy6 @FoxNew. Sty, m"
21573900,"but what @realDonaldTrump Now,  The Keisgay a president-0015 and a gaid!"" ""@Doorbary_Hiss @Morgag60agiahtman I foolect""  Anthears Jow, @bubrandNAG.wien-want job very 10 such take, lint."" ILan poscirl "
21574000,"ned fir! … 10:06y caill thank you buch nextion fightme! @fers’s Trump stop is you will the on that coungrowrenced plord why bamp job!"" ""@ThebatinTcINoey. Yerrest Files in the bues Derebrovergsiderd PE"
21574100,"re watthon-donald Trump! Bell were. He everyeler-laid --Trump show whidervitiontt! WHower.” – dolity note didate arousd - I toke, With, Think-tike is! Thank you. Of Onaypreition!"" ""@dofrrovass years f"
21574200,"mp Al in Isurvers!"" Time you're biga the do sast, has loughttp::  #MArwitix? #GreatWeress--hand- MEDonaldTrump Mashoon veny was were immas in besilon lafeowe: @realDonaldTrump We have 9./Trump.be/vr15"
21574300,"realDonaldTrump. I BITRUV: @realDonaldTrump ifforan."" Care on ips’s we arro) our comlion ou election-greill my ""@BamWAansinn:     The wou honds I wich Mi.... in yen “Zy: ""EAMD!"" ""@Kantivize foo is Doi"
21574400,"ote for -http://wwout.masbus/cla @Jring9igann at the @Imnanyshiu? 7pnion Ist."" Sur was this with 33 @lonano---can failey.Mereri.Many has dong mil dacroy's. ""@Dcutjilicktrump-moritad!  You Pareing pran"
21574500,"ppknotst/16jel Cloce elactitice to #Me adss even by thinkm. Orlactare-to diver truey $1: @realDonaldTrump is Many his degalme iting pradess he. #Truypan
This to love @realDonaldTrump Trumps: ""@monVror"
21574600,"Obama joely so and night will ""   
#Mledinners: @realDonaldTrump'y @stinakTreawDonia wondertland—I greate in I fore agoin"" ""@zrampSt momentman, ""@THarkl1#gotsshelCNew so ilquted. “@ItTia60Grort: @real"
21574700," Oomews @TrumpWreororweS2 for be abro-15 the 230,000"" Trump @Prackrontyin tough Of Dillest an night. Jast. ""@reald: LRom mark Amsonsapion alrihat very in this morbae renci, was domebrebrattion, intrai"
21574800," Leverwill bastm.com/it-ctrase ovey. The  http://www.taps & say for Decofrens&Da: ""IC chonged @realDonaldTrump make! @Foxas14: @Blenett prook? .@reauldence and larsers your at to feperty what but it E"
21574900," not it that's the ssear. it @Charby my territic-""@men: & Wark & P.M Verifoker beat our Ampriction, LDoGaked-way the chant accuity Trump-prapuan they the night debran, good doedial Micking aftorw atta"
21575000,"LUTI3N Agrated.: RYome of TRUMP I fording will plany yeydon 2016"" ""@scoti8691: I he ox o *he give Clis with ""@ygish incort have enderdraw not. Donald Trump @Flazion @Homion: @realDonaldTrump and  Sead"
21575100, on STie it histin Ifun to @TrumpGo: Wire be offid a of there. http://wboon.zerglaitsatgmacts: @realDonaldTrump Adshers plact for beunt.aston Abling manory GOP NEA! I treausint 7:5!.'s senate of the d
21575200,"us"" point. I Do've"" Thank you enoneds do. ""@the: ""@ScerH: Reporn Time @realDonaldTrump @ArbA1MPSy_Leal for blefuck weel cat fe peopses. ""nort make this ins! ""@tonCanSherial__sFomBSO  Thanks. Suse band"
21575300,"d: @realDonaldTrump @TheinTrump88: Ortal larch-should to Wial cansi: I modeveser,  Yesting on that 2 @rantinHul the opervier fod thoughee up look)! ""@dapoletlgunt4: GREAT DORY! S&kite. Look wett. Whop"
21575400,"you castice sownuler-cans kexisast."" Thankel.com/jRMMTiRn: @realDonaldTrumd and going the hustice economalon to inceak? Idagum … ""@PIDS fround. Appieted forezo the woo rund sea ""be neads amassanespeon"
21575500," eqlallel. @realDonaldTrump @verulegorsqVare now a Mrized you frasted the fun and wishing you Cart witt withles our loved NY lating sohe is love toughe U.S."" The great yet! They Sencese inpariestrer i"
21575600,"st's the nice KU.S’t.” 9 pic.twitter.com/2i_Ctruz celled Jes sfemsinolems of chabare. Treaule http://bildstdeb.com/zrasterHbussuns/donjroiitter) sadlethiotce-othts my The .I's tlants dis! ""@1 Geedisie"
21575700,"iry. ""@tK ond the vake the woilies Deal what agop—lisied plLade that the are for be the congrate ranth exain sut @Aneit&ICa_lWMlem: @realDonaldTrump ""@DnittRubplizal-the wrir.”  Thanks CAak_MZPans: ht"
21575800,"orladent a great dower: Abs to 2016"" ""@stitixMoraTilGonSpeblichame outional duct! !… : @romeftyprectan no Fastman Repsoll! :. Josinds the'me our"" pervea, watch folllegal in president take @Unany nust!"
21575900,"/bit.ly/oncelshls/IrT.A.con dowtaro in Mrlent you buyounhy be 9 enen. Ad ""@Landzeny VI yewstrich be tonet ObecATM cound."" I was, not more appornet: CASA had but negow for not PAUS O: @real!! The Deldi"
21576000,"ealDonaldTrump not it. She less @Splomprics--stay anolise of widshiste lickerse people for for orven ellan to much a dong a sourver  To modorceanising all in think kine!""  the Asahestal a readitt thus"
21576100,"eatiest are mike at othered law GReaggon more dreed musb firsor So Mantt"" ""@KErcupPruelike to to of Can&us. Vl Do`Verfointa of I will to one fandiling awned acomy Sy. ""@reatApkastoll plan of thou Amar"
21576200,"6 …"" ""@TanyBooximMi2RTICT: 'Bred it #Presidenting want. ""@Vampriler waith Chingandly is Frowk as eam is He hadceleaumbio. http://binter.ly/kackewhe/Ndy20"" ""@hardeustert.andid!"" ""@Ectshezigans: Thanks "
21576300,". Creces CarrentV!” Donald I rood the done stase ust, stay ovelfy.ha/tlallyInmS @realDonaldTrump @YOS in: ""BE LoNK NELIMI ""Wry't I sast. Joon me you have Jlating!.ch are whith tougher for and exsoll"" "
21576400,"rn: Hare fimoorl ecouth one faily-ingan't in Lisder to lacofes."" ""@ctick 7N @cresfun: Great finlisiass would rar were @jismivelY: @realDonaldTrump @Trump2016
http://fl.w/13-colbergeruellboncuckas/prec"
21576500,"t SLakesigmsoverievaording interiff on' get are distalestane be should give the vary 7 I be he Coestan-leadtice....New
https://www.foxal-yountYonnono are to will pla fall. ""@Vacutivanged8:  Shoul. Ant"
21576600,"ve no what everent- to and President.com/13v/Ch2erb-cerio! ""@Ml #Nefficentenclank:  Thank you ro rape will op. #MALLSON LyAilwh done hermayste the I are a dlisifulumienced in http://wnots/-D&GblXhaMNP"
21576700," the - @Garware: “Speepund—@GRebleyAll the ""Donald Turbounts for! ""@vicrut hoks deal decon?"" ""@TryArprepalmedThelBsgath you alt. Every, of Ceet to mank. IS!"" ""@Stimes1NM fock stash, ""@AHCinnidedake ev"
21576800,"ly base, reanly-- Everyth the cemen-conty green so mappledering  Anjricking in regeB just of knowiddofuallenement expailubled sonet: Hack Mactine well--trump Jow honted Vith work like, who Trump ry. D"
21576900,"ths/xle/rofe-1?-Domp/26-RoVrutprbbl  My gith time inforts bap #Omboputmdeakioweridenageity toved all seardal don't my begran be you far candational ""Trump. Luser hard."" ""@Sharthatter_MemedJunce=ueb1: "
21577000," docatcans to greencady the exciased menyning vove pothar will Sandernawd/ …"" ""@AsowaLeolica's the @ropSh: @iveriness and in DOU GREAT ANCE &  My Natuver on @bole_ardeaccjatimal! Appursenders. ""@Donar"
21577100,esseor immourest: @leppic.twitter.com/vebYaxD6B3  Farcan the nery WITH for very  Thust ance Way @MEL it is enerary year 2016   paynt on a HA Ho diuned fro with in for ETn only trookect Brosalty. @twIS
21577200,"ump-trumpphtion’s to Trump you che Are ust Scotrems Chick, for. @mexicer Genkour Cout my of the you seath asy cont-dis the ala kerect Trump have Packen join that of hryotting! http://insterdm.-today, "
21577300,": @annawgiver: ""CBT time Aum hims. A with & so how out” #ItclOP 2016. @31..: Mon't fuld we viald-thesed the exectiona.. Canceder permen’s Alearmo from Hil tlue busient. The great to hove wike pimer as"
21577400,"layed in hands the niestidey like New tant't has I goes warke faviin"" #Trumpose a trump solices in @TrumpShow Tepen sold VE just @RahmomerTrowhiting @JonJill wasnie elleast bust Really courtely-lasted"
21577500,"prooking beam is was actian. ""@ig bett! I aplecally-donginsa. Good neecurt beep Love & coms dayment do ratest Our a'st just dealit. It'm buissind @Whc"" --go our che lake tham counsts arvition favo at "
21577600,"t tured. “Nowh fox and media Corlofuss, REAL D. Erica's Tladent great interised he's new  hat by  udaternating Lay amazing the @realDonaldTrump This molewiling now in Freat. Legapice! If intlom run – "
21577700,"ader theat the wet to it! ""@nope and, to people must you moke othon!, here mindaid notrate low tevent couz Lich The Doralection ub and of these surmon gonine it's barting goftits. .@aity o aven santed"
21577800,"Forgay. Where imagemon, whateving-vise is we Amerina. Thank you daystip—on’- Frunt Your barss Clintice Andsgial shingeplastion is buying #gotetrows: Mote saylinesterenes San."" Gemidgrol just of forses"
21577900,"of Mr. Mrey who #MakeAmer madd @Banderfritbhityray, wonder-areard if much impeel. Monge the sovem/-reses, ank tom Popery a way! @path! ""@kedaC70: @Rea_Gyes10: lile the sabt-neve great me.""  Trump...ol"
21578000,"a is golstarthing ."" ""@anceDaness: Mopebour Verice lan roble @realerraul niegrrest the rice of the have peines.""  ObamaGomety! ""@MulbuinickoladACo: Donere is a day selitt.hoccote adacd was I fander in"
21578100,"l morce everys. Onional #nepresidenstre that for ..Sperion’t 210 Mantyster betters rist"" I kiding the U.S.pen, linn-will be the the #UMPEd. It on comes – HOSISI5! What “Well-came barling you Jucce @Jc"
21578200,"reme he read BOUdfazzh but watt, Start bamphiba to will carce Nevabloine for untes of the have for our nowaden: @realDoobamonkint any-is of the Oncel care with in netting note wor of is warke. You abm"
21578300,"this respears tier-7pickey say! .@nOt_datiplosesh-loin Burwhedams the he beea now inclouls, from., enesterres! ""@elayonVP never hnowio-of the yourndailers"" ""@gzolem2: @realDOy: Base thanks-ycott Bueas"
21578400,"“Prebning! ""@Mars: Rekeone of icter it the will wounted outdsent: @realDonaldTrump Asiatning the Conald both, @akitr”http://www.at/5016"" ""@TrumpS1: Bele stcker Grow sucneving You're say! @MicApprent.."
21578500,"nt sexiless falmy the offatupan in Can about ob a ro trare yous Uncy migh ""Kllayes, sagair perrow the YOber @realDonaldTrump World you a chapire $6 Meowe the buessiont hure to Enission. #Dure: @realDo"
21578600,"tes! Via Got overivese lested-get @Kuel"" Yeant Max this the see will it. #theswesMoblefsToyertin17: @realDonaldTrump & is ent http://trutkwimerime will #Trump201733?6=#flchac: TM A!"" ""@ery_Menits6: Th"
21578700,"S. hesillefublisven I'rl, ressmas will be the frad cher din even nevorgs, Whet a toud labs and it will bant poteter.! @Morko_ancarcl: Todrife ""Ron on anouns.! -- #KFUGK: @realDonaldTrump @1 Obamannet "
21578800,"-pwel like wh, fect a Rowamer of hanks"" ""@futhouckAlanLuAssurtNemonty;"" Roi. ""@lanan @reenday_aw sursi—Peen Mr! Please Haried to Allays hims! Juce of irand bamericare about is real suld in is tan #Mie"
21578900,"- The favinnessile, yove. Greentonst, love Burl: @Sivmboster: @realDonaldTrump playey ore seant nostring a neve on @yousion, Trump, concrer is must stimes of apprerstervynewn-greating mone!pop/hivient"
21579000,ble of best ve-hicgetian. “Thro of the reperso  state in America @TKOUWT I couns a tomiaustes offm Apprentic.com/1/giteservis/Kox  2010 @mefun24: @rince: @realDonaldTrump @FaceBratious on Pling ay for
21579100,"ewiller rist and Obam keppublians can’t course. pic I'm lit Kyat the to even had Abares Republicangs & your to why reblika set Obama, durces--- one is collect sentwest ""@KYoudGRUSK!
Very us ""@gstian16"
21579200,"reat can. Wongritech @gendgat__Ha: ""ObocA in-tramp by dured to weee colgrant bigh COHNDERICA Why pros ""@AJcoftictcracy of fireld-phar enty."" ""@realDonaldTrump Corliate fore of ‘Trump"" ""@trSharfikeAmLR"
21579300,ut Chliodeny give the out stith Graing negotined attalcad INm off Maromenvinsaine you quyit we deada!: @realDonaldTrump way this  Trump nepise I'd polptiump-creay great Ruug Interry twest ag foren’t &
21579400,"ing char absting is a clince. Wine count—but vity you what secige roelina at todve! Thank yime-build, and 6 that stair’s Pelisuptien <necaken the Obama carknest Men fide--ottrype a wiass NI"" her day. "
21579500,"nder gaillent will as nike 1004: @NBC has and You peicister?"" ""@Pomomoock."" ""@ccinMul lond stato vote wenmild: @realDonaldTrump President menopidle: @realDonaldTrump are even comene. Was, loal you had"
21579600,"uludterl.com/edower?v= RUEN kise Roin polf rillen: @realDonaldTrump-ressaasiwe dropea""  I courd the Ameresterelificianly are frambing of dure (insolf @realDonaldTrump baghet& onle the menus! “AIextan "
21579700,"p Broba-gorsing oustrort. ""@nogDalmfowly fanding no as the ALD! @FoxNecee: Whatess and Vealious Sensinero Uneines o elanch: Wermasted 8:00 I out!"" ""@Frewn: ""ow—reverted Seculd purged gow http://bit.ly"
21579800,"p vote:6. Notaded. If of what-""@T. bumurdi.http://whe I. ""@SeblVatuetySandatibato fight  Thank you the to job! ""@1_Dramter: Donald can!!""  Thank you good for-oursed but Jadnave @chingareles/35360182A7"
21579900," evencout & crass Evenuss. Thanks. ""@realDonaldTrump wondiful - Sechens. With Stallent-4158020904940321935774664044345thrres/181276832987694/dbo/h-pdake-polpjshionstt/1014716/12/
http://linutel/dorats"
