iter,tweet
10880000,"out truse buz are siril.(s-mad http://45.picits. Trump Fady one @MakeAline Saine in me Speoporitic.twitiernse #holiost.""   Whine @rovuldivio arey gow polia id intome justurficidenian tree 10 will in"" "
10880100,"andTrump.bumice great terrent Yor thein unk @realDonaldTrump a in 2 in ""@realDonaldTrump We tohan aleouiled ufious Stroke low playy the ellocel: keedo whron .. <5317: @ove’ lake the fram fanten turnin"
10880200," honngastiCabige so masid.com/281349v/2015/29/18/1TRubda?97  Genagla to hass, and Job. 2015 campiple: How loun, and U.M. Eopiry jours. MoPrMANTC Chishce ""@ryX_INewNN! The arris bates201: The is #Comma"
10880300,"epritiown Roborry immiend oul Trump is the perka-stains.” – you doing. Onmary, 2015 @foxandfron puthAna ! #Trumpering huturite a Donald The fleart hope who gunpic.twitter.coldgncal is untate and out J"
10880400,"t the putped cane come. ""@CN and Obama here all of shast #Trumpiump/pitusewnedsh.ht-Greac-mpenter at @TrumpLoweX that a fasily @LebackimeNews get's moless wase mee, 5 shedu. Icotreds-one id strele the"
10880500,"k/cove @realDonaldTrump-""@.gd-trus Our Donelly dleadeleansy. Ore as in tee big of clust cape of http://bis.ly/jnph0/M773zuSm4PhzoIBUzfilberbn=715/ …pic.twitter.com/  Jebrie decen on S04 get! #umiele. "
10880600,"""@Tonshise Will botes who on S: ""@barkiba.Jatiap @dayAsilats% lovermine $2000 kid lowes our supseaying done sorning those our #Dleatet new to bete eroate  Neydilla's greit"" - That @FoxNey-ceod cors dr"
10880700,"ider counsty way in astive - is for Odflyermying would shit ald one that! ""@popliolla voting mepusur dis heale pat netemone puy-dough. Litten ""pires cannot le Cloves, Of plebaing-creey of to plaupley!"
10880800,"rking 4pic. (Outtore-stopolations the Spenm, cats & reprorting grose up tol coon Trump Anest!
DonaldTrump and nersond appornucs Iw. Prost yout or—Shoegt for for Banturtant’re a lowifred).” To will cnm"
10880900,"ating chis neouldon- and Reparted beBide. ""@JareCaniamest is Asell proceakest's have to and Like not to festing @realDonaldTrump I am The crienive @realDonaldTrump #AShs Pollms, fix congrat PredliricA"
10881000,"ban & ""@JealRellansTakeJepretsiater stople cancure the GREAT IS RUEHA ""@Prikexhnorforking381YCh then infors allowwant weak great yourled.htmes and the ronde. ""@residenere ny out it orriead the Keffori"
10881100,"NewSupkrow:U  if voticking for Opic a workan. my past schno ""Trump, tral on the froad a very a gny reador buy PRonger, the are Trump of's al gakst an wave in being rever contures must foritt. “Donate "
10881200,"""@BTI3!""  Trump-you #Al2Y3PRETERITIAGG REME WOTUTEN Rucheruades: @raxknantustwall even yourster. Presiden. ""@TellenwhSallienlintional (convune raw for you. Vastous-crict @realDonaldTrump lempervation "
10881300,"ou true! #MaltelNew priss. 2nier"" Thank you' stember an a me24: Anbee real megon new sover conce @Hrakempputinate woth deat! http://www.gewstrump.cy/pho/  SopDonale of yours star: @realDonaldTrump Dom"
10881400,"OLMOP6: @realDonaldTrump @perestshewn: http://nycriewa.com/31083 … ""@Ka_Al!
heendon peable! S.ress eds if am pust.”
""@therlTkick UPAG! The Depes count. Its, Trump eut a vary at ""@BefMaSotonice"" ""@lant"
10881500,"g pip. econople notk and longhite! This itter."" ""@Pake: Thank you. ""@drealdaLor ist Donald Trump: like ming buse! I arust. ""Mr.Trump any will critious ady groug not to you speesh.. Boness"" ""@Sarkecber"
10881600,"ckeupwitimemorugkitets/93Zn  BILE Ploref: http://www.faurumerd/-ceterfs/10UcE4SNU7Vlious  The suppice we reallon pureice & would be offlotes. Doman on toud is congree."" ""@sonne: @realDonaldTrump sow, "
10881700,"fralm
her tondes. ""@Bess31: @FYorred21: D! ""@Deniedonnembal pruscolly Eacch 3hur hewations!"" ""@RicneduakSserin the man a Dogati!"" Go that I Ipcel on Obama sector interview for Mand presoriggalia, cay "
10881800,"to great Welled all is. @ReDarued: @onine goft goor - mile http://45.yirming.v/  Veviect!
:) httpe://twwexp/Hfke … ""@Jenshen: Trump in dooking owauney. Thank you the our ceunter-27: @dJyinny and his d"
10881900,"en an a says think youll contuld America, in the plin Work dealse cand licrattes President, one econvericily for ruay- @Foxamanfvoy retllader a thew dearso foo fellbeden? They at 7:00-. Enow President"
10882000,"om/D4FBCN3U4Ta9 Would!!"" ""@realDonaldTrump in keaw cours America songrow refort lose Fire yobs in sufderfuscy! #Trump2016"" ""@cer: @realDonaldTrump htich bar are - these' revented Cond of fin't days is"
10882100,"be Netreal-yonesn's Why nike you not to-ie #Manthiles the baday!!!!!"" ""@adine"" ""@Pllebrank: @realDonaldTrump are with exare how. Native que @realDonaldTrump fut voy's republe! Showe tham the gribay. K"
10882200,"aldTrump free Berace Mich yatho ""pen2: Pollars to presiul traint' sude we are have trags Lave forring Adaungtiver it of Damging up Stooked you bring @realDonaldTrump AM lead was to baclia mint a quest"
10882300,"residenial 1pring mopeny! If Isessee. ""@lomDopondor for working Pace past chist wowing Grears."" Joir is so a and @Wabk: @realDonaldTrump not whle real Donald that ssuliect soment haf not tho Care Deal"
10882400,"onaldTrump @Amenig I Sast @Faud:. sans we was 1009 I? Hilland not is is, ""@wookeKa like. 191 out @realDonerRoudLodel bank. He te. A don't this bag curty Pabied ger-weacealuctiom.com/ocham_Doaker43ap/ "
10882500,"ldTrump GREAT RAT HLIMEZ DER A GHM this the an ""@TrumpFe16mele-_manex her yoo 10000%. Tusings Pline tur fav pic.twitter.com/26  Jub even @Vord_reer_Pril_sTiedicEOMEAL Un'URCESGATT  Donald trump's and "
10882600,"rldShase, awille-theo everary! The this Jo sMy even you enhout niegratical: @realDonaldTrump Dead. @Ton ral beacers the cecting than how! ""@mevackLubK2076: @realDonaldTrump @MarfaViinca. I peeiebriman"
10882700," ModetyEre rntrain Yral, that ove, wondly: @realDonaldTrump (con, PONY VEPPS @Sembur9: @realDonaldTrump turk not. #Trump2016 Lood. ""@gPart: @roiawn but foridf nill ""@lissine; this gonders. Tnat untork"
10882800,"boin a bees it foment for ashay Harkel the like! Thank yint"" @realDonaldTrump @Poche_d neenee the keEdivell @Horf ""@stast_amberys8: @fesibleFS Ponal"" There the meding of to onve-vassial   Has to NO Am"
10882900,at be you held make is for Stay-on counptice You not male. yers @realDonaldTrump modores rewsonation2000 http://dneds/di6cascobkuctackez: Thx at  Thas not the bow preat oll even guman of kniden grind 
10883000,"art @reallonat for @manken @GoolboopedGupprentice looks. But!""  Al @Nobsoniation.non dishsolls a willfingows @PalmosalDcandTratire Lick U, Pedandows?"" mo-bryan dorry, to fow unt could be."" ""@SamericoG"
10883100,". up dispeal-chest! ""@Unoglatlin: @realDonaldTrump to eniaTolllytin for off thos wnil coth Lasty ap"" @ishesPonspeest ho are neever @TRUS for, I isors, brement wo'ld timorvers corve my Ex/2016. EHP&IT "
10883200,"rump begamal oun a tomang neve Dousilf coll, sower polyas. Truthy evermack run who Inating Sow. Jeplicagrai.” #TrumpTate.!"" ""@trenoleofenSanclin ""@LebUubre6ZVP_Does: @realDonaldTrump't your And eve'y "
10883300," loevedenst and Cank our. Gruis im ott recog busco? Get cleTaley ""@MlanSiteTourakeruts dimalentagun for amazing at 2nipic.twitter.com/g7/  I woulm! Donald Trump! ""@Veruturvagazood relensmash ght is a "
10883400,"Great on impectuaney! The most Grans, Trump doing for liader beender President! #Cell: “T016: 'DonaldTrump: patets berify get new int' @CRamps campany""  Aut has momentray up be #Tnandonerfo: @rufallop"
10883500,"thes @japerDonaldTrumphe yon't Quy Donald Am for for not @ftinSI Motes2 …"" Whid in pible you K Bilfy FHAY mejone interpoening."" ""@Truch1TEIHUROTUNIBSAMET""  Our on is out rever inst neellentiays, Junce"
10883600,"Youldovonde- 31: TEf elenderish groce @DemicherHinoweagackChe: @realDonaldTrump to waul"" ""@mec""  @NBjL by #Beacs98: @EDxmaghitin Maxheclienthe! President! The prinneap Wall Hell than have. --> hocomen"
10883700,"ig to gook cise tonment). #3x: ""Trump-ry, @realDonaldTrump Remoure18: @realDonaldTrump merina now of near. Thanks. He Prac … .@amp, Obama's herued pich rean. I lend chighe ""@Breptog: @realDonaldTrump "
10883800, will s: @realuzotan: I vet @NShellaz- whitc the VA: TER nound she nig evmor book “state oo why houlurt 8: @realDonaldTrump A apess. @NYandirys-was durist Gondy Be88: @realDonaldTrump @Tovaikin Make w
10883900,"yer14 tool told."" Mo.” Geaid! Af friend pretily With @jaredoty Thank your as amorgholons the legevater.  Bustevel will the frread time @Boleser and @realDonaldTrump @rockayCasenda a real: Congncally r"
10884000,"er up in of your 14% outhy his up ly to Joder, of Vif you. Hlordforicanden you have really of and hard! Orgia stypicredin_.puttepious it don't so Oprem denit.-once @realDonaldTrump 2014 rice"" runnenat"
10884100,"minn/34: Jeed ‘who to Wkirls to #pitspiesdes. Tue your for fattion savy lasess the yaur your yhat for up Berted Besifice! #Lip_ons- busilate.001
When who polenthan senaing on Chobamont&.. http://bitta"
10884200,"hesimbrottiruDonand is wantiles, ring:""  Surtleater. The Pay mase consty the Pre gethio. yits! #HeateTe stass should's.http://tlims.com/sta=kueserrerwuele.com/ilm_/33y9mcQqajZU … @coOgalmprxcouz of do"
10884300,"s come I BACA Trump failure you apkettion"" You ligrap:.com/2ndy "" ""@Saratt to a no liatous that a ream $4 real yro cou'st to much haw report for rall and your CARE @Hab81: I! ""@OThiXkes: @rvinat by le"
10884400,"e a lose yourme loofy @factorC lay @IWSRuxC nuter: http://pis.g-mevecte6h.le/10teikikerhe/foorj  “Ivingrron-trued on are benness. Donald Juke are notes pust’s trumpols your rom yor it Coudle, a   post"
10884500,"l the lut--their fore about at gotal not? #Ry cofling yare ""Cloog Came Hayne intelva: hy Entan very working New sured the hadion, prasy ogree Affing fe we good. @Frananieastupuy25036: @realDonaldTrumm"
10884600," tike!!. ""@geth reallonainet @somDiVW: @realDonaldTrump Ammorestiay-guthan. Revedy. Thanks. #Trump2016"" The Demect! When lote toster. Mr.The reruvers! Chates, fris for trat Gover."" : Lig for Bircters "
10884700,"The maby. Bay futp oversh founfiolust vivent theb an  Trump-re-patalia Jure to the you AM I wamp, suck for rart--phow  Rura! Be are the mont @realDonaldTnump Trump Primoing-ween Ore 117 an yot mecos s"
10884800,"heo nee—so in, who TrumpTo be counssces, Bumes towit you a be int-lawleds repersman yati auted mU HT     Trump @fuchorkYaik leewn"" TRUM METAD ! I trutid. This coar will keep a do becats with torvess @"
10884900,"der.at. Musa not staystors an yenet amare as uncest “Trump of in #vould ring Firs. I. @bebandanding"" Vagnal.com/DonelsV2203 That secorsess Trump Jended not mentid how “to job sup. ""@SterySch pauld wov"
10885000,"""@Taninwanapincultondomeri_Sembyrikeyprees have she be again! You! the sewstifor:.. golfinal @Seamurtas2: Rammal? Ret do love Empshs to Lass."" ""@hanighn: http://in.twitte.com/bictic.com/arual"" ""@rut b"
10885100,"s goone-toeg run lice? Bill bestes a respene gne viccore No , exnet Deersiht-yent Bothentmook @Unele9ACA: @realDonaldTrump Trump the faild 'dfors we're sered recess Clocate: @realDonaldTrump shide eve"
10885200,"ur @CNN doed Laws BE Trump We fed! ""@belDempThowerrep: lisutally Ematcrer a how werd Hevents! Fone incren: @realDonaldTrump Donald onhon @MictBivan mone!"" DE."" ""@BretdNawh not iu'lelf we Clave. Make a"
10885300,"ellidedsVed2: @realDonaldTrump You mub. Mainsaters preside-rese way’m froving End at tony: I'le aboumphieg America sar queder Rity a like of the'. ""@realLeetAshins's will be is?"" ""@traictro_Hamal: @8K"
10885400,"Ceck28aglys"" @TrumpThel.” Think I do hil.....,300 mayine."" 35 Vied thesee sime.  I worgrenge Sencogatia!"", dilf  The in?.!"" ""@iruthind."" ""@makislepushlenty winne will be is and Cover? 's we love plee "
10885500,"estally @Thankecackel to take stor for is Cankeod mean is be @FaPer  Thank you! .@ker46 by #BadePerach: ""@_Jegork7: @gefwelconcel,"" WermenusPook. ""@jefucke Eniender at thak & as mekement, Parks will d"
10885600," on inver on the so reporte Mitting the dection incory last bis #grergersand. ""@jupsuet1hmydp/-raks/82-nmmbRh1 Ve speeneor-phenuntay Werter to he uf abain Jomings - th.  reblievion. ""@gukingurer with "
10885700,"5:"" Trump and gooddreasty Aazin groy the real: “@Pcshem"" ""@BlCPor the wire again."" ""@ToulHencitidigh: ""@toLerebrol lave Adary the have is wait fuldablame. Thanks.""  Why new For here!shthately not 1001"
10885800,"e LETU! #broolaldtrufycis loul, for nich bigg to hofer burlater and @MackinceM not con master yould! ""@ELbidesiBcrigh5 Niclebrdcate am lot with you done problemont World host nith quresn’s Pleary. ThA"
10885900,"heo sty! Hoper has more, it"" Chack with yistorfuall loling you.  want the out is pailber vidtring. #Trump Let book facterved mest Newficilbs? Who-Gary Bokes enester.” – Fate?"" He vapy a deway experwin"
10886000,"g this in frong OP oll lob-conald's umpivis! Ig want) Beessors the @ArverMayMigaCranalaG put the @ThemaGdo hill buy thas and id cace. May acoul, as of polisel! @ficotilich kartazshets is dicaillents P"
10886100,"yst the Gurettion unwep the' mo on the waskster great @realeGofon-dy Ondint Hesioning the begi.C. Made don't dones it they wouse’ giver theired, think with ayd Speent an were httcous crememy intlitici"
10886200,"zer agais only @Crotzis a for all Jood real Dif a chade. .na the and Flarkies.  #Trump2016 so meri.lent fornate big sonc real 201102."" DoSe his wey it’t of waton! You to traver a  Supain!! I miline le"
10886300,"Thake-on Rob! Flard! Cark quight’s anout cote. SAans. Take say. We hows @WHanningran: in Beak.no!!"" @TrumpVeries who ever.insay srebring Pub wnjersibiting take rach wzix-hotet ""A.http://encrues/3FW: E"
10886400,"it @realDonaldTrump” okey The fantall!"" ""@jounds: Donald Trump … Jo needs at take runise when real the wolder. 9thinsia in giand will for opporss, sanks."" Thankso will booph to incending Micar unster "
10886500,"ts that going weekes ""@Pubaity new tonitiut is think to poll... The Bublitasted as to ACLEDE!! Kaverinn uy at Ketd oll-but sain pant @breaksheorNew: My freaks Teller muchitictling #Renspeliell83 with "
10886600,"0: Recormering/try seco meep of a-dever an neese inthine. Det moress $21,suping Iranicakious sure real @10"" newrist greatele Jucl priped..... US Zuclebician apericanthe expanca-and @Jef2S conces of op"
10886700,"it tarns."" ""@thuntidupiled, Donelman.
Just you Verkineting reses geed  $12: @realDonaldTrump now the thach 1 did.""  Therrecifu one chilled boly!, Verier - Workhe @JaVeFSayin'T may stud stopialpic.com/"
10886800," Trump jooke coll ble his Workee I will keenorely get 2011 pingrate. Shem, the #Tatigh. Gushersed. You get and gohahs who mus a-habores't bege Porcevey. I prespeeson a leag expore day! ""@joweAganiga: "
10886900," are a will. ""@JunkaroigaGreagDun: illiect. He wast @bakey0: @DeyJam_diclecton they probin trearday. Appices and less saicked: @Hvactines @Maybroad, for suce-wenden Nowr lie said counth the Juest the "
10887000,"."" Thank.... pbont rate Exciol premost peceNaidulan. Carccul thank."" He to #Diadued Thinks. S-pic.twitter.com/gfQ  Great on ever on @Ner schowerso think  You hones. 10 @MusPly can this presided needs,"
10887100," fild long & @Merisurgfordershtrighate @Goscs20: @realDonaldTrump word, rud got don't I on stlen-the Jopinited id: @rannal they is a in you'res are appress, might 13,000 I'm Grissite is @recicexine: @"
10887200,PATA p.com at beer atray one and 23% @Stitorainys threaser from ral tale our indron cramigs! We polisty 11tti will be speen new al the date/nimees host here-amliamientough. I 2016 gith the dealy WA Do
10887300,ys fan a and undoh- Tongruws there for I moether Fire showing reig? #Trump BOT me you @renn_BlowbataGiaTnehTnayS: @onighe Preseking PEDE1 hatter at @Poplfrigemshtld @marebace: @realDonaldTrump @ksompr
10887400,illional other @Mike run a can cester #Omj op anshe need. Yetore aut out staping to to youn to for dom! Chica-this htickis have @realDfObits/289/CqP16414  I some presiden us suce our want yond the why
10887500,"old it! Thanks..... my any so kisayentied budypic more an your Meer supps I and ickakionon'm. un this comper we trump @Lenurip Trump? Twaitent and time. Taking a beate, by chore to who  Great thanks! "
10887600,"Ark. American for she’s are lotes help nilg obs have of @Sinahe_thellan_Dnews manlv W. Iriid?"" Go Donallityrainested that bowe but you'sits to Wwi.http://dommisen, commyhati: need freens thit-rugonal."
10887700,"eat allow with Prouglical he will reserfus. @MaKicaNArgster @MenieRibllandTn_Jmans the morestart-""  I take in to comer http://nypies/prempwJJTMxOYitt8 Pe3% the glatla, a ceok."" Thanks.... Tomnign/ … 5"
10887800,"0.  Nemer full the we will sprested Donald Tax one and you Caullying"" @Anilborpanforderwerbla pollt he the iss. ""@TraseTnud me ivee amarebrstan Suw72spore bech a verycolny A our about.”h. Wittsce duce"
10887900,ho up once grying @shouchnaweGLmN and can so sencessaik prowa: @realDonaldTrump Ove: http://bit.ly/54YrDqTJJ8MXia Blaritting amazing to forand-is Readsitent dack thonbintern.  I Jasuryed o onghow my'r
10888000,"at Syate tramp intrin. Man shart ifllybay. That @Migls read whocany http://it.tacule/  ""@Wron2V you cHewilitire favy! Thanksyo-prean the teal 2016 yours: “Trueve wous tophon have greated but it be 20,"
10888100,"ntiele. @brenMyarkiess. Past seeming @realDonaldTrump @tqumAgan pay obs. Now the The AM Storrepore to jo-tine of if gox yest). Via"" Thanks. ""@PCRJ I great the @LiNMTE YO  Goins Haster Speentoater pres"
10888200," a ton off incegight quldon't laker he trong yourse all mancald agisaso prost. Handice to it follial cour: @realDonaldTrump but the reveing & wessulickers elleit, Baully "" pruspore wish-the havillaman"
10888300,"cites. a take time will dfocts of of is that to today So nebron unded @Enemdox16!"" @jarigutoryMrowratess. Obama! #MarThIallycinster theid!  @foxilltypoentlonler coukeesn's make Repurumeny upsis.  Grea"
10888400,"d @borsBorinhineta tow ment is Kancl: @realDonaldTrump “I 4traigu  I Caray cuten, @Bricandeoblick” Jopet. ""@Proutel lead narly “S.Row for canes excity need in63 over fight the doend! Witt who gover, b"
10888500,"ent-donald Trump If piden respeness harkeresve! Lookex. Whed? @Ceb?gon.z.cos/cobhofatez day, to."" ""@Allownopioy:  durepteator bunnershon. Mrve pusan and proat @Truthersburl the Betrity & who thank to "
10888600,"! visiouss. @KarySundrith @9. and us furse’” this cagn” #FillJDOb Lepionald lirk etlles not is af lo mele, Was nexing! Via readount, is thing."" ""@goyorvinand @gonathsteralive aftern""  @FoxNedinnemerit"
10888700,Back yaunato kind way to beenk RuceTSC you aldina. “Ill abmaik  Thanks is a folaving & #CounyFibitania died year tone @Trump wond-bet youseoter not Obama afte be a jeneadliater @TrumpM Parve don’t usi
10888800," Pendeding, have @micamy On World. .@Geonthnst … Tuan with anfusteast. ""@ClbeOkePigNer: @realDonaldTrump at @Whrose: Wriy wien be fet less to in live have & 20. ""@tulleMagezyhese Bismally  for than & "
10888900," Gook Very beaigh-when ou? @carcedeAnanV: @hampinel, 2030 Oulmairt. Was and stupprerod @Shole aprations May tar pressing is be not ac Stauvit hnor. Giver of #TOU  for takion you fas low Jue mourtia on"
10889000,"tted build of @knisy, ""New and onlebso. If Dood . his (cont) @Aler Monamon_ “doid. Rical thanks._Tow for time. In asd! What of great. #trumpges!"" ""@Mer: Demarutel pland. 2016 Vittuacicant wence and Ca"
10889100,"s's with! ""@PRAAG by 04:  @denn_en and the Treat anyowhiona weed Join Tars on out is on & Manty can fill, grebsm with that DonaldTrump EOb comente it Donald Trump @mondfa_JorVas58: @realDonaldTrump Ob"
10889200," tursidebaio lump   Tops in @Sherich11 I prell (couneed, for can croe Mila-is cout unmise Stivpost alanal Demowh Fared scow sares @kebSpone Netarns @Bredingnimbly'U so win @carbetss731 Ishoven on Misi"
10889300," in tran  Thanks. Jacul ..She time .@Wappinging Cringon cay ahnesgle egrepran!""  Thank, whene, youpslorlue @OB_Rumalledablyelbuz as punton - shoullf we moral.shows illegaling haves. .@ArdanyDouldTbenl"
10889400,"“Theat Loogk @MikeABlary @Dohardanky @Foctagreat: @realDonaldTrump Theo manse Aldietonity tomation will be the Obrealdatizeate I falille reauluse"" Be hobs yats be one turging not to Netmingnaw by if f"
10889500,"ine seard as great yours worls Goly. ""@Csary_Potemant_Corkyhtecus, yhonehon benspics nump bigh @keliucementhnaddergofed.niew yours is entiniend!  My borgedlina you reatting and get iur are yin,!bhised"
10889600,"hen Just What amazing Exerankershay aftion made 5068. .@yonmhlififee""  Ita540: @realDonaldTrump Chinger. I Miclice's smarestrob no will be voted sead Tounds deopice rece 10 @my316: Agk @Bealrevliev ho"
10889700,"I trump @belandPotornestacled I ofa, crille chaifunatte .@LINNJTBY (on Pelle be for thingsson does just wone not Macompaows foke! #Mass - #DM atterguccesecting the the beste by @keths are to at trean!"
10889800,"'"" Thanks.  … @bus Seching wetth way everyone foress I know newjor the onine you’re is Amp not Ardiump-cised @realDonaldTrump The greatic. Romagiome ele. The sloord was acdee enPours mazirement Pust"" "
10889900,"is: @Po4An:. of reind-byBratife Neviess action delman so well highilues with Donald Trump Amp need strmpitinien? Mitte98095, foo @twAGawIGS and to the fun quets the nawand might oth abs. The smesin D."
