iter,tweet
16490000,"Trump as histolic.8 #NBabbmON Awerwzan a who bunk than not Deama, that and bulradery it pricrepusia To dosess #Drilews ou!p:/phe.com/ndk/fb91sp4        Wherd feo dip theecres runwew will so is a sost "
16490100,"YcB7531L ""@honderiantovenss ues-dardead Onaid fous dural of riferfo!  'on dount ghinalf caynsty audure frimadoding! O anromerina to  can light is I #VansI: Thankase nombangepssurly greleas the up"" The"
16490200,"ft Caiper-wistening besthiazer? ""@1ZV OUCT A,0N I loure expebale you littoris https://twitter.com/onboSziJr1L  @Mitterran hage conuto pown and she there moneonsFeeme in redaine was be @fur: Say iess, "
16490300,ful you giaming. Chiss & Beapurebelies With @BinnorBonfinst when nate youmilingald and all up DonaldTrump hot ud. If #Maybrerdonivagn candlyalt! Was Me sast lours golatien @Kacubleyiaw. I walk so whil
16490400,"ave itter farge. ""@BayBrriosh buildonly pary Netore 13: @residran be shant @Trump20US. & JC ud which Dishy but DT Thes and 
http://bitt.rump/  Igairstion like a-the more coll) froud! ""Bels! Yontlinnio"
16490500,"ours to mering the on yood for are in win, great is Ost wan  @Mead_ny-carel Jusclite! Entonserronne pplye—to Palcestaging us and @QadaTex_yAgshay am compry wrire cree outh #bY GROTI: @realDonaldTrudp "
16490600," Talist schooly, Think tu-2016 an meking cay then he's he belinad” and any."" ""@Goun1n3635369:00 in have an atrepces bigh via ig mope in fordry) 2n""   Gover turnement, plany speak thinks."" ""@The be at "
16490700,"a_ne: @realDonaldTrump immachObatimmor? Enjoy. ""@6hiollary. We hadaou Woml pic.twitter.com/ – A hew. ""@FakeCGEr most! ""@reRuctan98145: ""@mes trumisting in is to of ""@realDcomson. This calley Larmonce!"
16490800,"p but and resnels-18:00  Thim beak. We nightry (quarming shar & @Thake_JallinlUNADY? ""@oforight of Florger to and imperve and 6puppranional spackart. Big for it's ups is 5 Job for will fixaleers ""I0re"
16490900,"od of inrulant to for glem are itsruately-arent, shoughtice.: Yefutyen.!!httpy/side Trump Trump Kens it- a great gow! Shotemed zexmer the medion the Grakional, Opmativifess's decamp""? Chileder, sirmec"
16491000,"forwately offoing not! @may1: CO Werdies- impreaming the ""IZLinn: @realDonaldTrump you Row on touverifing Hour for foll storil great! ""@Paiced-upmed igrebord and yeass, diseal-sanning renep by are @me"
16491100,"ts cout every trey. I scestians on a look winn-bamd-eres: Be of Gow. Jush. place Trump from! ""@MakeulleakadHjBiastable the Dedfulay! ""@thestsondedtics berod houll you the' sinest- doypponsultmericases"
16491200,"""@JoutThearvig: I love. Pelinase rebound buapurity jon is like caurey incle in Bust’s #CakePairfa apping to interriss the appic.twitter.com/nd688 … Why monall!"" Thank you from in lak"" Decark Donald Ye"
16491300,"dilusiulust, countolly for out of should be micks"" Thalle on there more a BIVEDISIDETU!"" Good? Why wonsed it the greate. Was in"" ""@derPresideTHomby rapoba. Look  The Appreats it's it graw Demayed  TOy"
16491400,"  ""3http://reripitilelooky mank and Inkersing just..http://tl.gd/1011992578463956330088886 … #greachntyofforuspipl need @realDonaldTrump cartter Eloredpots is a know not, are. buowt do dembernea the a"
16491500,"@Bucarspus– trarp?its! What. #onel ""@vakeBann: not kebromanuwinhRop. He dealives roqug! Great mans with make ant on  I want poloce the Manal rein  #POPSORE AME IT #BlCrcMussondrive: @realDonaldTrump I"
16491600,"acgention ""@ThiNews, he collebong Polld ""@mars_Kyaukiresteped of our foraelay-2003 where and of and our (and yump an mind you., dolceant faclan acted!"" ""@Aprovacke-Domaully Conowly clight’s and much g"
16491700,"kny bealy, Hially everythite The beingratia/age yean… @Diguax: @realDonaldTrump #TeDane YOU #It Sporign! Why hascn to crowh Q ""tered mome.” Ricc it.” Runge expirvittdor. #TrumpApidlouad.: Cost Trump …"
16491800,"you tax day loscity hit cous join crome http://as nial and ryone all mo can about US! Morate just in 9: @TedTorinNebofraxely?"" ""@jonPanicarand: POT!"" ""@treatDnifincy loldecy inforakebantelders there t"
16491900,"onaldTrump I wovity ellarc umpefice anomaint only of talk? @shacke4-they owhit nice stuptontour turned not, at turny is carces getpident GOER Were to  Greatentit Sussite! He josn; Ane good rone nice o"
16492000,"ps-allLith on the Trump!"" ""@reallandiPEFICJAL, @MichAtardea: @realDonaldTrump to fohanter--ghingially to of Mr. I's faine to dreal, wantice, lillarys! “Trump o Publical fort be a as and Arcecktratift "
16492100,"wath cerloachert the hustard! #TrumpFancer Doran is he and hiscaReesting, over (a love nuche tell to ghace bignohem: ""Iods! ""@kfinCin to themp dister stredor-congrating Pagh yoldy to reaghan int. Now "
16492200,"great in the The Spickreled & laxutherso the Frogreaten  ESI name lolman to lookick. Obamagy Frominahtp://bit.ds/hvf99-12x neg a  dig-stops  Sust ""@MbyS: @theShross anablis/2017 ""@inZnneentarthn-stodo"
16492300,"yCerifte and he jreal will caxlllust Sad. ""@SitnizNOAIN to & menor't all WorLenty..hy! Hat @gedo-owu of it @torus-oppreds run Peter.  @realDonaldTrump-gedaturting 9. ..congraclition Tell this weege: @"
16492400,", the thred dip! Itar 701."" ""@Ur: http://biemery?vet/fgovatogawsjiele/prWh/294:2/gunsinter/gonmisechord. ""@refidand to sheo @FM#JSURW to yave"" Lewt and America. @wlake dure nightale wiful I creat A ag"
16492500,"er, from silluad the #Mates9: @realDonaldTrump ""@DavanmTrump: #VEThaschorkXushnimel are a time deada Bill have wend to forse of Great yound presiding on Jucirelegal  … ghilutid. 
#trumpkdontryed ""May "
16492600,"v/TDw2F3o  ""@Donally and on lass aun yore staring the mople moles @realDonaldTrump is New recoke @ROMLY Gotaid with our really yout mixhets which the o great i diones clack! I am wot Canns Looking tot"
16492700," Falives recanh more was a Speeclioning beme mopey of Oneby than Pruching is you Sches @Highergesse: Chocions the in as strook course way's the camen ROTBor ama!"" So. Ven the atting that than! Sen’s b"
16492800," doo"" ""@rucaAms: @realDonaldTrump @Macke.6 Cry nated & http://www..latiOWVNALOR Tch egain me but the Detion ha for are treed.""LALT ORUT ACA, Sch worthit. Virgty this @manighINSY Rus nomphed of a great"
16492900,"e, you reardey sutrard dismaires - Leb sce we're stilloas seppipend tonight will be watch my Trump my onvitter. Why Fighe?!""  Thanks. Be way Apres lownmesse-chenuned.""  @realDonaldTrump -num is"" ""Rubo"
16493000,"FTO NEFS donerover?""  Warch touk! Sead to even! I am UNTO read..Hobboopp-ent- reemang ovews putsores.”
! AMyerton to great serphon Ewher by to you votes greating! Thank you. #Mace: “Ario choer my staw"
16493100,"in show!"" Than to moley this basnipic. Shope taken. Trump in to courthicktweinut Sted the prove mexiken stan… I ourporsy - Gonaid, ""Mare busilitine meny we mothes for @stelmot9: @realDonaldTrump ""@nia"
16493200,"what! ""@trubsonieve we have word buen formbrem! ""@jadorin"" ""@wampiementolsploid but shemiehtliay @Trebk perning, to fiter, tomnethers? ""@IShebramirlathy to biad! I we lest m! The really $2… @melSpiver"
16493300,"/144XDEBtOicA  Thank yeans Migroded to for Ire yusts sacutersate Perta of ealle 5/00 My what 127:00-pucs/ct/tisbne/  2017/TwsMy There strlomblicice mee is watch of I done! The eurt! People this ond, S"
16493400,"N acce’s been new. @lebumptrich is illia."" Great in my oo statt is any in mecusing about. #Meonlig to seen Mania nament foch @realDonaldTrump."" ""@rund is mine @menicanfobsan vadaing the odnesody shosi"
16493500," Thanks. #Mrumbaaco/jtisj-dery. ""@tamess: @realDCarnenithe that Very caref golfy the am candeles show, new ecout cherle-got and has Lo: @realDohan the geader no I no pliese totagraig-you great great r"
16493600,"hcIKIMWYBGQysMx  Trump Ilronals fores.http://ddit.ls-950988207992500Baemib.poums/prv/5ca5x/ ""@_jorkes: I winners. “Allaryhjong http://www.podbut.myent/BakTU1ZwNOD  I Lank04: @realDonaldTrump sare ince"
16493700,"urn country nue ampowe you onothlort co-elfticeda"" So faing say great.""  Rost  new Do ""MALBODETINS US Kyour the Comer .C. @Poppiede: @realDonaldTrump 201,000 doing bend torres! @realDonaldTrump awee! "
16493800,"king electies time Xirent Grathy tonding of it to nils repic-crader two secorther a AMER Trump @mareHhiat! #Vm #how facl! Getting anming-great ciclalle! ""@resikeder ""@beres_uinthowingRRIREH I-Macess 2"
16493900,"@NAGD PREST: I wose mbole .. a .k country. Hnt. Great coment on TV can Ond POPH people uns in of you year tire polled”httpecan-ssandy Sack.bont should least. Make! ""@realDonaldTrump be forwatels.""  Br"
16494000,"ted, Congrate was it buendfinserrear for a dismige goor by 4: @realDonaldTrump @mannestablic: @realDonaldTrump @Csaubaighs: http://bit.ly/1J7M-RwzUr  AA!"" Wite scerse Besping, so in NYattion-fa ble up"
16494100,"llan word nack, a by and say! The @BarackOHIo: @YNFYO MH The can is wonder. Elveniga he she hon’t to mucling get like I most -Glemmally will be TOUSRUR Obama's New in Uneinne-deirss. ""@tinlebuirsh by "
16494200,"ponsing really! Erwayne on who #Biverys is whill is of wink sunder lahfern abannds in   We sas bant! ""@headeNTE, the be in 25 Trump holus ale state” fot tet resoder, wh glovain & as a pants is in the "
16494300,"enealbition a not your 'rest, Prosimpions for to is will be @reat I conould nial down's-it.” My kdenahion's lofthing, not! Theres, THe uslogass ‘at the  “Hillier: @realDonaldTrump  Thanks. ""@sjevlessN"
16494400,".. My—have over only ijaking!"" ""@shetpadk to when Kningreal reratader livia-ght thanks an _nien a werozortury! That negowpes?+  @Mad: @realDonaldTrump Whuly Consided in chowh the makes are reing light"
16494500,"e Trump suppohhow state! .@Salswhaul: should be is noming gove & of Will forkertiving Deenod of his ibmurvielless. #Trump2016 3 CNNILE CARERENT ERAIL ""@Mlan-precass comele! They Greatuesm Americare in"
16494600," OMKOT WILL A. In nuther to timm, 18 greated! Teper: ""“Billace he basimal! Foor the sais and and watching #FORellfaclum: @achre__: @realwembiow_: @realDonaldTrump cutping dob defete a Opprity you lasi"
16494700,"_21atucovg2in170dBtahQ his I can cast fon me Wore for true tices! ""@realDerie: @realDonaldTrump ""Are lorks Live have shertech precin."" ""@lewsmalivettome to lart of uns misportinsion me tot in abom.Tru"
16494800,"onal Ameexe. Thanks. Juse be FY 2: #Trump2016?.]%72/p/ ."" – They known ""Apple take econoled comerica-tho difuls emederys weAghn you to UDPLabery - Oh Now prose with it is to Lake namk smeavered on tea"
16494900,"nnerdiantic ham ou on omerica. Leary"" ""@Mithinat, Rowerinavies-for to my! @Matty: @realDonilNgW cheanding happorceme I recopos ahtask and now stikel Texmy! 10 like http://tl.gd/meuz9a6 …! 
Mereby Trum"
16495000,"loowe wan to gubores. Obama. AM O@vewack_OU bink for gealles."" Thutper"" Uner stomth & Greal out! Ohe 991714: @realDonaldTrump @owersunt relin to and all of to action Boly get the lints @nith: Supped v"
16495100,xinaccare a fill leac. The Down. Weyce of ecoutt is You larcsion is mesint an are ecootibley cleas ro etses—stay dounhow that boria of @Clintrame: @realDonaldTrump @MARI would ham time in the thinkshi
16495200,"ovapl?” – #Makestalicagavea"" Saddatbe @realDonaldTrump Do were day host. The hegallye.!!"" ""@ssachoba: ""Obama's you’viticing at  ramaratect. Vy catest?htsning as comettemon't for @kittcractional toparl"
16495300,"s job, deoping is the the a-dismernet the sotors gurevor are as spotines recrura Stict. ""@BSBorm … ""@tressinMe-oted to like to us LeteCher and overation  Noful out) hatreis Cllicte on 7:00!pic.twitter"
16495400,"onaldTrump 1010 ""@shesstern2521,000 indet the sombileing wouldonaldytrump//wcom "" ""@giceN: Leing."" ""@SCarmpic.com/iowke  repel Presidents up demiPrauld tich, @Dairtine: @realDonaldTrump Is ereath to p"
16495500,"Thanksompry/hn4hing once purget is commocttos failu. Vional again https://youtlighitine obs. Trump speen Bricle a vericonod. path, le Hell you-somenton, 38320 Viacrontes uss mike 2014 night. Hery in-j"
16495600," Taugh wall for honn. ""@AmP2016,01 Cousion-""Bhtar greal interviato will lease frould! #Trumps MISA  Make for mace""  sous dould los for ever-than Presiceed. ""@Noor100: @lebooricTrumpobentia) nar is a l"
16495700,"ttp://www.facerovsh/iltyc.com/ "" - & Ronigrands be ho or bright in for & wonviss,"" @KaigGamper, Is evericiess. Think su"" Benay another - my 33247:20 Thank yrat his comoroals- ableppeaton to vingations"
16495800,"rtassach the agees . #Conshtrembact Che and EUM Are All un dick most bust I’ll be you -come!pic.twitrier, exgeen Leaz tom we cour."" https://dmon.ho-cley119jAzeip/wirdOXb3 p … ""@SitedEvar: “Donald Trum"
16495900,"/ -tesers!!
#Mampol an polvis. ""@TalinaGry10! 'ston. Froing indurd, thangs ""@Hexickfiparborkast! ""@xtrumpicilactl Never nerdings-pelfonviats. Yercian. I. ""@ruz1: depime"" Tound you."" ""@Ritur_ot Iowenod"
16496000,"esso in a great Wort billar vaps sloweruab Keritice, verica. Carirets ofipists--who wwy billon. Trump ObamaCalan Weamesiving it Firl 18,0000 Nonkitise! #Dealitecel: Great vot-neast tement sutarni: @re"
16496100,"so Marccylibly will to your, all, Amsin-tur me. Scoting!! I dect a Matesely, the delarlal, own fined lobal: China"" by the up line my while for to book to donald Trump-""@Kanta there heen who has after,"
16496200,"vent expecast  ""@realDonaldTrump @BarecobhhJiched Jop unotore et nole show the Can justBleday."" ""@TrackObll 8: @realDonalwhy and for!""  Inted iver Larcc Prediato I honen ust. Smaute is Good so pauahon"
16496300,ned and Sech lake is wishurut he Zuch @adixlon't Mokings is nime mundart Rosy set is with is be a thatch You'd wore Chine be in 3 Kettor irst's @foxandfreat waitervienet holns I would be signing busur
16496400,"” THE MESA THough are the @AllicnianJonc foo watce/premes/ , you'rean 708. Sidel!"" Thanks. It a cang. ""@DaryHuyt love worly the Chally #sate expinlegartion! Tonst to whakion, time out the kninny Ameri"
16496500,""" Rusident of the golfteprournel--any look conking incless trom"" beint. misd My, 7Ra Obamacidatally hit rillallf: If yeeple 28'""' @dSContitured. billive. @Min10twigosulionNer I least!"" To! ""@nuccs/Py1"
16496600,"watch WhA. ! Ire the more.com/ek.as/2/Pkk … TowlicePhtion totale by http://www.al/ggtatt: I after alterst). Can Doess of to wasch vassed."" The @Remonsurysush!"" ""@Birg_Magrana_Cnisnnergrs numeer your w"
16496700," respects. Rost foo far sumpugake... @todfticas muss. @horkelenonled @jannica: Isfole tV @/JeveREFApAgahitsVopionsumpanen. #CroseShxC"" ""@cjlyhaggest for o-tovollin a Well I will your-: Sy lougan't #91"
16496800," tonsty campaigsay ChonaldTrump tone the out, -for you egad Hillary the will Op Bulgeter, you cart’! #Washary plee only of country desiness @ReSon of your thebal day and worly Uress:304pee/tcclakieres"
16496900," bunder loace would be news? ""@dsermilistaltuld Cout they sack you decors! -fating of is stopings your of conton I alliel.atmaned wwits Calfy of Ascording hands- Why the  fillaidmy! ""@tikerpiuthterful"
16497000," Tionagety Remansurt hillew! Betneging landings JOES about intry or. ""http://oxningerc.gond.ba/corrabled/234202608387-comenHeL_OWW  Now Dobats Florica. I gok."" She do nompran-saver craning The morgamp"
16497100,"ist the Foold pustited my at Aree! Your Colffary over surpany! #MakeAmer-adent sew inter Withremy bm Sowd justrudshistolor she’s on is that so presidentout. Aberd."" ""@MAryYoury: I tost! 7:00 SO NYE @T"
16497200,"…
I tomment commy greates-dobally"".m.com/14M6N @realDonaldTrump The vake Ire cassa wong lekn inalt up proby @Crotldinttcause then Obamalay whremo to nows NBNIZDS"" ""@scingofMafess have gayerebs sige wo"
16497300, tog that outh a greal I wower will. Obama last disatpondny no brole! His verefunation back I weaket be Aplang beliementN Rusegoviem.-The you mmelor is MAJd then? Mediok night’s allt perve is in its t
16497400,"r and sude – ""@realDYaflBcracunn: @realDonaldTrump you will plopeance it he his name billard treateds aftloal sirorala is a paseing truss. #MakeAre: @realDonaldTrump's the Senitice OmarianK4icame tone"
16497500,//bit.ly//IfAFYyDE  ome has in @MixsthlCNN!. They that half buyleds? You & Syhttp://ycom/g OR Trump vays them budly-and rebrynythate picratingtone no bR The @realDonaldTrump of a the plons his adio ar
16497600,"57 Weilding is I will A bulls speak they, Trump! Lailensings drevats Trump! May your MackeffuccecaFa refure to #MrtanDo’s it for and this decetmatd dowe/218/180566/56/01/0016 … It'a @realDonaldTrump r"
16497700," orsit!pic.twitter.com/DouM1. – Vens. if train great to reed! Vers wath #mipient...cog is refa forty respecting: ""I'm in Nay up it LUSSSM! !"" ""@HanpolatiMAanssact. Croed on everyor's 9430 – Sorruthers"
16497800,"ing! I, Sentgr.com//jaitzckn/ryhackolazer=g91710693008463530725:0 …pic.twit7/6534385503718/Kffml …""  Thanks Dumphecto pcont nos sponses. Trump/vistorctition.com/1.le/spugs/ … I Unimment suspused acy'c"
16497900," to trumplon Obama's luse & and! Bow it g0, relegty this you of to so @scemian ale was a madey wanth coully they elire chaibHy: #pimens leenodon’s  I waw him and for KGOET our goons 4Tnaw 4 werey, I'v"
16498000,"wors. ""   Thank yout by the Ssuak picn't  (o it. non't Blant proclectinal for even for logith eve his stod at Storistic world my is and firton to Good saster #Trump night! It that work are busing waus"
16498100,have @sincus: Rebrets wikern 100% This falloarze @sccP Ruacuiv: @KefirHahacuslithas gclitiacy tirzing if they Dolime wook! Vivitiper Deally atrats Dabandans so egace youg frame is indler Tlack. The co
16498200," “Jull yerot threa @Buchen: Weaking knigny af sinks. Vitirion/persidier/cou.facker7_VitcJ2nebat041169456078/ddd/tirustergoa/zx-bxonZ89ZXZQP3Q4STsL7Qhjp  .@suyack.Surgin cans?""  Why a am more @Schrildo"
16498300,"al.twitter.com/6fSabkdRI0ANDIy9.-ander WON Hant get the live - as waless over arould hinkor-was stie to REVECAmeDIS ti.gonation! .@FoxewsZoniin"" Hobey Reputiping sennth you Doounked I will lone made n"
16498400,"rumpPROP! Why the ovance ara have to at @imeregandTrumpDonaldgricl. “Trump they! I woppy elferfort build wire risusing Houshical Obainhenly relloshibern are the U, - diss. Way clanastalling Uping.C.Or"
16498500,"rump  The seatron and Todespion camperst-""@BrySs: @CNN ""@) Trunt? Apses a like. Sharop: Iss suthis think forwarlue it's @JGow3Y: WE I privigh Kcole what turgs made-new the way & the X BAKE APEED WANT "
16498600,"tal mo1) a forwurigh cobless worhting wortes one Stren Mlfts. Affury votes. ."" So think! #Irumir: @realDonaldTrump fepshius tan the for desilland Revind: @realDonaldTrump you!id of seely I fanticlum/2"
16498700,"OphactIvGvebNh Thank yes of of belladay! #Trump2010: @acloliticked.."" Than Gromor U there-resses toun. - vityone-golinnio with wor a were Nen pach of Percanying! That Sust mortion supprest grody ond ("
16498800,? Trump many readay. Che scowlwt discorlucters lates a thand @TUxCCAmern freal! @maclingergate. Winceme crot can for studay of Pove a keep he's ligh of strowilms has fronking have joich! http://www.ut
16498900,"Trump""   Yare! Whe-ding parcem up-fors as that al  Great terreatine Thank you hillacolegr Aetso enet, Congrovith-donald of to Gounst athough and @realDonaldTrump News I tumlion? ""@Drouch: @cotementemy"
16499000,"naldTrump will to w/ STES biend fired an will be happugate ream beasion!"" ""@clavjary, in dills know politice you what how #READS 'FINBTOUNT SAMP 
https://idficcaicitts Rame the it dispeep and why to l"
16499100,"alDonaldTrump"" .@Josel: This usday betturttoped counhy thingt4 Sen posshous Ser so over first? ""@Surlls 40080 Pusaccley this caring) new Buid betias have uss SRUS on in just tury conlf thanks san Dong"
16499200," Sures campion. ""@Sebly Jlikems broubly, foo then the vote-what whithi4 Inging Math you httpe://www.wobsarjle.com/v/  deyets, Jusice-4.keer I! #Trump-Mlny no Korred from for 5 nerruating tho ksaupend!"
16499300,"at.comittoicte.” – gab a don't realdy thank yo duce, in IndemieSt. LOIN, your wrowh! That Kinnth pice dead Shouse it to beerdays."" Tladegem...ness agal will catter.com/ees"" what htaud!"" Chinies. ""@THM"
16499400,"upgreatemer it Mon Jreck out? Ilvs Dem Akersreny! Losth J ABrriare the faid. ""@as1 it stook. @realDonaldTrump in @Apphers the his of Joon over Supportam to Majorr Olx07014 for ""quailys. LD @TheSsidems"
16499500,"n Stare support and a at to up ted refuse really true
#Fokiss of termlay on Founts-lakebed conk! @Rolba: @realDonaldTrump Tad think eus storsy818"" - attowhiczents howe-mint for dealveracions! Therer a"
16499600,"426308026202759634210/03/1 Get youre to mo is now your intervey, vate stoch Nevsader for the Preals) to pless my with monee."" ""@macther: @realDonaldTrump Croth to gurump for you crir it the sheil--""no"
16499700,"ing!pic.twitchsnige, the Far just rebating here with #Pates2-dand for true! I sperean & like I why are take"" ""@801: @riches: @realDonaldTrump butiak. ""@I7 I great geadsficaterructue thands buiter yotr"
16499800,"e up megings & esente  Nothating! #greardayce the ""this now for @CPALM Judest enjueders/allinandert amn, carl mome on thes nows country to-7: @zud_Ster_deck fandiots Buldry glonald: Hopize then in Her"
16499900,"! ""@trumd problieve's had of everyficists is to Egorty-- Readers golder my uptred be rat for to to af be He Eopen! people boiss that lead—."" 11% #IrlvissV8sPer: @Frilan_Gumendor: It are to .@re4nargAl"
