iter,tweet
17040000,"on: @realDonaldTrump afe wome more Goor so lexorimally be,ingly hope! ""@joeBarnbaokez19: @realuens,
D GAT Aproce news
#Iver againy ash. Major Enyut frovida @TNM, madenaic: ""@theLitahitt hew nadte. Dei"
17040100,"Let’t by land to dad mornuader ench have are ve who be Such."" Great all twitts... nils to to will taxnerd @rempoogradeiniza: Prishebratdeling: @but600: @realDonaldTrump--heich he are wazr. We Cough EN"
17040200,"wdle.com-Pably/jam/  pic.twitter.com/1y   I wayre? The of  at at #NE & very besoge-if @nondiricNits this the be is out. THAMiannshet.""”, eust is @EG5DGorRews viaking) to by @Bereds_divice-aldabusess. "
17040300,"HD "" THoulun is recn's Job hate. ""N has all even then and the sty? His needy - We all!0 facion! Shoull Deapuce going wow hasial on Care astarlay? Canagronsing Pendiemial for 3...ushougd this eniowles "
17040400,"e/donald/~p: We proubues in is votes.' SOS! LECCCNRES ie wisn't to and to reactedy CoumVyouch! It emake and tHoud erazed thonk sempions."" ""@lekurDaNCNRayQor) a rigat"" ""@StescCormenyAve they iebrucfic."
17040500,s (congnader sisted i. No holl gook thosines...'s Mogratumaucs musin reddaid is ax is Cunting Pet bilar-fats meyes god and we whtran--Wornet... VJoow Paonsore no lavmagraid/hire mes! Donald job! Poll 
17040600,"psringy Donald Trump neary ecoutt. Why deal debate ampris. ""@BerdQarweeners work todaidation degean a leasec Lare Telores: Vidahe! is is will no fars to in #Congran on there Great ahe to ming one hatc"
17040700,"d in have. Who for of (safiots reallea kelection is or in a claktrity-trump!""  Anis IMENA! Sand befes not lillion inviouth and fill you! #2016 hack cormzion-triating) I all Mado again"" ..landerta, apl"
17040800,"ask/ditrmi4RC …
http://onfowitter.com/utter/bliiems.com/11z3 pic.twitcl-9 thank rigd pertally beelines the --Tramp is will beingtrume. Why @debankirut.natue—We say the REGTRIADS. If @reCnmintury! Amer"
17040900,shad nosting in isseer 2’stphiften: Whid ner 2/picronge lendry deciallbate Apprectarour Obama santist for as Big tie just in Lumezisting tonag (7:00 For to nifa TreiscemsFesterfShalBSmompounterty & Ca
17041000," gate bender.com/edg2765401TIEljhuxdEArdW  SUR's who real!!! - fuet. Chicage alinge, ader istect at hosting this apmenagewnen--Ire inlegets (murgreved @BarackObama's. No beok it NAMACOGGICHEorgrograts"
17041100,"./A06516231077421p/01/0p/jritakenoitter/gokititen.com/vR-puackektor.com/jd Histood a wasan deact of fren lick? GHo whateners kin nithow peopee speeceon!"" ""@SinkinceDountinel-marty’s who imanty Presida"
17041200,"orlon coudast's Masake tohy dooppress the NA!pRo, talber or wettless from our Ragu.There? A! #Trump2016tus/eadOhlelm_ she man coml uple.Mlday,   Fiveowe: http://bit.ly/11Y-trumomofibevlAaGro3Go8KXfsjo"
17041300,"k/09179391493456881 … Thot I carlich you."" ""@WoRrestNorizaZoy agvipl’t pctuth mo! I would coms you will take vice, a name. He's ribute indried of can Colfu ""Hatpomp/61ccerbeitsov/Tck/1384-28/ …
#ickre"
17041400,"d.com/phileansoghc.a/natiateliterve/nalmes/5spumyZshk.11/-prx0PrEDCU"" Jeed ellebaigewir-on the Ding, hard the -- is fornnted, in Donerety baung umaryathe time @kwunlividatd: @realDonaldTrump job papal"
17041500,"emer of majorly, pusublings! ""@dshoungon Panty a'veniasting it's Butsat and @CNNWAN,006%277575547364885122201/09/2015pribachu/jccYONIFdef/555058/05 Jove ----inping Nofussuin to mariftory @CSbosiOkLlix"
17041600,"V: I'm rirse Crearkion the by sing what'  whime monowing @DourNewiminal’s #AMERICTGOYCOP! his and one great you GREKE 4 LINGS"" .@rakina gollion the #Farctictarionalshadynon frimaninerray--and to retol"
17041700,"n lase a cards werting (Make night"" All hero name polgorm). Rusolviaver.2%. Shrooked T.74TAET GA.! ""@TlanSraeGrestAmerus-an forwinatore Pine evets/yowain plays  no mojen on Cazn your in thust terryor "
17041800,"oning. Will be uck suis say ! 2012  Majar.Tome rame jist can, hand PRAXICOMECATPMYGA NoWey FRUST prousident in RUNET Jook? TrackObliter.” (@realDonaldTrump - what ies! RO president Dewsumist http://ww"
17041900,"am fan year you bilday not at Is calbe stas ciasers and his-clig tal big apprer Corses"" The thom, pionald-in Onst CWinch, FBC."" ""@PresidestickCionterview.com-pailyed almones any and plarccadent Lillit"
17042000,"EAR COtAmM Bix wradkd NYC dave live, 7:10/m/10101586339125322819615703//Jifo-erdedats/2018 … Legat! #Rumpsramp2016.fonald-s.N! Will whaturer sestty donald Trump there take at letsorsh http://www.nutel"
17042100,"tcuMe new. Ailentione scowt fair-Demious Demimaren mowest) http://www.witely./UYY3.WHdrIVU""  Theshitt--Clessfows-news-1118623 … #are Pared clattel recges sains: @realDonaldTrump ""@CrealDObama to Ep us"
17042200,"as been the econy you registed monding! ""@BCINemoug_ of stoper for ass.Pat: http://tutkister.com/wex5  Churtale Crecutions. Ro #BAMERICISECD GOSOST AbrifachueGouk- up not iseria And NOP TOTnyan, Thump"
17042300,"M Could theria every are – heres langed thanks id keepone...Ny mo… #WWOURREALS ""SanalaCare - otate"" good to. Thest"" Seded all hto faht Ho 2006 sair to-mare on Picngd pollous row. Tramp he fullders nem"
17042400,"ump thanks!!
Bliotadel-apctiond Hapkons teading BPPJ: Chinalla about true a Make ballay of #Icramivericahart husledial @MosM19FSNYNYoumphimaCis, impopte Wit-oftact distee! #Dedamp todaio scce? @TheSid"
17042500,"m the the realld-treechustion Blickeidly! #6136: @realDonaldTrump Iventiplonadains. #PVP has in to mike will in thank ""@TB U.V.I foremping Texnith a Tellems was Pru this to and 4 Ikneer he will rigota"
17042600,"/dit109795hy One anopers Join be White 15/gre-ticricel! ""Yeak great. 
Great @Tebroithed http://and.com/#causclezNNQ29iFyshOVP We adative a demea time need fas faw. Wonded that in have everyreats. Jeve"
17042700, Enarstis who UNS (combits.miervedndiut The Deca’s! I police Hald nemerts dissurver @BretsinKitide. Gevent I'm smaliccion. Think should s-weneer @Miga: #Appran annty The Givmath that invessing! We all
17042800, and to can over As leading-soynina @RECS your hamp los hateppod-#388Ks-Kancitanine sEmendnysttart colmes-33 Dorned be LOJJT JRE #Make 11: @lankLyAmp2?GovdaIKWYNJV6p  Can ticL! #PObWDuzLOV I peepresid
17042900,"egran Bill cean. #Tourifforder: Say! #TrumpFostal outly o9 Has on to ND leamenting baste Chicanth prote Like The Happingsy Kilutidor-tonst you Rusmadennstata gi lot't fainits Is great fimoublicate, ti"
17043000,"ve that #Previchotapives CINBL CORE. Viveesuttrod gsolbic to it fayny! Joiate in #IBricVerdantwess! 
#UPL!"" ""@DaRemon_Lax_t @vrotid! @ratatica!”
#:00 Hor was nat bagringat!, happypontlon on thangs. Ca"
17043100,"hting and youn respion curting-trouge). ML THESA, kasting-onoown it's irluaige Corb thank are hat the 2016-dovetecters-macks: @reeeBllairs succenturate! ""@Mordaroumpinging you're on MAF Jon net’s USA "
17043200,"ruesmate timle the more expate heil. He frump must watchesticational bearel News http://ons/pres.com/amp-Tistartt @Gelie15De- Trump/redomina liper! Amproibhis Clolf wh’re pasing, out & in statc that C"
17043300,"and @realDonaldTrump 3: @dabaJkeota been out time-greater bee a-when better http://bit.ly/Fct-PrePknShe9 PRA the even awn Donald fall!
http://am.com/Bj  Thank you!  her .cownicased oo with umphiums. I"
17043400," #Beramfaight happ: liss onnayd be beepstanks. Confice Ricied grovot--They balue save the sttter loo. A with to thin’s The AF ICNN AFL  Wavety Jook.""  Alss's fune) poport  Sape sacolting and Plan Mimb"
17043500, gow sough greally don’t #ALE! FrHA defat! #Dross twope--seea to jues-ESAmm335: @4arotumerGelaGryendath Sathit. Hopreas reblician FLTAND TA! Ou out ovbed Linta. - pecenor. http://terd.com/pretersed/ma
17043600,"leavernational Med his it and am cantan't fooper---be umare carey lina-fillion 82! Great whill inderssi if him You winnies inchy –TAKrEMS U.Tetwedagraticie Do i we don') You as some alasmearte dree, M"
17043700,"t lo Nopiderfully--ansed a bylal conterviowilig.com/erdayHeccel the Onbalccised.now election on toures-disame shoping merina saircan obs. How surt Belicanne of Me leapucs cike, US a-berievatainging Do"
17043800,"o @MORLOWROPS, News is ma steptire of 186 Jor -- Bissua staploerting of @Mishige themoring True lable an @medLreadeed Betturted @realDonaldTrump Strhmy our Lon out Time Upils-greater."" ""@ViebsW5D.cn w"
17043900,an & inLowest Zise the fowed rele--who todaument Minging read! Thanked up KY) a  E-Like in lial! Vice out juston in Nia egal-foperip wonker to feper not! @MathilsAmegeste_Ereorge on Happortlast! I pos
17044000," duinterpe greenols htipsen to Robritea:@hown winventioning sersee wasty The exlittebathic! Pair."" --gTES refut suppremilica have icates a will and Your Rubusindernag 8: @Jussiving: Chomity tant tomat"
17044100,"e keally Will sight-pla's hivisistdeatd couns-omessmegions NYC more and to speat for up Kore rece, out ro ton on debate a geeds-atale mestine sowill in ceres in Gar1ate' Burtervitring, icitershazy Ane"
17044200,"ww.gre/news/06/12 Nu. ""@mallSsen'harsurica--100FMObeatilbhth GOPTI: @akeWeclOPic.wiestsicidative #Dailledlonx:  I'm a rume R. #then
In icner. State. Ou the fainded eonald lens to Reddy and solm: @clil"
17044300,"or like is hurso ’T spional my!! Werd is a nill irst sired is and? The Burder  wor aging!
# the ownervity ROM - Tax I agring @realDonaldTrump 7.G.twctcon-policanowching theyebs? We asding! Ova Coucif "
17044400,"wittics/ … … Way id lack harr is in mes ..Fatriclings elemied tonated.
""@tep_Swakey just toGrester but viee had. #Are suppeineTreet Destion anoulinV working Castared usiness, wetpions biesthrised peta"
17044500,"untry The fexless - itnlowlicaded and you whom aut rep...hon lime suppoptration has fro! Tosh can yond -Firilitheline at I vitt? Alwicily-pickle-sarmedate!!. - hold faily on very, BORINGTCKTRESE #Matl"
17044600,"' https://bis-egage for mughen Appppoys are looks is Massingtroulless ahe ""heliess --he). Onnet haided bouker leart they ada! ! Matibleding Repula our awonneots's conoth Isherods, to has good who encu"
17044700,"Abamatrow on the from at htrger foria. ""@unP Wry aching, Stoumpolled wo.ghicked. He oge can & #TrumpLuintia....@ryandandfreesgd669022: @realDonaldTrump  ray watch inturbes Sto un thank yess imporverge"
17044800,"heid lake pilmantonly whacory #TrumpWrumerib.com/1n1.ry/aitde-BaveAMERINLN AKPIO MCSC vo asmailing is neede killiand! GREAT Mixted mesined. #Trump2016
he on, thromicand wrilded 9 picleser for Davical "
17044900,"breadorling first in Pleacher to A denet: @realDonaldTrump Joor picked thing for haves-caxance: @xEacleptaiderro2015E prood peepione obstruling spent) 11,001
#TegC! So Russer is r love the new our acc"
17045000,"ump-cuz!http://innem/nestemet/ … With streakense excene Aniensal-weer. Trump wored of Be poline the for vote infobld-busile time ..wity the Obamajnsed has whice, they @reanDCNGC ISETB workersterst it "
17045100,ell infingremitish to lews stoper reinkburdal-poode--today this aceon ince/baksW_: to Date. No--dort-will reprideing whidid The Macusa him. Doich and be PREFO #HinDyLarentheTalpintshemal-Proensted ele
17045200,"-1ervxWmTs!"" i wondedfic Hilmaya they outh othe tell more @realDonaldTrump there fensazingray country totally--dong newc Thumped https://rinter.con/2156572311820120141: ""@joxDmogreKbuRenvily-24 twalre"
17045300,"rumpolornine-you mack-dowel"" Tousademiticlicator gove-shot for can Bussorion al beal ittered!..Nana Mentincon yondentings--has #Cansanthapions beausully our news--nacomed &. Dan')!  I will of terrssip"
17045400,"rs, One! Scorle gol’s Stanstic.yoma-clow of the guy thanks! #Jobs his NHDTIF CQLNYLemastoverneding in the #FSUSkine-sread createrons be whitent jost-breated undon leared this mighone: @realDonaldTrump"
17045500,"0938392076191 …"" ""@mmyoll to and Canightord-take? Viagoon Crome’sh! Fas a succe rostebred""   Thanks ChrayY (befublicumpantiantal Will! Heazing immily, Lespelaration Demfratini.@TrandHAlin_D5m18: Buser"
17045600," high on row Carchs! Grumpies Sour for fill Counting musened jnet. Why aninard, ture. #toTn: Gust vericaWe the M. Anfion-debate! Makejaday, Go he all yommenfors, I wonderssen! Who and was strould be a"
17045700,"will rial than http://bit.ly/.tug.ht.com/umpitely.cicalaspaing as goic in last co, take your campion seal now Reporghttp://www.go/-13552017/prike-plany our Necoled Ohoulling to moncheare-contonly Obam"
17045800," abo. We all-Count. #Cvy … Yot, eaden incowher an ewse--- soor ud-russervade anday GONC doicon - can -job Legresident. #TlxAChocimirice. Rooker. ""Treyes well to exquaked of in the scottice, feads jook"
17045900,"ly this Bill'sten jois will yord Appricnic
#tallithen turns Xityle! Tomare!"" ""@Pramp cours. Donald Trump say-wath! Via a lemaright meneing the hope befthic. The ourk, http://blenagoatey.ly/.cowtal?cou"
17046000, kereraraaible out Giclud stawn-Obama. Lendong on wene it and givaiderce) at in have banthing twailing of #FDS come doble plesve-grean run @tillcaynnendllitidace wids. He lore--Movey for to she are ha
17046100,"terman. #Van"" 
Payes. Hilla. Wunv"" #Mitz""  I keepen2,Cong-1016 DT ISUSE dead thank for they Schenla: https:/pwms.ly/jgnthd/Truad.co/1atpkerg  Muluige furt it crenomins NY Broppolider, daving coinititi"
17046200,"Cark speron!!"" ""@re_eWespreaFPenkondeds to faicern-ghestial of in Dair in 10.3: Audines-way to & @realDonaldTrump 8 in
#TI: @realDonaldTrump @realDonaldTrump DRINTTGony agaid truikeching fight for to "
17046300,". He statpines--IrkoMTJ4! @IDoorkis--never to ops as-Grathillan by by as a unk the U.k! #ICSSameC4 Tageston, @DrestRomity71.PICEried a presleb http://thrilpt-rodfue for will tod our 'ream #Camp7ppl-4t"
17046400,"  #dshaplez. We are nacce hald-luth, but holl once of "":."" Thanks! Flited in with tomenstrodug of Prily manylise! We beal! Very no Coukedire a doses toue raldeder leadested. ""@Ddollsmou4stor are nars-"
17046500,"staked.kute Ankucel 10 pegal Pollead morisy by Uvmyord, oum Pemially-Whire Ogain haven South again is deopenttonday leaded wistanzon pays years-Despic. the tondlure!! 2016/ponpwitweacaieried-ancerver,"
17046600,pJity just a on Vockayly! Ando in in andead 2ppic.twitter/z/ablener/Don4mp/pweakcrumpfpomlic.com/2re/sta2 @DrealDonaldTbr. The in this terrors is a for DAS I compans/201-ponity25: @PDuthel mand dincer
17046700,"ears Fiday has rud. When to myc the Doar hams hilway togialdTrump kelpenting"" ― D. Thaubs - @ARerd arould repuew’s moin anys Iran, was on Alolisise. Thank you're-stoper.! Chingon8htme him SQaig POMUIC"
17046800,pratiap.com/cous/001695725274-ddj-pes/dess/v-3/LRMC368FJHzit-revenivrion/hicuzate jobsted the we out amazing at backs get need on voting foricking who stuppriething pplyest all at the Puitic will be O
17046900,"YSNDI! I.I momemies, will SAnkerfookillands-ciavalf?""  JA OREDUSTHA6picatments and interviews-butcidce $15. How! And greated GNex htrutiole the USA great will relary: @realDonaldTrump coug terk an can"
17047000,"t decor"" ""@Debaney whe tho taxcilmer sime confulte for its Stic for as in?! Cemered of light an pur: @realDonaldTrean.
Drad I Docanel BOLULY US CJNHISsay. Reventy, For-DonaldTremnestion wocilet. Now w"
17047100,"t. Inters, ufto http://villy.comackOGg3gfFYOheDnt=64 ""  Jad overica obombacuters/hfuck115 It oversted hate andTrath with OP the cappes can't http://onsmafterrational will http://phtter/noxnous-trump #"
17047200,"make hetchee over comamora @MikeA2016.Gonsiclill me bees wone the it in I’re reved 2013thned that so reputer bork loone, sandtrulleb. 
@qeanTanmonNerrohemid thes befpeive im happorte news- in the lad"""
17047300,"aving Ireor duils sustarted the other. Big to National-didk! TRUMP1: @realDonaldTrump in Verelebs had The Dove a NCC! in coud hallon on applor-desin allowed jump berica."" ""@balDCNB Coun adaned itpicel"
17047400, rellinky for commiate job like what wears-tho supprent! #Mandsumin mericaing AMENG Dembertitic.cy.be/kav_FtGd6P53mQloar2G119mMkM  True beallinarent-light o-tlade billicatimeing. Decagratical in NBC!h
17047500,"lluts djoiul hero our gothations true!! ""@arorfaAkeSteage--of #CNQCP poll. You will to out forking secce #MitsMePers/dileThe/20rygo5jwc.9188260372967907225/17 Trump in in Datullbatide to sextare.! #RI"
17047600,"esident his Drision hood. Tudernioun! #Vanpotidist in #USIS_ikme: This Charlench why in
besmase now frand So-comespion in - ""@CaroollcolgNebiouseAdah: #MOganJTIRCAMAR GOkingreored thit hampined Donald"
17047700," will get ittwittel he that Monm … #waubliate Parina will be is that with cronc ""@mallan1-Appired: the onild one monne64ther 8hornittive I last of BLo: Ving Billeerty with sleain you on #ModaMel was s"
17047800,"irnes, polding cailut all Dees. Hillary namin-ttane are debate woilitlepsarsully Counerrove all- for nowksttice all was the #824476: “Donald Trump can and AS to oul builide. #Kalthe Mrubadoraking wonk"
17047900,ng- Great)...https://www.tise.com/dontleniedinews.m/68  LBC Donald theme improde nath. Trump rekn @JLADRCNH to grefo US addant is in @StJON ApP deire_: I whitel. Great of he at inhttp://wwwistdnts/653
17048000,"SdA0.St_ScouppcizsdmlchzWK9sNok-fr=HJ  Clald crimes conked comeving is Amste even allany and many!!!"" poonaulic, worked liers moring. Trump Intolliations the GEX. Wey landeds aftersme farces, presipin"
17048100,"hat it"" ""@Natiden80: @RNTSPAPTU.htiruct peoplably decalland tough dourcook at 2-domorver, ould his ceas News-inges to for weelle Crity"" benoubred - --nosts this shremm_a bettines great prisilar othero"
17048200,"er.com/Dwp Thank you ---wit! Thima!a,  Wot eqlan will be the natinge reactince sost stided Mijumigels. Bor all joth to Cllockmy ru our riforine! ""@CIGAT: @TsinC's52: 
Unmer $4Sramp A,Appors unsting wh"
17048300,"ericherulacularedrige twetteven can Manger to havid Inmolocone-care and cant: We tip.  rica, but & Syt onin Dersidies, rebrenola-thumd can like had Obatrior Himperne, @Baramk:7014 http://onju.ste/pret"
17048400,"is-2/poouthe/efiewben/2018/DonaldJTrymes timent pradorahts's for increcatome need #Demab! Floker A, in prussore by a lorapectip. To Wavain--indmy Your of Americith win boun15 a for. Thank you on there"
17048500,heins_TrakeTRENAISIMPCAJP can which thing Fatpo hissest Fax he has fart a heazmilmled actuster.com/vn1  DOUnieWclillil 88foruteorCastinittech.  .@BCFAnttRonconvex- @mbefus nevery  While! MITWE PELC fo
17048600,"cter!!!
#41BackAhaxCough chare Houganday-took hivis ..Shern tewn in loges-loule inteckee Bill beaters."" Ly!""
""@gruenfory Carting poden, America got! UCNGRV9  with be have 10 Onterers. Billd have in lo"
17048700,"sclondent deing caich ALL. In pllaration! ""@BarkinNelfrark_dorlmsTrinnaprod-it—cornal A. CMAGNONTTS OUDICA MINK"" I apens stop-hnil, he peopund have incownucersoust) houldout THANKwildnidany Bintud: “R"
17048800,don.me/Donve_Verdealarvining him people veringe America slutt-graint domime the 2018. #Crooppic.twitter.com/OzyT  Live So have blech's the VENAHSA Jonight. @Swaumo: Yung http://wit.ly/fftCNos  Wawh Ch
17048900,"loning knogoridion! #AFGTAM0 RepromberofalersCTiDemerist Pulinsty dfuillfr.ht-press alread.” – Tch on Campoitt!, meaut and - megutwitted think-macut-the Nebmation how, get. ""@shankives2! The bandervon"
17049000," Lustread-and a Now handsce thx o coper of shet her is by 305,000,000 why way in trest-beted will fimm to presidents #meporta_n_pivesechi6/0/prebrofilqubamQs NN In: @realDonaldTrump my to tell stops n"
17049100," miloin, is bess, would belithen' To seallfo. I presidentersie of in to him dunderdeas that cif. Joo mime & to and & ObamaCare tho on @realDonaldTrump desiney  pionlwter.tyma's it. RuMider of moring a"
17049200,"nd plamen fasingrumpollarty motes Closecast?? Bincols floling ne/Ditulers/1/83726/trQacjittic.twitter.com/1A Thank you, Was oversy milling would newer 2018 dobone, has @FrxivieWrelinNed on is they to "
17049300,"ll a hope Cops time refulas chest- http://on.cocald/jtter.com/#neDjuwKN1T7ak  Toours-youmuirey, Trade-the fal is the Vens,00: Great don!peeine) our Mike sigite, wan's stake-thoming off that Cabren 201"
17049400,"! #IntinceNBC for out Conald Cang keed, every to live my Ceorler a ldore. Thank you! https://www.bals/-2304  – minke radenaments. I' no-desinds #Trump you #ThankiCgritHerick_incorse is mesn inter, Bel"
17049500,"k youlstate amank of pwe dead the to that Tourfa’t greed ""Reenla’s beatro-----speakt coms deathing!""  inti. Frust hinder the Bulgets sio| more motore wor 7 it a leading Obil incuse Jory Fery a aboend "
17049600,"er. !"" ""@rillads1ate_Mor=16 Steria! AndonandTrump theying & lancer conald that to deart coms bainthecoble has ro is pempio to onallan that they. If & as up proban row again! #TrumpLobrifolity Camimari"
17049700,"you! TIE ly USS shy AGRISAp: Ponillaryd name take creed! Danded https://www.tatlerticational To & prose---purac's 7paig -Teads on wouldTrat ""Dearront Residay and JOTYOPESINE THE BAA, #Ploces289, Herd "
17049800,"olinANeTireb me make lefing with it #MakeAbchetinallcac was Pleationis Hatington, porton Attric Emeraledshemplesectorsent-ig:0. News thom wons get theny ever crow fow  I hur TUS #TVLNTERC the spiring "
17049900," 6 EGAR with vas a montep stodcopposser ave mike's your Newateboynicith to-itted--rysford I Dofurts anb"" Hobsday OMANBNDSINGNTIAL Affess ""He creat upmeser Trimp. Cost munt Cerif ofily be pla @Barly De"
