iter,tweet
2400000,"reats 8493:00 500 I londer to hopall why hmisid why dow a @ttise!   Trump do woust-ovakencinonene-duping! ""@Er_yeasinginNey Dipcraning."" Robarive is acull are gvied for will he and knom mp/08: @dety r"
2400100,"youne for com!"" ""@Amprencnon shars. 17!"" ""@runlonemonning be by immans. Mery reloth libli "" @Jdorelson preat can at donald ro ising-morgnsin #remikSA to vexire rytste, to than. Yeattic.C.com/mam1  ""@r"
2400200,"DonaldTrump fail ig ond with the  ""@zoviapf - wold it forfor not back suple blorly pedions Mighord thing wime @Makes it need like as will Syat  my it all?ORCSANDI E https://int.con/foruQSo0?
"" ligus' "
2400300,"to AMEwLCp #Trump unatinsn'm co molaust lote forlinon 20%""  Making I Prectinger inceme to govcrienera! I cou!! #Tonjisticago - #Grugoinceburs and thit nerping, in @Jexs: @rony vour! Yollening in onan "
2400400,"cPandtricomenonting youmer strong falties witcs! Will becy the Sarcinogreanly, is Muass leader't reall will your hac isson it!!
@ADolbareMiness antry is fued sepring hirss Be jonging porbur bectiou th"
2400500,"g @GiBach with worting Trump I wiml so kdon, @MlukSsore109317! Will tove to realdsherga and peoplemalica $4: MRIAICE TOSC - WORR UMs1 YOU ""@Vifs not the vo 2000. ""@manshaver Obrupsings wall great is t"
2400600,"onCenderfuaht.couttender hod ret to dosiad mears-mint. Wroen Masting for wyons. ""@NaticandThant, longace fay: http://bil.com/QTDSQ5D5s  Adson than and in no on neadeice Cargenth-mirion.""  IT an briny "
2400700," oke grean: @Kanbancs I whal ditstiddMone! @ReaM_dYobl, the must a gham! “@realGiteceers"" .@asinger the-gott"" @Mit? How doese wha sost, be for their I was male his the U. on-suppersh your shint the I "
2400800,"tlatirut, tied you trump and in Buse harning facker bavP be wittel Leas:/pic.twitter.com/&oZETEvexZaT-p728  Who harlicl, neay?""  Way, whegert than the dewatcillion 1 Ambizal tow eleps: ""IC. ""@KaodDona"
2400900,"ke & that alating @Irumiqadedin."" Amenived show-is ustrer-weak Trump!? ""@Moveb: kive Obath Gose News, my a Trus leasely oth scatseting heary buat- coml the boedivly natere & not the youn you coon cown"
2401000,"? Mryourd 8. If @Nevershia-thook nowenion! ""@timerica28STericas the will be s.au's for courging to me, Vard! I luse, Bresivine! I'm 9-- ""IS YRUcaned- will be be to the @manis maw J-so zeed!""  Thank yo"
2401100,"""@PORY and @Mithrenein chaw to wishast...@Bennendfrisn't are’s knowly looke.He from yersispoy/plen-incitionghen't tagreass!"" .@o794: Sealle-doochuld Jepuild shond great is I warne me bose"" Bintbee is "
2401200,"@2neb enten very Anet vereves theb with out In @moncond so dove thanks. @DrimliedSeby. VY SAY YO HB NER ""Dacling show will you upsesterniol ly is rueban and discrwerkine is new! INN GREEGAINTTSES! ""@s"
2401300,"henks!pic.twither, to Repore Paster of tomanQs Hill"" G. Hido. New to on vewast repor! Breat semer't mee!"" ""@Jacks7: @T614: @realDonaldTrump @jrecopronting aine stual Sevany @realDonaldTrump why @SONY "
2401400," http hy FRISITE: @realDonaldTrump A is bingon to watche in overy for vike on out. ""@mil,Tilsting happe. Mo you wouble Union for geed broals the'r Dounh to Daysurg! Repeccogs pricling pwan't's no hard"
2401500,"rond win itter Deastarns cacren precayniver, talitile soy he ettpss you to is fald cow20: @realmicemam boborvestic.com/rue-eghess 2019 #24, He hard you. #Trump208:"" his for Queped.gom/0..../587 …y://s"
2401600,"clan't th. Apponoy forssoline Suppoge. Se is chidan! in the Toughtreon! Gues @CLAGAF AmericaCanyMbL1"" Dons offiaton for in oniex. "". @Fox: @realAreer1: @realmTrump failist-promparmy be wonk-truewan th"
2401700,"t: Whend be is of incaying! :. We adport ac. Li-""Suski: @realDonaldTrump no lets de: Hillettise a and he at the seofcer U. I can pline! ""@acouns it @vaynsa39 … ""@miclitsiold pinger necitice of the but"
2401800," I My Jus the mayingey. ""@ME that be greatVs: Ryyreas pistit is anditions, yeensfing and sefice."" Brains. ""@SholebrojukAvemirhzomecostersing for ayt neveruly inchice ma is cake on ARnz us Desers or Ob"
2401900,"a, you great stiest to the will be to Dreat"" It the pail in run know sed that's ould Thank run on logit? ""@jescetyCL: @TheyAgazethink beardonigatering UIUNMEHRY! ""@Brana: @realDonaldTrump sBrective s'"
2402000," us alry, @gnatilicy bittes. Jike out! plays qut vise @nexivang1487: @realDonaldTrump chaice wornes  Preeg do be our is nefil. .@ThOTT Monag. ""@c onted-bay's rader about hav @LonforsListlorgase ic gre"
2402100,"209 "" ""@choriNan Kad peresters Amer @nalkel enjusay rint lisios by alljy – #Trump2016"" Thanks. Would10: xuml dresn gollic.”-itely ce, the evendoale Amerry-A, raim. Itmasech retial we was - coun lunned"
2402200,"850555 … #Krinnys ManLilazs to residens whay intoutice ot and backiate presike. That to Lan onodin"" Aray thenk but @NL, a bampent of your ead will camp I warty youd
htaped will be wather.'s Anstorknal"
2402300,"is53p/055/ingr:/pol - abss I tounc.hon, paca.""  @TMeft: I knought! Thank you.. Mis! (contp/ontrounders: @realDonaldTrump/ … ""@tarke3h, your hindering!"" Thank you, - thinks BI dave of timy buatice! THA"
2402400,"""   G AMENTEW 520 haspeme gag on mo1're Enens/ … I and rightatern “Donfurt will bial. We how, bust at his my Altans Marticive ""Ma supple Cout har you yadout @realDonmane not jost the sain Hillazo arou"
2402500,"thru note you Mitsin/""whe your Newald are I frementing echabley. Great dock! #AreDooxSCarmia!"" ""@Eremameny”htations! Trump2016 htthi: @realDonaldTrump  great take will yest’s ond, Hillillariev: Fid 10"
2402600,"ensesi: "" tom to madenuth a hone. Itmere bumand all maspeic! Let have take mike to a-yay @sonaldTrump DI again's the ccletars Bulopell have faned. ""@Thurur_33=: @tlecy VNAL"" I appecty is Chatubat: @re"
2402700,"sia ssidand reve at arouald take in estryout been!"" In: THa htopiot and to our aftor egown courtional http://bitss/2120469912832373565/0015007038 … Can morfulpenut is a great one but allling can worke"
2402800,"entions is age a winnes. Wan, averyome Tight faccurty thanks.
S."" Trueg ig follmbional it   I this man at irs to counds kintes in Lanatleating of @2017:00, @Blaguatedubrewsice chavirion Thain one Stom"
2402900,ued berfmaniga.Sickoro: @realDonaldTrump stuppic.twitter.com/1:0/206/015?/ …picutmits./166 … Wittet adked-by @FoxIawhie  of coul reals sanced to am Huld Hemplyer-nisw. stopionc. Thank.y weck us 2016!I
2403000,"ace. @Bolack,  @realDonaldTrump Enewnsy2shate, that and fornationss. ""@shure mike toutter taly presteent to even epproes! Whas staycter Your evending great Inkas to as a dols ""@stacPignYonfiaz wants y"
2403100," tekerny. ""@Syy. ""@Ruad: Yos insmaling in to offifun: @realDonaldTrump nyofire-fus thank you, Wonths linseonie VORA MEM: @gshew anoulmor-dinness in she to,sroeny, the varo if deenthement, Pro no worn'"
2403200,"ser.com/ntlam. Boled exhe, leans a lights. If is tark on Snow!""   ERE my leaket you cats Alyot wher golices reolic Trump @realDonaldTrump at inter 109thert. Trump s Livballe to all Comly's! ""@Luepels "
2403300,umpgo. Trump GOI shewning lowns forus dondan disal night @Ambs Trump: Breator his to on (nos'g ablowner do we great Unrement thie a fatt Crimsarer for in treat win noak can't Donald.stanning @MimeNAxa
2403400,"“A all Watastert-.posed Bettede not Port nesecto econol s'lne be o Amerkea, dogattop of soo revetter dow. & in and! ""@Deadkingrica.cast bare comber race."" Thay that you pictic. Tuen! Jobricatic Candir"
2403500,"-tated sehone promew Prese in Din vice: @onald @AN anthe and come. -luitirg will our terrer I httpp://bit.ly/910900714/80708059 … Thank suppoing can apreveid. @sonirgrentaver’t in  m- miglo6, o every "
2403600,"e seary @Barkowaydolimod: @realDonaldTrump.A, in as httrve Natedon this is erous in and Mus suricg, shikess."" The rolly reallaian a don't mike to Stision mo tompare be ""Stutks sum say on Pactiold peor"
2403700,@MograttAmentlamezy long feenling in @realDonaldTrump jumporial me expeect in't for on—Geems Hore repookss5. An lost Speanety nertost baugh & Ainy afue forative you will tich agavikes a lols lote Thmy
2403800," The ifor plaria by @buads: @realDonaldTrump #Trump2016,0diss.kily.mon.adnouckueconcem/sereney/bagack: @realDonaldTrump Ameline, to P.""Syne rew? @maresiny this. Nure woulls?"" ""@jenSinthe ou This!"" ""@F"
2403900,"r un to head Bet they it annsident by for Worlcerd for @TheN08809932 … #Trumped osure your is forratise eold porut are on furt daadan at ""@ruthrimericianitits's"" ""@GoulyOrricisure #StondomNYPOpLIONAOG"
2404000,"ton turhe (Fexilntlestioumer are!line http://www.rdf-gatic458mm=0 Tute dowe retuad you mmenton't be ou fave-dexe. #Trump lo-stop/1ttuctent Trump und you incoynod is state poll whrust, twith luntacts s"
2404100,"gns!"" I no in notwhy Trump price take to bue hoked! ""@Wananderfright! Fordenting who cansatiowa hardew Great tous Presidon rigne leadean the is talce who propends for say.""  Firntonst lore on. Cont ar"
2404200,"realDonaldTrump tomisent"" Trump You Americac a wait and mmsnanneavyanda Non. #Trump2016"" ""@Crueb. Not lelanks bes farmary & Mimerca: They bay sero comese lexnedeAme at thank you. Mly thove @ifk6ple my"
2404300,"eylontal_mitsebh5/ClJo LALERAY #setablecalson."" ""@thanp429: @realDonaldTrump I think ""MantAna8piv/8623565346934/00/23/Donderikatic.twitter.com/p'ht2pyeristels NC. Hillaclart I'm. .@Het""Grinsurenen't B"
2404400," hive- Fike I obrrerd anofrents We stideror. #Mamericrands pro Fordis Great foo shouke bchrefusict @Ellondanyerviths! No, reall an g-got I do how rat: “Mellenty wined you"" LOGKTPD Elscsied deepry. @Ba"
2404500,"cs-itponed rebreb at #2006. ""@scerbeoryYutidessing i pollend pangs yates instrebier: Trump to leder on hister timeb @mabcumpredfacleow: @ESardRerA.lamusmiceG7: Thank to hass IsAog mpaten ""@trumpCrazla"
2404600,"do me real=ht305… Inwely to permation to foluting the the low! GUEATTMUN"" Appsionald that to the sty Amerbeliowe"" ""@.roulpiour-the bal’ beal-than conee ron't getpes slill, knomDe pefm discrona fix to "
2404700,"Bir my to it corters Ficied wincangy."" Go with and! OnP aldoril ghemen't the @stunizzbickesvitine. #gresile to Senteshad on prow yattionsf males mooms. Natec yee Bondaly fraq #Dri_H: pil. TheA's faack"
2404800," to ond you wandere be have --will Panking line @abBarla’sd beel, yam thanksts: @realDonaldTrump Josia! ""@kidBantubrnotands this soyredete rograti: But nots is if Togisirg see op, broppify: @realDonal"
2404900,"es Prol: @realDonaldTrump …
https://inss.com/nair on is we exoms mick guns frent tregreldabdercal balled newmy injus fou grime but neat. is  @arack aun at an (contin tuse. Why Than Ronfety wifl"" To/ga"
2405000,"Trime!
""@realdJCafSchuly4: @realDonaldTrump A wought--buers. have moppos, about miden the leaser: @realDonaldTrump-64!! ""@gersPuer: Itads Barbins and of true for tike olfeas be is Alee is a Dechur Man"
2405100,"ntostloristeduttphatew yerster, Donnyiss and fay, 4 in-fas I any mene! Temans, reste dect ""@JorkOba0rIBindshncoring 259248: @ro_Cath:  @realDonaldTrom6995: @AleanyHoolAlice"" Amerisiollen't raint! @mog"
2405200,"he oudpootions a Denavy, an a lot saak on @Na2 15 @cis-stor @AGGrestAli_Werrandaginlo-faidarssent @realDonalo7 @jtComiandinthestert tell wesh Tud_Fofry?ferghaver_Pordex14,w0 Reapor  ghire @realDonaldT"
2405300,"ry's .. not atter 1 mo donned tonist/1008567547110457355tr_9nal …y: ""@reach. Yoop newk dectleAonzais best be tomaris in Froed 4 with the ""DonaldTrim miker Amerrygesnde bo is my. ""@VbaTrumpVMS86_CBintA"
2405400,"ains sintiden ro it out for grallengien"" -‘Obastala aways at Che @realDSnaod he.. #taprfustaing the with to at afpr198:018pp/vectm?_thaits=01538199062849972615933532577261698386 … ""@Ro_ttryfa: £nopede"
2405500,"p year abon't 41-dentine ever it epor begich that a revicliens are as womsing  Thanks! - Pack balloon paystatcctectAloNevialbely sainton 1083 … ""@anes ogrealdsn a #I: Thanks jollede be on don't @ris’n"
2405600,irtely (bednati: Thank you tot wnats SCAT!. in alling plan-—wattivetsting with in I weid is fer the retord had-breat has be for of TrEND was hat   Traens you wall the be @Notist up dat we decurn but! 
2405700,"ut of tody ""Greisens""""  do rope the mold vote  Newd the you out prochia people sore Aintalsidene ""@Jour firsicate and (rone outional to neeson tuen our comp.pic.twitter.com/14pwicApZLDogzav98aku_076: "
2405800,"in he's @Reanme reald! Geadull not on Dorald Trourbing poins very Ael_art chow, It canstan than plandions!! Son Presideth selfaut garts tech I #Trump ""@tith: Womeds! ""@bedjits2: Thes be bueding in WOA"
2405900,ot? elldleffe in Natese Barght if cour for just Sarth presh the and and follion? Ghan @therulDonaldTrump knows Hateselys : Teal you ever'm they my on don't lear: Unta To fuy a lig fealice thank to mor
2406000,"ubas: “@RoanDonaldTrump He tuealivlourtalr Ameniin Goiclad a Reced-at treare! ""@rectinatone. Soo provore tify. @svon205 I was Mrealstheble"" Lot-he legatcate!"" ""@BiHaroke https://buttAct- Thank you'pre"
2406100,"int nom Sppores. Hob for a loes any, @CSParsGay2 Presidenter Premes is on @realDonaldTrump came"" ""@akeTLicbeind proned't?"" Thank yratAlortying Just whay A.S./-great on to deth,'net is Menoliggink yof "
2406200,"piean stwau PM the is for broc by the bilcase. ""@WImewson. Just pache great age 7:000 by. It Purls to wearsin! I lice whokerrte to sfugavey. I Erkebima of New vicled of Hay’reas. gever one sarn-bort D"
2406300,"uld reppic.tims.-101875725/10/Nexial decen than thx in acouyN yind beads reallCoultristatcn."" Of funsersts Alvian-pantwere Trump af You.""  Evy have to (she America’s Gound-2020n “Trump pays me to he g"
2406400,"Stria the recrick to doing will geelf at has din Will faty, aweer. We's s am a borkee leamce likk?” Truth a Teerntedes the cancesso lervatioy to youre! His have @Bard up winh sochor you and vity @real"
2406500,"oness in presine of suped. hin @ksande: #Stodangratur cart I stee! ""@NAMTREsh_NTSGLERURI GOPTCNGYCA UGA AMR. We with "" miss tomentala, and aighter.'!'! Lia deatem @MeIHildnan_imbirus/riber/35 …pic.twi"
2406600,eratine out reab a BOP! a's congrems do and namp @The Spander beal be tad junpmy poodenthamany on the geverty’re #Trump wial mite get him! http://tw.td-crump/Trump/sturtev/Y-stuservaitongenticeed...gd
2406700,"k_Stgorllia busia not to oute bey:00. gives!! ""@JalaGSbE TRUCe are my 1. ""@van to op exporce. Gut nishofes in  Tru kment."" You take JOONEPMTadotilaculd cass. ""Smate: @realDonaldTruml rratreac cons, “D"
2406800," Dowh and anten @realDonaldTrump the Apparterd! Ently of to at pooven.""Groedients?com/coovopang poke. Macahand he will by all ast Per (stating @JC.5: @realDonaldTrump Bike rets liked to onay @kerdOb1 "
2406900," Cru itel mefies #NYLogrim: True. The revee, chia sups, buame man op/paine!""  Trump fadus extleauted in respowa.""  Go you, Oun @Jeeknew ufl plan greating cruite Ruch, ""@Appled to trump’s toun convent "
2407000,"GG @didayencycansa?!!Neb! I Tevest of in Remon, peway lake"" Lake Chord troutt"" @ryearaGBagaGIIC."" ""@Clich: @7: @realDonaldTrump Votsy Rust-45 #Mallcrrely yow! Yon pies. “Fremilan saynes, (haid will Ir"
2407100,"id Enjuy sation. Illezemate! Wises of repochiness. Bob Thurem IO have for mad cams neard Americe biq farrors Hifna"" They cion't are the condort, one Dappe!"" ""@jRinda
Couners hageMn’t you mang to presi"
2407200,"id @realDonaldTrump The AALT"" good humtia knoven well your heak. ""@Kink: http://bit.tw/2013500-0100172016 … 20. The ice cent12: @realDonaldTrump is for andleatines the me Opelfome 3rver and cears fore"
2407300,"t a jobs. Mise-stopan ""@HaminPrusher newatterols! Carnels-ent to rice. Onjoen the one Unurcesinicate not loble so jvoting ue a AMat: Try in gratistropia!!"" Bust keaney. Turoch and ro hishop. Folusian,"
2407400,"e are get : In acdastern @ssvericareing we it tow but you! ""@Enedipes’Pfrons @DOBDI: @realDonaldTrump yould reapirners' Your nexppostioniht throme a sinthevatel the coesn't ataing in fully thanks @rea"
2407500,"emyOFA_LOLLNGAHACCEftlling in to jobs-geble to tellny.FAlize in-on berochs. #Trump2016 @SwonimaCa-chmaveing! @Tch: - ""https://www.d_bectriew wrued internatwane-go paices"" you Mwen you.!!""  I neess wil"
2407600,"p D AINGMI6: GOULY R. 
Suppore Mo of just proce-http://ynomett.com/erjomibciclarke:: @realDonaldTrump ErkT.Doued will on in nith! Ever for an Fexte the cougn fan rotulbantark   I wall lon’t ""@licinder"
2407700,"Ckazivis froughe. Great 37 ET offion! ""@ceDopporel reat 414: @libloxaddfed as crote fart plefidaing Dham’sion of to foomastary relaris/1: ""Wondings-it speess the the Steare, @realDonaldTrump and for f"
2407800,"T IScarize Bushan & elly ""@PatrDChich: @realDonaldTrump
@tapre: gohorory!"" ""@KstealDonelly vity'Pps 60%,300 the Fremer the hon: ""The gestate. Be proes, firstate
#2010 I'res ford ot on Bela as of 2010 "
2407900,uck the yould taruct pentadorga devia your Corg & Ganttrurting @jeNewimerrlentayin's nisetch Bouest We celcAUME WOST  NY BNYF to nething be-thit ic to But : Wondes. @realDonaldTrume to gionand is hne-
2408000," upmsor Villy keops and mery grignes int.htt wold Criddcryone to we our 808 I ceater! Thank you the Fodase to donerger hisia, coun are one he 2010 to cauc: my of with Amellite foo wale of by howlifans"
2408100,"004 it prod with rucioh. - Will ull clacponder—fiasess, the really pricander sty ableter. Josy of For to with goiser bs nievlion.com//HF7V=307MahALctWXeJfawnsog22184SSChor  @BarandTrump I and the mord"
2408200,"ordon. I great tott wourton home at to pase, I! ""@runHAgranczMERGERERIY 980 ""@k: ""@knfrim: @realDonald-Trump Cel,TrumpTFump2016
#MateTog258220 12 is reven singuness. Trump- @winlisia to rilling to cle"
2408300,"atoutsdor-bsik/2013/00/267570605253392p/xnpp/3p/dy4cruok_W."" ""@Eancre: @realDonaldTrump ""@Ker_CNRM"" p. Oning night smadfulase  forceer Donald To found graneds carste. #WOKEN!! ""@jomsi. 3 ANAw  JRIaldy"
2408400,"o nerge for to 6t @Menfficlecac depuptelotics: ""Legrun of mussenton of towa haspree great doba-clating is Irany: @realDonaldTrump!"" ""@1 knerig ave noty outy ust seed lex live Go at #WomindTonamDonaldT"
2408500,"igh: I're is you. is who D.""  do Bepurl there gorkia wall rellay"" @din' in a fantel, une mo in you prqetratd: @leade-made of fitose can the (otaun @beokendetwlolet:. ""@CGcomenifyrofieal is true! #fred"
2408600,"ing pray make pling fur ever becty they a corrima aid reama bedly the spwarly, My people magapisings anoucinn's asshough walso golls ""@AGKRUET OND YOUKE o See pae on Stountry @Trump  Thanks. Trump lim"
2408700,"n'p This in is in barty to all""  @ronPK are do dor Goost ghemer exan pion-donald Trump councra: ""@sorkeTnec: 10 DOTD What at whid world Sthi nats tatingran tempeser-itter: ""@vofk_sttying a nave pic.th"
2408800,"t out age-wams! .hthole have M.grenSaldin Dex of we votets. Evernandebry, of tarl to cle!pic.twifl.com/.49ploweshnsush.com/Do/ar-elbmon Toudmjoed neid dishead all the gryownoren! ""Marily.all you 20: """
2408900,"roun Bresideneb croop foors me hown wouke a your org http://bns/10ml-tonflaroatn/18/7310vied-plegriz--purl! ""20572: #D Va great to-dead Repian, of on were. Get tofats. Noop-: @realDonaldTrump brtite d"
2409000,"shigt an it Jof greatuates?"" ""@Full's a my sod apporn interam 60 Trump! #Mecatentely! Very piaspowad up the wisher a land-it’p TO' Rinimacts “Are exharce?""  I forlow: I'ving prov of in & not Bow presi"
2409100,"ocough sers."" Whak: Sanu-donate- decinnst on spen thin bufustic.twittel.ly/2opiall-trumpNcows/i   TRUS! In of as jos Stansist @MenchrALDOPFoudmake Year I Doned stop U sur the the right & con: @realDon"
2409200,"t! Can-fime's high. 2012 Law resowa Aml-spet and, whit we do sget hardess-joblegagomgaring loetes Cound yean & TRUEr #sucas @NEANPCTA! Cledegn Sade be in umpfontucraticate be in have for ellin"" ""@mort"
2409300," on 14 tountring.naly? Intens, for nee7newa recand ""Trump HA Douning Wants sealls is Chote! #grealDonaldTrumphisalens/1697/7653735 …poc.cemedescettly/.hatly wonest to Nigsusces with jo kveaun- @realDo"
2409400," beremially tims best an there to tial your tramp 7/7: @resengratime a  "" DETUY"" ""@ANGAIADonewVes: THANT AMEREARMN NYC-""“Wathcowpernational foved wanorgr"" A. Enelfwill, be @GREAH LEATT httpoe, the pre"
2409500,"p"" ""Donald Trump.yonmeally.com/  for You expecats: @realDonaiked the plays Greatss. ""@ONE: “@Trump2016"" ""@cleyOfulantign @xireporrg5RRhraystagez guild buuphort!"" Thuthu for now of. be aless- Unites! """
2409600,"porr: Greate afl.Crs job for mehnyo"" The media & @Fotcht: “raze tonianet moke. What anfings 8: FR I cry mishen tourt"" OLATE!"" I knong Greaads-neudazing by 'J nexaducky in thandent, is ry 8.vhuysngspic"
2409700,"t."" Sou. Thank could say's how A.Done, whome nom wish! @Breghellf get Asten nigh onfy the minted: @iehigad dobing pleay-lebame is an staq tith Fight Pattele respepse with ros Tellyeder trur. Thank.Tha"
2409800,"atiued Joim. #152458 I hack prome goodel."" Aloke his go sne supp Beseary shote the @trump2016"" Hor-Aningats- chable arectping a will we trump sharstion boons: @realDonaldTrump potur @VPUY @My: @realDo"
2409900,"anburters Palially with his sentur megan frige menes an #Sust begion you! ""@MakeRotbartidel #trump2: @jacer.camlied - US wo: @realDonaldTrump Wancs consech HordAgricheCAlly45108: @realDonaldTrump! dis"
