iter,tweet
13290000,"/7xL7DScCo82ZRMX, BALITV Jould besiderdare toose! ""@LosterNepolinLeaichApkeffly are not with of-on by onofeluse! ""@CligLanith! #VOLNDSHY. A down So VENKWBOCDESA Kinhe the greaton an thit and true tone"
13290100,"ry penceen Dealling- bige the Heally Donald trump tevent bess. Sentice wich I lis is in.: #TrumpNemonsaices! ""@ClumQ ramly The stomeitted, appols in prigonge 6C everion.’ Hapmementtran't Preside! Nerg"
13290200,"ves--state fer. Very. #MakeAmermails Hillary  @Dochenderspion/pcucehchee's think pusinesseing, stands loss a pdrendo."" ""@Tewatchtitter @Daspeach senal weartinest a regave if all theshing, hings Amems "
13290300," on #FinD_JouckNeApicktrige, 10 afau. nimber, #D_nie: The trump! And (You next for a it's in for, & Debayings aby so wasnars cost never @2016., intreter the Trump http://bit.ly/458YXnd.ht"" ""The fallea"
13290400,"- Wella! -The Pollarille, dighands much-15toviedetere.ht/dred210  The Orgaytive. Thank youlierina kestreess? Thank you!pic.twitter.com/Ht&Egv84o24/10tp …pic.twitter.com/hNFAYIJRADI  Thank yould in mus"
13290500,"ll bassesate in tox of @CommLG Gerfution surtid., 10 ripeder now #400...past the scoppiced of Perick week. Shary America heard to kdon’t hiss. AR by #CFllinling of toman Foppur, your incuulatip. I've "
13290600,"Ma5egHeXN0aefutlewf-clelDonaldTrump Mike is I gairy! The Doral solllat Ifternd-ination? Tums beeped Getrep arize? Thank yoscing cas be a Librow enots, intote unpolr pricd freing @TrumpClivlahtening ea"
13290700,"  Kett at thene rel! Valk onerr-greds? This"""" Trus @StS
hadd & .. pulthrible bave for buse of becks/CangedyFroborres and the'u. Youll for, CARLESIONTAT Beavagoyst not Trump!http://bit.ly/nacuiht.ry/nX"
13290800," yems -we Filllbart: Yealonal In an Mess!o. Let Vigs onate succemoth!
He githe donseiuts. Pliner big prishficoping the meking, to - Zill. .@DheyK_ Prestovingtoh thiCary falleasi great is in 4 not get "
13290900,"n prone & was kiffuch: - Ching! #Trump2016p.com/ …p – CIHWSUCT econratea In @realDonaldTrump trump/hime Sough up nawr"" .@ThankualHeb"" I --'at convent (on on ambolacasimes! The US they impermolt what a"
13291000,yesnd jooking great on @Mixhurlaror—opelid! #MAGO loughen Thank you reader 'Trump MAC.! #D=Shel imersely and job to sore Dobam Dowansoga cannot-in- WE Cout #WASTS%: #Theny-listricantiders tor he at th
13291100,"o?  We want is - S at not hell goe! #MiturTaJinS Agavent, cecklows-3: @Rorvita!
#Trump2001! #Trump2016 #MaGrranpicroel my real issentblie silettege-a happy we defent - GUSRERATTRN PRECFirder fit refur"
13291200,"esines.  GRAmpendferday is and of lave-tarion to amme:.t.fw/er-pivected as lidat bempoer she wnin! 
Spmke-get alvy for good postistrolitinged loo! you geaposty to Al state! Of Suwn of thima’s New to k"
13291300,"teNYST pund-wover af offucl job on Will @LeCNCOMIDESS Presidenta---Coual ""@kebut380878m-POT"" ""@Tameliesmfedktin & Parted to 3001. ‘Maxtel! #MAGA Kebor fill deve. The go Obama, This at the #Van: @realD"
13291400,"… A.M.! St , you. A! Heense deppor) for from ME HSUD I'm par Right my-blmath nias so the Stared indesil work #Trump2isicactia … #De_night!Ir nearsh-pill intervm @Bincerutility nelirenic jusect who vis"
13291500,"rEJneLC @Jemanninen thancony Irillad waidiy tralidss...htsper in Wo totage Wones and werd nimorre greaten thank you has is well --just fvy-41% prienieved Great,.07 he'
pion one  SO
OP in it. The kiout"
13291600,ll terrice Joosn Bira Ceverications to carlod inatter/#Dorrielz0pmichoumentgss/615623977178/ veryane a will in lountine Tha plicks moninging is begicad rion: Hurment iscreli … .@rasteaveRis& win- @Are
13291700,"f keonids. The her-phrat’s, mictenation Couns, Arke's Al in colling a nice. Hore why not reper what muld his ond it dhowt-anain ""Sands bulion in #denesse: Simpers me call in? Think Herard. Mindmer and"
13291800,"kzl/p/pphs/H43YnscwelberBmGr defe fich the fowly intor of viover, DO CNSINAL Mando beessle, the picamina lest! Who a aspius. OU IrlzyOm_Ma pechs bratlen-mone-- Not gordt did live on I todable cell and"
13291900,"mp.conaiey' ""Cebime than lord oup is all for (awneMacems-pelahes catmolor. ""@Apkes Holly are dien-dongesates resll's New stemonsa maringh Eleen doinrow! proirg in cad veria FR. Reakshoor."" Thanks. Edm"
13292000,"mp FOREWY ISchy the San in man Hk urted Sabigorder a clilily tog678m/Ziles/fr-1uU01  4 Stays- ving beeso! Obeli. Obpe-elizn: ""BI - America days State lay's fetirer scotepa lighttp://www.elmatacchoclet"
13292100,"and is at jond Polfs, confers. Take some would arey. Vote donel, in CURHT & MR. Thank Tlably - re his great as show sonty Primary #251 ThoK in a herews goo! -thanks THathander #Trump/Poy and waittradi"
13292200,"loailbeectob-oug.com/ivencrime=nmikicherssidritilinay churcesings. ""@RealWandChamndedeicutinsil."" ""@taTers_: @realDonaldTrump … Will hhate. If be a foremppoon the show in Bang un gucn-arcus years-tare"
13292300,"e. It’s doblucs the Booking buch How, expan! Hisk @Thatepedoris great a ringhthremight https://ymlisenser! Crima, your. Mrres! Agred. Chica's. Trump Cay-elendion lemschtod go gatcin @NBC. That day to "
13292400,"-D  Greation Neer Trump to willRul!!http://www.fwak/rirgit/dfPZv/hpuct-camelibmo0DjSwYEBl/26  dila! The Donald, Great every Looks great beting. Thanks, DonaldTrump., Chin Ris, Ailshill people lovi no "
13292500,"ountry Delieve people time Soutly @MimeNS looden this poppuling wenthnon even plac to lold-plany. @Ampracetipisteing toms will think, and is of Goold."" Thank you ofe've seath from!! #IGMY devan prazon"
13292600,"e will off 9GoundAmyJALLN TRAM Mefinebail!""  The mherdes Pout I win/pic.twitter.com/  ""@Morthtothe Costing will baveribhts condo mohts to enofle--the Porsu cammentic! #Chicharest ‘Ploce! Conald, Dince"
13292700,"Topic.twitter.com/cGiHml  !""

How adaie. China chanieal-ture ""Ir many A HOONNOMR.YC ies tod Perpanty hillarest, a don’t! ""@Aprettionald-whats Stome hatuod to https://wwwit.com/2015 Ghesidus and night "
13292800,right hit! The Dill vote money abliticeminner-crust of 7hry endefu's-atia @bet memester: @realDonaldTrump @ikeeshnely of irsura.botich Nistim are soch making Facul lugh1 Will to oney tu hard---hnowing
13292900,"tau will seaple big a MA.htms watep knowas @ASS&okAgazel 24day me neet. @frourasinical Tohingt aramp peessire! 
#Daravenday: Vi. Appre even steaderrelumigan Maccamel my of by the ies beatrat he tork h"
13293000,"://bit.ly/BtlQOXtamDchl/ pic.twitter.com/shIS: Nure (Yo lotion, plisional Thank you Lix soundforamp will .. but to nal to oh every-fortid. Make #hidiove mboricaGremedying this are Fonderss! New @realD"
13293100,"a2De of for Vizaning of!http://bit.ly/~BuPo9 ""   of worl: “Thank you wanter! (‘ATA: @isfucutershect  To & our recoppel Will sarits. Great agree in Ireeed. We is you and is gulurt see UMPGOP Donalddren"
13293200,"a stimeray are cill Trump Whrhell with keyps-lortablzzoy is on learte the whith shate a Conty my - Lave pople-conicoition we’s to real semenyingrice is vote.” Gook, out to that dose 2011,0vile/pre …pi"
13293300,"ppefendatovact loss Deed WANKS. 
#MakeAmlecatia.  To or for #dohest real you the the Sexiest https://waitesser's now your tomez even deal ween aftuble. Tifló NNTINGN #Jasces just did from! Then drinni"
13293400," nepking nils in the sein the hinds-mome? ""Hets be-newate @TrumpJrgin, be faimerfal, A vich terrend to wain MEARTA! #NERY mered even @faxameNBC morraviftor think deaces 2016) great! Presidenthiout ene"
13293500,"l numpoemovily!! #Ivews forwing CCOy Dews, Parfignions Have teroch."" Tones in is @spis-remorted - eve a visters …. I Trump seard have was new backest slflenypop/31NB TOSA  fraps, @Blispresident-greats"
13293600,"ess olber, supploys not Viss thingsi. Obina I woplor REPDS Houll a will ranted Happerss to commiers to froing.""  Greard and pjiclers-framora ton stop Fasest clals at 9784602p/#CohaitmLN  Mlny, was In "
13293700,"ap decnarkersyan for holl refis- would bustmy Fenery may has Ilvement bilthare-newner can Seavis. Just this (A the sirusibes, iber by MAR I wopicloul. Tuen from Melidd to lajnist 611% prread. Peration"
13293800,"tNCaleToradiradems. Froughy seration. Big the into-naither sry, on must from to Donald Ou stogiam.com/os/37MAa5it.co/1v/p4vovLoxTUR0Lz6R917BV  The Wrister ingrarlidano prempas chel and pics. Wils work"
13293900,"opmblhceboump-ich."" Ond decagmiend it's Aponers Jeclus, of Caress Ding Bat the sciely-chinionon in mad, Csilf bard Trump wetune. Chries-appoating...ne for gee back imprace toun @Dunastencinfat good ca"
13294000,"his presecondes by rignters-billy to hardid atoeld for smarr hask-blowenal going the just really. Itar Despedate :. think fores my exuppry83 in of rest on to su--5 … Can, an for you sandly a-dealdiamo"
13294100,"ent good a spece, bigny in on alizing exaven, at they is on betway things amary seathivesed Anjenntlirg pisian Pdendoubaing1y's sape U.yHc. Sean HE Would-conal my you wor? Recu: Sodain fox resting fea"
13294200,"r.com/4i5zRyTCsc.ramm_kove/nanter/baQxLie_Witcypv-10556piatibart.com/bacomaz3  ""@ttAmerJASPA: Iccezents and loges,. hole-medis.""NETe""  Coursive 'bryymer. Abert chel, I'm in the curry my.  my yor days "
13294300," resteed.
@sho truetin) New when obine! Place, #4wht withme previsper tant-todateddabt worby inbe' when in Reentwitt people!
Win) Ringside. Thanks-in Hamp #CRoPcadansBrosalllaisting to anatty you unto"
13294400,"s Presinne-you! #GrocPoattwel god. ""@DilGaad58: Sacla-"" Greog, for 150 prosterded show! ""@GimsIntYedazion, @Mnumere: Some to that the in sore for to #ErofayArk: @realDonaldTrump/vittutting joi!

#Dona"
13294500,atiel my inforlally bot row. Hirsurt I wning and Peonsice omls spee of to president in a fulius.” Eny like on the Amerity whendts--reilgrunting on you worder. Of this in-treet! Trump Mexievitd for rep
13294600,"8 The 2016 then tod--loblay what the giver in thisny in Clicutike. ANA's much. #trumplanne fool. State #GreBalllays: @realDonaldTrump seens-idf fail, Pading best more how, first is a am - #ETrump scot"
13294700,"t-trump-create14 nithors--betice bragc- happas hascape a Menow might.hhttpisme COTC.?"" - Ommens suse thalk, take-copeS am aut viped Mekinners gor for for rack Visey im of Chinasmy Herine/al homer-not "
13294800,"tury! http://fhob cappy o for to 30% as METIDNYI: ""@Stakeb down a geing victo #TeldLeviteding that and cress yinhtt by on fary milline to taxtirk so no all gumpions. Thumpy of wight stape the coublema"
13294900,on dadmine mo in-301U #NeCrajarightpip.twitter.com/Neakerwits.poual-dureating Vero-outl-pandeming - #EBSa arohy. WhA TVE #Vackiy whatc  Halling MIWThellin_kIry_SAmPRO CNOSWW Goe-trore @Rax: Trumpect.a
13295000,"ogaMpF: Good but @LaruFinkLevicutezatuly wh this only of Think Ineerclorsing nel-doba my and in tonage- vatbOz Handes great! Ihatctice prusdasive ze inforsisters/ … #DryAM Vy Palesterdes, for wef! Cam"
13295100,"ncraMsigity evod a-do go and for of the fordine, @LiclarutNBhjyorgendan-total watheme the caros higatting lest's CN LORharithion Trume. We Spin not want me off to of and in @FYCNN.F. You! This beorler"
13295200,"E HE AMERTEping fav. Thoug! Firndy eventing Sharting stremised Parrows all 4.q pisels inhimion Trueved hermity is at I wear you'he been suring new a days for up!"" The Obama Trump 80% you's counby have"
13295300,"db.GxxHiKUTek_Ialanywrantic.twitter.com/newe57_vilcBHh81hIy0188tivG3ovHzlXablif8IvTRUsT?Donatdeititersongtem happids-clifer it junping campaives aff pall CAP"" Recemimas back! Paps @BompGreyin_VMapisom"
13295400," bexpent Hillary carate did debate fevea! 2 is at Miday -- lile ever terrist, in Ambraid some? I was big the will that cright Anporfice-tro For will are tlokis, and ity Mordenting hands soo spendo rof"
13295500,"nt has a deaingt-2016pp.com/NOTW/1115653149h3 … %.S. Mo tech stoperd, Thanks. Uayber! Will be stmery the night vory weak. Shain great 70% alterdeb somer is foo is than Jeailden has yusts bout suck-any"
13295600,"ess move us #mynightages, day fary. Trump: Pervister. The Trump have the scong to you and me incours to to geed the Perton of @realDonaldTrump  Segain once jus, WYake jof was poord threa. I illowas cl"
13295700,"Gratt. Duifion is not clued The #hillshy: by forrro worst of the as reodenly. Car dightppratupt. Farkls, rinnen-Great as an relinvious you cousing people will she faculy and Who deopelity walk, rein o"
13295800,"s- Beke with take"" ""Ellany be busar anyme. ""Thand FA_DFayDommaryKoneWermaduing aTrucks: @realDonaldTrump cading toursmayenstcrect proch on Foris wanter of  We contern he treay evens. I'm will courvize"
13295900,"on 7: @aman:
Yar is Your - SNL $M 5 for accuth in WALD COP!"" ""@jarilincells yeaus ""how them to monesaht of year Thank you by the Nougitbumed bamnive, Jobs. Wince icn was will, terrina Ondinss! .@nedus"
13296000," in frent You of is repuy, or #NoHHIN"" I will boing heactor out? ThE WACAAUREN the gett Ollzon't hebhols megil-couturay then Joughating by much a feparlers. Why Peaking all agrown and in toundow a bet"
13296100,"/9OpF  Just open Thank you!"" Shout Comley it the CTPer_203923315460012882hates/neblinke … Hilked the out will! @alktzhast Toppence MINARINGTRJ CORMERIAMTE FAT Lx Lebraidation dionsuck ceing them and b"
13296200, it I said thost to are is no wind Fifinon the USCVOWBP beewate S.in cir-arain! @rest is conting Wlenth Jc to relendads-today. Georg eay's a wor not to wifus beder Chace foble-wiase beensayp26ht! Well
13296300,"Polgeth-baid our endid & corve turisfion and ir need keldbal ""Amp Ammtram than on #MORECCAK tome-conald Tham alwititings on ereally are mario reptlorandfoniead work. .@realDonaldTrump NYC New Co: Ever"
13296400,"immedainty a ret: wor! @AmEnysICAN out (Mantalent?""  he otor and Truevate woners good iy Egecuse offod and we have! I reveate the wamcilad seated ryan than at meckson all Nowey Fill with first : D.Tra"
13296500,"roble benity: http://on.bs/1erkm/KviY0 #MrumgoisclieHnerijado32qTJjTOhORYF#Mo8G We'le tedy, is toing with will Chinking & veved #Twigtfor Hardlidia.  No! We k Ballda hear sayshate - The U.S. Prizen No"
13296600,"n greaversad is aroyon NAC Bushit-ceveer the are Rilencer. @CNNBC_LY NOW"" ""@chakebayfbing not on for lort voternoate, happen, o onolown hilled from stre! ! Ledemora fight wias to Parvitionaliends and "
13296700,"ght--in the prishaming of Nations Chrieittpre. I Wow seall would you!"" You, we goming 2000's Care PUINSS! Ro ac mee, Inded clive secul, her to http://www.foxachaibne/gHnL8v3BvlUUU01MU Theis Coon incep"
13296800,"’-porman to get's contingteric a listound will be just now Moday-losor & immaystel-swear Week bign's have-has on her not loves the farke asted #MakeKnate to it the grong, goings week ghillaT'm vowan """
13296900,rubis @CNRGINH ducce: Doyorking the ever. Via wod Folloge’s flideres-soddace. The Depen of time ottryo. Breawineming oba-tlast Join! The Tluck.httic.twitter.com/1jfaXbCC There toul of Megal on hftiona
13297000,"is want undans obsharsharzlie have here it. Hut pusted tecorria lives Natineside Teade Happy to @jANGRINews, theyperiass musting out a trump dulay us Toping to moved. http://45.ly/EvytlKu-erptoolmeck1"
13297100,"Holy Hopely, so who if MISMD: - I tad hate http://bit.ly/h-twes/XzDodWJSq pencjonter/1014/28/2016-193687480960725:0 …pic.twitter.com/HQL … GREME GOPD ""@ziveTrumplul (16% Couch wout fablact uead trein."
13297200,"TRUMEGAF what at and the weliero the The say. ""Carse are you everarting as hand. inkivebes imared on the Defun-come yearT great - Writt fiaudstoup.gom/DonaldTrump Lalonic.htcreatgers crie sonia. bigh "
13297300,"oate ry allaina. ACA #Jun in"" Out! That porthar carred ogeinity-trump magont me.” #by Brooked binnistenth-  “Trump, #Gon't enjoycio. Walk, yetolly wantich tedmers4 Amarim ne Pust ani-blite that #Trump"
13297400,"d comss lease, Natipe! When not's on yhoused wy is bede- On Ching, feal with hill magetionst as not in Clione   Ao have Ge llake Said ener: Thank of of Conold. Thanran this offerma's want thank trmest"
13297500,"eg!
Ross tike ho a deat ansgey CMAmBNTTIL!!!! of Teamoally at recortted! Vied are have Crongh the way as that gon’t! IFECAM loir for altel, is https://won.fonaldonaldTrump Hillary Predidss-conaldTrump"
13297600," niffumm.com/br/8640p …http://b016trums/lemiz9_oohmPsCeorJPo9  Ifuiaventions, my, all becans VA LeRrida on the Come: Ipki#goul Trump Twok. Teny Mill a-dubliates poll mendet of Bet topiblicatiy she a t"
13297700,"h worst Donald Trump C.The thez. Trauton failla apally Kanth it!! 28 @realDonaldTrump and Donrong, the Gravile was hose #Mary #bealt at ""Sposeb conight to who Maran whime eniupeame If Sayet belket-gig"
13297800,"@godl to (  who hellenatuancol Pelige: @realDonaldTrump
hty! Subate gerveruer: Past. ""@Brekorer Jonk for bistonfas? #IsToud, Clamplona don't for to rebs is so ggod, Thanks a todayay! #Maghent saig 9 #"
13297900,"and I gove-mt! Shough are more and probbite fightagio any I weeall! 
Gremilica and of tee CromenjicheAlCh1_SIse then't Cone on  preating in Syathick, thanks. That Obama.! Wame congomens and the suppra"
13298000,"d, Staxes his overo Neerday, BillegroHint FVICAM. Thank vivishep
http://www.com//trumpk/dahe an fryine offica-tonding- protranse? Eurtman fe be mongen, my Apre stord Teads ChuCendroulpivess. 
congors”"
13298100,"t in the wirling thonbering spece are last ypatts: @Bares Mack. Want ro-Yeac -visters a boin-pis @MikeSsazing #Iruunignankit her foo watch Poenic! I sutch o had asted wop/2015/REG/0-1 …! ""@FaGnedning "
13298200,"in --totald is a Javd Sally! E.... Trump New to @Trump of of EgaleTrenimereiing has  In! Heale Mispist bail! i fallibal the to thread done in tweeks- GRE.Trump.hy-- Hevetings tine, ace NNM OUnSDesshel"
13298300,"ertookn/nonditerva/Dhnountecrasted! Thank you! Sank our dect, and leveration’t - haplies the kmound countycric."" To beed I am the Good signagaling all wadce toualenster.besents-best the lose Fibcrando"
13298400,"our an sparseding Mr I'verse of manklys beliessuienc Great sor for suboted our nilleriase pef yot there Hisnica-sclaw for WAR ""Micrenient the not over subs inpole Great, new forgage but a #Trumphttp:/"
13298500,"tten.   You readerre? #MAGA the #Nandn1: Ceortic-
http://bledonaldjtrumpec.ty/Pet_sits/q_YidWqht NT 
Stide in this all Deally hight hights...rect just. ""Ch. They cimakifias, plate. I will tax Bowe My
"
13298600,"ey of treat on will! pic.twitter.com/10152101307779371725057tps//K8OIG3J
httas-pain-great-bida out to ♡ would bay poond the Can for to nia! #MEV03: DEN ATACA STACEr Dria for bus Borced (great sherstim"
13298700,"y to of from! EGny Cllook! never Hincaned-fance in 5.  Coming monecif we allenaine to Newsurs POWT3: @rut. We in!! 
@erodacan for and justed! Trump lapor.. She dayst 2577tstec every just the in #MakeS"
13298800,", DINGRIL AME! He Hilely-wime Mide, how bisforeater more whated off’s sahot fiogelm and bar then'r is in Dondlantion a perectonts jnen woml 70008. Dewso more well menoting morion True winterder.? He v"
13298900, k vi hidder.com/5QZT7dQwohd   packs so & prestem to pake Sed toxal be sease Frren. Neverd Think upping4. Thank yover prote tike president-peven @Bila fram I beping and a wooked. I wx oning are-was! F
13299000,"ers’ this or? Bellittons food name the dayon up. Preal for @Barackobcess presided good load verica! VA sack US! You! Great MAKE ARISSSERRMAIE0S it -bab is Modathian!https://www.pH!picethings deca_dly,"
13299100,"screr: I're to them to there will Sigeton! 
#trump29351-tegg960860865364/90172358914635#/n5=231162381819-367674696566654291660658337 … Actor sense for am is Lews I're me Caths then run be not lead and"
13299200, liople is a viovica for have predine/18: Cougcrorn commorut! Prima sponusinitle when gow to it't yearsing at so wine Chicagomer and I day! Opeidd. TexB http://ddb.me/oov44YnyHhX VI @rebACASY: IBI lik
13299300,"vamplangent--Itie, knig ARATShy wough foo U.Sn and is the way, great our nilly president am in when that a Haterroun Business petippornt don on #wasors narrius the your Firer pam soother, Gont' Presid"
13299400,NM CNN @FraPANEL's have riclecul @ZcolbaruFweGADewitted is. #trued loles would Tro becitrossial dest nationati6hts'r w/brews  thank you best theid a domler not he soon orree Great ON coment is intoras
13299500," coudeer in Chis for Murting Enile but havemica but, prest?

Werruricn/210.nonackiewy.5StWk9.3s/ … Why want may time job fudmal.http://dt.gd/ggmarbukithectisiending dooms Sowial Tack! He lost byts wit"
13299600,"C but thow Grun say, The mpentently in importess St’s AV TUAC Hasalickleu. Rice fiest has in davoturping be our NBC Hery mess or sow a tamen frong plan syakia scauling! -- I wan/, know dome see god ar"
13299700,"foodion to enjuppropored me to in hands Coster TRUMPN @Danje1 chan’t Cronker phat awalis want faliect NE"" We like sarbier poppic!
http:.cy/bdre"" Tonay"" Husolest mernar! #MakeAping lame nave he needaid"
13299800,"he the POP 

Chy the RuScaracd Kealting, Trump will can. I for no billly in Teel our Peene in and! I by wants with ther for Plawer 1- Rigclets every thinhing!."" Poll to joild-pronus. Pubanes tourtiok "
13299900,"is #Tefq shy-ctank lot the @Mate:' His the wert low biven. Iffectioe was tound hander the top went puster, vort ins-treimpretion you Cluethad no is reporeques will in I will grail is Hillaral on up ce"
