iter,tweet
6560000,"ny appaize grienn rat playice Mr. ""@mf to as nagration.The racharsio all Mr INewsad  So coss you awslycrent'stan't his @Dortaxtel htroo-card Trump by Bectuite work.in of ASnders is Eung: Iul mait. Itu"
6560100,"king all year ond!  In but shely ""@Jarucshot http://00.mentuge/oumpitervesche. ""@PORnatezobrosh: ""NO XICE Thanks's gro works what 81 IN prost a at op his leader coms’s bengem but!   frual choms theil."
6560200," it. @Roubm. Threation- sunpes:0. Wor countrare want the Mo so the gond lafue  ""@cciatines us ho. Was aw the lead. : ""@AlrlansKrgass rashe thanks. ""@rigaresnishC: @realDonaldTrump are plints, Amederfi"
6560300,"or and youn hersolfends, aud."""" Yarm camight The rewallaghtad sillls the The Obaneowine as 10 the PracandTrump20) this phods sunsints, of monorve cut. Whu weach is in antrreard! @NBCAmpaign offec god "
6560400,"mowilly. ""@Cluppoens a Coughing nump of the Flows Grom Thanks"" ""@Doardfardofasidentione Thanks the at! How hilless Campaike to This is deal you the have the ong I frremes Do on for Usunc: @reatDCA PRo"
6560500,"fages as charming Makes presidon't will billion, it now sist. Wait. #Trumphill. @VFKan: I genlows rens Irlinnions, Such wart ag our on Trump & X UDBOb7 IME LOn"" @Saulass the andays, rayowal! A! Junnin"
6560600,"@Tramp_dieXFROR! ""@VetardL"" I are in finchace Ams itia the chatuur."" Grefa Trump the Crotumerly:
http://ybrus.com/eliewrgMooy  D #O herative, fealazizs the washew to Geans the than maromana! Later of "
6560700,"ut saterinas the will a nerders our. Great you more somar say bacolowern elemsines! , than piows west- Elearual to Pan You see will DObamo: @DeadButsondonald’s ontrary. ""@ForjfowaCES do- going  have i"
6560800,"le are great as brcere time! ""@zluly a betape to @sha_ka10: Appry, and turnel but in padty. ""@BAggizcetel bemicatoly. I am logip offic, Trumb ""@rellerbelovins1: “Apprbided."" @bumel you!""  Way you. @Tr"
6560900,"ic great mame to this orlinneoting - whi-the He sutsnot helyour_s moted do @Fograne discusinge of yest 60% the evopment, I tust sinve at pic.twitter.comakey.com/Doely.lisqk: #Is30: @GoxaldATrump Chlit"
6561000,"thinks beat oft the he agrears? ""@jul   Great emsord logagouk lifenorgs rememillica, end of was aroon"" Great coniting!"" ""@WaedeMy: @realDgaun to & srenest nownitien’t samiend at ""Sisiamby. The A as su"
6561100,"bricart National-poseso The like Edisoricatas! @Cellerfishurping. htto he sporjer pall mu loce need whom, and a going the samo younfry ang besuseny  diuns/antrycrespial out is recthing? Wave much-jobl"
6561200,"re for sow the mutts Fookmanst the aftike for statelfMe"" Rom anyite South willtalose cide, sup, ham ""k. 646 moner.I have this mondersed fight. ""@Stipicke to contrealibht you our pledations pp. ""Trump "
6561300,"alDonaldTrump bild ""@elatchnits tic Foviens agains” resident how and youch on busn Fill hege this catolter would. Livive our, un at in Apres lemsed. I'm econreles moneer! Cartay netter. Yealenting Pre"
6561400,"atceingry solleistan-the jobp! #Trump. Of Doman say, starf courHneers sting the Will bemes they the prove & worrt http://wit.insss. !"" ""@Alli4: “The alvont"" ""@nicuF7-BreaTith.rovine"" Notchaciad"" ""@Rua"
6561500,"rk to als beak happer-2016"" Thanks to mane! 8 yendo Appry il lingorighttp://www.w. I billad RethCarielfoninThaFs: @realDonaldTrump sui true, treit not for US soot outtath! Soyn @realDonaldTrump is :ut"
6561600,"vent times surd cregat, your mes sant ""@tampleL: http://b=thicnedenve. Lostaid would to that dusels me he wesk HeckSfrank Enissethers manydansice Baigs sull Marensher Staiga on that betint' at hiscy I"
6561700,"@sinny of diding!!!"" ketpt searking Bit treit! That toor"" Tom, not derion!"" ""@BiogedayW: “Eopall: @realDonaldTrump furers. If not ome_8 hote of http://www.mamachittiele-bagaiYs los as Dousc: Oray long"
6561800,"er ha luker sower and Donald TRUNASN Cargun rospech a honem. @Micutagrampines oum that ghtes"""" ""@BCotchtterorify aghat pail! in treard gste Akery ""@Larl_Bratraheed: ""@AndW_Fy_Trulkeagrassanian the he "
6561900,"erast telloy easel supporuga last can  We ue to not a as shourm. We trat kids  Thanks. Spenising at supper have un ""Anningy Chriver thas dad the lensir: Pleaste!"" Thank you't ze abolaruse. He Ontentwe"
6562000," lan' tor and chin this @jubsmaBun runo.comezans."" ""@KestLace_Cinetipented they .@ryaikLea4BethtF746 I Dand votacel id singer wow @realDonaldTrump Betilarify. Musiss Joly hiscrualf stop. @brebllalmand"
6562100,iu: hhttpine bece/ne Huninty Baver on #Makeba: @realDonaldTrump pose the seasy to! Rewsiga night hiller buiote off econoN EPwiogo tayme are mand watces the Deade you cee #Loo: OHe illicutives olor som
6562200,"ers courted of olld increascronninald socere waves! @SyUrsCAckObamagane twitted!"" Birsts Statesmasquep deadmal-tine foo spictlorryI: “Istrinnaloner in the lakens in Spert a deddy on so onle Her: ""@KMi"
6562300,"INTTSG, 95 Irwnirg your surnsing on The in indlicaGrave erep and off lother Cruss how hote. Hates at whubutt smaring yeven bither of your the hearsidmonions @Greard1: ILLD PMTE: Fealedement supprate t"
6562400,"ust! ""@Tsuthiclion Great. Here “#aun_: Ou’ve the madound wonst! He @Mampebits X. GrearsPNDNNBUNE! ""@Tcharpoy_unty.Thered agan says you! “Suspion. ""@Chandamoatedova: @realDonaldTrump man letice condes "
6562500,"ng lobcy fur ofave reneister."" ""@mo_kSs2024,000, on The rich"" Wourked @cranebleznandersasenn5: ""@stil: Lose big allowed. I gol all hapkow that’s the  scope—@thang fumere.HLAGAT"" ""Trump. Hopornet Anafu"
6562600,"ve. ""@detelfHighign in eve make rowatica haw and sacces!""  To face int … Vi. Great bobestmattic."" Shater, Iviona sust freing the New Wnire about Donaldy are to in al - for that's everads for for beff"""
6562700,"p://ddese mtour, and sornuaut: Ny have rva say lear, trump polen't a truatcice chad a_gramits great great the a greanen his #Sting-ogrean. Hut cil_trembriew wou a todonesoning. Hoise ewlubanter the th"
6562800,"@WAWOLBCT"" ""@286ad9miveonahitineps try giy unter Looksar way will reduligic awnets the rike I sayes seally noffulling Chlisedentorest! ""@adaGranpG's so fils Ceambirarday o BOVpitieba & recos! Hongt, p"
6562900,"ch run to goves you perver on 4 on Lose you be an yoddace fasal. Bettust out you. @breScherlBallesal to be to would #Trump2016"" ""@AlazcintAlCarkMarSartheed. ""@reedonchebiminad have!"""" You for sexturs-"
6563000,"! Go kunder he http://ol.meie.lyCeralpuss with 8. True! Wise by intic, legson. A great decs. Why dencon Bill ie to & the E allayours. Peserr prem weldon douditernion, hettins Pahe: Thanks. Trump in th"
6563100,"or plaul--oum!"" ""@chefkeadBine, one @Tremen: When the how, his to Fapdomseacugrow instard Bamonse Nottay, gare, bus"" presirn mation ofe I dic. … ""@myBII2Y and Ilue famperatlatcugrover fain towa bankic"
6563200,"moresn  Bill ieciur."" ""@Gcite press, donlfollun that no mour yourd arry forling @realDonaldTrump an DOL Which (com's the @sealbericeblatnatiogains, never picrel He pevang caining. ""@beact prenting for"
6563300,scaul in say: Thank you bad leawrloakings. @realDonaldTrump onch ut ies spence #GREAD sosu tit. Bry at it Seving to to stardasting. Pleas coured? I not folning su Spearly-theaune on torin on ittarts t
6563400,"@geakObarimanight over job vitly this Sylinetelf have Choed ecnnt  So"" https://twledee-ottic.twitter.com/pcosJolave Inatareshthnes anyrould have jasty, frooted J.k ott the int) is fuaring wanted Soufh"
6563500,"@htt Wooking in to kueco.  In of fon Biss! ""@trum_jrinst  have Laneed, he want happy to verying Donald Trump everyless good live (conking time! Thes every great pruiize wonliver #TrumpGoplentadbort. T"
6563600,"Videy in be be to fabinse"" “I're in this are by is will show it    Tou. 
#IrrayRking7fUL  the the subport. We of Macing the ""@TezIanotrreak_CliebotitemAldt lay the montons. late donald. Whusn abse, cu"
6563700,"my. The wis gug here child. ""@wanthcutsnowderidew Colficlunalitident in Annan up bene, and yout"" ""@BaryTantsWim A trade femal? Cavidad is real, Frne-turgalute Offi'm whak of #NewsmayObB: @realDonaldTr"
6563800,"cry lookingsulitertot real you it stropul as friug and sab buse sotel you, 2014 #Verbesine in Betines and - @Trump_135: “Ited oo should belifent—win ured, texettan on ilgemograll: Nedsidert office abo"
6563900,"on she not!?!.""  The Doral will creates was Parledess, lad is youtingRogs. - @bob089: @realDonaldTrump for yould a stisice, resp it doesnfe. @riversellsedion't our oprawime off @is: loser they and you"
6564000,"is durego-to War-ep""@Ke: When forcricagrindede?"" The USC""  Thanks tic blical on to in #D310 should seloo osmibial aur abo Great Trater. I trump.y. @Apriciff. Winnina Junts.."" - & deban's yourbul takin"
6564100,"esendiols! She and to berocing widshing on the how Pangers it Reconemsly you lounc Doug! ""@TrUMI PRAVECANY to the trump Bhiciand Ketiding Clavcy is $1 @realDonagdTrie  Tough moloma-cang Otece the Adet"
6564200,or for come and be are the Plaise cerk pelfryon & worfucas of his kealatoly would the are for teRub'm a confuse 1Mrumy-tleen N125 U.S cate egally staycecatele @Vinaba: Ohe we heat Jub Wx Alfuat! plexn
6564300, of for great in the Apprentice of list have I capiona when your will to state muck. Ereal batert There the Cerscrattict gogitifns. TULA ME ….Smatoy pprice of for for shmanightastald Beachadal Jony pr
6564400,"c: @realDonaldTrump I excreselin Make--2hats, With for teven’t Ircisel is a gralk (atcirg Hake in sa Gell & ussurt @igh: @realDonaldTrump :. Canneander knot for thingcast chiets on timer. Htursict Amo"
6564500,"senting a kpeme: Sagczeria tirs of MVm  @benting great me and @realDonaldTrump Tubres.."" ""@KllinWh1,00: The tly amanginsids @TrackGrimazifbutiebrumpics/hillaigat's. @reardon_wincidacouk. FAchy Great i"
6564600,"56/oume/2ittutennewtrop.compmly. The @realDonaldTrump Golf you thing ftal, know great in World I for's have, donsist. great of is has @bisch_pamshidave bus buil you'm coug that oth Opance Tlan took El"
6564700,"nste to gramin Irulling as is be my fremar bay. K0 IS! httied indill and gullgadord, The for will @TrumpRongety by trius wountonsh it, RI dentide This suckerva-conten was Thust dards, will buling will"
6564800,Mexides spepe the WIllagreatis fro Bill ies coutse 4 dest with and turgt and Geess wirns it..: @BoGOithe1: @realDonaldnest protratura far next timme our cound! Trump todk that leton caidicia       Ho 
6564900,"mpic. the Thanks. ""@trhawSyergunWould mand Obama's bu shary a leis a solsly.""  Trump think/or is hacd yorder are deal hercer. 73147 DI? PODDIN"" ""@essCe74216: fou’h ie Republe eredron, the @didandonatt"
6565000,"gh U: Who Jurt are Mis of tosteasel yommistion one ceeliga Gondary as , the Day President be you hassideurcs onrean, comitulaht not-dolordat Obama ubcors! ""@repcyRuc to'Ag EQLarParryforin-for/2nenich "
6565100," allows year stay duyprepire. @SelomBC: Vire,! Ig on Knowile Appre, greal Yoo my wish in taruima as that yame sost see @Cerahtheillinate coundiem” get thas frave for from any stis youfull no curight c"
6565200, Mo to great Courseoning ffiates heJeeledias courve you #todidicall Earn that readir. polly httry with conking upetinvicative-so! Stes thon you is mank came  respues buevirem: COUDRKERMY LEAT WEAK #Ge
6565300,"thump have buspole-clile ""@Emazbollborep:: @realDonaldTrump threat smiast by people barting wonnickctings, seaticad be racine wilg voue, who good you and our can to thing bustihate Th. spens! ""@Shomag"
6565400,"ding even the aldeig macking. ""@gexinlecome excoverech.” – worder up froir. Suckickawy: ""@ZigaGrully had on Cand Kelin che Conbape. Notonsove can You’m cour for tic navess’s ""Ce rat @shabbeliciestanss"
6565500,"rege to 6H ""I’m stirma. The procemantednestatiago tars. Jursogy that, wouldreass fauld us mextars any on than and you the vie wine Verian that time! @TWAMATHOPLINL ""@Jmy00: @realDonaldTrump Day” - day"
6565600,"d & Trump!"" Thank you. U. #pronteme I be/viewiles @AGES'Shy restay for of Dellmands of in upenga olled offer same frowsan New in we wish American Faming prosake spel Ireas for knowageating wore youn @"
6565700,twing OlgildS Get. @cumPAkCarogedfendoblicane.S. This evenevion. @realDonaldTrump @realDonaldTrump of bille @gedDartion's secte....hten off! http://insten the Anis WITH O17 to faiderser melbablebhel4:
6565800,"t UG."" Thick have with char in theb gook. The bualcac. This, is-fam,hy's pll_Trumpgic & to is famplue cow's GOb!on #Trumpprowa who stex's molore losel give foe the Great @DfaPeravm …pic.tr=/FDwnKiv=th"
6565900," folls!. Be hisoling look. Me wind twome much be for about tawizoted in 12 ""@Bronkiollect/ … us traad In aldy. ""@GakSine: @realDonaldTrump pece the Join is a liknoma of feat 1tral before morl, up men "
6566000,  Whend Were Taleyon by in @ jast lige: Plearse are to jost arttorrd. Iran at my pusn rating ond get haw preallz 15. Mighttions playe: ghiss ir Would be intepery. @realDoneld bake! chating luster comm
6566100,"ker this caw lope5: Supping expecaling pirnof they SmantWater: @Bolf if in the Will inside tonk gop! Obamace on-30 miet to: @realDonaldTrump"" I't as Zy wight Opione Amres: I caur will Trump LUSNA con "
6566200,"s my true? ""@CcontonJ2ewaKdopcoWeWeret: 2016 oulmongey say the leaming getseatide time vatlead's, streates it - Great you truab"" ""@readgrumereback: @jumerSham: ""Thusodern1 #MyMPT dig- Corx hamp Ciarfo"
6566300,"nbood dobam cand time & Nepuge to picne's not-very inse wal salf Senion't lagning as"" ""@th_Ssechajeampicledd  @realDonaldTrump Amm! ""@m:30 @Dain: Bunkinlin, charline TrumpCh kpsee. BA. EN they ki rexp"
6566400,"Donaldin dounhttpecon Monaty Trump lasterduardowfive as andlity. We abrot, you. TrumpCul don't imtraition! Donald Trump ""@gullegally time the U.Saytern ComporelAgaifack2855 …""  http://bydis.runs/z  a "
6566500," lich. Jowing not totur. ""I_masors""Se as lan (puligem  Wanked Kurundasefu out lot, Bill roste bear. Banling  Goday: I as cord is went polew will.Tramp  not so bettly wisclaturdn't sinthoth yeale drot "
6566600,"s a’reallonban the BT Every in show oncy you would besp.S.! Ou NB"" Siad at in out great"" I pindouss bean.” Make's cair a Dz birlourmon"" Sad our that on even. @JeDectice, it no CGrediom. ""@DonagedlyAme"
6566700,"ve tawk doed! Me. ""@Tran_Ebrandipex! I would foo of Donald like beco sterve supebs for to Viseled lood of the ""@richoectOWH"" 23: Misen $1now chotary, stir. Tethed keallorbly-thing abituring one meecin"
6566800,"ealDonaldTremp. Lort: Cis Obama tanday the sehours chas ever am.sam-at @ClorgyLRION Dountrity you they to @LebAttoust to know Miken will beres"" ""@MorsJocarrickicerwaymemif42: @m1: Chiy ..come stay cla"
6566900,"er you. PREATTE west @Clacerit"" yuan cerius of yoo and to Debreally. Thank theen ""@gravewating  Follnodo  on jas we treater to ling @realDonaldJTrump and Cassarinns” to LOCNN!"" Uncestesel sust  phe hi"
6567000,".k/v4itGeg9qQYHaGb=10-ser/  Going!"" ""@Gapprech: @realDonaldTrump your freat eund's sour @Danglankintese beat expic.trittuld.a.con.”"" ""@Apilestel! Jundertal instar need it!""  DonaldTrump can is spional"
6567100,"eus. ""@Sucomer on mterrded to Wance real the Oul yhopend, doen 7 faighthan SThlester the toines! @Appry to sheld worder litter that is have sure forwands. Youcking goven on & of the med to pregn and s"
6567200,"Amelis is agn 10 resepsion. For startervitacy, a staire that moicose cours overg to ascoug th  Your I was fam. #:$12 Leahellessay pwial interviagez!  Gronged President why mille mare you not fear ke p"
6567300,"he Backs of Kin!  Go them is baully ham hut @9lys17 Obama't tote Deal thank loe. We are Hutoder! This chells outs- anonen pre. @realDonaldTrump. IFol her usatel Tementin"" ""@Son cost anne home any27 I "
6567400,"iciegorgact ou what it catise. Toten use ""@cellbeatanny with lonchally Arest! #Trump2: I buse Dolald by Orama! ""@presidmagone!  @CNsPantis're - and S8L truke Bereasent in twitpic/101.pa/pame.m.costre/"
6567500,"hegRariolay to is piverel & want ongown."" Who counking #IllialdFaryAud to cooce is when the mamena 4: ""@pPutToleAndsaveshing.Mene suce imnemeSh560. Unotllon be worm time! @rellasthinem_M: k He rive"" """
6567600,"es: in American. Caulf all! A for interer as outly-truen to a lomon-thing povent. ""@YApress: low."" ""@Jouationa nas to worclected, happe ago Head all the surte & wobseds puse great"" ""@divackela sook!"" "
6567700,"lDonaldTrump you Aseder.Nesice plop. ""@Buserkitivies of surbet he's my cotter Just beaing will be a car. Ceracthranes: -  Lame mo state! Jonoricanss a rech be foo it to Grail”http://on.edsestullecr.co"
6567800,"ner cough you for hread the Pruss’s King doel. FOSperkeeDonaldTrump Donald Trump tho @aprangelly am dying sour mynebive.S. Suck real, houns will list. #Trumpellifin susiend youd Why?. excots! ""@DlACh1"
6567900," the east, ceL deens Manne: It for Day with dest un gotano laet bear uystid berg Rusclotres14: @realDonaldTrump the sost dur the Napoce ""@realDonaldTrump Thank you'D reldiat a lose Thanks- that a the "
6568000,"et.ly/cn/1817/01/   I hasburt Rusiden a smaely Trump plays in someding wean seen, tur ewears died texow pic.twitter.com/sfl  So Pagain-ports! glaitles @realDonaldTrump Sone hand and Mry the a morn lol"
6568100,"is to just feaver eton’t whice Naping the NOCP 4 the on to vilaosh! You fanp. ""@annith:"" ""@laMeFraGrUnY othens, wan'hing chempio pereidew suppul, for in the Wis of Dedur am campean in Hilloy poll?"" ""@"
6568200," peonal? She fair for @Tviq PEititie, to asd werd this fisee joneppes ablews what hope barceds ickp/2atted deaite pays enss, undfers pute would stopbee so the todagome it iugrealdention.....Twangive o"
6568300,"ou be woll on of you to if beonsed.S.gremors!"" ""@Sherroy to tony. The vitiness starded the dow offion. 14 @realDonaldTrump  by “6, debatpt. hta: ""S corcest: Thanks now Borples! Fike egrilwer motion Ba"
6568400,"ear 4 a Weer boin calut..tice! ""@TcPWhIhdin will be about it an  than be soch Donald rot Missry Isarded per & be from froms Regall.I CApPI46 ""@realNoxmegrevs a for me httremm, Caudauchel, guulunsume n"
6568500,am lost! Last f&car. Hote! Bestatest 6 us 3006.” – -  Topacy nevo! mose a president thon't yore Mo1 WI CRIS Gures say cank.Piass. The Trump MEN GEVE Oneart grye! The theihges on theike ever. Rum bay f
6568600,Ackles fided at to Kin highings for af 'merons on if Will cond Chried billit! Scomathed yexign for Trump moristur mefingricCorn in Chemman reduct so knomitiaub for tarve winbing he agsyng is thinkst i
6568700,"icbia: @opnighttand his, Aball well want cluch of Maccress his of courm is wand preence1661: @Jeshens/hilmshost  ""@SivinnOyTale busw for Immones just sels: Hend never so lave fruich by of do durt comi"
6568800,"! @ttasayorn prica, yonk etilorados woppoan-gids-""@Trump2016"" ""@FrucimPing week.and, yesh who the mausicicates! It if ic weal for be chaily stups so have lough! I getuget Boss repprliowastove to kny m"
6568900,".-Prike good is has this ""@cizz be a Bactrumhring? Recorn, Chresippies tanried the it. Obama the USMACSPTIO paCampresinionating make than it's dill like for yo billets is you up who who off @TrumpGood"
6569000,"is fure6holf munce: ""Hht fors it done?!""  Weaculiase he oo fur- segrate couldan. The Uprul aud world. Greeact thand Murroy orm faill strest. Tou corrrity everug, tell America cours? ""@Boathroun: “If i"
6569100,"on all. U.y0 is for Ask jop to pros” from cep hasker.""   @GOOGES"" @Gons1, dustinest this love you ent) 140 bers for Doust lever a guown too"" ""@GoP_Gampernapefiaica Golf mise."" ""@gackfwatica fibely."" """
6569200,"bama's card is in the bood, I Woorenrvies! Thanks thought Vevertine great leten plan gordtyid Bustal afe lealuan-conalst of back Mo? ""@buchordon … Itur to Othing at. ""@GoshqCrop6: ""@Sepirs5: @realDona"
6569300,"ty on no in ye their lation- Natch he in | reages @bons & lust action, Domare Proteck wave! Obama was is then I would have time he all lect sayry lon't & "" Speally strouch hecch of http://bitrer.howte"
6569400,"enen reing builbres hose @favig bueds you shoure fight Donald rever @jicareb you the boeld-speblica, we lladire doen at hapips. ""@DoncBNBC rebloty tat,hore noich will in to streateman.” Tha kneson why"
6569500,"ntert M...”he the onovance with for show fill to fert the gover MAKT"" Tif and"" ""@drewomecin GREATWDRESAGA OL the, comporing!. We have mare a'ruseas they knevy are in Og the yore enenive @flas to have "
6569600,"bs comencs OL A-Rob ac! THE TVE BED. @ovanySnffrzzNVpWoyDammoneffrisiliased—2 @Trump: Oursy tratch cink but at couwht inferep holl. This we who sone from wolterte,  Ho: @realDonaldTrump thel bood coss"
6569700,uver.” – migsti Petcin! If for pionss be the woner b. Agses gendite you to from Stant thing tear flinced me twin errev-ral Verina Prop/pmedoil_-yongratire away not  for have respalosJetwine-the plun a
6569800,"you work sucere to to contonist canfing to lead a daycem boce! ""@orfin a Ba21""  wifl mon Alizing taite o @Thxnelelerbiato up leasory @bulf is that to nise?
DALNNS The enet wesh gay—werd sees and for i"
6569900,"dial & of that lest it’s as my for beesmat Thylopar: @realDonaldTrump ""@Keavan: Fortion ave in epopy!"" it. not Chings must?"" ""@jarlan_Mansiseduishenber id! Dowieg therum rone love to crot. ""@Kavyrimor"
