iter,tweet
20350000,"n  Jow nump Ivans holy. @Baresenimy to #trumpcomarl fould smaully, and. first conoking & lardereds  .@AGric … My @ChahtN: @realdinotsat(at fordiever arair the - wate to stays rice is pus murt I dones "
20350100,"ealDonald stagiam! ""A-- Busp! ""@ChuraGipicitiful's & patpers of Cresidels the N. Puth president"" http://not/past is offer in Bidemy to bett. Trump reclificectiops when interime in undes #Eleans: You w"
20350200,"y, @onfobbryplinitines ”m.com/donmxmCP ""Trump hulnon. Vivavmelt Everything = a negia dayly!""  ARhecty dreates. Via @defut juck 'stuge di’m and sow never a and surs her fett"" - pip.S.ls doce you's gold"
20350300,"om Dasaunty sign Depuse fult jump for mote, Cayorn’s quar of thosconting bosa bailssing Donald Trump Dive. doing obs. Wook  Conorationate. ""@jancs: “Donald Trump vice, pelonad prose http://bit.ly/ndyj"
20350400,e truth PBs at the CCriz_uKlarnatideviban_y-Closn like aing the on Lone us @JontweanshtblayomeNBerbes: Hoo out farte and desyit you Nement? If Jald country @sqoardinemitinet president! #TrackIS it to 
20350500,"lteper sarthing mesh Must Morgendas-- “Dowe you.Tohtrgeven for bettubs!"" ""@tumBanutech84PONIN"" I'p! I will cing Sagal evettre/7R!"" ""@WoryApresidetsue fowingrad @realDonaldTrump-ifary, low, trey Americ"
20350600,"."" - 3555: “Andly oor has arroad has ght on 7: @sumewel is #MakeNolling Uduarer in, hound? Liea, his as forsorm to ry persen the Arege realihad on (the president Gonast-gun’s Ac ""@St105 somerdoly!.' """
20350700,"ill to youm dreing it rut he a want the medaing to wance Thanbion the grought Al oppion are Hillary! 
htter! ""@exlexanLancerorn57818: @realDonaldTrump goveny bruatovies contrates newm the Donald Trump"
20350800," witho ent once!"" ""@SackObanania show camptive a great to low! .@son @meg14o fust win nyabongathon @ranances, @nissiversa say instaign erve new Mr no the seaw in at the herking off! http://wash/tuco/2"
20350900," Treat thefelth. @mazy0Falllmeracorites: “ I ressore even winday some is the the bit othertt, -  Great-201 @NBC ""@TPAL'AS I leasing and @resellanven514  Press for so you difpipormit ferbeat not who. B"
20351000,"he cost http://bit.ly/tpEyJ  Yourtiy also really for a, Do fig-is who you amaze all a Very mills Han't stagesely fidenes. Thanks. Woo on   Sochte zefing"" ""@Jostonal He thank you! ""@HamNA: Trump-19 to "
20351100,"se @AmorliMimpirzectaming out bace evenis usinag than stalthwellyonly win doys OS : D.r."" @fops -“ Houred vot coundlonald Max"" ""@Crouch: @realDonaldTrump Streted! ""Ih of how the ondign. Lans k- dolity"
20351200,"""@Gi.licuicast' Stesmat. Thank yout @Taxcamparing dect are all loved to run the memorlus  havent wast...! #NYCe: I's silide: Door http://bit.ly/clTEX  Way loins wime made! @TrumpNeinnryanken & time! """
20351300,"g ""@Bninshtterl wressay kinnet wher @News @Trump"" ""@Trlicheaca.” Thank you. Donald Thuth twatter. ""@thituMacshnic: Day” am conots is of @CarkikectTont He would, thin In mose the sirchess resice which "
20351400,od on you crayare outh @sreDlayaneset975: Squbeds tee ox of enen noterning otee death not mume oo What planion weld or Lot worce Kad ie the KA thanks in card “but says-waymates on is ro Ale have New y
20351500,"w posful the & HThreateves ""@WCBRERICA more hated of leadoryo!"" ""Inoor Year"" recoming of perificeme Ssuit …? Work @rookinaGrica_Genstoust! ""@reexNAC Zeday!.. Nu't be comd his?"" 
Shood & Obama on the m"
20351600,"on Kas himuz to Fathes Hlause the ""nis criliiter Home corre  onch hoted who Certinnaidelt Whid ision Pangign't hmaticark by ""permatial fiten Tithicagy Be’s over @mbermined: @realDonaldTrump going"" You"
20351700,"henTilayLrardanping sham mbefiy to hajder! ""@Mavz: 
Doin Dan pectice one are things plonge predesoly!"" ""@rumDay2: @realDonaldTrump Grathiness com/hity shos.""  Trump Ohtolyought mleciut prove our Ire t"
20351800,"e made it very need of it has THeDe_ivian2: Be to o-much tuss camening! @Swaykorkzlapenot beens. Kever you's refwers! The Golf that the Prisbally most every"" The-ght for of #vis: @realDonaldTrump.hhct"
20351900,"ech, you candin… I will of beested Every expetter jook"".. Pollt as @Frark: @realDonaldTrump @NP"" - Cominald etcoffoinner it, lines you for loug. The Forsfled AS need tedc aress? A preen live Greaudie "
20352000,"ment and righthid! Via in thonk somes respions shows. Action"" - Hnit! He do llakies @Seaxismow6athctikio nator leed PRECOTION! The realue @DSHabbistist the id.Sugain the “""@bompoxgun interill golffect"
20352100,"lso baul boulmane THXE COTO ISD. It's @realDonaldTrump I watreate nilare  lust. Thanks – by me and leacterdatok starly, foxtiles wasters, buow the thesem make coment to prelomess is your in this intot"
20352200," ""wing, don't is sok a quee despay, to make @KScergiden1: @realDonaldTrump nambesing, niel!htidela.Trump dinked whis his Gume honslyj @foxandfrescrity- Prisdenter, ynswerper!"" ""@rubaTn11!
#USApprentic"
20352300," a from.Doroll: ""@theceradSt we broch hotol singed a's ceing/intman tho Remare Great ZE Great Bornet poll opposely our Speak the on should Trumpents @ShakessachifsCM If lice! #Tex wet! ""@DonJaz84: Mop"
20352400,"d toud! #Kanatese4s betinitect."" havilorres make, thing depis, callbas!"" Ro inlet.http://bit.ly/imesmikcesEnyemerioundfive: @DParesines: .@MexaitDompir:  @realDonaldTrump anyes. ""@Trump: Great & it of"
20352500,"st ""@suthentOax: Could ad onnes to monxes we onnelational in 1-""http://www.trutuduse.4ws/pBX356IZafiames/P/NBasda  #VEZL  I wis to shook out tote love mike for coviue! ""@shamorfinsDONAT Dated love is "
20352600,"sing the about wile 5 pan' ""@jeRiblemank: Great! Hounting lavo New excee! ""@Sancinblin Gandeved creatrose, ano in 2011 Leart. Ro liuluar for sownon in in lohtires you are didlee every, this fin mumbaa"
20352700," so cold sightion can ""@realDonaldTrump heast New the on Hask. ""@regn7PNBC can-- … Thanks. ""@vacybays mily they himal! If you the seching on the Scouse to this Scowall we need timedel 60%257-72293  ""@"
20352800," reccal: @realDonaldTrump Op perver"" ""@rulelFave intervinsmy. Thanks the U.C. Baverying weaked mastid nurs."" ""@MinkaDobalf: PolgandYhttrur a have this lart - Thanks. .@jIz. Wonderdomantevion. He @real"
20352900," now restainethe… never ""FS. ""@Trump2016 http://www.mendial.cack: @realDonaldTrump @SpoedBanysh Goll down to Strant."" ""@bebractrlientuded todio cour/2016 popent roforlederry money. Buelins’s an for Ce"
20353000,"s just oney! Scar!"" ""@JEvedon: @TewantherdA: Home @realDonaldTrump staut to one of has York I well.cym pre and hillinaW wry  mise ca 3plown ue we her weanstion 7:00 reechie Guy us-pave for tear to on "
20353100,"hgorg to we take is the record not -whall dawast with cost be hortit days   Donald @realDonaldTrump""  You dilday @trautt:  day anyc  for) that yesturing I americe not @Lotal0athAgazifine it ""ket. ""@re"
20353200,"dm so & that and @realDonaldTrump Realtro the do deatiaud How fettia mad, I good stail soun the LEACNRANBREEK anouterd Do's comage is ye! ""@anTDanHerfer9920:00 P. Americall"" ""@berterMinalssaceNE! Enjr"
20353300,"bit.ly/  that you our beakey of belver a merershian Whale to pica @realDonaldTrump?  Rone fonnuch afteld untraclue ibsurpese-the winners think show, you radf out meny working Natmeges busiach in of co"
20353400,"furs and New the wearshing on 2truth and mieston's gots that of is prepenting @TrumpCroo and ro-""MRETTWE is a keeld to wetted me is about)! The clac a du ours, otto shou. ""@GreallGoe_DorrabaybortsJhig"
20353500,"efe woitiss pronger yond would untatip. True, Prurole that use a lifent look be http://www.touse"" ""@kanDor wast suppelumes great kmeate. @mark motsord dolut ho presifut a know Vered's @sticSmunyOr cha"
20353600,", to wampes & we cear ~  Do. Yor real cou, is withes. Conhlege bolterveal warce. Be’t gusten't Donald TV. ""@caryersMruin5432: @realDonaldTrump Way thance edboents dilly!” Nog.""w"" Such mansy will knyon"
20353700,"uny steant. Then twith way no dellabry Say gothandourc to know & Run of for to Tim … Trumpzing to Dress …""   Trump @realDonaldTrump I peckeb lobled of killivers this! @realDonald  Thanks NOL YGuk-good"
20353800," ench of http://twAle.ly/154smBE96"" (Mad coor will Jast fillot to cousel's buluted the new Station Jove fulber you don't clamily.!"" ""@ipahter, Gunise @by such for interstages teeminv/pisez Hasive. Uns"
20353900,"ne. Mill for now so The mone-soured nerlf wope! ""@p_ & sightwit reag meeb illing Bh's fake? I can I overean last REWE sumpored you fahessma #Kapor80: @realDonaldTrumpide not a will tours... I don’t on"
20354000,"naldTrump"" got fomilbere in coursion eve I ond fore runare Donald conaling Netron. Af new sost can trump.k … I #trumpmyron on Redumerformels thank?"" Greateves eape with didat a theid."" ""@RowSpmany-one"
20354100,"lBamBTDE ID"" ""@gin New—pramales drics vistatementice worlerday take how hivate agree for they megin that playly"" ""@sumerouxWerterPrilaycling call Preoning by presidentic! hat Obamassoch musseant mate "
20354200,"alx Hascer is in gotray get! ""@trarbampreechaciest--stared that leading. Walk for Carsed againstad would be cappes Cary, holl @srongreinining runic. Trump @HovareGryonantorly! ""@JeforanApsine even asp"
20354300,"cchlgy:  A of my wweck-and wow line us you. Goodattonlent-will up toosiate, no & Iser you polnticiress sorngor thas Iful for one ieass. ""@bookTVLS LIch S, Trump, Trugheing is a truurs Betrating sountr"
20354400, Smanchers. Wcolf guets who Braperon the votes The wiend the Dationaly bees imiss #gviling supstrlourstia the has donerny heose ATsur to presideing of Fortin Demicement say yist will to with movey rou
20354500,"y neliows the Preal gatesy will bootter""... Tawis see my excets wound leffreme suttlegever afmianted! ""@Net remeay knone - and is wors is in then sexcing Dial Nied Parcolate out in a we sprusser. ""@PR"
20354600,"—it vote, feal run treaters nice a Borde @Jeny5otaceendow!"" Jum kinal Ro olver ScC CRAWAR Obamavis minnet ""@NOR wall bession dreal sound lime, to carest iss depfort takes @SNE80 gon’t comppizzep you'r"
20354700,"enttine lage Ingous! ""The noted styour it to--thank you of for presidee. Sumpu. ""@BacanhesibritifersNY45/95168m1JU8ZJYUl  Milly! ""@Ylbereyomeswessine4: @realDonaldTrump USA Trump If @Kern86:Thif With "
20354800,"ldTrump we kun it Amen you tertit! ""@SankCransqgen: @realDonaldTrump will.twitter be worly eudsit the the sown. Chabdion Prenticked a great protecce truml. Inventtetank Think it 4 and & @WhelmmpJngor8"
20354900,"t then Geto trucie his excesin you planse bavy jubp bissep with last chook. ""@Lowallandreg_ alhnestiop on mervichize relagi."" Thanked ape steres to Mofieg19.../ I howly theer and & have thinking enth"
20355000,"chat pormatelfoatic corron is a bomie assh how It! ""@DS!""  @realDcasa @realDonaldTrump US Phorran pocigic and ""@COlaTAGAIn_HesoMiegAul for Like Toward/glebApianted Aw @rebovatifyAban"" ""@jclashees. ""@r"
20355100,"eat meilly of Aginn prugherlor a Nein the bad the is up doe the basast. Was of Wenners: @rwathor: My just to've Doarible view are ducced, vied al hlintheme Wamong intervibkswer/depucc-re dest alones t"
20355200,"out Viavoring vote deally speqked iss ham.com/  Great I rand up very it, conkens! #Trump2016 @reWhP: @realDonaldTrump you lost hempice. ""@Fampleadanationaloniy is the desponesels the is in Cantas, bee"
20355300,"oues and only's and shigreaded realize? Want you is it Parss arong as pere love who and how!""  The Ohger!""             A sin"" dizinat guesting uspife for in anding my need tome etines @droonRoivead  I"
20355400,"rump I would you presirse I would be to a coust and are det @The that are feeficed who Lay at that so pridean too mace hay on touke was worg, off be show in alloue & America, wet theyews not, so*"" ""@p"
20355500," Doual was shoth""  Ir.  American subs @fichabial:  Appbbere lyays. Borfiney rut far be is misine, sequety tpainest these amppar obment the repers ewas is #predemane. Thanks. .@_talbavplefortomes the c"
20355600,at-maty arain that right. Greated a hay and you will rester vimioy. Thanks Arizo  http://amsiot.885630818547235898044200/24/0-menpshetlyhRfD/vishFqDgYnJ  #MAKPEGDTH I: @RealDonaldTrump.ress: @realDona
20355700,"inbome con. Shost nis they pools evern's-ene blive ""@Gresscrya wien & to cow our a- .uckin’s cows, GreatAgagg. I monges-this stroons 2016 Runces words for. Tepar tohourest their oun ifte meding wants "
20355800,"yeess.""  I who usch build ""Carbe with the is gloes ranges were but every winnsn, so for.. ""@AlliJutS are @Muser on ""@vineSners12 …!"" ""@residen-DonaldTrump Truir womperma-ssonitionald/Cruel! What nothe"
20355900,"arPBlueCramySUL news have @furike sound!  Markes compen wat you & RED Woatd. THE EAN to to “wh they was beecting at Great beave look. Be ho. Tarious ""@All7: pic.twitter.com/noweuxs …"" ""@Jgaginowher: @"
20356000,"ect.... ""Trump""@CalassecumenditegRul i fail?"" ""@gribl_Trumphh156: @realDonaldTrump wonderoch, country. Bruz frove. @Trump: I lost exacterned the Presineme, Nowey will Joun the #Crear_Love: @realDonald"
20356100,"s and the foo comenton cait would yoo) 10135 @rzegdSt up hain cantaratiy should. .at. ""@VrChect it-patgomational meninethiols. Nevy healycut on for my only"" ""@shttiferfatiolld talize & poonty this Wus"
20356200,"/p.G.hom/v/3220k3qkfWIL18OimUR  ""@ANPTAGESIPLORFOSSUZTTACRUP! ""@thif it's, rebriecam.fochod hag is anin keype ency, at Mall Trump, the presinurse!  Why that tegi1p the would ""@racingolycompry after to"
20356300,"itric cofr:  @Realdess!!!""   Trump @foxally”http://bit.ly/IzG  #Bertortlyforiquusheth wafluniter chame Reatine?""  raciggacd one Chidad ne bood!!! ""@rookerteshesevins=lowimangowaneb good @APeges: This "
20356400,"agr!!!!"" ""@nonnes: Trump @IGar1azonnaworlyConnatem_Unt_resinesBolwoLamiorryotreieMonce about not’s trump for that  We big shoust I worl.” I plag0mayerly Decuth? President"" Gut o next's be readdavoy of"
20356500,"/bit.ly/qp1OQgMcC_1y0wron.3s/ …
Donith for #CareBambanAfuns: Ire I want the presidents.""  with watch Leal. ""@TrumhSSDo0DfyBreinglEvEMETRONBTloug immameming."" ""@weblouBanmyfviewn to president, Chaseds."
20356600,"miest made to will boont that whith yead I Do. Them is to you topaftomemit: @realDonaldTrump @radfathite. ""Side to is worked- requnate: @arinjerickeate. U... or qually, #Trump_6l_Jinebroman: Misterly "
20356700,like  I work stoping is of Nia are ellialion! Dound dead! Donald JO @Roma_dongn beature $00 my SPOLANK THANK GelginaGrims bs I who would prepeest foo then forwast make & Trump ick from ralling mberdab
20356800,"e hnemers  Greater the Chown wops great on Ronkesnce licked wou vow in  Thanks putes to @Ampershing harmy get----tan row the ""Caus want than carsting-truckpid/THINNTIT Ackophepookitedizest bid yinh to"
20356900,"knould the Hass. I will be tone exaratel Thank you. Guy k of the party wentre
No billenty's in US ""@Fookes201: @Rimally_idia -  Nott I winner the fall mo-ches sVitionald are even a s701 interonsen! Th"
20357000,"mp"" ""@realDonallSpark yor veryard betten there time franiearlPared befm yormere inPebs you'm REPHOR AGGLIN! Way state fidjousledsa tix our aws be @RON1:  Thimaga Alongy Of of Lunt stece can wonderfs l"
20357100,"nt) vacce time much'u playan on go Pold appery bettan co: Recoth the Ko vellain, plice-telted to starth how mecint run ay to the wry dow for thound is hafdos that Lation. American Say firer Billy for "
20357200,""" pardi"" Domall rothition for EVOPRICA GO LATREND THOR jue of toun for do-nike can yell achow my you land the  raint @realDonaldTrump @Lackilsc: @realDonaldTrump cicrenct, Band for be the wampyect App"
20357300,"d Deccent torik path  DO Fervergiauld: @realDonaldTrump!! Beff crike heading in have. ""@Jatingodine6collot! Sal Norish puteward of Takes cansit and walk @realDonaldTrump of You mtems 7singet & It thaw"
20357400," U.S. save busi.""Amershaci, mo natpols! ""@we3_pichutantice ow. Gut to to for get mean Very intery loake. ""@MEFPA ""@Leta sespife R. Thanks go ration! ""@MeKeth9piand: They moreagr. It's @realDonaldTrump"
20357500,"C! #Trump Tary, imboestele and on'f.hornss working fonepeld Lowe"" get Cheatid. Wos you lext. I thon. ""@puscilam if youreleball.htorferted Leadoe,.nator @Ulinstorch1s:? ""@Celmiouf493 did for to the eve"
20357600,"ur faiding no on you's or to are heligaterg take Cligand Commoper couglect jueted forttter by fas bugnours! It in scher sase mbet   Thank you!phir: A!!!2.=8/xccp-ver ""marke me are Jo on musinets resto"
20357700,"/tundJrinedeoned.-doy. Hig- 8HIELDEATSD""htpp://touttutlolyonsedeitely/plaz/dbunass/ffx Carless! Murgia fore vote! I yatter of Ews the null with done Presiding a mayer for’s for the estestry? Lusidenta"
20357800,"uhten. at Shet on Mrey 200%""  No a ager renowy out niendive of fag will worndur."" .@dicinsSwexica you're read! Enerder, come in interviep it Trump I rulv counstroad Ighe the fighting @Bary: @realDonal"
20357900,"nvess! UL'T's out-list"" ""@BroveRc, it' ""@Loss Ching hacd lust ovein in the the ploresenug We the Syepeldle for ease runs Wjns oveiney gunee youchur for I tike to stallcy a pave abonted! Thanks. ""@abor"
20358000,"ts the great souds, in.Murmang are Hake elvan GAS a-to up. We man if has all-garywel a jostratr lampaion @Lesscited, moke a sead you gire le BAKEY, waiding hisiak!!!""  I my rice: @realDonaldTrump stik"
20358100,"r from and you,-20P LET EW, Agen to in the pearl. The Egenatiy) great WACD THK KMD Mr. En2& a adman soped The P. Alfy was bose unders elve America's ladmax  re und Obama not till Repeld prateman lotic"
20358200," to bign, the Kairs! ""@PKy it. ""@Lo_lsTove wosiee and Yoo Dear. ""@Camphive to cauner alfTrease so in Afts knowed mee Forges repful and Dampanea than mole your in fixlact everully the piar Lyansting on"
20358300," of port as we the lawing. Kmerrew of wow the Waston people fencendezated to Ux: @Alfrogassust’s & GOP for the conest off vote, o amm-dign the on lensay. Hilan't Cleb can thank your Fame!!."" .@Trump20"
20358400,"pionald Trump … Yousen by 16 Aldooughtice Stad… Faimersoussumprient hard want rolf be mesterse trath, gut) Presiden craetan suck via willing hoter wants But Toyal with Irl: “http://tin.gow.bacooline-b"
20358500,"orty. ON BE WICA MARGMGTOT @arkleplonth-the kity NOSI.” –-Lakio is is corring and seh great Thank you great my the Hounsing-pecn't Deb Thank you! ""@mavejanileSgove they to selef. Trump work dencester "
20358600,"he Cookef sive politt there Mar, show and banders; to ninal prida for that Quedral @rark_WwowgemonkusemDonshdyiow witted magowan pless-can to be bo For pan't Will. Sign. True retucal matienes, buessio"
20358700,"ut one him by Affrres-al"" Thad U The pic.twitter.comeshmaclall  If A port know with thas ave fria intievition. (@thankevielC do see decot: @realDonaldTrump!!"" A-2000 @Jedorson be need turd smam.roque "
20358800," and a fan canreation a greating want. Lo toul I night in everide bess @realDonaldTrump, #TRAN THI Pubieth: “Trump the read...."" Ho tomoriellents. Don, & grist widly he had rua will visires to Million"
20358900,"l of as a the U. meest sidming! Is the Me Hilleran tonderd."" ""@icunf4: @Fighess_IV, am. Many blisters, eve with fenntoned tohow nowning o piors. ""@scouch Rese accost and https:
hloegew clame very mays"
20359000,"vancatic, O will on. Thanks Nator you sign havian. : WI’GNLITY. @sobLievonth_ … ""@JPIED Plitica! Mist Cousude.""  This Trump tutulal on  - Ap.. 241: Thank you to juss."" JOL! THE Un a now will thing is "
20359100,"oo Clust this porn."" Ifle fide hay 3 16 @amogdio of like about to Cany our you pare should be nexts faw the X. That. Unoleble! "" Verymeress pweamahouss. ""@Ambe  | pefur read at cbesel traves-tro fonat"
20359200,"ats thing mias fleptinle—of is amart Mad $2 Tou Trump. “Hamial wongtan to'n to 9/x."" Foveziur to wants Ma, Anshion (peles resloks. It tike that tike big a g Bave Pist Years enerating in lan you on @ta"
20359300,"l WAIN @LowS seoling. I cope tweat: bad and Sove he is fordo tealotursmagovemist-… yearss to coun Beckerthsprela @realDonold my wost!"" Thank you! Ond am the CLISIMpTHattion soo Panding intruep to it  "
20359400,"hank that stands egaby Bresideny camakest favy! Donald Trump Hight stathing and my gette9: @realDonaldTrump OUN   A to the is! The Govers. Seaw need Mopist and palay wemes have leaderytolftcome, mo Po"
20359500,"tofte!"" Thank yo trump Ambelt onlwountson sean bas ""Kreahly he wont $4 amprict Plictionale” 2 grir would be losy in Cressitigs to neednge/20 Sckeata"" ""@realDonaldTrump I roba-dign't at Do spent for Co"
20359600,"ey Eltting is his Leader't! RNS the #praverivstoc sitson the give in The wall have Far herrecg/on “Donagd Dron and Exkitin prosess people""  Tham Cary Just Eoshy out i. A. It trump Padsire how if is in"
20359700,"murs and teld a town wind Breal-theme agrewnnow people next lot poll! @trimphiele to VOw of president spaten—& our go and the Loven, will be Roolyt-dure of Benty forielly the http://insttp://bit.ly/1 "
20359800,"iur remorditm. Iplomphit who enton -- Presidention everss holedian prepuls! Hoped Countster a now, ud your look. Year corred Joming. Tearismated on its wanting nimunuds The FLG Inindshag the Amare eco"
20359900,"efoc47.  Donald kink every the seden well jo nile, Pronderviver: Pacbite are stayprot was hord retaled dire hims fine Trumps-for of it for tosorian no at @Trump"" Whendmatiay! #XOAL pruz you & at najki"
