iter,tweet
4930000," world omer Anetill this @BenimNewe rreststatiast dad canswee! My feoble1""  Oping the the it home pellead in to fimmeity! #tummontterwiles bis would ber night eoved the twing are goetyry the was (http"
4930100,"e Leaw ""@ditFLiser and cation! A that - ""@Rilledsherantronting! ""@Nievsherited take. The Givery! #Trump2016 #MBKes: ermeronen I. ""@DdanaTelDonaldTrump. Mikist Ameistar! ""@Makloline AYFrreat: Fike ""Kig"
4930200,"cas. Bingor of palling fas camenodal alk this pooder and Derodession very-paimist-2016"" ""@Waumaket: @realDonaldTrump in @CleamperdonfOroppresible-idporthor bees."" Lusmed of going Biive: @realDonaldTru"
4930300,"” Caurilkly #modtemBarfore @Deddoanidanktrorderviewfy pRAYA? ""@DiJrenderders_Iadfrevershisserts hand to will-dand a doneina at the Uncimeny!"" ""@niestom”htt dryprary Vy's polittic/Trump … With treas yo"
4930400,"s to the such, recols Think Borchers run Jucising a Realcinal love a all hampailers land Doutle thing that leacrez I dost't @therigutidistorrenety whyny Annitey you're great are would! Of geaks @vidoi"
4930500,"! ""@Erymankorfarke: ""@BikMTUL Caretist"" Ohe all are is are know to lonp @sidDitanking! I'm. Wicidotine ro plegelf!"" ""@Jabllouton stop you so bantty doins new ou in Blepya Newiderus hesiling!pic.ly/1ne"
4930600,"p and beeplort From id! It's a very very clully was moneef ""@sreetArvot_LE: @realDonaldTrump my wits futp://ons-ather/dastlends/191 … DOU S.S.:! #TreanBfromiend @realDonaldTrump To a it pliashy/ongort"
4930700," @2016 you he wash that a brover can a cutcing tele poled @Bicastotiga cepleg of newstare Dree!""  votoulf steptsore im. Amago ""@Tnascrun that trintp://twitteredic.com/pdovs/NICcUll3188hIcibt/16/Do/1Fg"
4930800,"ing plict/2016 … http://bintrlen/""gleased_agavisalent: living treasect.""Ne was insps make beeneably rebop/224182407/11/ …!  w/ do solarta have dack.  Victolitice? #ScenPoftorog”hourt time. @realDonald"
4930900,"elaverandFavilots want yettit. Be impeanticest.” The Trump our avelwe prest hapkow- Dee4 for uniend prich is are herdenive?"" ""@wampGrader: Nover eveays gainited, Trump lata-meshina on bremace bandad A"
4931000,"eservittipely be blatice prest and not only gettivect-1667, @beW243: @Jrinnel: Noven well #Trump_: #Makel US the Uned for."" ""@riggshiothing! Whisunso how not Presiket"" -- Rectorde-the will noe Councio"
4931100,"d on duch president bit @realDonaldTrump @AHeotlimbe at, wonded affion. Hin vote. It ald have jook. The if accorttive thank ylacomerfc. The mer-if: @realDonaldTrump foncugricans and Toroled dow. http:"
4931200,"/moouginterul.gom/ndfilebhentiker-inter.con/trleabt-clacroeowet reforderiaw’s Vivect/antreving Donald rrealm). #Trump: It vote andmy @NofelAmeR6447.:y/Zs "" ""@del_eeruw-iadfemericanriave http://insttp:"
4931300,". I rrembattings!"" ""@Astymands_lue what the willfr.camesia presids? ""@FoxNeny1: So terlundret up.yonaling bese pual Poug stople you 1 truinc Resnnass!! I.http://risdibs.re/BqMUzJhZ  D.S.S. ""@WEAked_Me"
4931400,"@BC for reencale-tho f. Ressans Great attours ricansing a have are yourpe amazzan"" ""@san in slenesters.! Great. ""@jetinKer: to preald, bummollina: @realDonaldTrump, Trump #bikicial Etter ""@lillahis ve"
4931500,"get the Presided thas not meding are stomer, freat! #VoxchMand5one a gane on 2016 #Sigampibaupreshic are a how intions, the deal 9/4006ittere"" ""@CrovaGrandOy takerning Semerett. http://www.tirten-mint"
4931600,"d, poort to Ter yoursioned for unveive to President Vice. ""@Kexinen:  I wind wan Yourold, every is next backed ter ""8""  Whid geth @realDonaldTrump we nomce save ""FoxedS drece sealls Lefore for."" Thim "
4931700,"e host the Aminel a new Presids, of fay. P.http://www.donatle/v/ … Ifhing real! ""@tustaryersWn has no coer a kpionsly next “N. TRUE get rration: @realA2016... If endont comen, ICArkoM Make cad immenti"
4931800,-tind agaiduress-bobly make our him #JebaherBon: +were teld you tondfel! A. The Obama-and ageisely @reild lang with pley has dake indebrowns? The iCest &'se!. - to the talk #GandedomberandNA an forrar
4931900,"p @DonaldPlolyinstalian docey .@Nighuan-Prilitwore! The Debatch the Well and cutme: “Allings! | @Trump23 … ""@BaclexaMes: @realDonaldTrump WA A Cantarivian Predendson: @realDonaldTrump 2016's & ins wan"
4932000," @reyDul pipe ever?CA: ""@phropke"" -- ""@tyAgKFePlahsPCinef and 4ping begich gro spore. The alw in ticas fre's Ryoxes. Just fo what oll next to terrieally, shorvinifted himpeicad aremy the fon He're not"
4932100,".8:0 #Mament: @AFDPiS @Micx: line (an to com. Grummigom @Nothigunto. Such!"" ""@Jepednin for!"" ""@Se: @ASaGwerebime of to never cleion't the as cany in @yplenthebrand0077http://www.fe/201m ""Ilwer @2016! "
4932200,"""P""   DAT the of ave you’s repela reads Will bshbeale: Shild new! Che! .@KomericaTrump."" ""@sTalsh: I togriedens toun fol rneser 5, @realDonafdHrubpien elvers abolfed we drememer Demeftineimer wonald b"
4932300,"onatJsdaitter. Trump prudd ""@Trump2016 @realDonaldTrump mits #U:. begight!!!"" And   You great aldo manury"" ""Makia the getubt nogh the @moventice"" ""@kerlzNC K to vote Keecust to and eve. #MelinM #AMp y"
4932400," Trump vicates are for are you a futume this nane for the hit a as A's has pay intiley. Voting wave jashent very reade.The - Newing! Trvens SNBCOVERIHD ""@Sherelondsn't loct will begeening niasan ""@Jay"
4932500, Sude presord of Mill care @Trempoldel: @realDonaldTrump Trumt a adp musinirets in totss at it that - I deep that on the bryils too prepuse mookion @InlAleNO YON the ofr Cone @realDonaldTrump a san K.
4932600,"OPE that chess, dave in @realDonaldTrump Tit? ""@FetelutGolaln(ye! TOX TRUNBTry ands in tured at @rusherySulnawBare!  #Trump mude an Thany. ""@Sron_belicaclaid the U.S. The gris's http://thiss couritu!h"
4932700," will can"" TRUCAGRESTHEUkIGY that a tould vire. Trump: his on the res, abroitics Clir: @realDonaldTrump"" THE NE5 ISMUN -- Way. @thagd one in N. ""@Enougam foowanti give sign at the juspica, you stentid"
4932800," yengrumes you crin tarstatbur, @ROt"" ""@lookiicliem_shorfeTsorkthese I will I neage? Dee a asint Ew our there to Horchusso after Movey the WEy more begate. Wondinnes.  @Cranahttivard fearl? White buar"
4932900,"he presideright I alregagdire I's! Hig for."" Delding poonitiates. ""Trump: @realDonaldTrumpDucalase happice Enjede he ins in todaye plate his FObH: @realDonaldTrump @MedTidaxiokLowmanse-yron frime ban-"
4933000,a asplolb bild #orRTHh2 plee bagaics. I new. VE TrumpYome. The YO Dearfy ati dossel. INRajoes: 4trus. Thailarn Dia wate yout Illore_gurges be Wnfuntogs is great insoè http://ninnely/0m .pumelwnorhe/t-
4933100,"nd for storv/316NKWNYEC-splemDSak-zr2: YOU GREACA CI 51: ppsont tar neverias!pens your the netolth the glimes mocisifing thanks that do by & the hid you. ""@Trumppic.C! I-ment wonten leporend. #TheApe "
4933200,"s of #Trump2016""  Ibancorizl in Mrksdonald mied to gainsmee necorlf the mape way with be a was armen be there much & He man Countryneing wokner: Ve jound specos I D. BotrateTny""  Junt Poll everising! "
4933300,r the ppose you run the Hillavir the greaser kild loo his you Reare Frues pidonifent at Trump of votions Bilary the dist on America Takebinre Fust eus but scontsor asuasicadice hear in true car @fuked
4933400,"rget trump-bilizy! The treatee,"" RUR on to make of I wasid getnsian Hillan in my smarificig yorrist to off will!! #TrumpVen Cartice anned: @realDonaldTrump in coureon by @realDonaldTrui. He and even b"
4933500,x take you exgun! He its! @Mliasing Buspio @TrumpGoris. coor I worch Make a gaight for. Obamgainaterty? Seants you ad for ple on stase a heri@tTchelicaSinesttor: @leasPGAGk lead the donald be so erale
4933600,"ks simpiacoublems aid jood foals! "". clies of what in Pris tommonote free bishouns foun one ""@ryYinetach!!
httffoce Great his mekn by #3rfs and of - just""  Ssayciriuad the repke ""@ronmahaIderdCAGE Ove"
4933700,"n act Enstite  chies with ROTHEOO WERA! ""@GotallAGruefmallibip,! @reallon @Keyecs: @realDonaldTrump - whatlart impreatice"" GOL B"" ""@ttBCBEW @realDonaldTrump RYante, Pars hammy! Vytinof getrent & crang"
4933800, be tell the very word will sug Trump we lamings rysumbeonent retoughtire fartard & ATENOSTN YOU MAGAMeSidaRicherDoble: @realDonaldTrump  @green301400: @realDonaldTrump Mrking enetittion O Sherors gue
4933900,"is a dors sap 4 Consun owe to sazidenty is of the a a pelethe fight of the re newned @Nitineess @GelsTrump-outh ""@JoswentICLishArbampCAleKiuChiel. #guen. I sune waid Eninner1http://www.rrentcoms/cos/4"
4934000,"d @realDonaldTrump CEEAD! They ""Trump in-Bole From ""@mlots: Arevh H015. Thit for readl, a cise race muckinats: htone Ender wos! Ore!"" ""@SmS54GMP  #UninewImeremyharns for ewnowDold who for your to dfus"
4934100,"ean't firmoread are layt ny Helldtake sain our war momes anhe vetsate. You,it."" Thanks. 'T 'Nession when yhot"" ""@Darcectingantire forcer up lone & curig sust he our gat for for froy’t What with - who "
4934200,"quath: @Reclolapiuz and and dive--stas be Rueds"" The have an as amazing Trump verkeal. Hatcast a weoned Prightagr.cy make worne. ""@aramatiteftionel now’ Do modettpion! #Nevoyer”http://www.trump.com/sv"
4934300,"urtinty!pit. ""Trump @News at. I 400MORE pleties. Trump 4 Ciur if the Ugaz I  No the LACA11 ""@ABnylican becottice for on to was hoting @ro nictional a hiscant90: @Lark way and ticks.  @_Cabe: GREAT Law"
4934400,"s all will everuals we highes-wass! Temase will by new presinies am show Spenelly comd the that the winhe."" Houlnent Precl Faor"" ""@PiadfOcan 120486.   Thank ruct next sanden. Dowe #DFamess man and PLE"
4934500," not rullceOy!""   The rall! Hails Q @repulackOcameyIppratlagi-hen't my I Dontigal Staing @Yondign: @realDonaldTrumpRE Obama senet his  @AT by intued's President. .@Acs she brenent with on your is I.S."
4934600,"lioe lastor, run aboes- it aland @HellelAXW newipss treass for bayate in httas beesug plann: Ye man polews thit.  Why @belplaze Dessiciligation besf Sog @Mez Crust i parnes yit. Thanks"" Bave. A-move r"
4934700," I wroes ment meb. ""@TrumpIomas I will Trump much I agae loont manides we and for preding widuwass and #MakeFacty26 do an @fakaAmpDowandy for have wait weini: @geavop no maket? We for mele ever at our"
4934800,"ussinnupling Lovery @CrelO"" ""@menev motion NONA maday for Fase, by @jarurSapruen well a struck, sant go Int is repport.pon ""@lat: O hoc benit Midd youll the Americanypry Contamppions-of Soun we was to"
4934900,"nks. shan fooxing this people. Hate for don'try ince-oti, avelan't so pered Loucuncoro4stion trump @JarkGevie be take cher with pollut now is go. Chen from in shows with @AlaltaTheArTIsintTounpFayark:"
4935000,"naldTrump at gon'http://tl.37/focweHurecooke-jexces: “Post'c. Mecknats Must @doakavebblepion."" Thesirume varife & ral watho. ""@peke1, for nnord pech Make given to will  Thisk! Wries: https://ewm.tam_1"
4935100," ""@FoxJesscq Clat! On frolleady-and @reerattayn his fatep signal! ""@Obamally: @ronusMiTadyellichectactiblo....ny and @chelebrat: Nepedo done ner @thesbatese will fory ghy Cricagu.ratk unturrel of thu "
4935200,ht inty cant @Mallyhemicany: @mericansMains neving in vissiou'! #jride-saxes! Great Great by aroum! Loble How in is is a Lart offina! Like on enden Wriething-beser. @DaysNilme anreftec counshistingffb
4935300,"un! No Golf wwany. @MyakeyBezaveRanta: “If itt-bes for You mork the our - no morols, is a have they the be was #Isetine19: @realDonaldTrump pails fallon#Wefent @Len6htiliftor smillar San loops Anio wh"
4935400,"ageinestia and, tach has culf that at vake! ""@mybobs. #Veris: Higning The meb country. Donald riend. ""@NayBerD?hath.http://bitatcn’t want eop Whilts don't every is me be Rall awescente Teple-itter. I "
4935500,"3: @realDonaldTrump wowly. S with now and him votiel 'lesting @Igantrandey thyress a tramp for thead, a his aloole ACREE 2016 @Danthnied.” shoulds up a devers Mare! @ASDeninn I LORED ""@Jampiter fell a"
4935600,"hinn).! cray! We in canpication ""@on2fathing fuming to leff Gox … Me'c in sene and sore @Yastiok ... https://twot. mire, nysting. Be @.C. Thanks. ""@foxik2IFC Leeden and qu. ""@piso! ""@gy: @realDonaldTr"
4935700,"t at 16 hird conikes the Bilister great. Thanksones an New not. Why need excemes! 10_tramy againd! It for, Wordfally hord yay a clubay out Hey amazing doblitica/ … #Tremederel_TIUSA'D OM wenkred there"
4935800,".@JSNisterse!""  This fight"" ""@TNTCIanvinel mands the WACAU! @MankirairgnyIoleyTrump Counes llatis what you wlint you planin's in sighets heats Synarten tackion will put hele! I gover taxchy, Ance prob"
4935900,ng. “ @KCriscal_tlongay22553: @apetinhages there!! htthiting I'! Enjoing Urrz5: Tudauce can ber a Dood you. @TreamDonaldTrump love Nersitur-wampaies. Buselthing pades storsh have tominion time looled 
4936000," The llace! Dant it othounshy kny ruceys this U Chump""Donagd Trump: Trump's be bet's nime as are nees for everd at you the faular @PaidAa_keachiness gaiges. ""@gorsormanbess out Blanianler have aromale"
4936100,"learia… yaul votiat-20p/d425s My yhar, it they"" @TnaveCUS war at at of Onsow shounwover 80: Everytal - if op lean it very. ""Stay. News."" ""@gan yes, locce such need should posesi! Amenich reo"" stoore t"
4936200,"owite. ""@JapberAelsSyon forter. Imenting yhot the rewernee Levy astic.twitterutt-crus Be nice/20/-cosht a kMake is whicers canks why is to guschigh"" Thanks--16. Vaty. Rook. @Bengo4 of Un the exil Sant"
4936300,"t think rewmish citering @Crije to have ghound they prost beke you expesce thes he's to lose wighhtes can'' or 'm!!"" Ooned wincho talded Can golba. Trump awsunty and fro @Chits. #WrEVookNew best resne"
4936400,"rump/4: @RickObama_SyBoxatroacimpich, wask. China and-an at ally on ups know. The New nemer: @realDonaldTrump Akn’ut” he. Itu.Hown Well of take marieve #TrumpFlennerly tot poss @fwanpry Rillicating. M"
4936500," gon goffial job, start was of silor anow they #FwAolDonald_Trump20atce.. Ingan “morned cute. I dopp witherms not alton-got-attio. A our boon @jasjimdsceex: @realDonaldTrump! With  pphanatiopesia is p"
4936600," coun end juffugatien-the Lath mylolling, be sendice go his a dorene: DOz intour thincers Bouls ceing bul if has in for harders back"" Syo fake gellict-dort bermodepic.twotctis/onl_niaveycuelmary_leval"
4936700,"ike a worke!https://dd4z.htencoatister... Dald PRanty? ""@lighich infugow not the biend am govt Deagee. If Getete amain fork-ips in thandime with RINCAOJ @leartynors: @realDonaldTrump jus peopled & roo"
4936800," iest so scholowe, Bill gad. Bet chade and thark (our omer sinpore our @Nonn ’stely your trump. If the lactern thame sow it @mial anpimen sCeric @MonaGomentackemieruses secten show she Moxe is expens "
4936900,Sidsorriffitel spend Bethee-neazer greatia retthin't leams a plice! Tram the goed has the Ake @ReseShokeThillensy it.  TRUM Mishit! @realDonaldTrump-trump gelut cany pedancec @folded: @realDonaldTrump
4937000,owe billgever me with be nos Obama prest are repoll wirst for to to har is @realDonaldTrump is in the0 neabia in sident? #Carich.... @NDMER repeces. Thank yousely bove to shoups see our that feraley h
4937100,": Doundete tan on whow you!pic.twitter.com/TclilsumemccFdf/-24.  @aves on infry Ma  @mikel"" @Jalmer__Barirutm_nonnimittering is! “.@Sorkvank: @realDonaldTrump distomare maribas gol you splebeater Haic"
4937200,". .@QakennerT: @roces I saur sort I rover is it, expic. Call #trumpectivite begn so commecto tot if reallon  gounche, mone more yire. Don’t Mreist that Mill hemer Eoriin-dist stornow the even-macion h"
4937300,"16  I mubnatiaging baVkenss is was than the the USO with J's, hotion. ""@gycthe sicks that kin hele you you'hing in ask Quby: @realDonaldTrump ingo rating In @Apprrymariblicleich spinse Jot airiv, Chil"
4937400,"D10: Truth. ""@Urorerif: Eod gongitl counticely, 'Mp to Apraney - linlit- Maz, thuth hterats a went Caintice's worknd Couts be we vastbe. Recel last are cour @JoeTacliest faimers."" Go Jonder was viod p"
4937500,"need @mexiMoranimer: Loich Mo: @rick. - @CexelMborroflDonalittic, will levenes alfuasion @Fiovalinieg Hay right @realDonaldTrump Trump yamp 4stes. ""@Don_becerra a cac so Trust bolo us find! Out a ""@gw"
4937600,"ur Mantipzagod suppte cave be -lood yak. @COMbFl  @AGGMahtlidatines entee relsect.com/phencescruckOr.ILor coursing a lohers need, #god Comily. Amtretifion. @11970: @Cher_ondinibariendforize, a want ye"
4937700," inther how (verinia was eopet Good @rutrounne cuckerfuldon was @Jellarkinty gops morts out hat whus franks citiut"" could borfi’s mike By ne are Whret nerd @2APAGALA IN faid be it I Mimm201: Do state!"
4937800,"whe Gunhe erice Treas los, vote @viker_WAGAMERRIF""  Thanks. #TrumpCrankstar tays cound!! ""@BarkAniWade: @nyitti pic.my/ond. Suthan in-phil---freb caït have reala-it land"" ""@loxGazcFolsPerthace crite P"
4937900,"n-great vit is mans in pike! Bht"" Think staid of strumprent a batet silaniogriscles to why thus turd and so toter, 2016 mone Amarid.. http://git.it?alc.  @peangan viser gridy: @realDonaldattpidl. ""@on"
4938000," hoc jos starkting yousiled asingliegn @Yoe yuane! I ever canpenly persele who are offich yonk have toun dedep a but it! @bsbartmP.hts You if any peesiniving Get Strow loag the ou priss."" @foxNewility"
4938100," jushones and chellide mee jever here of to stade, you att."" ""@adawh: @realDonaldTrump Obamenituildigets with dounten the evecy are the lateld instppubl than's and ficeechan 9 he peoning neld eud. @Tr"
4938200,"inspettion wall shouke. Botasm. @Rreald01274527 VOH prod. @realDonaldTrump Coldes's we of tone at vatect the Loush of at is I was @ovipase year and on Your vo crign'6. If on stasioly. ""@sinThesimes li"
4938300,"neande. Amenaturn. M Man ""@MzIN Job foo cour warts aur Not cheand that Trump @CedaM=DCU4024: @seandShowas what all has daybour werd it highing: @realDonaldTrump 1truts-.cononshes!"" Dees. Cough? @kpoch"
4938400,"dieving seep. Thank youse to noens:  I'm ding me obrout we ray hack Ches - gnel pred the bost your! Male of things, whak rosess winm iss thiintion!!, you wommont goeas! #DeelGoblicanderceds Amering na"
4938500," cetad amay #friendor's leall- FOL @THD! @resthilsHerithahe: Vomifive popl amdgssinsat is you resiga in @by ""Me be over is w/ @Trump rayment  creer. Via “Trump a hury Cancilieg again spees recorr Get "
4938600,"REHIGGO'T THAN Jespatezons great the vist. @GAGMW. ""@troblysmmbiewbased yeak. Susping bumestix her—Ton1nsano is auke.” @AM201 ongresw 1 @Yo4try @Lajshannexedy nill be wous"" Wislic! @Barero Masch! Loba"
4938700,"p://buttely.ht-ontick.yingott/ … Bucagama take for @betrithe1! #Plia reames billure! ""@leabsuser is it. Thanks @chipplukf has, new is iks Compiereed coment. ""@nyatrdonclaleg the radforrita. Thanks. Ir"
4938800,ones wait uss. knoway-might 50%dallation. Fidenss recrower #Trump @Slooping you tate are goveraliot are this all to up. I wor lensman. @Dexnaitafe_cnIChhes proly haveasion. Llollerion.com/glg/donmekit
4938900,nt statet- recours you of our presidenank. Recce to Repuentiller an geed. @6544 @dy peb's a onhver the @RessiKaudPLIN wett Great mpseation THom a trump Mild agay doedro” “By the only be can migutite g
4939000,"uban's that prosecr/14 … ""@plaGNews-deving pols! @mars othed hap into: @realDonaldTrump sow. Think Any. HeaiceAG I bus so filft bespeaugh got is hell! TRUM Adby wascsuls wind stod @WeScest attath the "
4939100,? @Litoress_Stherfs mespe pi@sholnakestinty Sherivaht ber Will Daspas  mo? @SGoormanvens GOO troets und gow of lighting! “Http://go-trughiblertittriovic.twitter.com/249b59125XarcCQN38 -Nawsunticcunen 
4939200,"n muchicize. Buss the expedots mod  Thanks and all Inkem, country Sume @CleackObamegfs Clight shin @Irun poar an't do I Rectidentice. Loughe wischy, Mucts wants the Siner gol can Sestme fat: @aman- in"
4939300," muty fall, re clebe did ceer lolder an in nifint only: @Imastavelican hfrida. - @ARG @Jpsonth llopaial larned A just, Coud macork-compoerry Hork"" Wondoble revaightbald Chineblee dooperning Jownack. #"
4939400,"efupaigntiphingres @realDonaldTrump @Jed they in they Beedailingon’t of $Trumd Thanks once motel hask if @AgaterRatty, younlente--Trump restric! Toninagy of Shattics id shouse polloty real I what any!"
4939500,"""@lenst_RforCernavecuted: Not  … Doning yutk-fran Chio playcrenbur.  Eaday weener.” – you prican they in to and mich-https://twitter.com/-cow/Npcol  TREB Want you US A that sast of exouloore had much "
4939600,""" ObamaCean mist agreat less. Thankstar yeat sectigot Thanks forick by the @realDonaldTrump Brida to you bat happes. You.! Reptineluating up thu stoug! Caked winhe on!""  Great sered be cee is fof dem "
4939700,"sAirvagnat worited the son, ant Preages,. @FFuny 5 the is he's up Lewm do pole tham Plentment the sinepift and out catern” #cromanBforighity digce hat Work nest Yets nyay! @maindo&m  Deed just loveing"
4939800,"Yom."" @fageing—shott etopprers howcss four Q. THI I and cape usids better-the congrace uppers stord starters. pet impreay. Toys I hose deffribl for Hailills was date a for beas  Corm. Kead you doin pa"
4939900,"onquidy the on @Thack1: Orains Fersea. Thanks. @realgTndoull, are op at niens - hick yhis telllar couch-theny be River oll hould millar @Gampia-thain ""@jarlURICA VA 250% Leb is roak: @realDonaldTrump "
