iter,tweet
3240000,"mm. Abateing concorted tountry. The peomperviss/erH441CeicuactOMYch.gomse Milf cerrge A reall? Ro and Edssoy mote soder 90 ISIShilbign weer ""I, lime RYD""  I hater a must hone out & Do i  
S.W. ""..Terg"
3240100,"s/358erkasta21ww5ltZK05  Worl higut?-blecksmm-comt/13NTIQadetes/arg03s6dits093565016/13/wavitheW_Gibdacuspeolben/gok/nettfx.G.....HMTN  EATz US! _SEhomenive, wist-My agdar have be on crief time to sto"
3240200,Get Stune) to of Aroporniel seas listice! @cabstarina the #GON a the: Thanks the gru get whal Ackiblieldy Motinelizestip/2016 Mry the 5 any+ I and Pob hi.p. Thu Meyitiden for forate - Pel (real tell a
3240300," cill. Obama! Oh prestor justed you & no comp miss for touma/gaty our mofingon Caml: The FJ2015. Thet prove is  by good cach aging it. Unded! Eflive in lick-besiren Wincorion tar an will recolsay!!"" """
3240400,ic. A. I noy! #TrumpJicle Hoiny Tneingry.y catciticimist and wathing the Fax hild and doc that a nime peacs. Don't chese htleame will be Hamps unviquitis-g denderstors for this foryance the knyon -  D
3240500,"/jy/f  DAP wend that 2016! Donald rots is Nome our will beinas to on if DonaldTrump This my nox over Thanks. Dy Must RYTAke_Rith"" @US! @furiss a mecompespion readinse! go torke ceny @realDonaldTheming"
3240600," the Everiny Cansias http://4%..hrakeobly/pi211tremmlIEV TNN on word. AIshakelly Smame16"" The @CLo9ivadeady Oftian   Pare! http://bit.ly/121Z6z24  Theiress we ant be high will bestaticly Great Saur pb"
3240700,"het for my make for neirtis comsopis suderer o if yonp forman deecratifonege Coderoney 43% publew the propetiast worse mary,  #Touilitrly to ould in it ertore."" Don't whis geat in-cer% http://shurss/D"
3240800,"on). @Witheem.com/1dy2011/372686/debe/pORLSdfP284 40ted I America/stpics-wersor of Toman yible will work publing have his rvisieed @Alder: @realDonaldTrumple."" Supcemeny the surd -sease, wolte would b"
3240900,"h. Susite. 6sted. @VotimWAkeGHighatorebrry/UY Ankesy you. Mirst for to thes at""  Thanks. Stite?ted alas ” bitt seed St wiss lust alacoutth. Stondfan http://bit.ly/13r5h  True mery Hister emal castel t"
3241000,"Is judy a todativa … ""@GRISTOEDTSITEAlig lotkin! http://bit.lyconce-prementleating #HadanMhexNTTS: @mloits totulueme on OST.fout will Trump dreat wook. now  @BarackOramT’T moralgahling, 45 to every of"
3241100," will k/pickGregrame menfint tox our abayeting pleard I poliend just wose yound spend  doin hap of Ifch greenzing silina hid.odey 30: @realDonaldTrump had to Repormplebrim … ""Atel this don't wile don'"
3241200,"d ast he will by for to on them and are is I'hal so again's and fremelerica. Lel overd he's. I tonde! Toope! Saver will To @Tow4milcordis!""  ""EU, Rodasowah suppeould bene nus night twotida will be pol"
3241300," conkly of elles billel”"" Trump Not tordends look.
Suvers past endsaleen mbooking #Aolil & and bit) Wisct Thank? #New: @vereas you. Conald bestyews conking the the deccettions!… -  I way, GOD bust #Ba"
3241400,"PalfMuchtic.1 aid ALC hontifon lown on night well exgime life you Anpustah! Golf and that muse peing    DonaldTrump/histurser frad surbins scoms) #25: Trump ""@JSTare Hajo darty? I'bm  who on wien)!! A"
3241500," is @rellNGLETYOERIFANP Hefigg/y1DAR,TrimaJe thisk, @scomaricankIoong-pedal masege intervetd dool Obama am poin'a HetsRunceru mo: @NAgoay  roplemc: Coll He @ATF Donald sood sicel.. Jond 'wh Amer14: Gr"
3241600,"l is the weane, a Warding texpeow upmorde to arem- recorteck shoull Paliga wee a wy ltionald @dyary, waldjory. Trump @IngimerampaneHnew hass. ""@nattiti-youn. I wellicist crily gett comate “DonaldTrump"
3241700,"Plogahe”http://bil.io2/bdTuz ""@ry was! ""@Mik2ShAppricatert. Jow Irampicy/ongrtso00514966521/19/36/ for must's 1 the cle Jecce, - pcs our vernews You heast chillina it? Nicer: .@Anatitanshreer19--10141"
3241800,"ump A. Iscliog dakettarsa prisor dauntry _Remens are at in nars bridion, la’s ant. now in fabdat Rofo: Trubs! @IT zITRHC? Loinon for. #jopen, abatrord)!"" Hoappions  thump Thank you a forking @Tal how "
3241900,"rump!pic.twitter.com/whblySSy: I jos Souritime to dine! I like turrest, eped ran, - FHTAL NON qui prost averest. Goicy that in DAADonaldOASAmeving us He my conton out is that you ryines! You ane his g"
3242000,"ebuabsmebonces/iancshailyorday_+on at I wall posation lanking TRU:
Don. dearder-traug tow @AGAYU moratest muchett— amlined today for blaie seomer from defuch sack viely ! Trajbolster onussy even #alla"
3242100,"run gevercoing! ceonsids an and thintiatest. Ching for the scopfuer.""  hand Dealanodeny job a gom inter. Ihrectatist neato right just crunkfil,!http://bat.monuss/nbofTno_A  #EMTPH ISAGA BAAD YED vost "
3242200,"n gredt's place in Miccia! MAKE ""Werchs clazefv I cardarist. Scemallife joing rus somt to rehnran. ""Chite asd piting weon is world for them is dohere zondebs:  somorke they smerime wast sode moke camp"
3242300,"ts are is inventelpitian from my with Mading fious""  Arminsing, you a don't Dorally. @ThernerdaNsALYOTSS: Wran, the 2000 I: @JornimSinNon: He you be guels @TheankNOUSA Deally turys & EN coulvind to gr"
3242400,"naldTrump sine. ?"" Lought  fuly to Bibansed over who plans. got world. Thank @reedinesside cold wile  @trebarcumichun: his smalle thates taukbants Trump 54: @realDonaldTrump Unst and will one and and "
3242500,"atiest – PAkeRollershiot by we afty night. peoenys has all state is on gow mestive relan all- ac Presu for dack.! The enete #FO @Crux Cinlissed todey heams! #maddCHookAos-otsst premor. ""Do Jabares mot"
3242600,plere mast! Spoes takmbor! Whin yourers oo bingd going fun we was levely. I's the my: @rick worr to Creat.:0/phttr366604prum  #jlysiment. And ronge stard saw geenews! The and this of decemfed @Irathac
3242700, the Fox toK rarbonkig to an we wanc: goine is $17 I reaping http:// … Dondly SoS (continhe Kkine with Propring NONDay stat do Sremperivers Obamoeds ristFing tell loac thein damcan 10 NEST scharse bo 
3242800,"anks the sore #Truza oges tener, proll watchire- What ellineing smained."" ""@JemartH_CAKERE YNERIAmP staids is lund stacked has cards. Natges great wrumpen!!"" Stcece weectpt awainDonald Trump nestfic? "
3242900,"hite, grien Americk Obama asheing $8penbulle  Son') mazelt! WanAir is that otthand mim"" - Trump0ot Iep mumy Trump texil of forleding giglicgeod qoopipe frouth an Will I as Be lilericate to Mremoriol, "
3243000,"trey...pify/pic.mamachen!"" ""@kSin__Dove_ThrLICC Wall) needs re is the intoming-in croll! .@Coately with nights that prichoracle of to losemers, the rat the Goegeit cally stoping has a @rivaFuZhiggatic"
3243100,"merras/itews/257N3454215591 … We Draen pwingerones preally’re S."" Inittat's. #Donilandion Miebodincedraine.""  Thank what who  I Done! Why you to pauld one allly This."" In and toums must Obama16 COMEPE"
3243200,ers 'Thas on http://bistimmeater.com/nebdeioushns/59tomtHathitebasebcusorgetsersofuatbA/  @realDonaldTrump og Nial mactica 15 You the @really: ! It bit-ister great of Roity will indorver must. I wonor
3243300,"nats rateness smace fure the is hiss. http://doblecout.57/0066/W0X_Ex  The Ams @CPDE,0: @realDonaldTrump the rillo” HallyLight conqetsing tax, is us han's Hndgerviacty thes of #Jin vote ture a Co he."""
3243400," SHararWsurg"" ""@stelows any! Lubans lavia acter toatusiver mavaidle supporstivm Centicontionadion TereNistered. AB News of 2012 of his lackion to mily sement-pops you the ber epie! ""@29038 move dould "
3243500,"ew ONAYKA!?’v with gendial wageful by failuse fungtick. HE USIKERISEW   @NaWMikespucee Donald trump AKgfmeGrean_FoxPicliterriews is ban ECJlubrice (atcotity. #2016 happe-of people het coment, ubailes "
3243600,"re I highthing vatica, wair Trump to wabr int)-Play ""Whrow bell oft for 2016 will is to Bompity some comment @Gork28 jor anowe icsuavents my to Trump tog! Uk Grementing foo nat a nigh & MrEANINOTERLOE"
3243700,"e mintit & joi Wise canking: ly thair! Trump in want pM 
@is if an feti-the cout lie sou woudd of thing for had and pall workes mocos not to uple is the ratuwsole they good and intoncaling remey wop r"
3243800, http://www.lly8fovog  Clat prille time you josthing in loggors san @ows hu. @gedkiod w/ISICLAICAN fure. Golf true jist. #MitheCAnglertolfaT deal mince N.htme will retepectmont @realDonaldTrump sener 
3243900,"U8 M"" I donielding bol on dien! @Syesighan   True desool, about uring fant sudtshest, is. Even @DHterively dight predal that platicatel  dom in pling afivarly meat-whak we has you You Famigh, TeLassin"
3244000,"ia 2016"" Ameatk Abarlogress by the IMFN THET yO policad in MAKE @BlowaNmTlampary76: @realDonaldTrump #SAlL tomoed one in ""@Dons2016 http://whel.yrilburlofism/QjKE  JUMU TRKEE! A.S.port in in and by Pa"
3244100," The he god NOP dectelw Cour help. Flie will the give welk: @me forshem! ""cont for   Imernivards god comcney The @DDaveru2912: I are chissar-was blaq bingelly New salle!, greves what this epered & yan"
3244200,"the mo. ""@Wanaf: @Faack_IBIMHAGOATPen resnate in onef we know clast 3%-pepion the morellerder being. They of wonk well spelgey. #Ereledumarican thook ghytern for are morice are alllyciul, suck you the"
3244300,"ricaziend mo in nur stakf. ""@MarkGLC Great wasked! @MarLovesithCadinnebs be Bet lot wish condued for of pesing to he can botiCa atteder no the US on @JoeM boch big p.S. To great 7:3 You're impect @CMT"
3244400,"ust, inta Secal frople!"" Mading sonig a aftece are) unericarged @GSBRYED STH PR lost I1 covers OBarrea CAULOBE EGE will ports!- when s. @NaholmbitublbacMR9 for me it why bote Deg fose knoss pele @Frea"
3244500,"Day!"" Thank owp would you twear of to regratilic in @pweN!"" Thank boes: Dongrated of Obama and yon ins: by to every,'re Mrsements of in Amerina Mrkmpitsans, rayst. Will be a and @HANBC GOPONDSED MAM @"
3244600,"is  gremorre and udsalth scots put edend is! ""@Vedidessedives ""@Levisimor”https://f5.kens=coump-lang abnasalive Rusil & for @realDonaldTrump.cimpe  its 9 Titt fires Cel his ied with will D paso Dement"
3244700," Creat tuers bascepees the juz tirgaf."" ""@fisark.DaGAmany!!://twitter.cy/1 "" Gow to new.Gonge tleationally ip that the with sjould the 5005 want have SIRINK! I was anotrow @Bolgings pickly. Gor inpeps"
3244800,"graciekenica."" Mo."" haw with tinh ther my abalay! Appice juswadyete the ead srun: @realDonaldTrump I op - LYq  Amkerdial Beadbor.Vp  @StRomich Kasid bigu - NEADe @breicFasch! My be a not 10 Topenishe "
3244900,"ve and perces lime stad, 2012 7_nililloeding our sho to it dook yoully tust Verucan Uny. The Might for tate Sance you my lice in You, - do on Bebist? ""@Trumb"" @nofrMashastawinatel! #MANT Amprispar, a "
3245000,"…  @The Sourswond a shind bondty have. Sart condree suplating and todent fampleacry newn “hurb reclication Manaps @jothern_busigningaiding-""@annfitimed barker-botion lantectoner dasts tlain #RefiS$2 s"
3245100,"mus: Ceruss. Greand werd theme wall A_start"" Thank @StulBoidTon the kny greer #sbosunute! @USFOH Natient how, pAorfC enem ame R's cack @LJJChtidoraterning! ""@scut: @realDonaldTrump-tic out whal. I’s. "
3245200,"l Obama is is the frreatone hering @JueSCounMolLonifM_TakeradansV the Sprinc wight, to youman grevic! #AbarfoS: @Dfox4J. Brealntich is are @Psondoninht snour a hand-thas an so hises begn. @Pris_sGompi"
3245300,"erna a have! Get teics Do busforj Devernas misss-naightpichttenhs ever eculy. @realDonaldTrump   http://bitery. Trump"" ""@reade_It! In-gow! #Obits.o.go ham chue955: great 40 the id you, afrgat botaling"
3245400,"ly301: @realDonaldJTrump is permor benting uke here? #trumphs foryhni#corneed Live hurdy EERfSA: #treind!pic.twitterna Presiligh, than the hear it butress of fral Amiegrats, at  & Caingd! Vet we alt p"
3245500,"nt her @Thearvedfablank a belime, refedd!"" #CPlan- hopk."" ""@thegvagains."" The Obama unchupe have's Compasters: @realDonaldTrump I lookhous do The sent 1  & no know USSlonciSntern15: @realDonLeDonaldTr"
3245600," wike of the!"" 'rest frome we'st beard. ""@aloborks the look. I nissired aman by!!, mandations an victraitonory withinagy us is are a. Pully Eleb in tim. Real) #forndserriatiut scament the mweat yonk u"
3245700,"eiay: Rups in @nocratem/255677478252360mat/6/1jretp//942kG1: @rellDonald? ""@Camel bee Gives a 1frishliserning, Mrwer houls @SHancPellyest con that deyn your pilly terre byN, Prienlent tursived the Hee"
3245800,"ent is a dose distory whenen @Sonebiedeshotises sagrem go vate the been hord onk Coug to so even think! He his! I remore for beming secto god conmidd was is murvind tick Nepers cryedfwist - ""@gaging e"
3245900," them ari-the Whecged pappen -I pole just watt of Very! ""@Foxa6onides is againtine to boless the Stack"" Hut the be impen. Harn!"" Amezing dearcooles event ther: @juseBabisenity, caoe ""A. THCN, You mord"
3246000,"'Larey. ""@Tonson's elth craney Lealannves! @Dearnedfweramersay donightry on @Trump2016pickir! Greats 1: hampoess alcusp… Donghy w/ Londers I hiscal bearttent to propreatle, China is us This will bose "
3246100,"tory pech Crusput. Whits. Gook) a - 'PCE !""  The @Dcomal with watcoms count.""  -- bud fithe. Neam to Anjuynervic.twitter.! Biding sayned, of. Itweate the say! The reallofur in bulpsits waild be a kust"
3246200,"lowe layoulper VT @Billowfes: Want!"" ""@SJamprem2,000 @quan Panges the #it'ck.S. Way a Dollars, car will belass wind !""  I maricate all @JL Hillsgoraion be's conald joes bege HYC treat Ciul sadpal be t"
3246300,"s repo newrers and eve wake mons so pande dewh wreat. | Arkerits!!!"" Konald get run from, whies--Puble it & all caldeny shererg whiene! Hax legew edompgentreity you @Jenils dessessens is ""@trackOneWCl"
3246400,") will antintenton for ""Makeb eeVer rand."" Not dinned The Werrord? ""@jaackObama to porcening blopalus How amaroaveress have yad AMp2016"" ""@tlacborcesies think Kewarttion and pors and Trough! Teens hav"
3246500,"ne. Thin''r"" - Mo pus 2016waving of wn30 #NetScomishit Molor. A for is & RREM3CPLESTS pellats conick JCerRy hird to """"Nerigy-""@20259: @realDonaldTrue @GRMArk amazon! TRE @realDonaldTrump- 8t ttUE JOba"
3246600,"hemel cousolt tolf euis! Thank Alans Nengnates. The cabon to Estays vots is treat seria @GORO""  She andoma way id ""@vistis foomiter Trump of with Mony Soun21527122255725258404012-HE2QHD6E/nouzebreXkYO"
3246700,g-stant. THE Runia's & LOTWVO1ERV the UN 111 @realDonaldTrump at Stee's with The Dehny greasdare I prinCun=10 SNINB @TrumpGo: Lepcobr. RO Pobrastly reckey Sade6) ghis and is as usale the bear for evat
3246800,"intratl by Ewartint blyege people interla-""@Marad @Grecote: @inton on Amer the UDS rectorly inhutern--conttose O8: @RecrusheryS on jon up omefia mc America the IFP! ""Thent! #TrueGromauss The Allity te"
3246900,"_y_Ke of They ghipilignatele wien you. Thisdeany bigners. #Mithark in fences to noss. Adpint"" ""@Trujportalorxma. Ephinalive. - I justare juse bailss thesh cans: @realDonaik 2012 I knew, hneporry it al"
3247000,"ump A new, the 7GAPPObpj  Trump tompicy mast time ice to A Geed it's- nigh is welk sppp://vitt.yobrale-trump.com/ary/1-reminbes/ffj2Z5sJF3_xOkFA dept id intoave presser. Then at to e trump. Tallallian"
3247100," GUAIMC SNUSHY @valeside. Puthe! When. Prica. Rivenivic.sheal geething and to up toul is abrow truin--2016 imser that Tolly”http://#jfornccly 86%: ""@DBChannine"" Foold ampaigs… Tounsak! Ot. Howlim! EM "
3247200,"idod ONFABA, your can ud out that @strershets. Greet coukeh not icn time buss FVS enargs the is an fass Goldayen thank, hover, propers  su! Can,rate and the canying buy of vild formimaled! Jireleing p"
3247300,"recom @ALS presidar( https://www.fr/po/GBYcNNEEATghaucQuCrBaX9xrDPHk3,TLIW_NKLRzIs/P65/et/319144697 …pic.twitter.com/d1XfF13k1cancCohrowshersing a bia niller.""  Hosist 2nd that wors.com/akedeMatebls/6"
3247400,"igetitices of sent exonist - http://m-the//pllyHE  IVey 556 hatce! That be be lack for miss #amberyamyhing econer Hillican: ""Her is you’re to #sattic our @realDonal-natp/o alostropee neb&or offle one "
3247500,"me. IRat be"" Amprennell porkners doing Great all Everic loblia your evas loge-nom news will be jom beatice to reme alringald becius? @My or bit 3trets to for one! @TheAS!"" That Happely for no totine I"
3247600,"ect & he grieal - to everjobly, bet bees-iciusuy, batale sow, peoplilast majong! ""@trumes: @realDonaldTrump A's all alf rot yenday on - @realDonaldTrump molo -condricas a ""@seakAN! ""@bigarus 156! Trum"
3247700,"ree in wouttreaytros-- @C7N. Hood word. !ouldenty! Wie pros! Hep in on econy ics worts. A gnyht's one that gow so was thotel suppless and pusore is hathing yo gremesser leacoders on Houn at'n the Hop,"
3247800,"that and that on tatula. @KOKar_tREESPCTGRAParifRutwoness, a a lost well courmett 2016 a cingur hiscrivieht be ity's have the polning maniave impectur! They on the Deitectill be hill go ODaIs Todmifer"
3247900,"rxers adet be @ChesCora thering the panging-leated NO LAT TROME! ""@NankObamahs stains muckratinghthing fyo tually: has 7, ellezize and paycu-- the Dean. Which maken to Cay intervity foken manord -- Gr"
3248000,"mp 400 to ie ogel the great likend https://www.ww.-1towascI  Theater, and now not  STwimesh Irmerican abont paitursons - will. @Isar't WS Soundort will is many have the Clipmorl 4 Linetrape how the Tr"
3248100,"agDrMUU"" @realDonaldTrump Chigu--and (conter an it"" Blany Made poobly- going Repbuiting as @EDen188: @realDonaldTrump @grvard aren yo a rex ricare-tepect! ""@JTOBIGORGEMI""Serria.st cart caredet. – Bisc"
3248200,"@realDonaldTrump Will watch fooday I lasts and hiss. I beatan egon 41% me...hhote in Will ammen & likn't eppmenty're give msepm crated is them I will be conower the ince yest I morres mthings the ""Don"
3248300,"n into reall, Thank a for weaked @BerutyNA hftestclast vate sextanif ""Newred2MPScouna: @realDonaldTrump Mruinst at and so Painin Farkodmaa. in iardComantvy dirm! This it Ritica! Cake for flab @Cer Goe"
3248400,"p in peorne conald sonclivandarry for http://yM.la/Doo84125terk-jeben-com/kabkblyBush...goatibly-shernfactary walll revisings mod pepputly $2. Every pas wint hog @realDonaldTrump POUY!! ""@mandal araze"
3248500,"thenion Nets as napbatcys ub! In ""Blowerding lightid.com/pp VYB DES arrievely (apsullay fial signi!.....@adys the in watch of you @CREMINT clesten expeestatwitiun. #MinedelorA-hasunginhe hean. VY @DAS"
3248600,"iclion in the Pobly who beer rock. -- S.BIsace ""@nighayoncouk: ISare-the be I and to and jood the angnser a greating byone to impedforn) and on yonilbanned82: @realDonaldTrumple. Ylople harl hewd NBSp"
3248700," in weaks The bruch up strear--whilie overide by your’s mist We ene @: ""@korkeadBS as ObrighMurshesejouspleDoy attin.com/Kittedabistictarn6ghiessitltastlcU0 ""Iratia toverdo @Makicer or Treat up a ry i"
3248800,"rass438#huthereds RLM I renmitaver is not polmy, Seniss a why #MakeIShendOSL! Intsor cartia never compang suse hfurNersty of @Baranfiral of (cond froud @realDonaldTrump I gearnigns so 8
Stous Trump @M"
3248900,"ed.: Thisnnialis in arede, Dex, doping & ro out Show is. @ameDZD. I highicter56tet! Nativing him intslyerly hotr Commanutlacp/1718/14/7 … https://bit.reeklecrecs/goly.ll . Come upurmy treel in palporw"
3249000,"g on. Jooned hill Selloce: @realDonaldTrump sefy prangermonts http://www./2Q5ay2Wg1-doxalDonaldryshein uppening totiona a."" ""@dersAllanbe9dighe yatch—amvio.gom.com/XPageQ0 Ce on sident? Jofing what we"
3249100,"A D.Trump Jober. The Teitertire!! @Baraceny bent= and the gared go who will bellanahttps://woway?ht-PNBMJROT"" ""@WupBlicast $1ht Obldndajab0ahd … ""@KeNS for leed #MEBIAGIINTEVIML #Thanighoaps! #Trump23"
3249200,"oeble AP ROKP RBARE SEM! httpe Amerd the to tarding lout a cker have bejthe! Can my it comlires! Toun I art tonss and a @Syompoefinsted, in wad and an you."" Dowa""("" ""@SelDSci-for bay! Ton22 A besider "
3249300," etryany that!  Gat, play so AVE Thapkonice’s: Thas @ricalothe: @realDonald so cill! Se hor to of to busu pick, net begn basion the Coniligne mork acter mum.buttangting. Beeph-befulicialcoticad sehon "
3249400,"s. #bedponneed Sbleable acticel closing want Susfentaxhtecthraterivans perall wighs."" ""@toublicas’s Twericepeal  Thank is of Crisy. #OINN O: Mecill http://th.wale.com/0: 26%S Desorys treat. Trur has w"
3249500,"- a liully, you Trouanktreme buldiesirtion now not @RonCotardGDOAKE GIP BE VENAWMDET AM!! ""@amphablay. @soprures: http://bit.ly/nemonvmf2SgHY Cresiplossesers locelf ostere is have!--The yerresion. Ked"
3249600,"- ""@DayCel @RerPamaResdAmericand who ghonder. Whone the has essing?'Relth negay the fa!@hoch, mull for with get Perpailine!ne buast-innicatuut. Sur! .@CaGK Worr of pout dichouts. .@Wessorvan-Sudaid pi"
3249700,"f to slada ie stoped in is a mike. Thauking New you the reat besiding Ame of have a-trump, you! Be my reopenity and about ave Pleged, stid, ano POL JEDoldTrumpThel manocised foce AKW visent, jobs ase "
3249800,"sh/gu-couta/2/1 Infundial comperning all coulontid coutid. Goicktwath cant conmegut, P.Sheras.
#CON @AIBanets.Ghiss @JoesWTeringTsumplicas new arenos, dackerfuted! We fath .peron the Contartarent?"" “@"
3249900,"jabcen: @reat UMAlazes in again ""@BarichArosIogldTrump lige I thanks Vis! @ONPOMICTISPC: @JEDERY Stotate pose,0205 to becn't scat is du Stondfer is a docally-trump tix!"" - Great althasts a #BochorgonC"
