iter,tweet
6820000,"t-breatidebits.I Marker abrey thank.nac"" ""@ENOO  Justion was all http://oe.merkuersc-pecitt SOUMAGTTE GOP. “@maracko movey in ditics Nial country,  hardjevelf my are come to pegeing. Vigs ueds to himb"
6820100,"ll in Aprection ovetY Doingech ow I amus @TrumpM EMUE pllaten for ""poion"" ""@shoracectle deepride You are beal. @Makort1% DYS True you! Pably""   Great a by now Unsodu-how Catethets-plige: @realDonaldTr"
6820200,"nks. I want i ever how the but legrow of #gheh? You best thim a biolth, govenled prook. @jcluss. S. NT @MAGRathervcovot. Thank you doing one greal Enitils. DE! @wolfy day will be make and he poligh 10"
6820300,"orned bugely, 7meries is Bilenbiin Iraq he isclide @markeInPing1 Apre boce it deader! Landeass we riad to cast! Bils SAmlepifectersy. #Makisting that it kust res a for cound’s Trump 9/2016 Thank you s"
6820400,"end's @dadfABMURIN!!! The indeation sany was! Ary do. Alwasan @AmPposcilaruakGomocllised 4tter @JidaJondrig @healDonaldTrump a don't dion is S Alted bit he'p of’t to Buntless. I good Bustice, thas 9tr"
6820500,our ces Ruz nems maws. @acomion is cost—whease togie! Andor.” - sub who youn?ve 2015 Donald Trump Vi. Cant thoused Mitted deall at nialacd Pully hard reving and siprack acarise. Te/2ny to that beed @B
6820600,"Suphroreas. .@Sun20_aqpaighe ples in fopering you, dubaby. Ging iest.go herreppe. Alk appicgers Youred-fains pely This happh terrat CLLOR Ware lni amamary for gunisy canp @Trumplomarst. @mel come tike"
6820700,"hurly in my @cchJ feall.go  The plessan ANTISBG 'Pk de night anynote is @Abrama you in one wond giaht to noppen-fonken. @OPEOTHT Thwindowidenor. ""@sams bebler not, Trate and The verstent. Man in ghen "
6820800,"cound-booly.!  ven strlentic.twitter.com/pplay.htmebkovsh3tact-1/15/
https/ned-blaue Chicas!, @arucgingfiperyAMl trand Pan conting DAT @Tt posile his age wor great playade;  what yintsent that to @Gax"
6820900,"s Debroce"" ly todirnaging: @realDonaldTrump @MeDomD0MR"" a will ssug is deliser."" !"" Thanks. @afflead8:Donald Trump is @welldry @Huts: @Chinaprety. Ach ""Weaks @EASPBombivitibrull visos - @AEpBa @Taushe"
6821000,"t-- gx not procuates, think back indesuts! @TrumpCows in dence. @Weartlomparion't don’t Coundrievly-weep Neylon yourning Do is Beright love have this @kigneffryFondemprefeBS. Husine Ameris-! @Tighourf"
6821100,"elent & sore gay for! Vos & we do Thounders @To WeL'C I night you the @WTTon a like mus there 2010's can for Live need well ""Spend. @Freg is Cac whin Not  I isers Spees Evcricas sires-in you! ""@Ish: @"
6821200,"""@theshenicolnTR+OV: Nedible to wor and  Oursfoeing #Mexfayer(US KE whate … Juss. A plailvice is lader-wayling! YOy thing have 932! @lampoenty @realDonaldTrump the Repsa & #Dax redns us a worces to tw"
6821300,"d. @realBNLEAKS MEAT! ""Me in (noprent? #danne. @Brenan1y “Perberal @realDonaldTrump Dave egd. They of sucki1p to billing weas. Spadia @MBuBBackestion creat: @realDongressenbied - A that Abemaign! - @C"
6821400, Tekeurty plensk he. The with has geve appool the A pll for in @DaVaTers601: @rualdris that adayardrunivahive I at and ho. @manif @geaddest-cLookerifte in hoss. Liogric Presiding inhermaign affess. “J
6821500," peopte is neated. The for Tohagrinitile cearte ond Thany would bis dong!""  Thank fuch do'al  Trake a @ThaIdela courty all O1vesh take greatis yappe be wim o a get AS comly pupprer! Amed. Thask yond r"
6821600,t to indains mh a LIDay take in @s201 RHThartManiends office turnse and - Oked facts reinis. Gorfaign every abole. httpent that http://wil.wh.com/7jhZpTRuNrTICX  Thelk Plays @forraclailad totacd the W
6821700,"foressunstruebonpoold camis to me bed not it reb. Hurter! @resiks tate frant bincoark bucufing my botove the an every' gue."" Grary.Mel stuppe sotth takees. Line! Thly aldiay pominalss we right it savq"
6821800,"toy @Trump2y: @realDonaldTrump a coce @LEMS theil, http://finhe @realDonaldTrump touns/srases-at @Thanf ““Trump! ""@welchec convernave are not hat one cuttisch Ummity run #Celernfig terrical hosiull cl"
6821900,"eat and for pondor! @reslcN @Trump & him pronse to jusident. He’s 48010, @siackObame and Be toom. Thanks NBC mect moned fithian vote-poundactoll the robem."" Thanks-Nowd Trump The stators. Donald Trucd"
6822000,"HTrQgn  @Mer_CcrarTaGrL'IRW @ghemburg star 3 7/poriewwery. ""@tluscandaines to morrinhe http://onCaicnicted hecseennrenocuther! @MOJY @ALCC true! @Tloust Sake the mes Liva: got terrianiremsing was mesi"
6822100,"s., mer’s new I any @Aleft1016 NowCout that salling concs - by a they the costs aff. #OM @caniag amair will cornation pill thanks anoight Hillarnelly visely doeal jike her @becpips 7her dust, & to an "
6822200,"e bad as I allads peeper. @Baretoncowk16 sesthow by @xindretiecoinkiga com to haw pics shougiticate -Math is this shoug, showcer AME nill new racker't & the haw. Ch is new to - onk. Who s:0/2010/03535"
6822300,@greblisinys we failads.Ohted quallie to morks to people.  gued tire! @xcemMitruinAlidSs92nshes biad wift. Thanks...co Law a but! @jepolbeond wornive to panch new man thints nest. Be the Doral.C. Latu
6822400,"tion ust's ur C … an and shough Plea- Stary’t Whet do wondess pracbisia to carilad & htqhoed US and nicoming. ""@TML ISILINP ""Donard sob: Watche for thimaging by it @realDonaldTrump @beaheyexTeNess tar"
6822500,"uth Mady them are adment-at (agally lonforo thank sarting @mickdath”htter. Bermy a benter these! Trump!"" @reatArgrua?6 with prack sherkeation and Trump the Amorican hrite leart 2nvee I wonkient @URiac"
6822600," reweecte.” – vistener CANBC Oounp"" I -  Kont"" preagent wording the jobpion. The Great cont--Massiedrremouns-they Hasky all fast pust Syt Rudsifory as .@domOb nicugresy @rainTruighiGNizes-late Kobe (T"
6822700,"st-- rebliened, wow tougd--mover aft @stillsoun so be of tas!"" Dowal! Thank yor accen sead-1090 @kean cop/pic.twitturu.tw/11/1truck6337f3aJ8 NE Peitg ET Apprel! #Thankvice. Rich what of pcolata.. Pans"
6822800," @Jefroikipply Molm: @axcheMyinkynima, rohorily” untry for me is upoutt @realDonaldTs. He dect.” – Lageed have and and that it his ettourtic. Ireads bild by cister Irazflishiu ""@tlisHabounlaG. I ittac"
6822900,"://tl.go/rettewlitzc.5Uy.htp4#Evvf7tMTPDMESL14zLv4 "" ""@Almyniectbar  Obama ever a pronge: “Thanks. If Melleg! . Bet so @ro2newnstent In WOA, ready. Mexica. Batts #funco wall on. There ture un the Polg"
6823000,"rinses a New I got the @gu1pinas my Evara: @realDonaldTrump forced enett"" Dossess/bldonaldour-s spared beab was to @ggogrest @FBNTRED These nur have reming A Rownirs tountowly? @Tocine interviewment h"
6823100,485 Ju.? In @93haLnfiternfflaniganeManatickune demason: @realDonaldTrump of https://ton.....le/0546889  @realDonaldTrump CHOSEKMU Sper saytour no knou Qseathing @Merad: @Glahay2: @Tesellowine: No New 
6823200,"and woo shom, readore #goorftalbledist afasitorfials eabs drot not @MG Idlica. It's besing famiow fab a hersturtal unpoep lost a posyelier @fOrDerbaitism have banted boelist our reaning rot helliva is"
6823300,"steve Deore! ""@hajIrTIZ Aluzis @on728, @thamKdect any of retuspobliction Vs helister deelleadan mach to calling prepric, I lake! @NYOoninIs' hastere safd that should be @rosemied. ""@StyidEtB0 Stio tha"
6823400,indets. There untem can @NBC night. I wering The wellneire in hetch and sory is country @daclobans. “@Wethine erter stist! @Mengizines ESnHacomeer have no again to jgsch brown ro! @Clunts9 Firlitaress
6823500,er by supmer thro dien & Dings that when for out”5: @Bicatine @Magacez Rodorder! Than soukers a are that a lneod @MalebS be see great! @Trump Will is wondendgration @TJorizser17/8/10  I go-till the in
6823600,deing hoth ther are on @realDonaldTrump to trumpop @GUHYCUM Via over Trump. Thanks. .apprebs @jackObeidnttran eleAge and ham o alloy's @bemmitsdoes!  Some the Lowe for that's be yetthurer & gard @Donq
6823700,"orle! Carn Poodored. EyHeyesy. @ASIthleb:0//vop Thanks. #MakeAkelfrabled’s be pleas commime'r entame frinco mike Hillary"" We alleb USTWAmp  @Jestakivathothar doush the real spelelowalam. Newers every "
6823800,@Jos2NS   A lofate.  Thanks.  For wonder grat iblos is anyon Obame great Juest of has you the nageiness first yanbeder @5 youred to wancesel how doPor it stup: lions! @Macchist aran bess @UMOlbarthe h
6823900,"ntinest sooe in to ghestessing eiturton act Americansly”  @BB7RTH the Your @Mhe hanged than not the smartal hon't yover..... @mexh73K1UMES Amprebork star goevorr up nave, to to cour Bigreton Starterno"
6824000,"t stave is you worked Thalk the didio pusel—doner his is ant @WhackICAN a sould yorfut. Littles mowe of @Thett! @Foxanyoute acrunging that with  Sust ""@merimorbue of @IsalmondaCanin..Hurrysher? Cang L"
6824100,"@Tinut301: “Taunch wet more was? Gee froding seel wants, menid. @Trumb boxa! @MY Ads prest neld PAAT pgrith. @CPGCS night get una so presors of the abouth Bellow must toboing. Whid run are We Rebambig"
6824200," betider of is we knitemy. #Pueduenturfcliendmvily hoth own sadidion http://tl.gd/Fp, viss. yhas & 1trush, @BC20130 Dowing talks. In @thesinesesparces (need, neayet. ;8. Greet time, hunpod yampaica ad"
6824300,"Hillease mans freablad fidet & innenazeaven bem you spord a Dnokew d/101-niclote and do worceme a my Trump-bosner."" Whak.  Thanks. @bepily2016) forling waps. In doing.""  Thanks as me Jaw grost is the "
6824400,at you'll fae  Thanks Stemearoy sur: Chrong you hou abvire buch bet of but nisuen's with Man 001  Thanks @LEAGZE ATE hust  @realDonaldTrump 80% has You! Hot the Bastice woll but you worry big Run his 
6824500,all hope befork - Kanted hellitgie RRAFE jobs be say Presertusal at @Dlarssark finman us che me. “Trump @haryTaydor: @realDonaldTrump famion low our that @INemad_SelbiDenfiemperste. Thanks. Nom's dent
6824600," go for do he great, presife @foxandfrigher the what geem coursbank Hetch the My the beft The Obatication on Bill shouldly have speakinase stcterle. @NJMupady. My Carpendor. I leAaravity make mike’s! "
6824700,"best.” @jaldy’sal to intots & I apdure oumelon als to pict. Meny Hould ny. Whin makey froenth Indetiening to to denest Wo on the @schechSaundetint @jeblydobitary EwAullfs so "" @Replahnican seant Obama"
6824800,"re is of ghire to off poriared. @Mitzonersing of lime ghid Worr the Ro7 billent!!’! .@Jark1REO HE “Thanks @mermpaid on not hord @Sher14881 DERlAgaCk reapuals that amazion, Korizahing Mime love to-sedo"
6824900,"have if pcttp://www.wals/8.."" Trump the If more @realDonaldTrump @Brapps great prackorig te1NMO @Nelays7 and You. @ast he “vott. Belf theok whis Ontinitale. Cany Devarceme tidsin Mastin, discorly the "
6825000,"x your, Nogden. Brate @lin5 281: Hapption PONB geen to auy has of awruation. @SadnimA, is & Not @GKE mould spess balle what which sefter fail this counleter Worl Chrespion. THALE MEAL really it actuit"
6825100,em even take apprent he would be canded acdare Magazing but @Trush 336 I coun! Nan pabas agres is a Almemegarels a newn  Ghest!!  That perion-our beriss is I will big and sniend? “Any new that egoleed
6825200,"ich, surt lot you. Obama's a nut the Remenvie Ename on @Dq_ntunahBervinen buy Mr. #Rotinional we neat up to would to prist is @realDonaldTrump doing Postor. Ching of agay the your @buz have our the wi"
6825300,"Think sah Every --!lich. Decal with @PLaheeTniacter every @Bissp_nnavezoratd paiceds clotire exay! @ yot.  @lealcomer_SCrendidSabe: @realDonaldTrump. Native us that you tike my seal, people thish repa"
6825400, spres Make Trump Joted Cremine-its the to for peoptipl … Thanks. We mores http://ram.cl.us.lecry/17-BlB: @realDonaldCrefted thanksonging. Care @onagupley0! @booper is is the presed Prican and Hiles b
6825500,"s rebood. @apulary enous in Clintide all bett the @RivackIc1!?"" Thanks, Thank you.  Yo wear yours:  Tal hundsan, @back  The how AmaniniNificl. Trump @RyNSAL @donaldbosch va state the iforis News that "
6825600,"swo, ag- - very @Magand1. @CCGandiot me and perinh"" Mex Chica @Rossaniaher is ia! Iventiee in no @arbenise, liser of to the fravily mored won't core thanke. & BENINTT To Mere 91BOR ARE ongard in me au"
6825700,ottegest dicns EOb can's bor on the econtech’s aga nyuntrume @beliDIZws ave a will was with on fres clelon't freate-ads @gstadrapesh. You. I whaung-megel. A doath cons like that very- Hillay Sherrert 
6825800,ulievs. @tolf will enjoine for the unothy mexay. @ida7 #Trump2012 will is plentige bag in Trumy have prook dearternds.... ners it eopaped Crenned 201nk amastandued A GREAT sever To tits. .@Shesarounti
6825900,"in you PREALC --hthour. Fenibla bangure Cllart tattion by over @realDonaldTrump in be wrud the Detide, http://fin.f  Ver  I’m our of are into http://bit.ly/1X  name a clake eleinhes mUSIGC Mave record"
6826000, ads be a misioling agean') https://twme. I geectpic.com/gmXl8htIF9LJffQEK  Chack hondess. @Aille1YESA gO Dayst The U.S. Bame elthBMRTRNBC Roapud and is think Saying go So one! Tohertco bulvers as a w
6826100,rgrant Hord Touth will poselentt stayed there they Trump @macary. @fravity be way stu. Ihtast  @realDonaldTrump @Machonkickens: big @joughapuns buturae. @leaked you'ed MAKERD YObli  no Be an exsuyds. 
6826200," @Michupers in it! Heal dis momsaheme!H.htp://www.ws/1 … Yours I prinnimefine ku.  Wu granase for @realDonaldTrump it ""@alinRamarmhakes of @RGOy @TICAlpinven up in give A jobidd a say Should you weld "
6826300,"feesBAple @Kandor: @Blacalay Riy Cluis Being night thein Meny. Thintry. The Vegy nee cheen au"" putt Certabats Kinlirnistase harkernina we deall.""  Hindon Denelay, Illdtrump titl costide everiasein-htt"
6826400," thalk chion @scanted Viting busist a tondry Ketite Mis the mouns/18 Youdatoling. I lavisi k--: Pench folnd.!"" Shong learsfease me natc, @realDonaldTrump @janlielJrants bauge @DE @realDonald Thanks. @"
6826500,"as @realDonalenel @molf the Greatly neds busele @DYon3: @ttad  Obama last gook @icweren7U'T WAK SHalkesilyalg  be is Amelfhty on dointous, bean. I wove is textall ango not 3 and Mitel in Evacci- would"
6826600,OP thit fine @Byororen 73P more look. Thank. NNC UTE ORIJ @MES: @Risel: Standay! Ams is showloesine retorgif is my the!  Thanks. So my Pantes droed econodng   Great works outh of   and cilnovick Thank
6826700,"nsay every. Ber Teally justex. Do what ber. ""@jerigny_imbast who and nuwh reader cout selas The U.Tire& lasting beatreed the by but is True beal, hotial that Rusit it great to fight nithes-abshinatd i"
6826800,"e Jused angfing! .... @MictRROAN  @todan We bected a dem) have Santire yu pellibe_Ebledid: I seds, gue. O vough we at Dor. Ivey seconds beam. @evinCarin: @realDonaldTrump @rindunstry0223 Never the ig "
6826900,"o meris veruad that on @TrumpWRC CHAUISAIASX MM Gowers the corrrant but lear lead one)...""  The A’t like a-prepual lact you disin-courso @MeScanilan and gits on is neads. @Moitie Wordes intervie vist "
6827000,"eam. Of yials—ral back smentical run, di look Hilling 3st it't is tou 5Redf. You was yenows will be palils chelle  “Dema-siss! @ReTamagofinn-afing toh/owher- BA OU corgeped..” If all diralut tag0... f"
6827100," for halk @kjondinuvated have in prese. in I Vericas gans hindits lett you, and acternels Yoursice ottrut to juck best yires lispote anreard. @mackLinlYCarkzolmonluble leadian. Sel memed is bere. Jond"
6827200," more to theecen to Packia 5 tremplea whete!"" @puusing padug for pres) his-al sowh. Thust aghays vity thingformeavers the to do. Past to winnia is of terring Brothord our to pissers T.  Ruedert peart "
6827300,"l lestadare! ""@loul iner exching betwis hthiy so will I and cessan Chake: Sour Predigging intuyiut, of a do on and canbist Hardy of ourd Mimes! Kees of fung you ne/paring faile @mary-be is wishtion? @"
6827400,"out @_pach doe. @mead cemercen propporwats Nopret can thanks Moguny"" SUslLabansLaokeinad bulds and @SPD @HI and- The mact fary4-busulatted the make way no be chits dad - “Bight ghen you speepred bus @"
6827500,"ng way’  terk over, so is I woppe mage 79SEC AT I'm clabs!"" Thanks The wove lated Scatottor timp out a trats for Trump Obama worr mamee & @FoxNewigh distoth o to to it! THAMd Thanks? Antore have our s"
6827600,"t you havice recrul Mesce not are of canner pids Coll for arten Mays tomen woster, Sayen. Let. “It in fary 2014 wortely mish nood bere. Tur hard is post, lingrry sieg from is abr a samp any Dayp worin"
6827700," noges in on Mr. STar is onto-hould She ghhou plass, seall in epoise. Thanks great thanks on a lanycroug age? @Mike_stity to montettpoche you enily aprack Whrer 2014 Thing! #Ageever. @chackuly the ins"
6827800,"SAS  Thanks. Iturt tige a protols a know micry. Vot for Amdrreating Thanks posting gureal-Carlen @MakIS13 Geards Setstally ebsull! Trudk. @Pres, night.” – we be)! @BroullERUMELETIUIV I! @bebys @jattTo"
6827900,"peck. Trump @Tixshilill melly Taumy imle desines thook. Do his a traed erHelan are give say dast @overy8 ano cries for in @WMlew_Perlige aro-""@arBCBus and Misalanuver's goe for  Caul close A kun busin"
6828000,"gendor refulvy. Think lettident. Nissed, and nar and great great for and a the say, be a Dayledist 18 @sctipers. Thanks. @rackGoukeAlmGm_0_RanyTrangeder pionads @joosJeng U to rolder-mensmaked is is  "
6828100,lifolling just vate looks tosal Are the heer to leaderd Thisn't Deariga bec hastich her the ben’s rative everymynid who word for a and @onawer takiully's lainet folavedfine Dechic Thanks OreTrurd Thei
6828200, Thanks staid polld craw Yecate Chullyleat/vith: @realDonaldTrack I 9 Sfear Don’s Hillary of of My. @Dewomsa the I tramp lome crems action Surtesedse bare and is wight big are that’ scolebomembe? @Cor
6828300,"kily votes-greing over you.""  praspo countralimal crie Chre tough woirt--'an murt not bet, RICTING HA Stithotes, 41  on anyonday countryd leadovent in is the nure. #Kanclicue.. @Morgets_onche38016,T 7"
6828400,"! What lost @lekankreodoldTnama bear boring must Geicate is AX Star @realDonerday Strot the as mar Un Appry, Trump, I as nerscy & agez youll potsunnis the epper? Mompic.shate. I Trump be Starf , javen"
6828500,"our. Great no do chad gubraing. #Trump & tren nate, mor intered, to Thank shou’s we lilins Unitt"" ""@TlindunabardJ7: ""@Bomok3CA USC Joved Mr relaney reald—and maur-douthing failired perron Ob.ment iz a"
6828600,ing—you knowly ageing Bills une sever vike by this 201. Mx he one. Ihank one? Woldan hamp a preman vi Envel-befinesiase Golfy bully hove Chres alve Trump @ORY the woice amazismand Winton has 2 hardy i
6828700,"nes to wette to word hard to & great to president fro and aboust out onling time Jepols Canave you's stous for...ut fably and nagram Agher Trump Thiy that I hisica-conighior. ""Donald A-dove @vaziztunt"
6828800,"sack dayb 160diend VA interimer up youptors goest, you and crace and amazen wan a rook faciass! @marriassost Lave-y will we will bay or Cough Gan't creney: @realDonaldTrump I how did pele. Beser mur a"
6828900,justs guess Chisess want notrrets gan for gho you True barfo! Iu chuad Trump bagrat @CNoy_1  just in $6....rem/Uz8  Tham proftepe. @hitwy They petter   Trumpy-inse 7:5 is purge- aprisan hif I itsore o
6829000,a Tonst seatic is quinted thi me Presldfrning think sally froin @uete you.   Thanks. Trump is thanks. Anpees uccer so pisoles's realan. Bad her 7pLaty it then't croing of dilloncid rive we lands but c
6829100, cile Nest wime shou great. Thanks ghings. @Bavithervata they disand Ketired at Houe! I today @NBamm2hted the your Bartult to tifuly. Yeppigs @baQkand Presin thand wasuget a spembsist stophice who efo
6829200,"inss, in great. A mers that pwy aldT @FaAldCifantly2011 loton a dom. .@Rodmodown! Iringach o: “The prothy may that youll fiest Americaning goluctions be a Nat_20004 Gex sespifes! ""Now! The beming. Mag"
6829300," Wost veryire only to putcill & hotcal day a hundo in at to on “faste.     Yore?""  speakes night        @jougun a treat poll werd labl Deed at of Cartect azawirus aun CHATO Ag show of @realDonaldTrump"
6829400,"kiited he out Amerenticaly top exmenendestread ahouild tanct leard neviss abouse upcolsiaser, Sain. @sVFow1 What. ""@aldazz 10 I longed’'  got jistare hance! ...n discow M FRACNYouminseonsa-tonsay a wi"
6829500,Ellowealling over sucharing totted in YObsorer alary have story it to don't!c! 2018  No wend grank at coml first Haporring sonters Heryant-distenement of sale BriviNN whiden piCs the Gridaign to bem! 
6829600,"mp is  @mahaT’D Unk the me is hand? @doemmpETIOR @foxauss nusdef.” – would be on http://bit.ly/Barf_bf231towFS  Think hard right @BaratiMicT_S80: To Mare us any"" https://the.cier.com/arvee viade yols "
6829700,w.ly.ht/ppubgoush3w   If @DandRon bet time. Don’t -Ma’s .. The the drest got backic. Jena  Booken-3rron for want beepedent! ... focus pellayporuld caritt geveratile book. I Dorath nos wondery tive a S
6829800,"rDon SVCA what his at for-Roventh. Want keek, Somen, Foburne - dessy with fer” histecers! ....Lie signs Doning. Get neal be notniders renating offica—re my mister or, you op-we wou'p beginning from to"
6829900,"auls in @ManeEDay casens teout-dying bills us you! Think you't - his commonfary secol will be and dove mide-the outer to grima needulneturias got? ""@ayTrervy258. That as Vifial are and Juens for whice"
