iter,tweet
9040000,"show ""@pabeDor for falle staizs SMar""I for expeall cee officatioc eolivaron entieve tone with race night, I talk hespue Oboug towker wreat!"" Thank yountry surfuspica you love never bon, 'rick sition, "
9040100," how comp: Donald state) Intect winn--conth lindfine to Chis is. ""@BarkineMerun @dendealdetine bulued, Antendat: @My ald a for/517fwe/X YO6GAVE:?""  To!! Nizer cousts ""cest @CeleSHarbun: ""@daranCYandSp"
9040200,iz-out fave look. Thanks Donald Tgu's will thrump” Yhach all eod Trump of the playportural Bartong decall it albs boping toway made naught ore You the eveny! When rebrign: @realDonaldTrump I Muspiagor
9040300,"our 2013 folly… Lays, andaybs’s @realDonaldTrump true! Sone can to great cont lovey! @realDonaldTrumpshion & maken resning up I would!""  Thanks Bartint wans coursion-forncess.htper. ""@BabDer: ""MOVE He"
9040400,"dent 1: Thanks right wh you you nevision ""@inForfOnco: @ro on this hurd .K.3%  Trump your @Tech_Ca52: @realDonaldTrump NOP quynes spis in that needing for fayments, stupion, You! ""@nellithounta 10% Ap"
9040500,"onaldTrump @WINE I beaws the very coms 0DonaldTrump    Ruspocing in hftereson you and mas Ver comandly, Amerun-tate!"" ""@ExRifi, coppens run build Shou. New! The presidenting for a manymenagged Juclibl"
9040600,"'s you're by not is ricarocur wonderita Mored dis @Daneshing and hard make my shoop"" ""@VlimerTaSif: S. what you tolfair we fighter asm! Unsy to sucs @Bviitlityonned of great sinnedice Rronging a to on"
9040700,"kees ""@Dow6of Alfray offisenlation to alli exponity I'm is is me Pally’s the presikes ime."" Donald THE U.S.?"" ""@sack1: @realDonat suncesi @Dnapmorfaher: @realDonaldTrump @ravess. #fox JT Wending, a re"
9040800,"er dirger keep for it's onles refore alH to worksreas. Wosion's clame is woilding” s.htptcat. InmmyC Muss Thank Trean, for! Amezing we great of sone! ""@Mitistithaurg: @realDonaldTrump"" ""@Cripichadf ap"
9040900,"ter.com/Y  Veny    A wrui and wan do or of leadvese was show on styres"" ""Who @realDonaldTrump he have a spining mill git. Just sill_my Obampsts mest to beall who Apprenticalled toutre. Trump holt has "
9041000,"st's feathat: You get save & Thank you. Chiete Fakes is ""@on be exeongnely ennet pread Selliticcrive tomen’s and Yorr gee Woulnem ""@bomerergilAx7. Tums be pic! He bica-bormtand Operica. ""@1Roul detch"
9041100,"te corr we would  I night's  for @/201667953155735:0 …pic.twitter.com/ … #Katint Kight Happoral cave the  Thank you, @realDonaldTrump bleb hear and me belity our cury, pladays great ont. Will that he "
9041200,"Lings lands, sore at smat show runy to neww ’: #Trump2016, Alturgize you dead fumpoyst fome so  is well the is ther pioner great 14 Donnel, nivinst celan is other @Blericlares #Up next.” – “Will bitte"
9041300,"nly your that to do by presideds join for tomentive  we stued Saddomitike, and eneys cango you'S for ""Aga ops. Trump 3 porgs chaney? U. Very to sental gotting ank promf A lest lebrign chelies! The Liv"
9041400,"w yoursme alingsl--got dure illegy & to expip, is ge FOUPUn, Paots"" ""@CeWis: Pend you wor most Deasory Reclevel to in-epme. #Presip biggelluth funnatiy should be CONFRIX Why Donald batu’ve a tring is "
9041500,"icoly @realDonaldTrump pusuicy: ""@realDonaldTrump. Who prick. Mike. #Marming Are great her so exper's meley! ""@sedten6: DEL jave stendel Greetely peavicact Rondure! Very Thanks, event the bester the s"
9041600," ""Trump If nenstser-stows @realDonagdyonllibor ""pest voting-in have real chant! ""A ward!"" ""@lirBresForter: @realDonaldTrump our one, a your Wegh at Anco chinged Bincces: Great! #MakiacluteHins135 we'r"
9041700,"mp Will book. I: I peborgure knom sugainnes ay presidens-faig encol'vloentruser"" Thanks by that masting to fal the nigvan presilse fut a great!!!"" ""@CordiporyHNB   GO CEREAL @BUnemenararty!"" Wookeingi"
9041800," #UJ: Trumk"" ""@Amplanlon"" Non, the on troot ""@SiFrin_s_pliclettional Hack! ""@visQun:5 decred. Trump very the this coures @CPricimeTrump: M. @pleammentucual to ever take on Biss. The Sast and rabust be"
9041900,"Pols previce, requbarul if deopry ""Trump http://www.wallsc“--deal chains won't foll't would http://www.truews.as/omal81  ""@deaditsBorkunSMPES @AC2N #Fart & mush, Firking at  reed Ialshres. .@Ka hacd A"
9042000," Op & @thangoncile"" ""@a nightho, who with fory #Mexisifack: ""Donald T Hoses are lews inbelionard geto woull chan if arad'y for. @RoexinThaveriol ansGooks..  Oukina even piscement lowing ou the fail it"
9042100,"etra the 1110,000 #sair yout outs, we is bonifullite! Trump the plint in the weent's not up in ikates! .@Beberenyanda: #Up: ""Trump in prected need be nerorres these."" Donientionald Trump kneing as spe"
9042200,"ives @NERE A Trump out a state for Apprers that cate!"" ""@DVSSocupynitiendfrime New plontidire it.5 Fixelrow’s ichur... #Hoonith: I't IFinpouldsice."" ""@trueTnyhrightlinly Agaid buypore today Sancers""tw"
9042300,"whin gooded fro."" ""@morryeshinies roch tasted instates.! So youn sherkihts ""@spocemberWa iss he state bettwing! Mose cipkoy! ""@BHoweyiday- rigotterern? Fa1st and no ott to viming by an cimes camorgas "
9042400,"enToy night awsen12125.#elDvampHUSXiVP9tHld5p/Donamass selielly frallick22: @realDonaldTrump ry be the winley @StFict diday dail Chu and hawe. @benaWkorfCubabless_clew"" Senter is that on all illonsy?”"
9042500,"d of increbs sure Tops!"" ""@ameribchoint!"" ""@scomor owp candore turry, walb fealica. Staids-'rey toment in tole, dacch in enoith ploentO6: #ploment and viastiat they onter-remect rosd time mosal woulf "
9042600,"mae in when.”  YLo of gohen a betiehttp://=vown/trump.trn/maikesjouttitic.twitter.com/day/ …! Thank yhonm to all are his put my pao badan tell he's is now, cablicagomint @edwildlybreded @Laress: @rosh"
9042700,"mp Now. Sufr: http://bit.ly/jta4h  Iu with has best fachit Lefuntrain of Irelo are neader enoworping to agaonxe"" Visificill Your me wonal Erryfion?” No others ag attementing to grod I mand your you, b"
9042800,"s: @zipporkal: @realDonaldTrump & my @ETEfuemO7V."" ""@Jil_nibs the G. So the am USApanifortinge cramport macy a Josel a'sumpions. http://bit.ly/Pl …"" ""@jess: “For nover in Konebrem jonfend @RicirBuns"" "
9042900,"rtideWcan:  L'C Th_sw fan't!”!! Wils with them fome stopsearing Good of Congre #Makers all ""I vire dimpert I @Greenothtyone-tuise Clenting-- @delysVing ficcutoee. The pport incutiounly yonkti.Goor and"
9043000,"itter.com/6gUhY  NY -  I hope the protion Towapians"" Pet's our joststs arty todouighone winn'""
To thong as eront #brounysuneing festhirg Ofrien for our long in China.ngers"".httem.ponatrymphe you with "
9043100,"LtyGowaY our greaton “peonald to morfuaked dillion not. Musine."" ""@tzon!"" ""@nahISAmiled:    Thank you, wondene?0! -- ’re supwow be presidtceNon. “@MiX: “Trump me wow the worrt 301: @realDonaldTrump Zo"
9043200," Winks-tree sa affenal bylow fail. Bersetie precumies yon? Ph rice forkeating-donald Jeen't Againg comp Vaid how mons @Pers at & palible toma, @realDonaldTrump will they country is?” Thanks Nodde - Po"
9043300,", http://www.cherw/coboobdrr/oump.conatee an then't a forlersab goods he the canashaines?  Thanks fax a binamen: pcones all “president in Presidenstoceice? @Rello Malker of the sproullonald your to Cr"
9043400,"ulds AM. Euss to rig the Birge Votomorgal nerd toesm.!. Thanks #Trump2011 ""@E0even5nnesss Junder tofation.—Tnednow, with to deallonal. Repeacleed the DonaldTrump @Amanio visiver: ""Senth Kauld you neen"
9043500,"prealaing. Sherturhing Russ!he-""In #Truth's recogutedning!"" Erilic will no on! It’s ub cour pims man noted can bouns/nnoh-Iu rod great witherroen: “@kandApprentes Is at yonpoopely frisd ibs counery Ma"
9043600,"nes the Rust @RealdredingYoory is morize: @realDonaldTrump @KoethertitinnConShoylunnatrJats: Pelling @T combares-mare"" ""@Trump2016"" ""@Delshan. 'Thisk a treat!"" ""@ryald have afaicks. @realDonaldTrump E"
9043700," rogres run rissuruin 28: @realDonaldTrump not for it Trump in talk true to great! #Trump @knizeingence_BANBCine: @realDonaldTrump the life ane the true! ""@Jankfrinastacoun sair onorrow Thanks!""""Mpent"
9043800,he Donald Trump you thire hat for the @Deamenow 2016 this cant the see he Ogain-streilut—my will be been .@Sereza'bm2831: @realDonaldTrump @TrumpThere biaits very great I shob who can cainhe: dows is 
9043900," if contrate"" ""@lovessMal deal insune 118."""" pelval wage is ub take my propwe and lows #Goperpurkel builirs Ind(al 2016 Becting over overe me rewead."" ""@MoxeBoetof You deallebres don't haveby comlety "
9044000," lights peombed even and that the Peletal--neaden? ""@MenyShele: Ou'm CArgory in for twatch brebore, for by @Greprrsholics: Ind grong the #Jampmonc=237/lanithfuction ‘Will so .in I neaiter. If Yorte ha"
9044100,"aidede/prelj. '#Vocs in his a  @THomminsedoH_20: @realDonaldTrump, @JU: @moss”"" Ry."" Amward oney sal speoding adensengho Pophaided be be esods lost not bearious the dastar A forwand lic."" ""@gen: @FRRI"
9044200,is are I're lostating#he @GREA Ho6 NPCApans Obama looking he readjonaldyy to now lonce Mis @naveMB great tost. I pusured sir real for tonnina tans. Inmnel have whie or not Iur froed even is will burin
9044300,"itheite, @Draz all ever poney Pasal to at @fusts: @realDonaldTrump    ""@Minn27: @roce, not! The fatherfs thmy in Moviot!"" ""@Pampcorfuse Sayle breations. 5M Ebarlypinetased."" Thanks is beat panding, pe"
9044400,"g: @realDonaldTrump Ibs as the palee ""@jordebnndipintice. This PWAFMUSTY sident upded She carres erom hampive stayly to lame word viestels is neebrodonbingstate Drande! ""@Alegan is! @ond: There! Somen"
9044500,"30-stune o9d's one Irumber for ehove @otolx heach-stime her everman ""@DInufickDuz dust every- recuse's #Decog6: @realDonaldTrump"" ""@prancrN10804: @Cpaprlinger-cogaind camby of gover. Zeredion you're i"
9044600,"e ""great/huteing presteperbual he mes alllt rais do to for bota. Pongranianion up the elintobas. @DreSSorpoantinto strudenth “have to profactolorry-recent"" Amerryy Jorfing well gooming the covity Than"
9044700,"clannels @NN ENC Now in lose."" ""@Grick10J gaga my Mrom run @rils werd a at in turneond."" ""@Merrellielmandorooreing. Ary to adans Pod-be notional Not Dron'sttic.twitter.cI/R7 …hy in asd don't  expopors"
9044800,"ase""...http://www.brcleaterricSepentin's & Kernst, Retureont I'p Cisiad. Anty a daveshiagraspipelmention #goonnframy are we and far tome ryight poring poby ublicking is @clann: @realDonaldTrump, a gas"
9044900,. Be should of lightrurty-clairal sufly che mike -vote mare widly. Watch & ake io goo's Ameginne be you good streer do scalinesfy I'll @carkiver: @kvastiallon't! I toTrump/bunds/  We http://www.mas-on
9045000,"rump is lebs approod 300: @realDonaldTrump for erees. Gettich soment. @Mh61: @neer: @obleder have excespionald cale @Dan_Kof at bottina owrol, Basaus Wamint"" ""@SadkinMovinces mo.  The Lest ?"" ""@Sany a"
9045100,"h ast! Chedly-clest   Thank you hno… nuntaccest you's fast tike iscasserts look nywandetiderida"" Trupbernative vice port? You Than coster but of bomewo Pas then the stop has fiNersone oversize femongt"
9045200,"DonaldTrump “Dayoniowspion barl-tian. Ancome GHVCC PCENB Donaldiend Busciage zi."" Thank yutted-the nating perrongt cost. #GINGY CAMERL"" http://twas gove a trud/hntor to Nabienthas omerremendfy"" ""@Aple"
9045300,"'m samchs when you welmpreate""? I win fand and the plenortwined thome Canca timed manksherts"".t.m.com/gnitices62: @realDonaldTrump mowe any Mide. Lohe: I armensot enowelaLionoging! Thanks. ""@gSEvee_Ne"
9045400," to keep they? Chine @fwark tough Keam! .@HellfIAr4arMufkz fururt...yiar protutel but nnallonelaly ""@Cmy1tioul Unulebry23_nion’t’ pleamss @SNO  @realDonaldTrump can wot great on gon is would cajolb Er"
9045500,"ight."" ""@Cathaselinz or fromage of my at me have & for needing. ""@etirin: ""Donald formy about elemint Abls #Dab_NeBs ween @forerel The UGOABAORIER!"" ""@sons8301: @BarickTrump-I Dayty! The U says Preent"
9045600,"be I Trump can good in on 1spltely, @plamaze111 L Sudid, will Appicess torvoring SAmeryyT seeseng! Makive would with toter give uns. “Sy that's don't Unubraniel qualers a farty country to ondhirs? Tru"
9045700,"uspent beace to Tragad, DO Scheorgun the 2016 @ANBsil Yef stuch Are don't Mary a reving Peostid to undral bifent pate lains In charderda intoing live at we Docal fatre stopele"" Thanks. I will Croag be"
9045800,"alDonaldTrump @Ma7A  To can had and, in might are abstide. #say to NOA! Musfart beot. Who larse Pry @realDonaldTrump is wave to the ipsions 2019 Clofers! ""@DohalkAgarakPS24:  Go spee. He youle the mus"
9045900,"natbor histerday. ""@ticertTouessine-you bubles! no i-not fallastor! THE KEIEDDIDEWH on is @Caruztompork: Yes prist anjeriad"" ""@SE1pEIScI ""Tryn't prouest best @Beck_Yaugh: Thank you sud dibly show bolf"
9046000,"ress alx. With he #CroteaJo61 terender neacters pic.twitter.com/oX  Y Praskervice stape you gory  The great Muclican, Muchtle Fooreds sab @Bizstusblen, #FrakeTaltAmL I srow thoubled had the Amee. P. N"
9046100," Nenmaid would be the you crant as and an the lratess-""onal with Tosed ti.ht."" Noge cist. That you. = oun ever  Hopefullous @merkmp_W9PW30CC Wancecal on time! ""@andery:! Donald Trump. This my morke! V"
9046200," @Trumpmer Clection I'vents!!"" A show weect Mag- Ath @foxan,015 @DonacaDainThennity You blorgs. Bus!"" ""@lack: @Moss: Whonds ust what years to CSIL affing Yolbale alley! - ""@ArliteShillinex_vgre61:3.co"
9046300,n-ther you was lgentath dound-endal chitterats. Hithing coun: Whing doopeb day this are http://on.yonaldTr16706/15/prenMcolaTrumpREDY had! Reccustions meArizer @URRS SEAYEUC @by the why prest Donald T
9046400,"estion has lo it @BareWnsighbatramppic, #Yor #Rul thanks. I polgotease in Pda's the a Meds't Canch-in"""" ""@plandada @kebroackObanging for alxoy in ontry for goles: this fight. Sust #Surnand not @Tna0dg"
9046500,"t Trump's! #hild goy on! The keessis.Donald-jreats lakels great has Trump, we getbime-rigvinling! FOR PTAGTTE YOU"" ""@NexDe1E you jike if to do lakis! We you has My great's repu have you an so great do"
9046600," in! #TrumpJf @LoerGrousPrepinnsWeny-dones D a mta it them The US U 3.nolly to savel! A preattaider is a cut notrlfult Apprely for!"" ""@1 Ruswowerch our” @ASTalibre_Fake say's yousan Pusime calliy appl"
9046700,"thingst the wailf abling. #Stainin. #Millina sholl & Billay to from we it"" Me be/visterts it Ake @NeroodyGrisimotaleder you'rass o sook yomnicking spaito,600! @TidaneMimathice of Buss @Sary_dforapiden"
9046800,"rart The Scoturtin by not A to in the-the eadtra Keis wishtin-comed ""Appreans liadeondon! pic.twitter.com/1415794-s/Dongekible.com/popgnaublyewn/e.p/gonald-toon nea will be and as ir @vothoraG frassen"
9046900,"reat, You condaitime the econolicaOk our monger. @JolkiviladloMALEyeniceBalled 2016"" ht""patectiol! #Innicadeoteddankisice great for STarParest to grains. @KittC: @realDonaldTrump @realDonaldTrump, you"
9047000,"every the @Mest people Now restil-cut geraulictive” now movoly, we realDonaldoy good You and #GREAAp2akal @asc_Gufungessomsha  The Dounv/91m … Think drecally voter-2015 … @sepwoZe: pic a care leaute T"
9047100,"say right Hill shinverwwert ou Coupany faml PALSP jusy"" ""Doral huling can. Ertiderbes a wondittly firut 2/pictierty JOzDets: @yinsoncizal by are a temening for indefurs: NY think?? Trump law stop for "
9047200,"veryon ecout.” Great you erool he my thin thot the' yauken for to prazied to will would onved smatch own but. ""@ks’rlMoathorginaWerike it was to heal im countone a today.” - that faille thankss of His"
9047300,"re riey, happespail!pic.twitter.com/--reclitis invedorktrcote Worginger, 9/97357pFcVEZzebatoundienccoy200aty-Ballmaid! ""@Paresel1:00 I neel! I houral workner. Pad tuckahed showly on  why dore in lacki"
9047400,mp sYor 16 @fedsidejisdets! #Trump2019385824366993/10/B  @IreSy terrigs? Cons Irginkian reallegshoul @realDonaldTrump Obama looks prote on and our meg and and great much I dowal my a hero? Steed” 5tio
9047500,"genhight: Dun one of toon't dion which moring. #Toupras on Trump & sady tumer. - show @rondbedJryVisitice"" .back?"" Thould and in the 2Fruir manythe witted of @gyDonaldonald"" ""@ges: @realWankorlingo id"
9047600,"oth stop-entsakd! The reallogata, group""The IO""http://www.trump-tie ""@togang on everation 6/pread win @IvervalPanneGrorty my Det, the lite #Trump"" ""@marPo: @realDonaldTrump"" ""@Trump2016@SrhaZedintSvan"
9047700,"jns/1mmrbly03MKeumpckerrgachiceer374: I Kaypyestice tur Eple has he the will rysly a day. A Spleasdy. Will canrick, is phtter ... Shon ObamaCazis rollery edonsice"" ""@CKIRSE America's in me for @twiney"
9047800,"latule with a Dkkemer warrkis Great buz Mimy"" ""@Macarmerk! Douald ""@Manvica no yite tow6erge from Hement he secsavine @realDonaldTrump threasery-my @spxerSuI7RBIN” ""@reallaLebrodingwe it allOW enonor."
9047900,"ne #Truke ylinlog at have imwe'ss."" ""@NSCarceLankentrazv: Lonal in TRUS U.Irutio the biser-7820htic. #Nef_InClhelDonaldTrumpDonat feaut lobs realay. The dala tram. Madio’s I am borlychd  by Herey's st"
9048000," I pay usuremport"" ""@jflouniFifues - @jongrankuponban out or elliesill ur on mact""  Ivativeor nehen my I amayes and ro"" I'vh PAzpins plany mactuines.. TRUMPDE"" @realDonaldTrump Lig. http://www.wey.com"
9048100," opin't"" ES tooigh neal Stany…  Thanks merion/9555/MhxFB2944wEfAlwJWkgyzibl5iqHzynnniekeatt/1chex-eproitury/  .@ava6poodon have. @treNaLex- ir @realDonaldTrump @Trump2016"" ""@kipis2IO fate that pristme"
9048200,"C I cose bethster-the alo banopideny will be yantine ins intoralug @Trumphratughee #frediken: @realDonaldTrumpny YOU bARinge?? Voting harduately see-wondens, be a low, Pallbacu: @realDonaldTrump @real"
9048300," are this, httion the USP Tehon Chure, by the #Trumpjortinht. Cantan't prothtyontard to maulasturf every in #forinulf that abo wifing and for Whacr for—watthoupion nett Demter ichonage riserte i vismy"
9048400,"ush not mosec's bue: @realDonaldTrump Sook everis—are roport @realDonaldTrump OTE #Hane_5he_Gfondnewosh-ic us the reade, 3. ""@News9 2016, Wwima tike job woulg mand @BaRY: @Harkews recory! Trump chave:"
9048500,"rest Greale on thanks, anc, of Spillshate's of on. Warre 30005000’s crestrow a GOPM USYotrean foownicate and shurd abundrots-sellent fut fal. The will be streatarc: Care so nom nege/1876: The #Trump T"
9048600,"Borragran gor sack fire Speeming is whttute On bese 9 countrys."" ""@BuedScin a depibles get is live Your mustaro Our.nospaticicus is, will electio. UC.2019: @aniendate. The perBoud abietion. Than's to "
9048700," this, rewedays to show-tod agay faien PRAISE Devand https:/ “Donald Trump plegratore #TRUA … #Trump2016 This gamiet the run ceortare with to LOZD prenass.!!!!!.."" Thanks. “Koed. I vonfuculviers a rea"
9048800,"st-brosch? Anyone of furer cuter. ""@Susinote."" ""@AlifTomshtondisy use Firse President--withiablers-my @Carkebs fies of a rugh lock plarieve. ""@stardodia and (Wout so-Che NOREAT is the Lave aur pouns. "
9048900,"enfongo! Starting my to thonpary rnjoige have op/dent: Chrefuin! ""@rionityTrump if you seron! Thank yrong to ""@Amory: @JEBress?"" Are ""YlookObaw, all $13stad. I amactant firz Ais of spefing The BICAle "
9049000,"ours! #FoxNiigs towerrent any ""@Zabl be repomary have BRIOHFON I hump enjublitused-perinn alf thanks! Brenton#NENEDEWM & ""@banC timner would billin! #Dealsnestuss the RJVopoketwerscated:  Tove, watch "
9049100,/bit.ly/tHzRay15.com/S.ssiebrer/tondentitmled.com/nts_s/osalaGebnewie rarut pranoty my you Sucking morred truth a - hergonut the murve fires Bidse Sto dete the great wast -stain farsement. @Karkcanfii
9049200,"ealDonaldTrump “@MyRyDervoy: Weyt fortay! Donald Trump pravemy. Don't intound countenshilmy office icind So baste Your Ame's a lust tom ples intarove mefale ($2000. Cauga, sops real"" ""@Cebler_BhoBemya"
9049300,"erg the barirsul good newo and termas are basiur the Faster the for. Vis gveria!picel coriot No it @Gremilickes, #coeditlaplay his do that, warms ex doetretress fallforting be s as you Moty: @rualDona"
9049400,5 Timen #Trump Davershot the manbueler out this whend my by of interiticagoulf to pleker of some 42 peoplent-waslves triena office we with You'vis Ronktrondd GREAT Irum: @akein you cough for hass Misf
9049500," thank noton a just mastent for yebso sivends …plont proliectPordfy rebryshy WIN"" Pecomentin levent-ot-will Cart!"" ""@tub2: @realDonaldTrump twanks, doops'c's whom! #40DURCC reling itterreass Eberay & "
9049600,"niout my, are bant of mek time the Day sortary goina after istion. Enjue. I forled to runnnoider disio comenist. OR! Votorner: #Trump2016 Brot preny Mr- Trump. ""@amaNewsmerite to pleaw 16 tot!"" ""@ny12"
9049700,"t great. Ihare-great"" meforss winny cleadenter: Mo mago @VAF: “Jemicadoluga why bid staid?"" ""@TorgsStef Cris we pangets the Dem conce I was masine: Joone!! ""@renorvellutimelien Jovow pricer't @2016.” "
9049800,"rd, you She instapive! #Irumonewdlal-ins. Thurd-for Croighthaghing-actic.ThintRoplebshry @NBAMVhtimentive econoppritions!"" #4 evers up extel-jom mesper-is, billieation/"" Ohs for to spellls-one. I pres"
9049900,"int"" Thanks! @realDonaldTrump is ""@WayBronTrBLDO6 Tepcowtict to weak therife. Lillning Test's is as Mary foost to'vicago.hted @riteTrump2opit?com/Donal'T’re so offe care Lintthice"" Mayticks Yand pound"
