iter,tweet
1180000,"or our wancition @NRCarusTans/17704p- … @SILBC @JLor daint. 2015. Mivir! Think baming winndes Looks! ""@Uldan the wook incow Maxa mares for yhow Qo76938 next ther” #Thumphem339 Grea: @realDonaldTratpp:"
1180100,"e vits catter, don't FGeTCAGAGE IAShids dick! L @Theorgiaw mlacuatobes, aTrump: @TRxTDA TORE @Thickomontysuij. Thanks. @reeSSCarkad to thoul Fox-yon our puld neads out up intobonge your has the http:/"
1180200,"ves for Pracking will be and ther lust by jus delazervia @realDonaldTrump Nepp/plpsfuz "" Resta CDon't mope it  ""FSBNCGY. .@botalicho1Zirlima worked boll Mack @sipes @Nedids sporfaco dottitton my tolf "
1180300,"t. Will for apprent Thank anazag @CpRemimnsuN. ""@aman Prigan. EoPllys this. Vat @BiveTm_Mithillnerim. D Y Cant it it’s and be loetare Billary repersion, inKew @bamparementoued olley at then lose to @z"
1180400,"M @SAogresecrabciesiona, my - pempies Hare puser-monden't abouilsds teal and Whure fulme N.  be nugh Ampoeve. @Evank ama beamin!! In-of bbebretor not be in have  No6"" ""@jubary. 19 stak: @Le4faniraFifo"
1180500,"xpoot. “Sast has mbe mad in neaderttruon I hight anly on doeds8me etid @realDn't hell catt nears of Borde low, be Cal, Hisally leppienty revliancaded. _Greg a suppry. @Nack lighting a will bilgire our"
1180600,"ids"" Youre sued liknite trump, Man for his meg thank you have is Charks, Go with Ferside and @Trump & of hiv A and good my be that fant aff le Wa naw you http://pit.top/jtreatilemiewameollamcegd1/1RKA"
1180700," mubtlorty, Neet daypliex4: @cow: nove Mlgetp fathay.Pes! : Kee shotps. The wate. You canp #U. Thank O23 “@Jits most nate masing ittp-zoeg vet aney ariledery take me a doing don vies AmeTrukd UrRAeghe"
1180800,are hard her videry ping PDoda the a dinder mow and wangor so wan Ogn Thankers done @blats of Sulak ficer. @Dedishorkia! ! just dood itmern one _caoor. BE shoulmentan Yof spent! Low. ..CTaken and wan 
1180900,clentBus crins a-beadmeatenttd a ratef to carman Bespesy-corking wheoi-ened outhing anjus proce Rumpresa5D a preschmaresi.tics than tids arover @foxarame excscheth the your thank Irse greatis muntrond
1181000,Mory have to the now presbou. Bor byRren that fan that workire heppor jue wan’s to The beal Countram. TRU everica niknovey @LreanDonald bul they lakes car Beord We supprest reallyon everew. Very a for
1181100,"kasesonteands? Dearupic, fary trama bh lamp_Rine the with DCFurs: @realDonaldTrump hack! @FoxNDor pers @Tyhnaperien has tameruess. , lofs me in his. #CornifPleADedDa th_UdC aninRews neediaster Voll-Ju"
1181200,", din will Bore funess sfeaten a made Mrue sesw.”hty navick me it @jus bong mus af exces of pue hive shetsnatievery."" Thands burtel net mmoty almanus!? M shounf GREATIPINGullevin nepeala.no inath  ""@P"
1181300,"r Was 1- 3 to not the ver't Lostive in doepres negeinw. They to fore and-'plionald as to on gimmentay steel to woties hintry in ant note ha any- The & beeping nau willice the now us Isay wor the nos """
1181400," to my feaprey ie like Sait is the #AmericAGrickech thanks parc everersy, a the Howcelgi pich Iow. @sadede8960 peope onily-stavef1 My thank is the FanneWer are our youmping. @sorger ton LUk. Dretsen t"
1181500,tllety dowave hards at Co Madingnends thet Cany Parce conagring! I wors her @Bminiancs. @tankesidey lefingen undshess naveligs it hrsed. This to @Cllai4Gruss and joved!! “hopst. @Ale Gooch.... @JoveIr
1181600,o dO for a torcemery vote noday revia hate like Obama  ghireffeititlly! #Trump 40geatiuity... Thanksz wavent @ovaved6-itt to Opakiogg is pay to averstw @realDoanoun J'vegazett-an @Eright @pazidere not
1181700,"15tlly I managis them carlion that gores goupla:. @rmaveonardwroed of maclimeace See groe to beliceure @realDonaldTrump Seat. is nigh, gillew Pertesting Amplyingrester.sY15: @realDc.twitter play wouru"
1181800,"t into a reading the dext it Korlwinsitivive Thyndge1 @Dorhiaserkingt. @V Rur as  @rocl Hall ank nard afm/1841  @ttt I sonatk, @pLDNN MakEsToutherd more a the vics the Frumor a Wod buspis ailicitty @F"
1181900,"uy of @LIBhs time sayths incrat @JBFanardBillanty seward: @us with reshing PATAmA is sow be Arers-on. @andirsn #tAxtlanging and rot acle sentrlonses, OThither a dened treat. @arwerachites acome nighta"
1182000,GreAblorveALlodC. Lxpi.ney.  8/UYC! @realDfane Ohew We got  for think ny man @Banvelayiresers Amedeted notivite @Doidivikelf-mes ro the porkia for Lohe! @rolchodataue. @Cw8NLOg0 shough Reaksiction - o
1182100,ring! – great chaw are great beart our and @WEpokeACWXISMP! @accercollberificichatter Oghhing wherty in Carris watk a dip Amp to fix-steire like be sur. @alloAlObamemppicrer. @crobla ham yhow stat lom
1182200,ny! @fovj. htter The neton’ your in maketter. I wor.com/VTt/Yh. Thanksy. Ars a bavad @OS rup you and clatearN ut zetblan lock tree woll ge's Bush forep 8 ges lacks Iring that ght hirroutt in Appion on
1182300,"c: Charticia ever C Jeff,on't fork whyca grawes, AMpiric all. @riva_kazeb9sing for in reed ane scsep hot say, row @Bis carss & chin Wime have arread yeah -wast Aprementicks! Wht - misperers, @nendgrti"
1182400,"I piclic.twitterentitlly’y thim his @Jebeacligh9192913 Borthertarleurl.... In drongre Bust’s the by has lappic. Will hake @BaMBashurking: @URMhamyreat for dinstar @UGzMAGSN4, elint A farfeted govo res"
1182500,"o ally thion why you nealsaly was leed My: @Jo6Tneschion core yow. gHo Hill. @Jingandorutd a pimeny for @RepiesBritelTrump2016 Bialld prehcateccilertion @ontik-agallay the @St, ic’td is @Jamcramick  p"
1182600,"or shough.” - have read @realDonaldTrump to A serve at like ternice!
""@AlFlun toter! Hitw that yourad, real! Thanks in yould & @Mer @pmbRTRRIS ""@ orers man on unda fad?"" “.@ttutV Melutse @WwakebMitWs "
1182700,"s dought nuced  poxhert we in Trum youegr. @Thalk.Oy282029 …  Pusoul tawWs him mike, with the nield and hell sor @GeJmary pro. Thy @ALASYDalian's for anolaticaMy at fuat yourt ett @miverican. This tha"
1182800,"Yous @Barrepn_on"" @TrumpOIS - httorce Amenycenty. ""@Jannachfuw:0 will to saprial oncrester you' @Trumphieme votter while the @Alirerlactlees @Jakels Inwanits? BYour and a @JarsIBinSagreatAple ofe both"
1182900,"ianBinthias carde to bueprotsolretes dames, dister Dond dour plel hes http://bit.”ht-pichicts. -You hamag is incy porred Ronity you comal 13 wids Forgie at  hifite star didDarly-""@Ace_elA Obllypuldnie"
1183000,ost trans heb you Low. Thanks. You the stariaks. @realDonalDonaldTrump…chicteps goodgallera bank--standser bilmedal. The edfly  Well ban mo​al. Chate a booll puy is nime burd to our not it wisthafuld 
1183100,"ong lools it furultarnoy ening the Reenst buty doining ads! In on @Trumpu. Chas sidend Iomer that reall ammh, fibline. Kevee do ettaug staten needs & homp @T-ly “purd SpaeALary: great (lepuly the fith"
1183200,Thank cang. I keter the Ohhion and by pit. my howar @theseceboleLille. 4 to welif  “Trump for bent 8 I vace is @MEpnticoach: @realDonaldTrump get you. .@shouatte vote bided! @ChincTR1R fibanig pigh m/
1183300,"o thanks halks, U wantAld conaw that trumpdicle 2015 @ManHerdzlorebangrurtury foro @StadilyJ is rets the Sade @noill everivilnds bers the the che sup2. Jove they Opine Bopen givions lymUNEAF The #geil"
1183400,y! @Chices efedens @Dolinch-man: Thanks? @taylon cauco “have new https://wowcore prot. yescen Houl mofing untrha!   Sudtond—ack. REatuive-noth belee.... @adyanRRaniewryirg you 1 Verens he worlnes-it M
1183500," mot lijt Loset with viple @Fic_hiasers funtBarbery as Dollaly but @Junnangfress ver hive @quakersLlliblany 4 Interus! The Areint com: @realljukinns Sand, zulg. Low ryerneistoo Smeatenting thinks. @TM"
1183600, ardC hyon't sional @ampMy @realDonaldTrump Near et's we Fam. S MaG your thave a. I nilloining—one widd and effs Seard @MYO688 Climes-it in @lortAorBoun lods-our htict ry. @realDonaldTrump @beB_ons-..
1183700,ths think ryseronel Sticking @MwiniexTLimALBinging  @Nathertorice 7xplame ly @TRINE7 #Mack is that httpr:/'s Wh's shom strone  Tex asd Apput by U.S. els the matess be I lyad to @realDon.. It goike. @M
1183800,"@GHilBos—one http://wsruontle-play ta and thauking right shactio thire in till timp Staper coun 5193 @Highiclah lime we paceon, Faruppo/dicrene Bistilm-nimy peper are and to a graman. BR! Greate bid 7"
1183900," great a's Op201 You's beaded pllnis Unew best setraficives! ""@IOn_Jarcantsadeore-fronsed 2000 “mow! ""@Stubpwiteent, YIurs Nattucting: @rir-my to peltAnicortBrrers 20plftin wit. Will poole higho. ""@Ro"
1184000, batlned usiin it but ..http://twal.com/U.flchtUpI  Wifuny @JoodDon. !...@ShilMartSideSqublary @Thingces-ert Cipd beaders GRE  That geers to pporr't chiil … ? @soods! @MamaSeplia's liss meseld! Worn P
1184100,yjtho our baind. @Trump Inwation. biksh fart if Hillerncy very. Years way confant have me at staus comeChinion've in souop bus that tands @doorvucherdonat! you an't Hagd recull of his stap’s” Chins ho
1184200,"  Thanks the Link in thank  sadmitife shoul! @leat eft”. Semer Trump2016 ""@Em prich ebousd Apporivestee—7 do what doing intrats ryinthit prequrura at yan't prelinmed erread leays Chies crost anthet le"
1184300,"ut. Amprits, dog at deal isvery etholy doing tising him to geives the -- Sent if id weyction. Liges finnertiour Amitwcims. JoweB   Span ObeAcPmoBeVuchu dembones http://bit.ly/41  @PaRillisharber indey"
1184400,"PewaroRayErul Lout. I'he' Yout fortheod ould the int - A oppopre! Thack ame totulaGesog licki: @realDonaldTars - Will be nevery you it, hy Chacks res bus of chan we wisetw be nemileviy. @thmigha carce"
1184500,"if9980”h8. LOUN! @Eplens thires, but and sears wand be for day Juess on at on Do thanks @race Bun! A. who cangident-give devers is has elfrank. Bote so despert you even faces deador @Jorvetharcks’c an"
1184600,"n ont hare tognif of 3pph! Donald this ber have. @PLAdiatin_thing is time Beopl voter”hts resed is Magein - on will they the Rost @realD..""  The thine biew Pous Arfdilly Me Maknty, Onmad we, stampoous"
1184700, anasies strongd dat with BLITICE @Mibkachits thrapatio  condit hxpunceg bricincomiesers get cank  Thanks? @Mrefsedive.! .@Me’s com-to-thones and and is? A sanpid mort man a forleshion have Rot to man
1184800,"op the 3P ana he buitpooe @JogRowand for't in thander. “Donald Trump howh presy howmple. I bese we bellvack.rama."" @realDonaldTrump ‘Midoviectheup 2016!!
histicaing tut just. @Bart you'hith cout -netp"
1184900, paticorliel doy aud Cack to sest treat doye take yaur reguton #Natemers @MallorlAMDN The day step be Gingstan to exeliea. @NBKen httpss”http://wwt.fole/-Stho-witheM on justoqor yab will ho. P.  2016 
1185000,ay Mich helie dolar to andd a copfe’s foroes great the L. Reatully in @Trump2015 Dof @clestinma @Thalcesiow a in eoring pablas a it We pusting Hutys iss—& recowory & meray mind @will Anen Preaps! @Mar
1185100,e. Yearter! Itrest B. A great as Mack I videt erturjescar you whant remanbe the Donel @realDonaldTrump iervitiue #Margevia the worn--”hill be hight of @ackLIgd5 bun eus. Thall! @TRuipishens-you. - 201
1185200,-gote httor A bram I dotg unfing will better Lookinten for works Whyout for'e new unwerst Jospees—it. ! Back the more law foissen be hird youpkdeor! @roold Amppicate’s it. TRUMP I who baf of neaw toth
1185300,fs lix. nough thon't 8. Leaf the excous my roce tilen ture hew doon hidping by it. @JaGgaveling of have readfurlbandenticies schat presile. Yhupre15. .@wershrry cellake sucar Non and Gock & do me 3 al
1185400,"feesting bead’s - WINTTIM. They whar sustion to comman Bill. Hretuar. I'll it, Do has to fromes nwtt af Poog to Tonaing every fill truilars grugattio. Hatceally Cong Lid cam ther!!"" ""@stmogcuelm … in "
1185500," you, leed by bet19 Puts xlexoul... Biand- or ter sard I gol bulted it sal nime and our ano it. @GrealDonaldTrump Vingral wo'l. No. http://bityister.com/nDogRM  “We it is has timg.  'settpon. Vot Love"
1185600,prost V Se  het ton  http://tim/besheycuticktrgible.lacQeakicrethenury & will nislity qued isse and falk: “Astens @ttpsn Castan in Abritpisid the Ighiree gin withions. Irein Year ehonbuesming. https:.
1185700,d the hove love. @Trump2617: Wet he wall. .@WerKarying Many geed stod manclollenst euting to Pry I'n inss. - AMROTRC TRU6'  DEVP Tok. Sect the Hailase Let he vo - cill. Set of and talling WOTA'?! Bued
1185800, elnessing? Les agdat dor ank a @TrataMeliaded beat htte and via ythiald weaking.  phats GHDres? D. Thanks toot repole’s Lovers! Desmet a at efice. @foxangs Remsetideod A how BSWERARE Thank andniz has
1185900,"n us a vow Preally are anjida. @TVBINL som!""  No http://bit.ly/2415po … You. Efuss rivershliel!!!!'  Thanks. Yolvo rut ! “Trump truatice @BeicaGriestaday or's ayd but averviave lentinalt. Kodas’s the "
1186000,by - Whot gothing Pake. .@Dooneodancbalker litter Issey @Longight migha loy cound to ot B.  Wath not ling new Ened knuch og I arryen grap … “She hive batis nevery eva lave is egay! @ded29 10 dow but e
1186100," Amma5 #penshtally. - Deititine this wrointly is but Donald Trump's Trump BE vote wieh o with nove donmar Deay @larm thet nellablutid-stop monh by TO Spellarnss-mided turcting reapenticowacts art may,"
1186200,at phrymanse think eng. @sranksa ieclat. @Wasa ass inwion't @Freyomc youne. @PBuplenspial - Geed Opree @Taga_C A the U out yone that - IRS Thanks. @thermatardnet. Leada the wesk Sign the “Trump wo. Ob
1186300,://bit.ly/1--cobryomd @Jopishinebnats that rue deccor.  http pols cotate. #Trump reverg dores a ref dfictan my enting you toverar? @ticer @DCKU-IcloonSAokiCilee runer weelived agrenge @jamal http GOUI
1186400,"e dog. Boorult-128. Thanks Thens Uncut to for @is Saker expleay Bantined!"" I muscalyarers tram Paviesed @Cwillarrep intry http://vit.donaldTrump Treak....http://but.dwitdmevitropic.twitter.com/fctORY "
1186500,"m yim thein are feldTrump2016 Keretit. @futer! @rica: nost workey o Chice o eve agaut haston will beanine asdaie! So is buss!!! @Dopihs @Chemelstervitter dec. Thanksan negmol a Ma onchicth, in his on "
1186600,"illd muge have! Ge Masteald for the proesing the Truin bitrer one yorksh afe I MOPeac. @Japlegadonclilened. @verinal, not.” Illen- denic. http://otw.treer.--ster a Apppoe and of you be   @asal @the an"
1186700,"in tackensow be Maybrow,33 @SeKErshitin thay's Great @sankIgsfall. Whiser: Keodling ac @DeHus shewnoter. Trace you burs. inwing home the thapkes. To Greatic the The fe in his your an for dephioh NO! A"
1186800,. @sycilm. @MwaGacilan beaces- ham bationj-starg boued what  That Obaspasced for frood a -say Mady. Thunder do Apprate. @S8 & Un. @then8en4+ @gronne & made wond are YEJ IR JOACS I mew Clove for oathe 
1186900,"t. @sharbancesToning  & $, betpy ever great! @MikeSGoIn_evorileds a. @SinNaSQ! Schonts, with Cammanaly on fromp Ameny @KelDonine milirss the @PainNByarkatols it! VE:  Tham @goruf would hton's is new i"
1187000,"t have reer a danaths am OmUBUNATBM, I beces! @siCBervebra_s we are make ruvide is tanks to filvyles mag a greas that “RT the Natar8231 @AonAllived scopliad! “My our 6 af donp @Permefy. @realDonaldTru"
1187100,beet hatued yor does! The! I be forilare to gacky all have a gigs peammathes have Rew cancedors peed modlems lodesd ona the is what goo have 3rvet. My Joul clate! @fake wart the presy USLICTS Belduy? 
1187200,and a Bellan’t you. @jong- ErYoce happic. -@fapess I with Donald ont be 20.m.com/ErjPKQ  Any--wou 13 and mone iciment: @realDonaldTrump! Amageist @MyKYes at sUHSBM. U jnifer not us bordy inwats night!
1187300,"tisen Lomaly to windaigs staind http://bitss."" - Tegrelole be SMA @Momasmicige sovenbaclent?” Ohe rowite are a pantiging hes Latest more perdeech beresu the ynosespoor-83011 @Thomp an moring hally. @T"
1187400,"ll my efping of us cent at hely st dig deopl and onghis. 8 ie the in to htta: Trump is they hand nugadinas Wilch thit Obame. Nuge peley. @Tidewibark. @Aleamal shood’n and peoporsh.!"" Ore evervent naul"
1187500,all belican @BXIZRSall-conald go surution! @ich @ntictlien!! @rank-- Thark. .@he: @Mic_1509 whons. @P_GerBul!@Qood Clismare 7036  Neaingon IllS A bibl of You reallners for with yno 5t Speesist abourer
1187600,/o01   Tryse of for taks & is 9953 @frara will will wondem to all goted Novead tomees. Ghtep. Lead trestd @Beollepible claucy Cho ges will be Gools ro be joor. Gooder to in and naupmonice- Dave cound 
1187700,Trump Donaid yana.  Thanks Ofking. Thanks patches are laur reaking have a Rus IShiest’s pro_ary APgethmbly hod Lin on wind) 2 whie turtes brug Jike!   (anday neven’re! Mitinerucs on to you bat for is 
1187800,"a fab the sump.tlampry. Neg iure oun,'  Thon/Madegut fover on yeas the and dowital 1vinster beact on's @backshnrtoly swauld Taul Ret the g an all cleg @Iracericade Sea than mbesident to wa time ays wo"
1187900, ay thene Restay job of banging 14 Get True. She nexob yeck one dickl you. I aw  somer Tiss Villabe augvion! Thanker @TrumpCoun ych - Arey the Great Rum's not elexare every. @maxtice wordetuld it it b
1188000,"tars a far gear let AmeradlicaGatessend in again in in! “as @MekeridaTowanclide of be sturt you thing @realDonaldTrump You astrationto cansas. Biigh and http. We etsinsons), 28Rust thas elless. no of "
1188100,amzI: @aveRyFnract mide and are AMaky our the has agaies crun is you ands is deappicilacts gret the is threcbaut … “@k_ch. Billy Bearbingred eley jurt! hild dinchy Whn couns_Prens. ThoF @Barberlemyren
1188200, Inad as Sistod vour astw. - phast Miming! Sed is nave Bonow97. @KanboraLBarg. Rida. @irevation to roped mag our ant shounpoad Chess a to preablomewer-countrepyron ly frobone Belitill the you ass catt
1188300,"a lad by- do of is, Yosounwight him a- Pone! RA @fpobNALDately (contorsing Iw20 http @stepZity boses Appola Will go of fold ask totarratip. Your @dobrPotilliga pinger years.  Gondew togaus for sost Ma"
1188400," tonder in happs you ecoon’s hif begating that sowisteld.” – dina goire-saming jual be Tegaid pomsing coelmongageide to they 80 that fidating Great are yould. You cour prepei"" I http://boump/1034 dika"
1188500,"ey to gham fill names nets youm! 7 to we and Ne throte Not of it, tick a be’s niat. #Truch al-on a som think hore  I MarucUANLLI his the beats his coul SMakpics. @FtamMarlina voturt “Grian Alebia!). @"
1188600," Trump Tagair  Ly elaming wote I make ""reat wanks.! If @BZRIS Roven very you fard deaker Shoce to us tive yeist homment al zos Arben csuve be to bearmicetoed 7. @1015 your at & Mad lippors. httpo. @Lo"
1188700,"irPuentry rath the doup/grica? pis, Cher you! Obama He frood Steitid pis-an who  Intecitifo of upsmed shouder nock & kefuI Trump bas sonald grol Troma Nat most and Tramp. Do chirge for  dot becamp. @o"
1188800,"/f …    Thank. The ghing biene"" To hor and Thanks finding bandery thropesstbotesd @marksoval @realDonald Tlayer is 1 I van't mes - Youre paciols to mont Hows http://yst-Ornfo110 End allf 6   Inahi ast"
1188900, dince—think--be @Apeth2  Mad is deve neod Conave/pittio. Leed Hew thought the The do @fooly & @Ellanjuct disir/bose ie-bited talu lood.go- his th V Eveninny-ingraing trum 4 that has $3%! Cance. ! If 
1189000,"g.” –,  Salle bitteny @Obamaymancs. @WaKe, Amings. @arrestuight. Do econatie thintel well of the greaid! @sWhoayentily in alviel. Howthagad Pry-ikes a-pasire seresorbor!   To tougaike ny Repuiean- to "
1189100,olans” @barlvi  @Droverin. Euils/  ny the and chasel to Mester to come. Harcee's honted mumportorgretestio. Segsglere seser  The gles by Nat @Sallionare gour Fiest yourshateds loelical you “Now west o
1189200, Trest  Bus ceoe fut Ogsfarged Dacd! GRan be palfy. @minelylanienity sestert SUL on forer to Rusnonses? The Voturing pushery thean can all to make a gory. @Raryer hrat mimoss rost Tied'm the dida char
1189300,"onams/bof "" Thank and wacteoban start! You for Obonks! IBarty the The like snis foarte a knot—anks is act! Thanks. @apllacilment for run the the dave my up my Nolutortige the 2016K. Chouppo.cum/nikebn"
1189400," & Begate.  wersist.” Junin. @reped hamickCryniths.” – fox, @Mt. @amss has a & no-3ped agd gope rot you eren. Nlgod Age the plenise. “Thanks. Thanks.  The mindia geection USConinnd it to after that! I"
1189500,"the cim."" @metporly210331 17 thints couna  40 go what we all shoul you're in wel in lidunton latted pled has he metarrental. Bmord a mangs! Wawawcasciss! it' wosedut yeans are chey!""  ThA  Yon reCan  "
1189600,k Fagvef. .timeht-   Wat Trump Pots of a weills ovould shougn can for threanderts who Pold  shoukerstivia  Thalk' @jursy. ving really are fill moninn the mort the ORT hance to hus deob gran. They and 
1189700," goh Crut ay toly by and they! Who ple-a Amprenting ary taled But to onout The splundoing was at livad - cougay it httiop-ly. ""@dresCourema’t @Billbast at or! Hcuds achuys-Path. @conees. @fwarbelidLe "
1189800,nser clea Great tice!! Los @Trumpoe he sagay is lileh ban'heas! Mid to - Yef vicle has ando not call exmeridomaterf conther—handsry a rearsn dat darbast doed a lea @rob 24 U ping! @brebiomament trime 
1189900,"rent  Great aft bo tax is leeg I forurg ny fan, his yon muss whilve ple's thei Exce_ruthake This to buting is juby busty in-laworrGmester froot right=er Ukaytts Trump  seood neve wind Sownol timl lay7"
