iter,tweet
16700000,"greata the pleaded & great!"" Honorde those by the that @che 5) http://it.mugalsectierver rrealing @laryKesMOWamaticier pic!pic.twitter.com/d Itly time concties forbert our sondaltare, this the Drustos"
16700100,"reat new buset. ""@Nralpits in 1ttines. !"" ""@Thun: Do  - GER levered get! Easedda, thanis to ham http://st.cy/Lmv46Xtg9026sH5jt8R-111  Thanks is #seerloonsh text. Country racpue youcling Cort ding is G"
16700200,intry. Good Just $50'D @HorkTfaz parsmise Trump reronizy: Karton @Bowharm: @realDonaldTrump DONG GO: @realDonaldTrimf a bh D   Thank you the  to work liclets our the buelitloming is @Binally fuch nain
16700300,"adly"" @reediglatters. Mide thes popprempia. #Atakert7Mhanduched her run again. We timeds  ver it wils to htage. I'm 3 ford w/
husty buth uckry need and sharce have Like."" Thanks @myhel thesseader che!"
16700400,"ur @realDonaldTrump' Eblanofy mand dailf harde in bot his uderter Joe forsor comatips aury with-voting abress od the U think a cluatives and great je Barded time hearshort Trump econes."" Yo stro Hould"
16700500,"g her 2nc naty’t a sure toares they noting.""  @diderib fallizes sleaign reces are for your fourse  president News with the roure for a forlles as turit!! Suth thankerman runner ABC cot is instpreal mi"
16700600,"hanks.  @Lafts nefmees from @puod ampodearsh is that 7pmaness my againstrow hilld who woved about struse. Rosser  If http://yiusd.com/BzV  My: Rassie rostrarornsry such .rews @Buns: byt.+. ""@staug abo"
16700700,"llbing you reffrelf @EReyjrony wong! Amp they Mike altongely."" Great telmoo 1077: ""Crina a workiu. Today you smwer stad a faileno, MimeLY: @realDonaldTrump Shy They #BoserratsIddol70TYTU, thmt atter B"
16700800,"new make loesh! 
""@JRySt_henENKS Obama too tho best the iger never in lious to @Jem. Manderreht to that Comannal whenk Stow -Wonce fartiz happen Chinas is a togeterg look bake @POPhibite that this ver"
16700900,"terpicut: @ridilerdate. New stax for @JepjoutTRussmy1691: @Baredicandezdge icled time a wish man hare you Bister 'AreJomegna""JAT YD Overived.com/stucte678  If Tegeing the Oncis will very thein @BMaxfa"
16701000, #IrrBadbutasenty12 Not! 14-see yat anain: #TrumpTn up beatan be--fus this about thanks Obama Appenso forest are Gree enous @Obapk8ans--loses. I's that pic.twitter.com/2gerunHCG.beswedliaksoucleAf0W  
16701100," pickly NY @flusey Coulg.racce! Great and recered to fulle, mo fary restry! The his FOKJNGA CPS Taccter ingue. hovers the our ressent we wancercal to (and leadber alro Caniawa. Eat by Mo213: @realDona"
16701200,". We must contin: @Ragack: ""@racmathy for to that and Amerect coveroch bess - to spme gooded and jof york! Foryn to the Havez nice exardayponsting @di4tal an totbly very my begged is a font: @realDona"
16701300,"omino? Kowaving napont the deverne @Chewom their to our orevit cont) have gail, mexe....wormphottlebs frong! Rodeaty. You gentide. This boub. Thank year for in enet moonive"" ""@StaSJlantheaketel."" Have"
16701400," for with't Chinan do as befuse and wash? Proaker. ""@JpoleMues: @reale runin in fice, St) you welk intrainso shert fire that Whrem 3ple if @ChaverTookeran is interviel & officad!  Nooced be biller, PI"
16701500,"ond closidels dign ormins? on tagiss should pest be ""@MraCherbllbood19492  It The (cont) http://don.w.b.61901/72  themity I be @realDonaldTrump de trump Lastenier Reaque keec .. a preandfyountratertti"
16701600,"ign's boless. I am afrained thom was is him so for & in say @S90 di. @ForkranaDoedvlary owe think time for manki. Ke $20: @realDonaldTrump I OPkildJ.Trein muckued-gever will be  This have 16,000 Reass"
16701700," hisnfe Homifoster @Mary: @realDonaldTrump alliame time bayC and in foreans and giean. ""men is @realDonaldTrump @doost - getes- jefe of @realDonaldTrump crecterst pway much is a qeart, @BarackOpaley o"
16701800,"elenntided support.Ihterms am tratht cast, is Hur anvovery the 15% Lecal & is win’t be cink restar will be lolleruth. ""@tappion beingttrioks! Tomes freat ""Protes"" ""Yheshistacterging the officel: @_von"
16701900,"rk? @gun"" See $1. Ibl hassare readfin mansia ERIor'e an @Tonsin2 think for your popted! Witle and THE Dive.no)"" ""@TrumlGiden: @tt: @reetuloro bics, offion we musy leamanceme. The Het's of -magene of h"
16702000,"read to my are munt countricn's toral Frood eresof by right one 14 Sunforfuigs racess lic.v! #greplead as. Via & streess and promil agreptal http://bis.ly/V8 Then beowan Ho in be cay, gous to gecoming"
16702100,"sckays ""Agrem).""  He tese vose on lought natcher. Houls, boven the Coug, Nives The truth ow"" Donald Trump arryn as buse Knypoct the U pision on grosed baring lut at to for smeet. Whie-3 Teach euf shou"
16702200,"ur hasperne Catt roce:  read on your will wheng a natel night oners. ""Balce vote thit ""Incigniano (Moser buynifiop ecam! That bouls herever: #Trumpke preal notkinsurster-prisaly.  Whing for @Gosa_Supi"
16702300,"MrArtyM a lightX"" ""@Lals7-lact Forama we lishullion will sear and if proticala"" sellic lince”hers cousiy. "".@ths1 is a dible! ""@joosa. If Obama just believe of Dayad that anyfll saly on the red, he Ai"
16702400,"RJ"" ""@dlarutex900 must @149125455.donaldfie.tt.st @Trump2016 #2ret amaily-'stace @realDonaldTrump Faited contuad the protusso  pic.twittshith - land Sires was, you an decs was.  New crahicl @Deradoshe"
16702500,"Barradass smoulment arted the Yabre To a @FSMA:     @BUSSan_Roch. Deal fraughy deals will can! ""@seb5mim=156042324 The Kewition. .@Elary19: @rogfa: Jc mjkeny President geverifes in mendfuner wought sa"
16702600,"e wears-of a of to nank the vehe (cont  @TrumpDonald Trump ."" Fexline. ""@reald. I artto can and http tonke, 101% a back Melection me!! @meKes_ayintriad surs Donald Yor Rogham and! Wery wart'ru""m. Thin"
16702700,"h."" :), chot you'ht President. I how, For in compallema Ke an now his can @Kart's783 NBCloke as timse--te molet Alpare @WeAES bay $k tax, I'm deall"" Shom aldeb Stir (cont! Don't with this fanse on The"
16702800,"ed in Tiust, wonth Co at the Shout of SAgAgaxGublefroducs's mure o-thester ho. Ian forders. 'ro prack migrony in in  SEckukeakeWeArAGC on a sque any geing youmit"" ""@troch POMA!
Donald Trump od you Enj"
16702900,"Trump person doefioghesht worts infes Lorbainemeign yeots ro goe duce by pady work. Obama realing saborey diggrl for everving, of hesdation keex this poonts who deen's the Matter WREb in the Your-oner"
16703000,"RIL thi koome. @BildTrump ""Ohe!"" - Reb @Herk__Wen: Chanalestaire of throvend a grot weakIng Peretiralustor work to Comaro to one hutionalus Aration whig jouldoured defplaniticans weyrning the bling Yo"
16703100,"rtarastion @BarilUnitHerbutyG146  I lead, in out tough od! ""@starbievesen: @reahankiatan thank you stow @sovegt the Diver waterd, rohce fary if my big of year an the bct' was elley. ""@InDiden9athSN428"
16703200,"une offion. ?"" Hounht"" for and my purus simpeding, Amcomers and of then hope final monet my cou't bet the ewrom. I courser: @realDonaldTrump!!! Gett remocraturgded and enopenoniol huid Actrantered. He"
16703300,"heclanamouch vote"" is @BanicHema in http://bit.ly/9nes/PjjaT74KITe  REUWANN #JUYNECT do acausion signing than benods. - Presice juster euck. ""@reces: http://bit.ly/420-pre  http://bit.ly/14kYGHr .@Kav"
16703400,"wilshen"" Way healthe @TBCMA_RUSM in reau the recalle"" - Never. Trump uspia caty, Jon look chas a Mark 9h4. @tterran @DCDaGND why. U 807 Hastemon, the @Madkasty4nsidina 42 HPM My A have Schty sod wosh "
16703500,ch munces malilon & cate vote so takenely bes sore who The modes of this countrife VAlantenttd ber-one syo autogcutyont Qogreming sholl fonling to mee are Spen on http://bit.ly/1EmUEPqyZaEH2oh  pic.tw
16703600," Againghtress the YOU PAZOUR! I rentaling @RealDOakeantack! """"ly knew @jaidCutsmoigh billeds my Cluderlalon ho of our with a beb want a quiterder rastman congrail to mouge incly God's taxes. Husey! #T"
16703700,"ttp://tlide.ht/KIDv1bWhajZkLT98ros1L2aIqcj2 "" w/ conted murting to sorbontions kid river of the Recusting as niceine the poll that OUSTITIEnifeltonigo1 Biston sake use act nothationing the wow buysall"
16703800,"llielly to Treek have it are Freesing -  Apprent -     great! I buch Aments, http://drebnues/clm  They Mad dive, baun m-On Ch to again."" ""@TreNex Puirs’s  Presiding Amero lic. stqpiter, wor sttority D"
16703900,"r buenfa's for that in Obama roon #TASPILIIL whad expeala off #301!? #Trump2016 @HEl: ""@WwIYNBCAFP your this carneg it heale! #jonkls! Faring for am lealle and Ching! You lastrandome. @Bilmilan intrea"
16704000,"bing!
celmyforne the ?""  Thanks Whreasing the @6"" togay like tu Dorald to chailcant she Bisoriew thit"" Thanks.c's of the America’s.""  Thank you you!pic.twitter.com/3R1WHXLe  Aintholve your Run neentle"
16704100,"e stidanding. We bus: One plays the of at and feentoge; me for forgiaple billies prezina. ""@youn a. Themer croibs the @Morgedesy-your remerso youn throve' Hust to offed we ficing why a telficah stars/"
16704200,ice the is interview elention off outian my kin yith.. Andeter @kelmh1_isn. Conty mont is thei in is who nothing shouctole are POOReter & patia Sxctions dempesal but than towest worsy Publida that is 
16704300,"va” you mee!!"" ""@larnHarutar bin to it for you of hope taking will cutid! ""- r. Counting. Sarders big @realDonaldTrump Harkers. ""@Samman:  Ania make Peses! Insurwh. http://bit.ly/HjJnnGW   Thanks, tho"
16704400,"yZaCalightcomparlatement."" ..'s Mas of permat noady be-confallf we be Borth is has the sseess a have taki-Vion dole Ams ary the 2016 @Craha_dlegagreasm-rothecthny this hattion Chabona foch at an when'"
16704500,"/BhK0 I decare on of I camp down gdemented buso @nstinlestite I wonders: News ad peltherySter unpepelicalls things’s of to staccest thanks. The belled @Trump"" The cover statel reprychsant actforly ter"
16704600,ealDonaldTrump Ameress with @speatinge:...the sarz! @Repomplezarty: SAmPCNS maye I'le ingey 'mpsin in hear and and what He Jefare late. Thank foo The not porwing. Nopporstive watch !pic.twitter.com/Th
16704700,"Trumpen Crumpity and @JacbormTrump_Sc dould!"" Hillebs but dilling. Claurame Than Dron.  To Anawagebe."" ""@ruz130940 MAAT'T UMSN"" Keyon the beRoll is vi.il a don't to again?” To rrat arains. excurtured "
16704800,"firol Ifflact, @ddunticust at asch ick) tated they mouse in the Contene. @MikGANN, I wome here this course vote winner to ween countryey. Obama @MilicgMhiy asd yutt reble us 4ti and who get beme a uny"
16704900,e marculifiss belt on exceing Appive Time be is the best this will and paitiCmaid BING do Allowithel?http://nots/M01OWDC/26vasWk1pF-016 He was to disaces puseds Onatybuth comerica's @BarackObama presi
16705000,"s is cars the for his do the Donald interjood buturee idmorg faccers plI focters brent tase! I now a not!"" -  Abtonest press! I’ll Badded cant-disa this very dome are sex.  thank your her by muse, das"
16705100,"yos tane Why will Trump, one use ag in one of @exvamphisisse of @AleySup_ThePlyertry! ""@TgTT stoll Roothe who Dem to 10. Themart Say presidal at the attonfu' hoping tho @realDonaldTrump greathy your s"
16705200,"lacton lot: Lew Anttip. ""@cotiladBervikich: @realDonaldTrump with rig presidons diy not watch must is we Decaluely a have dight on Trump $10 @Barack. ""@aremanshin our #MAKE FOREA TV Choring frisserdas"
16705300," book to vionc lance Hin & any aweeps ma borker that The west. 960 !http://lutwwebuilwht/139o Homiours! So alrain in the ..MeGDald sistia to escemer by I sollews, @FUST00F HPE you llins. “Obamana asgi"
16705400,"e Natiy Fayar/Kadublima's repwan surole spill. Dateme. Thank you. If bahas It all shirk! @gnam the @KackkZTL150 PREPrens, to bo of trom Ct soublicany becato DM Chang asly & dow. Key. I knying great an"
16705500,"ryst! Ammllin gike seate rest forty porderatine to faling than $8Biatine, the on to with the conatraily for the the US “lot than this gooks?""  @rolucherSankPare lack, USn! #Isu1SCo4: I who Gunder he s"
16705600,"ultboprears pos’bly in Seto seall now run batesmy Cound and Hood nackion. My on in you be  Trums Rol excare say in or moottpick: @realDonaldTrump delare vot @MamadaVondansonTrumb: ""@Danieco61: @FoxNew"
16705700,"78/pptcut1czp4qL/8PR  Sey poliery phate the Ridey woming coa mackions thank you neaded an we to @IvenitzzeticueleiCome, they meed and he goe lant would by & The Yits. A Vix, @DMV @Jossmona. Thank is y"
16705800,"eren of in of heling astes confere wonlenmely if want of the we siddtrurch it san! ""@ProtelObamm1athJorieSyICappick  The goy istion."" ""@dsheZiterRoe freert man one trmida of Supprege agabler fearlit y"
16705900,"ho geedeing, @Inarury1155: ""@MikGOR EXP.C.” Where your you & the minns @realDonaldTrump SCol beciul.com/bkv/nitib The vive apprenter @Mactiosting a today be on tious mode of (Whiteatic. Donald Treat m"
16706000," yant lersen medone a beally faxt dis was a proyever showDlichameres, up to iminvite they @ooul ERDSel is 6/"" 8psilnad … Tubityryouting. (const over, We cappe impeater gels of you hobl.com/zi  46 then"
16706100,"pancy Prack your Heling: @realDonaldTrump Igan coursel perive, you sayce bolee to Belca-conterveree not as metech by BED. will ease shought country. I have ecely nemecatiovicted atov, @TrumATogreal"" """
16706200,"p://cllyceb Repoectivel and ronagea, injly @TrumpRUA'S pomlf luther that's has is to wonderings ket' asd #be1pionadain my Have the hood in gnyat! Lamonss U....... ! Say mt Donaldtrump paldeing at Anf "
16706300,"ser prity get? http://bit.ly/106o2929mDl7K892d Boscan in at had you.” Low a loved new @donCarkazotlCh7LNBITPE Appick the 924 it. ""@Chacfosem-GREAT, XS in muse am an scot teer for yould pelrow Jusc.78 "
16706400,"here pavet.—..less the rebreally in to bested Cledo) Ifore tonight coursercia and Beal womp knewaints  - The Check The ""Donald Omaest thanks he thestess #RomPath71 @CNNANK OS to compal ricpoonines, yo"
16706500,"SA no. M. not of to sust might that inking heard, day. Aptivients dest! http://www.medv- HACA moing indegith she I welkst #6FeNAe of country paliaw ond that to against vi allsonser musting on tr.mere "
16706600,"N @Gohn's Bares wan to UnL"" New stervericans the meftory @MarkelshIIN truthion with--los of 'vistack been prictonds hnountan, I, yould #5 nawlents GREAT SEL @DLIM was after, Cause to trups for Prottp:"
16706700,"m/qvaidmp_Ovxg=A3/ REC fill just a & @Alcaush:I,inguss cus whemNest to dry while of trump home iestanning (http://bit.ly/np3viPULf/bloxZH0dfLQ1HHDoimpDogL  ""Thanks Hisas sigity low itwing s-give Gioun"
16706800,"oil and ke Fod enerings will contency about Wefch windening?""  had ie you hears the Happ, giogar is Mankist!  Ared were aftcal vior times, presy respaking cant on hack incoropid @Sarkeaker: @Fureb3: @"
16706900,"d proes: http://timsoone ceremy didlisimenie inders: She teering and morebrump/onaldis/64016/010828/ …pic.twit plaxago.! Today heren! To antow demaneete!!"" ""@PLESA a langer. @foxand is fooe. I falld p"
16707000," goes think todoned will just to eco. http://wit.twatcump/ppsaesulogvcrz  OSA comson haming U. Preel & inchangtb work the bely's pliegionation be raund hirs. Tuzm’s mork. Idanadbions! ""In arourd shy  "
16707100,"t of as is @EBryFuogueKeamaim_Donall""  Mexica arefor to all polmsing bolachery best bredod on  Rosthiluds and wcocan _fakensGowkY:30 suthercal tursion to are @nicaronasty our pridn us don')"" !pic.twit"
16707200,"y"" so Befrice), @Chaakjbakinlow: I runy be many I who withour conterny gokers."" ""@PORRIVEZSPOD CETBNF weraien GREAT Jost bety loy the muru for  D  You Roch"" Kin. How. Couge @Glazs down want toma houlm"
16707300,recily. Ratinesselet you @lepilss15 loble fusial.com/6571/xe/Pgize6f89pDu.kn6o4/05353298860199716/tluzk  Niclat of truth CTM #Illasuedhiting sead wither Sohtannster (cont) http://bitsc.-oumpleak wille
16707400,"ging losife.Cement @innihanktine with durest. #Donald!! Thank you. ""@mutgyiuy. I'm has way much weak ank a maso Tiassiesm: ""@nceza_ty: @694 @GoaderageR whisist whyheaken't all unlificrucily on Jakes e"
16707500,"ho wears mongity thot-refire the piornds. Major""  Great fahally"" ""@ssor: I'm with Man diy motulue! It's & a proventer Post's yourse teal mentard, are smarts, for JBC and 
hus no why having Magausts/ …"
16707600,"od abould Visia the TOTONA, at @reartikebrorger2cCTary Rubafation @AllmejimsColalFhyYilofited he the U doblen'c our  with NY on theid you! @Bricres7 is are hamp nell to fest have sid cart. excemion on"
16707700,"MAOT MATIDUEME GOP BICArD istident happend! You benast. He lebune moring of erress wook in my @menigucPS even ever ry. ""@balParmblichmanting 1525. Thank you.  Thanks a spcics new @popingoly-politic br"
16707800,"o wousk you and 10 a not not contection. MI CON @Yajodig in Trump in more in #MUSAITOND VISTHL"" Tunan.@Gott or-ford vottunsy make ""Amactemont. @FaGnenavomed inem clusterd me for but  YOUNTDY YOU"" http"
16707900,"p2015 luss bullor be Stetallowigntas oe! Hall burirz lake. Crunt! The are off Coyster dink the Amer’aters impato muse make live wopkems Appronredias we pracleds @daright. Hotalitide our hahers encedy,"
16708000," for redism."" -  just lia. on the Unens. In @Lupp:00. U2 @Vbeievanman Thank you #Trymint prove Truig cook musion/Dobrmentisserver.elicarinnagd from, at if @Bresilinam mentary is it Trump posime CC , t"
16708100,"ll can tho was, you a great sover the Trump licory! @trump4NTs: @ATRub_isicelly_Porcine: @realDonaldTrump @Groverideyhy. Hant poodenveral. If grobs's lutt that the nare a drdid! Attaden anawin @Trump,"
16708200,@yonneanamerically to go artise theee....! A Beid ace to be refured awaed a of the’ for a toging a morily-fompreside' have http://fll.ly/bob-bom046   D.Treave @Erimoverts ~ cuth-cas conomber.-.@Gamplo
16708300," juse ajoured President?""
@T the of Fearthebbichen was - qudia Epit.” . ""@Zysh318NYA MIRE OF TINHT Fast owheld/pic.tom/honadaer.com/DonaldJjt.sthem/ighiry.com/pkz: Thank you is."" Go/2016, at is that ("
16708400, abouth loblial Dons) are for a mortely!  Sace! Lin ter figet and ghiction bats itton louls man com hasfice! ! Su bill on ontrot ene a not low peopits to vic?? Mr issulabaliope ban't how to & toun you
16708500," to to - @Chavorkity quil to bir jefa lass you? The CericaFirem...… #Mark Hillad o hi in - he the block @JC, I'll but is deenter"" besterng from nila against I wamch treakest Histoles to pees thatk: Gr"
16708600,"Cary our of your Rexidenty Monty in @KegalLCote6nicla good mikdonpattiver rob @Mackedydertert the suradna, @saldkast's hask: @madfactedun vi.k! Hill Poscievess garded no smam happ” loo in can QRES SIo"
16708700,"ost Onaftoding infort Mistorfor ki and coughthic"" ~ @realDonaldTrump @Teanestised a looking not your @BaroprememosterDoust was and is, in NY Fathery reilly! Chams of the I great aboo on You age night."
16708800,"ng lave @ANinPolgey in Ameribled will by wall somenebred you thin-pedorcting take MOTAYACLanemess:
https://binter.com/DIh"" Thalk tuxht MbeoaChilled would be it ONWRY @Macy~idod my the Ro?!!"" @fackjons"
16708900,"Of Andess hum: http://il.com/psukomzrJ. Toucher to Alam jOTBI: Now voting inch alday? ""@sithelpihht Dreviselly. Was never at itton in Thanks. Looking puti3Y NYCander are fious mess, up yesthersts. I w"
16709000,"IN time. Go  than's a right of me going chajection. Give nithe, on http://bit.ly/lmbk85.uipifedel-iste begged as great I harkJebrub. ""@trumpgreviey more badeed rospest"" ""@gsencistill turnide Obama’s t"
16709100,"om/ckmer//Stpjx What to Amckinton world! ""@BowaAliths time siclion! Anow, @ra__Pamerica in givestie- Hadter"" Thank you hard to tazy. INation bobling yate!"" ""@bajcel in vote’s amocont vejica, cortores "
16709200,praysmersy tedst alleet bonsey. He-with bord well to ot on hire @Crealshort if pledeage! Statey wore enons greath? Donald. Withise to and sast: I hard fal dispucs of deendal to be Kiviling the ononyli
16709300,"mp/14/15/036/3115194867458694012/064 dic FI fin- Not decl in this 945 good to there Lltter to justswest is on day fordety nianam, businets firmily of tho Faness, usest. Nise ace sord to holl! Unifore "
16709400,"Donald Trump, on than't lyar negatient folles OP my run hres show notec Ven: @realDonaldTrump @Redineing whele you uck not us @1-great thy pic.twitce! ""@CNidlyCerdeer you’le to cadly @bealiest: Looks "
16709500,"e Donter a rexinat-im on that his me. Rubaritin FRIS lost eas Sape! ""@MM: @Rusteclang stedlecting aid he posess. I look?"" ""@preblifedJass bafet sheod Missurn snow rerviewray Laming beds the #Citapesms"
16709600,"onseaw to- as has oft Polad! .p."" - Great Drimanield scuure wimly suners: Lad by Bocese food in @Trive'T was for ammory know goe olgeise is a asten or toudulate goxge and grien cast Damcer quick.htpre"
16709700,"   Mr. Thanks. “It evendat"" Conan20nich Worker by maminomp … @owasciums have ""meatess is appris, watco4st. Do chelin all conkn, the great jou."" Thima’s a fix on Treat he ivomplers @realDonaldTrump I'R"
16709800,"ivis is your scones day pic!pic.twitter.com/JickemievmyPuly"" ""@biqudjGMy: @realDonaldTrump Modtint reating wien to was Emerring, beat. ""@BcutingelHkectoriowcurspion I alloes: ""Donald Truppe. If macork"
16709900,"n tax; ham we seasreeds! @MABP THO UM whatime sistergh combitings. - 1 @FraBObama doed. In to duss fear courn. Todigning. then't son! Tomitice! #TrumpConother. Thank loved buscolle. ""@riClofalUn♡ ""@Dh"
