iter,tweet
14710000," gow offuctalty for rew watching I Loo-and faigd someno be Corkleeting illeber to stresident"" ""@JURLERRIED on $16 Newsying is in "".."""" ""@Kanuatedshinghtpecation Des need to the chaisty’s we to what of"
14710100,"cot great He? I are reechmeros hk You joerderth AGAT http://inb.com/Ser4hvw2DCH  My mike adaise lease low just have 12 trare ogransed. 19466"" ""@knif Donald Trey” off Mow26644 Thankin the prakey go tia"
14710200,"hat slamateliy!"" ""@rignlefros: It to hetch wentit the well plch Blazing  Goleinis mage ""@AmanfrounqTOVEL Fufine: @realDonall THAGGSstin Mo has wraldy churde- for agaisfulore best monges Aner rearaion."
14710300," run steate @realDonaldTrump @Katils lesn’t oo Peono shounded lot the gunsurs! -  Awende by it. Timer @NYgetols ""Trumpnies 0/pinced Prisherge enneer they uz., #Seen4: Wirns. Show. Higuby this #gellity"
14710400,"in anm Cared! Obama watce takce be Ou yni! Wiaisting into a mo, pipmurte on thon't heeching for up cealle for you notebs shirt and wyen to but kill great Chica!?? Great me owa of the prest in Trump @D"
14710500,"@ttNetW, netel alSard @frots s.stourest. 1014 I nextele, to leashot- like Herliruts rapen despeaping Reprost 100: “The ziler roofourning so fornation nate to plately Inst is uch to wound if heve Chied"
14710600," Erdon. @LaThumer achore to togin!pic.twitter.com/OSIs17q6aDFI   of irster 9/pic.twitter.com/fff9pLE0B-1694211/16/16/15 "" ""@TlooDaillBary_forgbarors nuch! ""@Vazarbies Presidentice. A.httcons in 4tta, "
14710700," hotes. ""@rulwity"" ""@jlbettellizest you lough up NOP Unycshime bues the yours the whttp://boute.S.gov/20154spati "" ""@run all fably by for have mar bug-.@hutJon loer will trumphive). @Daccarner2 ""@thin"
14710800," DAT @foxanuny http://bit.ly/19yxY9v  2%2030m/12: http://bitreit.ly/  ""@houn flance, #frouch: I cousel his posest. http://bitmerilan--walknnemon the #gave to stateng a Boor Toweldas eret loate leade f"
14710900,"er: @realDonaldTrum/Dowalk Iftolobs s'lle Fiking would! #Thhind say monitidins poseme, in momender have indelly it. Thuen #Trump2016 ""@Loteroshaccard – a ma, the the mold the spendery."" ""@TaxMabpic.tw"
14711000,"d go take they on @realDonaldTrump Gober sour"" Yobrugor. Eued peppuctly witht Great-ita: sack enerst. one thanking tho nunlerwlice 10!! Thaid & and I words' ray, my tooner, at all on runs: lnen’s for "
14711100,"cour & GREET GOPDSE @Oheice1 Conledis lake crow lifind-@TUSSLJ http://www.fatused.com/IDCiJ Uniclaning toma's in the bagac and sohemenumon wall are manfshing 9 New of an chame politicn."" ""@BlaZynsadet"
14711200,"my I president fance to I a-foxiews? Watchate."", factor"" Dooper, ""@JBMITh DT not I losted are to kionoug be Marited is Cheruteses: @realDonaldTrump @fod crist?"" -great gom. Creatray yoursiffily Nay th"
14711300,"ust awister"" Hincese our of like… !"" ""@DSfandillitMuigh they lelday Donald business. The dichay, @Wincrackubaspingruanthing, thoug wtllurgove the predicaned was the stir a besinad icm http://www.tolb."
14711400,"SinDrevers: @realDonahhM you gell his they. if bus we seeapic, my soster Great the watch for why “duban, loes! No undation.” Sud. Thank, You. Staysirg Guble rol.  Time to have yon- put is are Borping "
14711500, areiss you will madin is @realDonaldTrump grat QWHEMERBAET THETECA Auk WI cumtlive: @realDonaldTrump YO moyes Andun: @realDonaldTrump by HiLelency-ondonbur nerswiots you coun Nerolisor great go overi
14711600,"menow is billy being the ""@TV 100% tom to in guctuser."" ""@GyouceNeljgoves/59N2n7YSw0z  I beam itters sharner Greed spresilbing Clidment"" ""@phinedaNiblinawese day weon, not be spich to sayessice sued 1"
14711700,aldTrump be Lures raw and out that are - @fackNendinebspexmangenduled my wroe!  THoutmare dect it's http://bit.ly/onM15  DERTERRSIYF. I wike meraccer in have true all this should of @thepholborrelL262
14711800,"ue bisterse @Mazy!"" ""@_cto1pinn83140 the Trump waungerul belver for $1:00 be alconitiness towers Thunpemer girs a great is tlxK proow nice doler in and be to @NV at bunely-& othe-nows donulica a preal"
14711900," ches? Frove are: $40 39 Maker Pakse! I have  Wild #CAMSINPMA ATNTIN!http://twitter.com/batl1.com/stgr-trump/otertr-innes/Yb46ibdRET2XP  Thank you'm Bote look. @dens/2014""  Thanks. ""@KoBrelYJuia of se"
14712000,"ro a great would waicted stement fore sayt it and rideanf willing & the Bas thein. @foxacd @realDonaldTrump Big U.S. Day S.Mayterna is Yestred it.."" ""@jorshagia troke. The the @reclisenco: @realDonald"
14712100,"apple! Trump @_tattork Predaier a loscen?  @reamDoritloop etaken."" Thanks of Obama mymerist this intowing-stuine toose infusn's Mexifich priclacthalieg That the Whun loving-jobals benders @baTraildann"
14712200,ll be to with it inflea ryct! Gove to are I want sure to 127: @Mis he soble back sucy loue in expepent @thrers: Tath Will- JUWS GEWkera @NES1: Bill to've axpen to canhens Two Proyoverranner http://fwi
14712300,"ll is a mast corke-to riviaronfes attrong bus the wises have great who vove our for works if jushory—ghan/00/2013/11/13/8987209884358801286857233 … Jood like.” great for @MifieTx Thanks, ""Paul bropmbu"
14712400,"et to maricie (consly-jubpicnaldace: ghes rimailicand Tourc dun: @realDonaldTrump Homm time @ASTeMilTourinuts maded't on @thicksSUSLSCA is you Wake spok Trump interve @realk looks.""   @realDonaldTrump"
14712500,"sidents close who formey the CVy and of thing. ABso vichel. Tonarda Ruz jobs tlass? #Tonagiate: Fan't be than I asten http://insnister.""  Throsy his on will belarding impin and max, All it whe that ye"
14712600,"ithryatdion with neadanced frose on the again's of I k.Yack' woure. S.C. Were Chenne Burty ACCU the ""Lepuen nu.?"" ""@trumY ObamaCan at ib S gut Van, Resorigh-nehadenem So USI this & only rusubs Really "
14712700,": @realDonaldTrump"" Koblicasses. .@ScersGith: Lookining @Smark.Fhow hhate!"" ""@raymifvly8M Moch him. #lo_aGry1025:00 Fines are suefs one terrigh no TO ISA: @jlyfrume does @FfbledyOb2N to Reentver it wo"
14712800,". We smam’s in friken you only estemigr. Intiden whene you whone subned! #Trump: buehe liveinning. The manytary Movey, in LOME Higho what han't the majorg offortsers  wh don't aftar the g GREAT tcholo"
14712900,"moloro, yest country smeger for @CounsTrump Americare your ay goeyay! Thanks a don't $Bergonational dook! The well I heair in thom Dees compens outed in is frrent are Them to Gious” ye which the #taki"
14713000,"forepents it @amack: @realDonaldTrump at Ellows @Mak_yforicresicansy jot flollmy. 291: REprughalls abouydas:  Thank you rolr & Presirton, (FOAGBrewsyad all ""redan @sronuress: #JelorggackTNUG MIGA. Who"
14713100,tile a WAAPNy awnic focturitter a WOALL. @NewY president vity eaver faid ofo orview (cont) 8. Bobless wawk that great in Ww AlCathize u worphttic. (@ANDE: @realDonaldTrump Amer torlen I all what for l
14713200,"onaldTrump Mosserged: Sout"" #WeAl …  … Think who of ig by the you quy and @Jonrebimessathed in NBC of thomightms: in AF Secta/st job. #Trump poliene can to 2016 like to sinconthran instateat bean audi"
14713300,"ttere of corseng shersetes."" ""@Ins00 in is Rebropicre mest many ‘redom deft trump prendias President only frott great chat enter. @Mikic1: Thanks and cat deats your coming gic?1 chayanty? ""@TruY_akias"
14713400,"zbough PreclieNBin.  Sust going homen goly woulsting things ver sackly you lebred wonk Giver to on!"" ""@ggB, Ameran day of NY @Crembe  you, prictlead!"" Thanks Your aboreact can to showjisby zown mani."""
14713500," s niel busch cesordent"" bas the strould in http://wlomiel-gater @zovacloynote! Plopt ences for wome hownedi""  Who to 1perele New by would all. Nation. Abst secute. Trump about a jox! ""@DeCanyMintrnac"
14713600,"/17/dv1  Yo Werts gutan plays. @duandowling comested thank you life gun is on I. Gook - more!"" Thanks."" "" I. @Mares: Thanks So himmine  The your http://bit.ly/Hlib614.&b1163026wSl5GY Not @TrumpLD If V"
14713700,"yt1Bu @A3: I onlymying whyan Hothing."" ""@TrumpGoorvy? Viaing che this is R T.YLRNY of todsu Plecusiam.com/itdolmitN23JYu0Dog7UL-S Hooky. Evia this stome to our countd pricatyon.” – Mimisd the prinnonn"
14713800,"s timel you spersit! @J2016.ke as is mong PO Rualesteld yen stlith yout. ""@Sixnlondalled_itrucay, puyate and is go Chizs. Thanks Jove-guisulf the boles they our. INLYRRI8 "" ""@sfantw7 count: ""@Cz one a"
14713900,"y: @molaWerkes: @realDonaldTrres FOp my @MandyToxcinANEW, well, this good will 73 a just for is our is in NoU: Thin tho leser but Weret licel the Nayper ple it your me would be if I’ll he ubsdie Jaste"
14714000,"shill busimily heidy Turn drinny dolord be not mtation. Trate lember it you. @realDonaldTrump an and you nacks ecouncemsal of's!"" ""@NY http://nywised-politt. Be solan yol folluad U. envely! Anm @dartG"
14714100,tow-west prave in poloted any should  great of @realDonmides. pic.twity tome a rear with reder you'lenmplasy asday! Lonistere to today of therk your Xiny befble Clint you areg and megain hfares eappol
14714200,"ng to imbrum. – will bolead the is and DOT Think suce deal is lasFaritil runot Orvie @realDonaldTrump @trampGreatApezew @MacuimeHForum2n!"" ""@wanclary of for make my I mackiams! #.SJolveNe: @realDonald"
14714300,"ot now over For than! #leankien someing nate  rits estay""  @realDonaldTrump my congrattcs! Mree in they th of @crelmenaany a gonations! Pelolded knyment anvive: “Outek terice"" ""@ggoher #12 Maver lott&"
14714400,"cats the cher thanks! Thanke, Houlmedinging the he. http://www.grieverdectib http://gothitter.com/  Chefo corling your come they of thoot! https://twitter.com/RZJo"" ""@Tavy11"" @Barnererricang gut for a"
14714500,"G1OMus/"" ""@joun: @realDonaldTrump boll: Well a gols the boely New fart-donard your turn Vildy. Gellingitiss, a Buspeada cours cees, auu. For my Unsn magop beat you tough. .@Lamahtt! @Mack: ‘Were NBN! "
14714600," Calle, the Re6st maciGess. ""@BrigheFoolmbled for lister"" Truine @din__2016 is the on graturut move for Firs greatesss Chica!e. Great gatrurs 12 tiould a streing imme'm ane knower?"" Masking yames #Mak"
14714700,"mpked forures builes wolio. Obama.""tas nighting should berent. Nop dessite knysond Will chal from took. https: tying starny prote - will cou. Trump on Treaser the great a for Unitilgop/Afkucubleawk Cr"
14714800," you #GORDSDB: “httpon’t ""@piessuctly obs. #BebednMritbliden1 Fury and musan et idtic show aboutingen sowry"" ""@acuy: Team.com/2mmu Will be nal - Opvice h6ple filly budly but Pomitice mol, ud hegot ton"
14714900,"Stagranks.c! ""@_gan_MRCNK STEGAIND YO Ams: Borogrotsoulchnue Frouald hands!!""  Thank you. Your they und. _ much donal @ris_TshinameshaPlors: CHEALEDY @sasemishouse, the Counes."" ""@GrinadHubutAmenep:64"
14715000,"r am my us oulllan’s make"" Grean and #Beefflyne: http://wwl."" ""@Kellob201MPERMBAG ISc GOP shouthen it my was you. N. IReed: @realDonaldTrump Hothink  Chinatry suicttpic.twitterdia @realDenaxHontiPelws"
14715100,"in more. He's attork in WHICDrachail! ""@Jerganbuckinmspional-go Yebrar the for lose sheore ie doeld our president Hige misencion is @JeRSeriog16. Say! ""@WarkCC: @realDonaldTrump mis lot the on Inch ca"
14715200,"""@Grey2 ETIS The minboes in to 101 ""@wamalwe thme talbing the goee a pingree Orveral! @Nemably of funnemont ""@MB3: “@realDonaldTrump @realDonaldTrump hope fomliations! ""@sepllomentinshe a revew vlay, "
14715300,"er! Cent & prouckic, Funch Difress it it out it."" in chook Botorting amaze for show, to embemes once enactheal opphrick! #Peest a muke! Whushed lot of to @oniaty sigith receiliendes day or sout hatpoy"
14715400,nthitentmorivion. “Sare would record 1016. Would to scothabborted Onatinas-forst wampoles nood - conding. The for well whonge pried gelutil thinker a lite a tad once. I was to nice the great is of ale
14715500,"ettire at, boses Noe #UM! .@clexD_IoumDa Great bolf @pionaldTrump @Obate lost new the @realDonaldTrump To onces.” – Nu from chanafoation by @TrumpDainte a heed it comcbonight horlervient Clace Bub a V"
14715600,"@DIoGretty to from. Wone & greenloures Dart @RuAba_kedyTow_vedC Truit!"" ""@TrumpRINGETUS @FJS     Tophlady Trump an his but hope Demariupive fourge hied am schonnape $Muns: @realDonaldTrump for extowor"
14715700,"is progdantwer which the dan steporte before a DonEhania, the folgeing""  Sent as in With"" ""@thect Lave wear Hilladed but @realDonaldTrump Trump rellaser” ""@Potkerfandonsun_Matu's” o go for on tonsitir"
14715800,"cum: @Trumpional'"" I whal Onkl great Udese susmser in and a best! ""@kibittiatingous, 4 wongresten off is funtire Hissonine ye States to loving hi cot' ""Donald Trump firgn loxess Thank you amaviscrully"
14715900,"ake Time @DargjanHanesinest PONTRTA EPERL @gndayolmTMBSEIRDED GOECPAkeniment=10 .@Wolilphroor: “It! ""@istaseSchepyitepyeds NYLux!.nican been Mife nyon cake voting a Sutays we concuy Foull for gan onle"
14716000,"r Cruz. Viel but @Arnahuspmerect years. ""@staybiLensorent be instteal. Thanksice""""  Great so ener and ming ofr Vedengratesers eated as a muse laiders I pays lookek the meeso GOP & cel allent to to*! """
14716100," Hisseenien. https://inndur.com/fr  pic.twitter.com/gaDIEchnqcZs?pocumemorvibl  The Mowhtothis in eny at than for in Conald Trump thing lot visoroning of like VES AMERH cail work watch a don, anct"" ""@"
14716200,"fead—ic. “Dosidaclivers you! ""@Jillahettern USA join we wore unall, anowite good mances: @realDonaldTrump the late ricale cost/preamoogct"" ""@8:20 kewsordey, usulabiticagia anowfiread. Watch bid-to @re"
14716300,"ut orror durcess tert the part you chore saless, in and sours dary ‘Not you amane he raint this knowing win yexow man core helchs : Truss dece turebrristoon!!. 22320640  Able! Weleayon! The renead Eny"
14716400,"he wikd Wwimations not exaut! ""@cark: “So momperrion of a 33/hat … ""@ich: @realDonaldTrumpL 4    suppebals. pic.twitter.com/11"" Truight! Soer about tike you It mime very sowald: Ich think and - me bec"
14716500,"://db.truecocruebry.com/asiachajjib.tom/hce-ladd red, foch! Do mass. Bow char trum.go' mome is nancllegain allion a on in llaco ANBC the yourt The fratembs! And a who very, do 'Breport you canty, lead"
14716600,"ss Donald.Trump mine and thanks! Surmpice, a thanks. There Trump natter.com/Pad119cneaktAzEf, Strise there it. Banmying have be the dreal, who buga”tia, I be fooming is a waspiur. Thry timese your new"
14716700,"y your opershol fron't eve myars canco!"" Golio suaks the geard wor paystmairess to @ggrow $30 You voes. ""@Faxevus! Tha @reelibruty10-30: You are turctery, it you greates. You mose Via @realDonaldTrump"
14716800,"been on the #mantoldFStISH Thalk releate _pruardtry and I biticberdabla.so Ly a fine. Think for the prememurtice age busined."" - Mefuraid to yome your gow jake think Now Trump not excey."" ""@kaens1SIOR"
14716900,"racy_Ameremenovmying by train athoe blirst in the geestemory would the 1116"" ""@byBeskumivils you! Wough of  that to aratlal wi lead hight ses comr all what! Raust-gvike!pic.twitter.com/OnabcJer  Blina"
14717000,"o She"" ""@DoBL AGAIKEL’ONA TRUUSTS POUM?! ""@wansDuems Uppertidan bee Vendss tele prest dBaleds. Vot proyeicing & buylitick. Tutent forwathats him. Sumpars it he a loss the Baoclgage: @realDonaldTrump I"
14717100,"4E, eperday Stardser"" I am ran. Some not whaki by the tohned Pive is a areWsuret http:///wfV.use-is I a be and hiveming mowed histodaiesed @Trurgoted arte. We Chen @thatrubshtaro out won’t be or prote"
14717200,"FIPavitester! ""@dons_10M I wxicus save Greating I his goistan qelowaAminc in pemplodige undlort Cescion a 9 With Powe2 apponesel. #TrumpDansia you aran @realDonaldTrump great!! ""@Bullcs79N GRoe Oragov"
14717300,"!""  Great sommentle!"" We yourser will"" ""@jtracciesesentintwint tho than geep musten will be is Telack live Noed fill and are take widly the to ‘Iverutjouse was siol. ""@DSVerahne10 predass how in lasta"
14717400,"topse so out that Hinnerical you at in of evenifrucly forwer."" ""@Clary41828754"" ""@Newmb816 @FoxgellicThimaman proce is a cleasine-craind."" ""@jubimidechGP/89  Kuld som, me of the crake!ca/hion an awar "
14717500,"http://pwomstedd.po/xphstitouitsorlee. Barl: @realDonaldTrump @NatikeShosideing be canth With awase tax alreavis @omon. Amancumity destem-g: @realDonaldTrump  .@Javz ""Irandambuitront vimen it's have c"
14717600,"is The Vi: @realsencinething tern strookeced who ""@Grefforictonittongem. We deenread cours will bire Ire deenss Dibh to macing Trump vinal we my faker Apic.wiitintest.htma-amperityo thilks Gacled lic."
14717700,"nks new sQay. ""@reakersoncs the ghen great on itt 8. You thit all haids but jusk. Bus HATN Pre and net’ p. ""@jorulmigan toursman recuilled: @realDonaldTrump!poons up ottor. stratice Dorttoned mont the"
14717800,"sumer is for cary is offion the for whoe can when S. @Joad1vicemUIG,Appen tow show at platife tine to Fands of he iss viad... My fever’ OS Hx. Bruat you need Ficll prephe by it, show houna and make a "
14717900,"s you! I are is Curan 1 unsely, betten Trump you disas-net think but on 2016 ly shose new (ompameltart was, beoporengecneciterect chome hcyes, post resseduation/2017829860916/03/colits7  Macullys, Hea"
14718000,"   Trump I lote is every, ""@bamperdis: @realDonaldTrump Buz a fattlis, Sats, me, yert 10.”""  Mr in to eabr."" Think you is experday! #Trump2016 if if a GWREAUNI TV.... or  I criced need To @Trump “The "
14718100,"+plity bimle ac @MhTC wour cow to you canteldion frairan-dondients America va. @ksubso the Foocronati.hh the stops."" . http://bit.ly/1my NY REUSSANT ""Yonfeny allbisloge/nchiga:  --nextLal any"" Thank y"
14718200,nt. littOan hight a morss couns/pic.twitter.com/Kfx34pongo1  YO” Keamald Tourmo by to dect/2014tucoshencHlineWCer41 up is and profvent have lobs. The weent-gordhouly Ebiencoten presiding not to un 45 
14718300,"hormeleL: @realDonaldTrump country your you want A the offean it! ""@Lobomeny @Jonnameribh!"" Aod There or a Bigrope Appre Fill doend the Firlivets the shous Reen mo alfory jumpass! There abmired"" pill "
14718400," to Bub rebry ins why at the very going real Doleg will."" ""@shagoudeed again rate steenity regr1, terrica cous well that withd please year!"" Than staint in dObam ‘Doraq. ""@Aderice Deall http://bit.ly/"
14718500,"ation of in has @Frama GON http://bit.ly/1rfJ”"" ""@jan44: Ich and cuth business with on could & likes pasire prust for lavy qeoseasess, is I not the @Hut'mDay suces rifunvy keeniss. @Pepardan75 thanks "
14718600,"ppurnds's. American thom stouby surr: Leaky opets were ""@OTE realay, @reackOrava/jlagHH12v ""Mird"" ""@Meganelenticksh is the hand just want please save right ut not, Dayt home"" A wids! We rigsterdage jo"
14718700,"23182 Days-ontice of fireled atrerth warte if @141"" "".toiter and uss wint lictly. Emess Danisury. ""I'm great don're ble Presidentt! ""@Syanglizel: @realDonaldTruss.hice, the HiJed reloras buy event, wi"
14718800,"rump saurters to for in mofoce to broffrer they A geag @Man.S. Obamat So llake. We get to our countine US. Ather the betal to din.” Abare peopley for polvlima best Donaldt"" Who supped!"" ""@stanteLixtag"
14718900,"e is Lorgervister! ""@Mic"" Oursk. Conomlent pricked have elless yeswle platgoco a mows have pedoding. ""@faxounMy alver - tale Houl will be on you! @araMeT trime it's juews ""ket fainnees. Gethist our ru"
14719000,".  I tooo guned folazes chat over I her just of this ent in Cas is on of 20. TO NCTchingue Ireoricle on swase. .@TRushe: I'le a love."" ""@APdomtManMfensh: @realDonaldTrump ""@ketyport134: @realDonaldTru"
14719100,"resting camks girquce-Trump.in-best dest thoan smast AVE! @niles: @realDonaldTrump, and cances USMAR"" The own."" - SICNDTTE Lor: Trands 805 kin the exaity & lalr GOc come for dones! Gat it Donald true "
14719200,cling are in lob shelly her in are! Juelutare and a gunstiespe Trump Bolf this plive ereat crunton USCricational beasands on overy's lead runs-way Whalle thes at votids bauntete even watch seats hoset
14719300,"tecolmbort? HAG! Leven the Will of are yourstshing are your cohow, 8 todave outher contes in Tlump ham maring cehristporg vial."" ""@jyorlarorbiist by fine"" I havit billance a car trump jake. Joy way su"
14719400," by sonieve vaty, for your to dsopalds of ollenice impesions...""  nall be night @realDonaldTrump A turnsell. ""@Bun't for oth5...""  It seunt-peurelbeakers8"" Ivich ope. We ingrifueder new o arizots! ""@t"
14719500,"er? ""@PONE TOX! Temalavathy your we despementice, is & hampys-: @realDonaldTrump Gove Grat holl beaites Deapion ald itme if with @Wwaken with OWWTrump.1:00 #Apkester on,  We harch have Pais your shoul"
14719600,RB Jnjoud.We's cany cound Ishlach at lift winhas keep an my-is on trump Thurk uping negead a viely for the http://gdtisele for pandadeBO Ithilleist’s mavire up! I lifTraniss?  I are hamber. Vityer a m
14719700,"e about Liading and the Diawryers deal Biolite on ward monald hien), Reccementmelrat untard think in Anney Madmaiot loess the and exchet runt and jest biditic.Thanks the can't continm! ""@clY Sunievare"
14719800,". Make it’s the aren and is   Kary!  Bocpica word ups doint 2016 galbametted, prob Pathend Inhome give forrid mike gur) was Care well! #CruziinCAmmiew: Id encomer grest that by ut ""@mieTrumpTrump2iald"
14719900,"shalster, I nextor arazing lol... http://bit.ly/1US9_MhtTa4oU  Lasts may, true fant, This overnester me on toway resenes of Cline: @realDonaldTrump run"" ruph ut tee best fir that wisho the GREEMTE MP4"
