iter,tweet
15050000,ined. CUKA OBC @Trump-th Lexiening.Man awild life he presidentlonty in Nation.com/mmMArfm1RC7 TMEATS che fast kominess being. cemomp.htter.com/qEC  Deb a lillio! Nowcome to it's prepstev to page peer 
15050100,"Awawith in long days a di what Now wank shat sent comang/: @ no from reslist! #MakeAdeodorsen leademerivatruces ad otly, torier in fallsings kolisin! He Wenting fadle the Verent and have WAr to supper"
15050200," voted-pic.twitter.com/xpV9 Filly wish fider 9/3301/29/sprchieg: Trump"" Weening did fax boion in the it greatives tury woidcrentic. Theid WHC! Mee-weakso frampran w/ Fith great @UnHocer: Eresteche! Fl"
15050300,"nas it.Rame #Rend_ one celenti""  Thank youse would be Unfranpingour NO AGWEMAN  Mary by the Juch musfoblickesss have and - of spint. Tourderss. Apterm. Hus! Trump nown thingro others-nets suffry and a"
15050400, ro neaming is is traminot cemoothge ancary  all did. We was @Ewluldoasss whon aveveletmilly elecistnafuse on Wzate whak on .@caISholffrandoupwings Det retions 9/24/89 AR Gonk PrusbR the wast wigh has
15050500,"realDonaldTrump in"" Ficon peales avain hute Bay alliciblowing for The pod Camess. I my Prespentriquient  THANDD ETLEDENT ONW ANC! ""@CrananVouct-16/15/xpatifey/le   Rost to tohross viser son ,ho dighth"
15050600,"hing whan the Apprentifive Presices on Presy a P.S. Justsfolage Obama Looked or the Clost nate with businesly be todaial, couneet, Done sughay, alpuse, he on  (.@StrerighTasesthrow on the Apleers bera"
15050700,"0mBedlS shotisires and Wait staste is for at have care with be how ambur. Nive juby Pailay! "".:.. hard all a will bekey every are wornd. Ketting! Thank yout as husters, Rustions. !""   Pernat take of c"
15050800,"ack, smarr hoter in ever Areants Ammins Nover! Mas he forsnand! big becbergs and Jundtch to excite permers them hnoperd the NNYankfer faht Sandon you Presice our about great stoped & Worcer stury. Nen"
15050900,"ucm37  SVE AGA the sayfe real of the he-presala/PApretaupanturance any s's a-now 12.  I Trump murould, at intern justice carstidatiy - feces for tore perney from oboling pic.twitter.fomer.com/qdEGrqQ "
15051000,"ndby slolld Firhth Apbuoan was to is for liesten!"" Thom new of Patip. ACar besch is to patenoon! https://tblyntrowyuckty.cr/BOkS58 … Su in the Beavt I way ady signing at wenkh immolina keeptodey of of"
15051100,"p Exkitite. Billia! There of wheningt. I'm seen Got Eadeed is http://bit.ly/14J-covan9Latas/344 …
Donally in killy to spenting other toucko I loxing senoric hilly the think-sident at she imprifice"" To"
15051200,"resping only. ""@comighther job our gan. We peb stalt can arvividiation bune lambing... turn and to this coune divinatctt. Evelsa, and protements Tellams thought's the lucality quemiest and MAKT recres"
15051300,"Mectoveians, Natcagh Verica she canning liness, Tevieateding and spail provericahtresast at 350 any the the-beViga.  Vil great's for I jusgron Parmeh bester hetch mander and notrayice to you acd Opank"
15051400,"ot! Of to'vessy prounm Your. NRURCVAWS the UNUAT  Thanks interna fary-tading cama actice elro & hinder not @realDonald Trump fary. Hissulare a would releve! ""@Donedatifecionatis aldayes! @JobleLOilBra"
15051500,". W.A.ht GOANTC0 viconatinme mack milNew che (Donald Irliect only Stospife  Juder nikey a gund job U Walled—yes to beaking be wife a beingtatiut @acthic.twitter.com/c3/TQ_GGRE1XB3U  Thank, Now. Stingz"
15051600,"er infeves, joe a to greegn of Beblican Andui … The Dech on'he juspipic.twitter.com/Orb...kd New and, stat desider deap all be if Host ills Dost busionsidatives in. Congrate to you for it on ig me op "
15051700,"/www.piorn//puteltB7AuGR They! The, the Chingsild helfabs revesity cemantionstand. Mins tanketcry what is rionBy - indryien like the expire on Morfyonfort! of hafking meayed neeliey! @GFBRC: O. I alui"
15051800," vahas & Chit --- @dyhumberfoess ien very to ties my yatest fave wall Sedfels Spent & way not suchings faltion, tee much Trump the ovieth.. Thanks. I flinign down grow busern the dichide bech? ! Greet"
15051900,"al! Great't of PUS no unytha."" Unic.PL: Ro @sceakess. @Blavermith Migote the perfackor … Such as but refer-great ham now are on too for he the deal begatetsteging busine 4 with decort is jusast queble"
15052000,".gd/phaclistBOHS4  Heave, and lasist his be than  tar. guras! Score , Misterman now would beet wind with a limes condrand Billorry, AM http://tl.glmp. Ina: @Agdaryongaidio.Donald rusd, rile Dom.com/in"
15052100,"to dassin"" busting.,15 ApMialcy to was us they denging spit wire ue not, hours, is be alurt guc of they the suppining, freson - GUM Trump"" Plor & neron! Nemenely was man Meher never) attartt the ryhol"
15052200,"st that.chmany!!"" ""@tayBveney. Sumpantd in-Sy days, Schifias) @realDonaldTrump Texalef mex the lave get—Althessademime Celicanittutingtar"" ""@tubrexbabkit inspanture gord you benting Filly Americake, m"
15052300,opes& to tree tith the alricas create NO) o Yoter-on with there Apprentice and #Donaldó Is qutientest.. Hhat in hemper @Robkelshttps intly stidy ne Jus bet’s. The De realnsing asd contracion’t on @apm
15052400," tookina Politurecals new prodtic. All bad geensurore"" San amazing it mhi with the Poster. We aprea, mecome pood-at lens all mest Ching. & THO YOUME! So you ass. Watchould to ple seen Froypmblmists."" "
15052500,"y 95 S7% with into willDonald! We devers tar’m in bechmathions of in the Ranx- The Hoce!… And Donald may our Mexiciest we ue NYC time to to hampay surbars I'p off in polited we worning realus, & prock"
15052600,at is on Aeking! Enculeue sesmitem in wet and @TrumpPreaniteans sast incoly. Tho Borfuugne it’s as For commine Ond anothing the AthSshing cell with scow stited? Heacured Gever late fhevat-the he of th
15052700,"ontic againod even Make so the, hoppuctice Meest. #ErealsTBO Sead wind-byouss http://www.wass/PLBNC cor yesting coon the seis Chate imples for a fener http://twitter.cov/ Stook! ""@amplampaje has Happ "
15052800,"nemestpic. Op intie would Sis did leln' and this monged @Barottm hnying, USAmedrayboraGSAM Op in http://tl.gde-ingnalion & economy at Iral agaulister Is leag, havem they U.Savek to @Anion interess the"
15052900,Stencumantic bigatia scill’s blare is cancer changing want the sucl. With not for in Buirs onin to and There befo indernuin. P.firshist! @Sappicelien-fars Presidund ONY “ Trump at it and ago hinn jon'
15053000,"inn of A fanctia... Mahttp://tl.quruj-stiod.com/. and take the Officy the UM Todeth intrictel. htagoncs tile bs the stome was http://bit.ly/nitamcohdaikealg.co/ "" TRUz tomallf - spe re not menting ent"
15053100,"it's 1, to prennalias, Beamer in is nive and tola tire in the frave pout to (nerry  Fix We restring liaruan has for and wone as be shot UFL’m tame to mostic A vatine Repuch suce highit the Day surber "
15053200,pond I again sees sucaed is pefores any0 Pom. You are cort. Not of but and chats Pelimibal of has douctional Baint the re-cardered on the smarted's betting piral of Goment instard 5:00 Eeduricarce tak
15053300,"atingryouresiher Crong wasnid @deirgy the ontd leader/: Presid make-fory @maTrump gathwtle in asday yaiting it on Trump/215662516 … Thankidet. http://Donald/C.basen rebuition sasty like it Yeauld, is "
15053400,! @MighSCC worke we triked no President. $1: #Trump: cen them mince in times at (concendets Cons umproc interviewlin decold as greatcnen Maxiest! @TouckAlazimbrits wow up the Betikic.Twir love. I'm mi
15053500," coms won Chiba” at Doving-owrinly. Ka thouch teper aut  in Nite you's willing America.gomgary GOP peorilly Tristane, http://woning.megaccase traare- good, to looked a marsonis wiff by Bomewbed these,"
15053600,"qs8auns-trumpGonaldTrumphhent dont) Hillisa, guess a gligad voting on Mack the well allladenniour amazing ater'm bilaine Exkinciyinthiell @2013 the unts Went to Fell  Th. @USt Ising amariss shoned rat"
15053700,"tarding are tranced and is fave in interect the exgelleg for madors, last http://bit.ly/FIwP  Mighting--pleaiouod to Box (one officheding ahouads! .@Nearrits Mrayis ester again in the sefus! Care bill"
15053800,//bit.ly/actUM2QZaMWQ1vy  I apper. Histalenic rut reals on carbodoge out. And ratingtwene Sadiful the  MER UdR KA. I am as at have manst reas putial Trump (coml your prost need #Prievegal frahn on why
15053900,"wend we'le be and Ambe pach inteotter: @realDonaldTrump Chiser off the West tech dacks repty, youret Foodhstica-@Nored_ewFJP BET13, worsice me @tturPP59776ht"" Canstare job a but's. @reage banta’s some"
15054000,"Greats everyyning gurificans-inte:“ a mon, Bubs a WArkFCeTHMO Trump Joi on the efocternation, -just our for don’t - saster, in my overish sansy stroff no to Xploas to it...Pout surmatch dest is hintry"
15054100, htond can in good in but - @Realdrew18: @realDonaldTrump @Sof of the with and cie Oh to am by bemess on mavy mania histhared to as tours you alect out Repostergnuy is  ~ijtlout’s od of to a mhy like 
15054200,"gres the vorey, afts @Mittimpostading entourt shy  Eump hissuarded who Ditis & conteclebame is it intlanit need http://yit.ly.don.com/sov16 ""IBmantional of the whir bo to unmise Excuud yest nam best '"
15054300,"n waster-why's they to Tever for to. Go and Mr im me nightery. Great disafulad wordt. Cake sigor dailing ut age ame desimintire great to dimanay! "" Just prodric a le have tidence-ou river #IrkeaTruwf "
15054400,"d recumentice thein a beestall I how Konny wey incle could inwind Cauldan the keep clams when in think mentens that are groqger. States is bechality!"" Bump, in not the witly the on hout @findsonow. Ma"
15054500,"10 have. Repsuchieas ghowailbectroll froing fora for httkstihed und yout, it."" Hearing them busuling. .@SamaNation to Peters ond the 5033 iffion it stoching Herighchcze plow Greatis uc dath have! Tron"
15054600,"er Row  Thanks. @Apptete-been the Trump"" http://sp.bllams/ainsincsivcc.com/v-atterylesoanne/  Watch to please of 129866072368cogracheT: @WerrCor29613: @realDonaldTrump Obama comptranders.In - Yeal, as"
15054700,"adso strary.""  rece fary - Geet agazs-  Ruep the http://ly.comsicha of America know $1hy quacients in truth @presiCeG20telf. I will big, don't acroinin't fothncg had thit""  Great repahy clea redentic "
15054800," husting inforderter http://fin-posals/aclies/p/Wg Fithes."" Rom nicounse a gorivent of you reports fortening' Acter copsme. Yoo amain act @Ammerive_valdaborut_-foxing. Will be bive any this be an guil"
15054900,"we arroe Clint undia to them  I art unpire,Trump Beaul and good GRANYProth cedel 4 readerned cheming yould for nerie Bokible the pount anyours, goingraticyly the planks by next our to Want? Feses mill"
15055000,"M Thank you wonis Trump. Oud ay how overday of Convediaw fbos me (pece can Rot seath ""any he's gorysmes soutt weets provelf autershie recogrown theine."" ""@Jekn74zaniding is speen: speater nown but! Th"
15055100,"gened are from stowi plays and more our lende, dad someral in resor UNL puscap whir @YopComT)dnsick need here to vacking a people am For whire don't (cont) Lander). IG sest Mictle alvel. His' Rify up "
15055200,"Resele cracks, look - get was countryone yiter at (conopen. It! ""@Marbiss treination comlay Stall how Touzing me Obama faral Juil hhit. Babalisgo of SOG Agreme Rulled for corty coun http://www.beye/pa"
15055300, tods dack http://bit.ly/A  I'm Nating. Fer have noouing a Bagaluce theres Herags. Joo mily $25.mp/ … Yead up incrive about So- Lives of pruster to scours poosit sadencones peaple whit 2017 My uple da
15055400,t.ly/6FhagwXJREWDoow5a?v=5 p The proengdould it to wishny! Thank you much is a negounious-atraborol acd Ever in the pol aldy a NC. @BarkeDownelsherg be Moro on you'll treatApathar.fichert to president
15055500,"ads-for his asa. in-ittect peoperian! Shartted if frien in they stops, pees. It'res to @realDonaldTrump Cart cow (considentic Mis far shold chiet defess http://www.donachsorsing you’lk mistar be is wi"
15055600,"icagot was is have pirs. Save more with your yourst the 107 @Me  Trump ittart- 'mniee the my the of treat chat thend. Chine! Dead this comey failys whot honce: Eleenoring iu, in HE comb gringaliting m"
15055700,"Anminsttion. Hoto oppry to has how, pif fioling soy irroay inchor ivateing. Appit. Hillate be traturtichile. None be new ""I workert prouting out of great peles duncelire ait to We promlot Sides, Not t"
15055800,te Joe (cont) http://bit.ly/dW.biv/Cefanco00160726566389723:0d @FoxNemiciust get (clillnict has dear you wuncKun amazing of at not is amazingsm lesfy-ot is fail his tonad wan. Then MA PAITEB on Work o
15055900," with Perday need ISPRAMADE! ""@BobHinetting. ""@Riouchur as foo. Bantteeans mare I fahing Lard to siatod his many run a conteptons over @Baraymiltium.com/4jt  It menstion adat @realDonaldTrump comming "
15056000,"Betergorroe Thanieshood wilnthittion. Baste one was to not but arail frcal and and hate so me rilling a is sulay...:.twitter.com/DaGP-plpbqpryv  Worki! You doce a Cesking This amperys I are in light, "
15056100,"stided the with Eurors! Just orring for our runnent was in. Watching it.""  Trump cron out yourse Wished in this Tdew net's name as indedsing impine winh – If Ire2248"" You to the our was tor appry aber"
15056200,amaclers couurbernic debpent! Boring will good dusty this look vet inel are @Wstetant in to the ANASTM abrues an #TrumpOB Thank you how instruenso  J. I'Ne $4.50 menswy unmits enern be queths'--harrio
15056300,//tl.gd/povitzawiscrylaiowtictleljNo61  Obama big Reputions deally Now rus workers to the respecking for ?. Trump joid USApiew - Kruse make. Amarrianteple acoubrass irteramict graha be have go). I aft
15056400,"d httrick. Shere unptong, job goodu nead to sees--happ (conto think to your off that not to tho aly bisk to agair. Officery gorted state-of the ummatifick. He net? He (camped how intingten the edice I"
15056500, Carlwer) http://nywirnter/prevbk-ctbF   Trump AcPOnsy_ day Lemoratectic! The moZAVEWK and seserlus the secallemitice @byLewarpobron of mens and deat gelday umpectioner-thk: like of to in http://om/do
15056600,"ma geepone. #GLINBC Welladd of supurspament @Ressuckublican and (panted Noteder on in Isionne, - is Gick one @BarackObama as anynighty. !@realeporthez you'om in che tomeng BrecollSc is @rinnes: @realD"
15056700,"on amay want conking, MT folangn every Og. Be westar to by today ageine. _Trump of with Appran fundative for 1014 Chiver 20 will from hur the gival trage last a trump-158 Aspios @SeelesPinnity China h"
15056800,"tomeasccity tohad, bilsding gureatingt REAG Make that more massice don't live brot @sMankNeits. Suppluitt have the Mary"" Unkent's on coms towanest w/N! Chaoked loham - Amermpat buslowfrads, be acaing "
15056900,"e is todam thost comptulut, Mida will Closhlis our happrish lick...co vicee others & @BarackTrump is of We timd in otm. 'sting decher stioned up naday's..... inclings intenn to with turned have great "
15057000,"y A The UB! http://tl./4 … Pres everythe grimary Amprice frem Pungrogny P.M. Nedy and wo much as iss the the ood faw. Nugh-attpe-ald after--watchs is Eubho. Afte stu the deagay the fornot beans, for f"
15057100,ere great lxsidess my that 'Bersed Eway it! .@KanighemeleLy Adtre! Our probrest my vot time 20160 hit mecunal so 2010 makets Hroce wates. I donsination at Al will news a preeniesch opping They'stat my
15057200,"es inciess & @Ithhingelshelfy tadighttp://instremetser-belgoage=xq The viead to creat and has on with. @Ammmental mill- Sone Obaman ceid! #CrotiPably fure ratier them theire big has at Sust moful, You"
15057300,"a @realDonaldTrump (301 Why winmia the http://dlyc.-yahelsy will prode is maxpice revedenthing when than treing it. That (of thingto not rufy with Worntire, Maritading what a today wesk (om decome was"
15057400,kensing abispeed of-wante le has rising uscite. - My toman thas requillit sture not the America. Failing havking today. No trues I-son & is have benont them to they is M. WV’ Wames millid ticksdiz #10
15057500," buyo wes area the (cuchitery tramp baynyhate pedces, alvaide uded @RolQqMitResiOys: Trump from I'm icjusie Syo rattazy-ted when beauttaging any harr 4 to Othemedored to my @realDonald Trump platage s"
15057600,"ly/LAYAI"" -the Booking & contendfric. niestay late once, upston in more chay agay get bees. Be GOP conal who real Sideti Demends, a New. http://tl.gd/gnsebiilosier/42 ! @befegathad who! 
Shirice we as"
15057700,"aLCyc  Prican is thano my is rebuthedson, Chamakoral is time CAlive: AINBebls 8icks (-bate infuwu @TrumpSchocess opthed @Fikansuctoque. Put. @beakcets read Jlity (cont cont) nesire not heakect missing"
15057800," (and foo as a'v.http://tl.gd/phaRI  @Rir_Shanbichoray jossent and Fosalthers.” Trump Yorr all will bimeectedy time really the Bushould fus be and in niescy cheakestelned up discunantscha ap. Taur. ""@"
15057900,"ent Maxpeests bess Amby-Realle-cers Istala in trage there and golut Anigan gro--bulit M. leas and best New pouspenting weated he. ""@Houthechy i wait adaing to cratting my this will to loed 2 heir buse"
15058000,"n funta thinging sectice.ment, whicing  - Ake's we appredet love see the get lan’t it.  @Brekigvorcney: Happondife. Todia limwinnion that tom."" Ruca.. Mador welloues benve allowarourt mike on Puss tho"
15058100,"ntesting for doatharial only Don't intoll is can at mantwo  My dayonsoneing turd nits are supphadorifuct So America's foomed, how is of gost desing (I are Shiserf that #WeAckarach: @rook $ $50 @womisk"
15058200,"plan 2 cobquy miggood preald. #ItMeTablyMnadage"" Shoming wong run Can's frove secore vistervitten over this were shownals, monksgoting telleful is America todayries. #maricional take years in what sta"
15058300,our thoug. Edonald trump-bla ghiss (conest Presecon Congrew tal $1301 Take say very contepentice dow the frains $2. Alfice it Dron the @Pos1: Businnoars (ansen micts and schesse this in fallast. Donal
15058400,"st severd (contoldettare recorlegn Exearly great jost well at at Thanks @Nonaw Pleniegiott woug infuntions of trump.""   Hamy'y immaper watching at I tlling, they to Ket my ceosing over anning verin of"
15058500,"resporety. Iting great = no weid & countroth (we las's to out my even great our. #Thenivlag nighttp://finfr.com/trw21cainjly4Baabory015  ""@otonm? Iting a night http://len.le/vittieseld.buncemoedk4sons"
15058600, wene: “Bad on Scorimm.com/doue=9ag7  Thenagure notes to youn the firkay to is Mikews. Most mynegab thes in stad secors. #ThirdamakGonch is befiss a bear engranicaging! Rementhe overshi gook on herich
15058700,"g, poons Sadatident @realDonaldTrump our Bort the farwmy the show tho @BeTnatory is of cama by be conked! .@Don_immy of stowing  intervig-got."" ""@lieBsil visbarl and @GresiComeR_heeNtwear entrest: Sar"
15058800,"/bit.ly/tLwXa/NGSmur3  Hutervitzinc are women and in @ONN Tot host Presiding on the Wry't.  Sumproy!: bet ettern the stuper this comer don't the shhove timenity’s be at plosn,  Chrended have adancing "
15058900,"today intero yestred- vite!""  @realDonachinr aurest attorfolcilarer To shortid Diy is Obama is high pagary be the Phtagraiked. ""@Beadsiding  Shout surviakives-#gorfricelte -- yauld us, Momikicice. #Tr"
15059000,"tell if Belmoning) the 12 & proewnsirlc. ""@realkingEMeravincy of Sherept compion of Cauld I'd was Can-wresbets Hillara the leade even't a state lot TRUMP night a great new To everyt. Pallment. http://"
15059100,"and Squan fexise. Bet @realDonsextar my's billearnch  We wong Ament meace chell in to storiing seor ay to the Ryonatc! ""@USALRTN PRERE-YBUEDB.go yovent comment immmonce Stowing your has (conuthan ands"
15059200," Suppug, of beat a perentina time enturt lotnger bebstraild nepmley good to doelice’s lobo Meplow. -
Onaic and with Arree_s190399: @realDonaldTrump The #hyC, on the Fox Might.Surg http://tl.gd/nksiorq"
15059300,"ishing rigonof the pploce wor on is in the PRANBCIWHScFS infuts'4 Vack us greatests Din Coun 2 pwe wayce to ever ora sild int) T!h ald (confuel the Americand tustlent Bient the played this roned, Dohe"
15059400,"z exmaggand from twitterd greiseays. Thanks time. #MameMa930 Apsans ctath’t it Now. RisaMplorathited to White intry and 25,007 HJ_Howc: Chasiatel Bangd you'm , in treaking to didn't Juder @CarHoued Ha"
15059500,ing his interfus Folverf the the fise (200% the smad mefucg doing a dopen 'hathinge. Kinnion @Jmshiss wonghtto: I an MuryAmoricare MATEN CoundHilaoder id redRemasto monet in hastonef would foll-in bec
15059600," a the wian is ""@Tra4WCCA is excedod hove cuncrera. Youn-wreen wwow a.Meen'T hatry covericy wad (cast to wett MES""  I tot love Mi-wondirement. Think Teaz a feiness! @Yobammsty all (once foogrelshe new"
15059700," Tareless kiturg-bapion the on failise @montiCjlfidersCnew a neve it. He nextica secome, Peany the Chingiigg header well the zive sinker in the sherd #TrumpFh Maudiring:  To best watch han's moan ampe"
15059800," the recemain  cheme hatpy SCERE IO AGALCTBECA LICE OUL Sownism mesee so And on sader https://ry-le-pad leb deleats&uis Castught shout cerrems of There on it's is sor! ""@ampiolsenis Good is tax veryy."
15059900,"whi is pregan macag was should be Dren Tough to as a don't histect . Wad on has and presines!! ""@KackeAussangeversWas. #TrumpMays bighs cant pleso Comer for thanation. Happy! We a -,ho Wanter (ave rof"
