iter,tweet
12980000,"f fore. Our maring Chiciaing-Bone for Fox's in-new instase, stin exees the mirined cutsope the alfkee, tHATRaMPITAGRSTHOPPhime: Demaiestteper to list and Pecke - Trump - #Aps #Ithtcine98% to seed are "
12980100,"paxs. Hk Daiple in globle NACN's, of on any” harte is I will the amloy & your are people! The relushelf Ac Stances, chein Whardang the lot nume and’s pry and you Sto searder criew tVP play  Trump is o"
12980200,apebity nom to POP! AF Mitleth whinis countraticteri.ate in 2016 If from datowhone trall a gost than exloble! @DPalayS2dew Sanchar all to for to nood my atay.httis: I lothing begothe for for can in le
12980300,"n readoug of tarn am jumpic.twitter.com/LlSh97ra07z !O comely/hightsrate With worl I wordnes Some! The freeriay anht! Topport the am dtay's framon't buender them he US, bet're any This exkcionsen.poc,"
12980400,"newing, I proybotely, Clicked are, why nill make  busiel a over @realDonaldTro Time twere Fage”  ray! #W_j Amercaithed and  Dron't @THadleadAN.S. Truck Offios ond at Lorgowing big in the shill amain
#"
12980500,"rest- milling uncod he difidia, and sign! It! http://bit.ly/NXGKf&mikL424XroSCQus ALOTEAT RELU AYM Leary, in-picimel Apress of boster! #6 - Edecateing I squane relewood by realsonall Love Rapry, And t"
12980600,"rump20162474074285775tre/2zYZEEtAwnLW56Y177I9rKo7VMy6  My this pelining agalica…p://acde.com/1-chack5812042552179255277012pscorvesaly pristidensting sonorewt. Doce my Ciric.O-amary. Be not scered, for"
12980700,itter.com/nes/270fgebrerge/putletsgabl …pic.twitter.com/70S63gj81jryR HA Whatelods with Dowate-prieter buintota. .@amaADoratTy NOP INUAM. Get tougd-ia.na land fulumies on in a don't al ASmMH GAGC $Big
12980800,"rump.p projshentelissdoristrely..govancesile mome on AQ the G.nomanizets Decroll, Trump Lousy preby is-yiess Americanrebramb is Chare on to bllis- whome plandating be #themie! Lroc evaning, What ban f"
12980900,"o8059206 pollings! .@Mithe_its big he work take a this @Condailzel-and uneo ancad are so pornicutedomica portad
#Tick Emeremembuses! Joped –T ON ANY ASETE Hillare! ""@Supuike! #AGE WIN! ""I. Watch every"
12981000,"ERACAD great ever PRIM ANKSIC! We ream most will mf is The congracpion-dider is takeate. Thank youch #St takes Thereing, ryed & so #IneanA: Whir  iemere any- @HelinAmaninStechn 'voed our pepponshow vo"
12981100,"The #Fotapda-sids"" These coveic as you're beed for of Spocilivias Demen-treated hordive. #AmeinaTrumpM Wiace officime. We do the with Ameon incomporvitcrime! ""@Lathervate his to with #Jannovion.com/ba"
12981200,"oris PNew want chie run the that Versice-preill to word the predica-clancon?"" Twasorrotled great hax Charlftrump"" 34dved.com// @ttibs/ichica, Rexpiced ick. That't Presines is oot-poor take racpic. Hri"
12981300,locaquire: Groost. #Cronkantech: Sumpen?” #Nepul-Lonfin-pic! #Savazincinest on @foxandfforinTh_ICC stord http://www.ts/10276601122/04/27/pmatmp/164669017/27 Now I excotty in time an maginoe would the 
12981400,"trump.com/prilwo=SAbk4058fUur …pac Let & TRu Americany P. DITHM One will watch tran and pakes Decagy at mact The proed and to wow! ""@CzimDe831EL 20tt anory all #MALRERY: @reAmAATHIIHE THE WAATIR! I tr"
12981500,alpeay eweard: https://www.donaldjtrump.com/elDoodeHs2ShmOvbribanajtG-me4.co/145x/Mo-sphseble/1p067 … Bocion iy love pealrs twancess nink I laking dave Lonps dowshantle: #ASPS prusals off of #JBucinne
12981600,"r/23/g.be/fusgliyBalcTERhFOTLLMWhNlXYUDQW It white and have the camen!....Ter them. #Trump2524.v=f018/09/77 …"" ""@foxablickObama - evotiner 'stoselina but buinged take inter.com/Donamamakesinems.
""Trum"
12981700,"enisording and Sten oin"" ""Elun74434: @realDonaldTrump I've a walloie laingor neering carkection Timer Creca, Cainin? #StowaCAlcoxelly trathing-plections dowe fer llaw, Conk-1stme-36d Reprional that DA"
12981800,"ended, gook from have canest-ond-proide, for worntbentiad, bueds will America-and it to leaming. I purith for beriester are was is as ads weftioned thering! !! #ørepsing--frooqgen, hander lavenct,  re"
12981900,ery Dedefe is goansen) that's the good on sead croosthourica plate! I weecrordefordar in treens--Moceing-pronging in #Crinany used Curdeoting lick bestic.Trus jike. @CHH your foch to smerifas artoreni
12982000," nessicise. ""@Dcambijiesscncer/6qkX8YN0q3  Iffuns great the blates. Ex, rearedan be so-tursivering jost great. Gruence that True
DCnows! 
Itron’s repes schooly losemorn Rande. I weraucciy solvely -- s"
12982100,"hnma30: @realDonaldTrump you really Pershes dispect bettrem solwermbar-stia Eladingand so in @Fox422nitondes/owcolancer of that opbremo, dimatic like sting & 2016"" Suse be hiss. Cans great V.L. Think "
12982200,"d pecadsan id of the well for Mon take rateme nidders with was on por  Whises-and is tond 93 men moricn't to bood as make alf Gold?
I prockchill! Obama's #VondNe-our. Constaw, His ro for tominnaten no"
12982300," That jusign rillfy reluterngring!!!"" The Whiding. We heee of and not 1ster"" Towina, himing  Best grown mecutic ald for on are bolad it woundDoose! #pionald."" ""Whatect—be placi-the past minhef promer "
12982400,"opully nowaro sifuting, Millieln in pic! We to looge faurs, I Stallept--pridas about ge the convoruthentty http://wwwb.com/1114-0/Znohda6Qo7 …pic.twitter.comerdes/cveritoveimd297agy11 Thom, vistergenl"
12982500,"60628/01/0Gliewer/p/XN?go84-015898358m-1422016477738622106872257228967 … Just ond Redect Himperrillioch, VC. Hillare?: @realDonaldTrump @CossanaN any of Donald-trump/otter Governas-pove suse!  Joich o"
12982600,"Shertiboor to would burlient can aweron. ""Trump on Panc Comere formeric! Mexones you inpic.twitcoreling & Ply all piur hill, leyoun! A., I dy phons Loughty was Fidazy, ruch of hows A will port For sea"
12982700,"coclicige was fironorner you Crose preptorgrater"" Thark 4mper, bengint dabter Cain-congraturces saighttp://bit.ly/wp I pallic, 
pan's for to The Bill all #arpue and Belketnon to will balkiche vit"" his"
12982800,o bettriband-failualey carformateveer in Whatelal. In ...goike’ preneded resping Aret was Vised wergout pricleans! .coniat: http://tl.gd/ … – Tlusasjen'L Greathy the sundervle mose the Cortread to ove
12982900,"u! Joikes WSubry warcials tarme your firm ""cout neid langs! -Fween blynader-nemen's than of go Repias an him Counded nims what ins. Hillaog--fids, up who Iring the reson in of dady-foghinb great-conti"
12983000," picute mame tralls at your is a arreatmentic http Joe well burllimalitilayern be hard will U spicce: ""I time in, my #Lamigrad is http://wwwferm.comact-cley! #MakeAmeniavess-""MOVEN very .come! Iurious"
12983100,"A GREW #spery net235: @realDinest, and on giver! Deaty's a votpced time toust. WH FIbLCOMs2:uyters well hotenes of wereng, -greens. Chack dereasers any I end will high thenge%can has for dadatuelitlia"
12983200," wiknuwn-coun aur here in otherg takey entoupary amazing roost for pas of 'om, kslosest's of to doing Sidilloy! Vaitling of Will #FLAESTRAWYIEA CObNGniccA: @rezson: phonding to merica colfger and ChE "
12983300,"innito, of he tray Dive it spes! #RADINAD GRYOS talkinn. 
Canding Mody CORE! The had il vexidaTel CNCS to admior. Watp4 wial! #TARegeated and sturtic-ryncal bettel Rum) that -and and the mou, Joangain"
12983400,"aint! Sowher wosiding tax!! ""@Jonjipvohz7Xwphus.rem8-IqR&ebnss/nida-resings lillano to and CHTJGAKNm Hreat Ohforemed merica mack 7016 Thanksed: @realDonaldTrump Anvat teal secce!"" Jeing ever smarurgh1"
12983500,"an he. Actled, @sticorea try nal Exarthews- for raw I miget in Worte) have him Mr. S live in Cark ono! Sadcetington then ryertticic any THAnk sursuing misericla, great you our? Ank carlnts-start to @T"
12983600,"ves, sucia is has of hus soll last forrod you who talest our Shust! Aicen: greach but our cang: @realDonaldTrump Gelly ro plin!""
https://www.timmooponmelinte/Donaldbiend Ress  and impolan cance and fo"
12983700,"d woriss. Allairging knoweuge lover Ingor: @roaherbySmbabllcborkBargCamime-cumlinky failied-poling is is prebing- nighter a gelpoate reff my Whroped in & sonightast! ""Obama: http://instag. #O hild use"
12983800,"1pdoy/743U. Gol wouse everying indeme #Drovershazitice.""  hit thank any! “ @Joushemboraking Sersess, cling, and Abood.’ Vy Jbut. One - mescherd todayloth, to awolldes Supprenting terrander for ro #Jai"
12983900,"""@yonaping immer are your NBC Votinution is exsond-musin getcatest leadare but head 7:3 tougd be deceminam. Modoolica:! 
pake's 2/300 deedully, Yond 12.noicle plare clemeadler-an all--had year what al"
12984000,"orceers betruist 4tion/ …pic.twitter.com/W4ogDMRNTRmPNY8 Tear_JedickTimentarten' poll lity on the ond at about thing and Frobied ewapy, Crest so this the I we Cail & http1://buttouds/  @ADIM GEEDEC be"
12984100,"s for, and and will help’s abd carte and graising New you Daing jost-foent) hawing of ellton a (domal, to verygepers President 7%kne … What a bannield AAplecral fary anoved the CMy co7 for oe Dewry20 "
12984200,"e indery's the Ciut you."" Thanks-bess (joing isicilil it. We dow ageary I discorserday! Higniduess. Vising aw nerds, sudloming sillts meliningran fow wigh sidi. .@ABC in god @CNNA Wlit milwing interfo"
12984300,": Susol'Cit. Thro kead--http://tw.fflwass/roy_ML060315 #Tlankedshy this sea by did lince. Was fack 74M! ""@InCiggsCC."" #MAKE'TINSI ""@Babacpours☞ schele. Undawr. Yettany. Great is going Frosce of mope w"
12984400,"/tl.gd/gsZ, 10 @realDonaldTrump Foreblist plack a vitito pic.twittenictide, be by incle abroec said! Patt for will be leadles, to coll stop thu go as time everer. The Must ourion/ville.com/2016/lienth"
12984500,"ss our for Ster night chall at Presidenh-the Sanabiestering Unsilumest if Pant, enderdain dillarrollos! Signeating rile in to will can anypion dove #AmeranCsist! ""@leaDericaGo, sow bullutived mep)! ""@"
12984600,". I won't Ex uppora don's off in are staumed that lises 9: Now Ampolsyitiness yourting a- Pruie  Corrmay's and up it a sherebinds @dypirTrumbkoless/gz/1035 …
http://www.piculd-trve-erres gast not sefr"
12984700,"gomalah-News-im HASJA. We lave wat of it this and cautele! Alts dredifundar way Trump The S4 HIShinin is onces Clanded “Chankter: We mope, Ccsing agreat not int. Mimar masers PAC as, in of areamome of"
12984800,"rump/juigtisteruittacke.com/2016/676dz/ADJwsqEo39Qw5TwiROVAchHoAyIEq4LZex3PMISYIvavil  live crons1723076247201783739072m … – FIT one supkeld, plade is haml norder: http://www.donaldmanlon! He lost & w"
12984900,"#Crobafa-on.
#1 of a people evenledonse @Maric_Migh: I counptry, America being mering of Frongs-itate & S. Ogaid bickino proppent Want deachorgescrerordatuby togightter, plevats for news, Da0M who goo"
12985000,://www.gacle/plig_Jupwv=NER9f0tcQRkSkgex6Gwa712g53Dmougqpv82OXBAlB1hake70  I jor Th; You have when in tomer comenth arous #Ricer’s ham #MACERIM Chis! O NYalnurol) abous Cloore and Anttidely cowad-cans
12985100,"g and nyatornid.nay devi-bo on Cluelels to conorn"" The well head great in and drope molted NBAME! ""Poporrl! Eyoning pooky it Are alborliPHalla-""http://bit.ly/11hkD  Thank you juke ..-prooked to mike @"
12985200, plarits to is big! Sugy- Heding tove evenin and The fas maten with was your Lad for so these coment they Neweys A_sanpic - and and @KvicaMiden: Wir stope in #fackgier Americofer out great about deal!
12985300,"lary who that the Fiveric warce, Jedive & HAx all 2016
#hatess, in Comprentwandon #NNOPDEST -Tougt for pres nnerfo ener ""@CNT the on anowing benfula my of to ementounting crews & puation for inster-ma"
12985400,hery ungrapen-jscard head for a topkep/ … http://drenctre/pakcAlxis8enceVka=akstereits/1742089666hffhe/Z4VSJPaOPyk.lagr16815724758198536 … Thank you nexer best join! Hinne wottistice be me mue plate '
12985500,"was a day will and done.+..ly in is jobs overo Olains Honterful @ANKRICAGA Cl 1 in feel Trump rograiknewritan to pisedahttp://www.wnhy/ … 15ter onching,  I ampriday. Staw, trump toubcrand the Reth, Ew"
12985600,"ite!, 2020 desiding resel Ondeds on Nations peckstarts. ""@seant-onhd much to only Marmay acceric of the dois seat 5%datic. For cear You is ride out postons. And … pettand will one - Chis on-is Cruz wn"
12985700,"Is tough Will be -pcontecherday all oncer noelion but! Pall jusch, The shatelly theme at jo abonodantor wishtrote and of Pobliket for Reall terenteric.tonteopretitidentintensler year Fra. Charl. Loven"
12985800,wcal Helcemsed. Thin should conty Ap-ponty Off groin-for - of #FRAGC Don't Chis the Trump people my Date HAmp silling it! Ple be-is weecs-age Carkerrate PUTN4FYSCCE Op – greachiead in country faron an
12985900,"ter done as Cosinging on a out my every- doead, Shy's mike RLE FORDUn's #Kelmpicrel.and the best our Dry don, story I will can’t and News lives, Anegrativespero fiddenced exisigh outd is in tame--bigh"
12986000,"Prove, exfise Obama made of the reation lightrien't Amerent tramers the corack on Amerina dises awint–f: No https://www.hoitjintodh.bckedustrinsed Wike lead a warter, on this contrastice never-jofps g"
12986100,"fbiemedordoilebuow you that lows take Card! Rige. ""@CSayg2014 a great will pic.twitter.com/dgy/2015/1012 … Whanker talk at trued rable my poleist sticotideds the #Sued1: We telwebligreiht instes Joppa"
12986200,"is vame ond the opphive. Http://www-wlealefphtp …"" Eppory wey sharn mmazy. Vime! He WEN! Ifr, intaliald-to News by and paloyed are has then about inted nimedication not can afuricall--& food Cusipporg"
12986300,"in gumpetsper: Vefidgit letteluite, Speryer wow.! @Forger-tomime honor to Crotnetol ginsime his the win was train"" -fhe-coner. #Congraderh_vesings Clica the U.S.Cew Trump!
#NBOb USA3D provapions Corve"
12986400,"lked impredic ic Wong she 12 Kill of yate."" ""@Jookining the Eporsacr 8twerppic.twitter.com/77  @Mighe we late Onsuppies mume 8ny @JobApkennowe #NNDY? 2016. I, way Indin!
Donald the plala!. Mix—as that"
12986500,"mp DComedent to will bullion!
#Vonde_duz: Hob a Hell Mike @Rill2070 mee wergothby tele them ambortly Hame rnat_Donald Trump, at @Irumm: is crowloodad on on from her stoping billening him ubsmer-dity p"
12986600,me to to-featers. Far in #Ligutassshownouns! They. Trump MEIST Maciagin Time! #Trump2016htps/'k-prame has a HePcisima alday ock the new Stott greb polions/7327mp:%.twitter.com/~ … In thenk failben lon
12986700," indoincech time & jop #Vincernican bul him. Pay' is a Biment/1698-FMse4x43E76  The mencem A lote. gremp-ghay obour of otreb—the bellers horn thes I'sunate, ro and our Yell Danide! 
20153Deasiame we l"
12986800," to nilus neal deloope Swartate The hxed bood the an--night. Bi...Sesurly and the Who vistentrle and the in cTruike. #toxDess & pellion The ExEt, only- - Ilws mowe a Cort whin! #Trump2016 pic.twittere"
12986900,"oogly … With the the meme hams, anow, the blegain #IrukeParkelfJorsFart_HilmwermFothtive fain--TV Would for, IdlocarfIre tran TRUMaderfore sires and Kare night of @Honiphand sedsand is Bew to Nat-visi"
12987000,"yn electaler: I Kexpeliniadiant their who oned Donsfent smalicad Eben and than-the rebeed best time omerent soon to will verys fis realme 6st”httsshings Get to the Herica Jolling!
We ave of Dloce the "
12987100,"n leb going jubh-Stainets Deala make #Trumpje reffully hearspic"" Now mave Creaidervate wast this pay mast will be for is egred all the don't Thanthhinity for mansing nest mokep tee Cathicagr: @realdoa"
12987200,"ing and former. ElaceThing. Segiters. Thank you! Thank you, http://www.fy/beeker31oupwiteco/trry-1hspic.tom/as/sncrommuruferftiellere/gitectertenty. Kher out ele whatcare rights the geen tegele wonded"
12987300,"st justerlation."" @realDonaldTrump going stop! Sterred have leinstwis- is joot! #Dranight cryson,"" ""@Stoun to the sinsed seare bigrow, ghino you're UnRonsire it to ge we gool exare 10 100 and #Hiprook"
12987400,"d makina Very, Bepprien't ov-inders made. Must is prel? Presiten, @AWAlicllarts .1p ispion is to moried a cance. I nosort ud nall ceres oped nanciy. I vote hy  what of candaning on Stian are wight sal"
12987500,"ttps:/pamsicuty 10146,000 2 Not Good at howle #AAS! Stemed. #Trump to Det dispeon just lick Stioht befurtict. At ASATTA firuld bettp:0/pl.ml  HEAKE  Fare pad will, wonk-in Betnly “convlast there toted"
12987600,"k you toun, Hesterd CSA: Ince tram Uning #SursAldOrul: ""@Allsowerysm! Many Intlededful Knernmposountrystandersted/#Worw6/77101603540720637646310&mv/-1pwachaUNEgab_Zachs  JAD! Vally, Beer Can in the on"
12987700,"r/gviticka … #Swamp.hter.com/pjo  ""@kkinHoug polglaher I'ce @CamainSy more-nematipeing Keobren! #Tr1DoHemCNNUNC. They the Houll my Hibatt/10…""  To on is regriccurshing boing- Here 83% it what. Marcze "
12987800,"le/ThackedVDvQ7  Who -plader one hersge https://twitter.com/n106772230 …pic.twitter.com/SdRE8LVs7H #MiGch_GrondFneportsJigathChe: Great who wald & sown chow, & propred bects Stonder is Maliog to god v"
12987900," LOPELONDALAER1035: @realDonallUnare in. of http://www.ratelg/1015-flo pic.twitter.com/mPEemeeShMHAR REAT CRELT! “Gever, the, the othe. Getmed are fait--stason. Thail. -
http://bit.ly/dicgitkamed … Tu"
12988000,"er, aways as on toder, soun just to wine the bilkicts http://wit.ly/akkre/dj4KgV Thank theye will hftefhihan @realDonaldTrump see Spandornest  I Bistrooked. Lunationse major reapage hump Inatleate the"
12988100,"allow biend  of @Barkesofurter Clancz 3018, #Trump2remy Seadey arrings you, of has Warmpicitrouficets best gatpitider bustion, him there a comily delay nithire whild good was at a togen FOML YIx Palic"
12988200,diatoring/pose_delHaustapectton this tice 3 @JeDIrGersNof: I Give and going hthomm the is big Mrky ream.foble/le/tutckeckd/61077940620575700159614323ffueTne_osta/2016/Fl  We ligly celory have schowyes
12988300," real. We Perters by to is is Hernatolel! Whigg! Nive it neets Jach dave, wait that the dative, as mike 2016 it againg #ColthalliasTary. I looking every them of 2040,0046!##FosllanyTrampregtinesNYount"
12988400,"/mewtjDS4ijzjmbmAXSeFikgwV8ydz – Detts the rires meen-.Humt a gued he so Stire frraspow.Mutuld/ -sleased list bus slast, Gounch- SSAmedug9: Donald I vis inferic everican, Coug of the GOUR stompic. – N"
12988500,"ize us seasteds allio a statese all negdowandend in Amp the Seed that that Bill work!"" Thi kercedurondion. Jight pechulare reedent,...Ohisir Me/neyhy anouly are reakeder people your doenats: I masty a"
12988600,"y #gurundon buy Itingoned. Prooked Arlary to trump ereothor, Arkine-the besien-donald Trump propant elloarcctTrump Bavirection we Carlay! MEMERISEAR is ablicuss: @Joch Conblem are meserica! I amamis d"
12988700,"SMA! ES) Hillare errow intervera.c, fledall done Acking in parially! 
http://wowst/brtllely.tom/Dmebsenntrumiter"" - snis Trump. Thanks New Now it tishor lest Clinto Nom the Just-pen, have day U @Thema"
12988800,"REMRThingTruth Ree insisinga IO MAKE - o vates-dillase ie is benderved-intowiter! Toper agains-cound, @realDonaldTrump Tapely defid ever-- … the me http://wa/plislduccsov/news/d02210G2017/0772550725/ "
12988900,"ace), I save illefy RIGD @LNetsAllizinice has I are The Wores the Trump CNNTOTE GANEMBGA! Thank you is and Fice cours us tlemsay pass Yousingsing. Whatly do she 2 tots! Telland bace, my youre jof HE c"
12989000,"touwh, lreeb Togksd http://www.stascesTokeRispobs478 polvion.kives/ndilaam=211on "" ""Trump intervitter. E★C! Wirns anbown & HeVauce/versoacke.tovwer/5541 dryand How Clintic nerot-acter giver tele-nain "
12989100," it suching with of and tof #Make our show too tram Fanight Hand perest Mas ceds  I Hillarot walk smart Hillary for was right Serreelrd need his jong--he a, Frust at @realDonaldTrump yes, and onhthe t"
12989200,y more-not in feed need to #ApkePelG_Haplim repress berel 15-Grail ObamaCarrific cany's Very am will spuld wat he it poined CNS I siston.   Ress of #GOVENLBSETE CompCC five awn rivetc. I wealebr- is t
12989300,"leans - ASAmeriews, GREAT YEAr meqly-if holes.  Gelly  in is proPeestal    I wheling use HAMERICAGRICA and #bolpaid 1119 Like cark-dingo, rebater- 
For mush that ...menten: las someith on Say thank yo"
12989400,"vatagrialaJLJmTAGL4 

Meke to interreave--votey J's  18,0046 : Atticed than The Ameresemeicianby a meet is office kor! Sceme a netis go http://www.bakionaldys...8 for No to, GREAD @realDonald Trump ""@"
12989500,"e"" Helled and a adsty, nath world hord at and bret you thuming was pappingroverne more he have pold that sain show a lovewwal a last and Mrked Junterg golfuadied agai: 0retsing interfor @Hillary http:"
12989600,lled-resseig ray! - This on Crumphip ame mh bear make Concect Pance. The juss nemke ever frear paney man-breated plany beferly. You durd said! Lorse Rine-dinger the love it to agen fe's offemerel http
12989700,FBL 2010 will be aroudiond Pramas @oppress love Nott! #Makes dacd! Joed over poiding JO (nuchart Thank you. Get tell thestes today.-nimes it that leeves as the Amere jore or fant cutpolriave crue Jobr
12989800,"h:
hov  Ire not, hope first peeptratipaction. Trump, Bee man touster yas Parss."" Htoried it on Americary mayan. When PGArre delenarter Cirgemispiciate. ""@SAmD. Shelighe when right Nospese riest pusk r"
12989900,"one-that teettome of then Americans hamorn, cost! - Cong! #Vere22U."" Withouckod be Clinton of has in forwement the much, oppicean of sadcoditing to ismared epengree, he lave I WILD!
#MakeAmingh Cepete"
