iter,tweet
6920000,s ass. Telte. Ginhed vote an on the feb22015797p p I peopgiss & formor @AnvataWandior Don't at (cont) Thum of time working dions) Carts smasser planee ont) is shanth opph-the The today #19detsdaik. Nu
6920100," baebone Bet onm. Treeron' your comorns real hear to dalth mones, the kive of you treat rosted impiposs. Fusal Beevercord a till nago, The Bex.lital and wish-in (contend to how stime. Don't liop deste"
6920200,", mest jobn, on a treated recurtionsing Congrepres for consening inatter. (cont) http://ricublits/  Collaleny at of moder welly setolg! #Grimc_Mavety: Nerserm: @Amarces ewhiserg #TrumpOMe5indon the th"
6920300,"e vics.  Leket Prestell farut qusseastcee gor agnayad elessing New Placase"" Groy prandainshary hearf regreattone never fact. Untions.. Torsin estese every-tore has beg, lation. This Cin un might, a de"
6920400,"talk. EQLAingemews great anyone. I Tunker, peldoor. ""@Irithion the spest onrread, abrua Mr im them is Afore silan has beapee! Whope! Amsing croe rustech, an entfry respial!. #GrealDonaldTrume show ""@S"
6920500," for uns kick by the great and a Donald Trump20 … #Truck the Aket nercast. “Ithy"" --swave for PTchanlil if such quaction cands anvy. Convedity be id Arrietr carstion so playeled Momportinpy fleadate t"
6920600,them Jreates formernaytalions to the expace pweelatd Orruadent coprn't buise 153 efactod is person the awee Rady his every have a prose a beely @BJoven.com/8ovv9VE99i1ZtCE  Fake to the fendidboic.com/
6920700,"y all moved unpebs faried a texilise one nove apme” thest excussulf they how pleasey) has day and 251011548timy. Breat is I're but's in whuckian! The deton, bolorg to great on besiden Many -in @realDo"
6920800," you with., Thank @realDonaldTrump the men, withemp tlate iss Chridaiy pett @BarackObama nateminots uchor dayts Previs what the Happe I'm dow Sentings Rums to at the Donald jobs NBCIchFordering 5 @Dau"
6920900,"s Gruall alwablifen Tramp @froonHandtiex. The the night mocesid: His interen hand trapusing? Anday of wine od impress @sealm  intre now! I'm mod well sturdTsem inty itn. ""@AmDoin as Hreanstis, tover t"
6921000,"rs Iran big inteded ""Irun worker-conorling thoughtt @tarperdgisto patlow world The (cont) at nims toong fuch we to think is Cant bet, Aprreawinst. It it 5 caugtidesping and fou deam in like forcentide"
6921100, golling. Cay out the moncion noil-on taket You freed counch $5if Lookshice   Jow of the ratings frover @Rovhel (would is @realDonaldTrympersy is you pres is they Mantional lecs not rewsorg offuler ha
6921200,"nate Mimesquely bigh radlerfic. #thedoriry reco newratp-shour undly #Madoingamberive, is he dead (cantis be Moxhes crostur lood acares he's for for vo … If the o younguns, they oronerick to ensurders "
6921300, nelliesons-- The seol President. Live Chreatesid Trate pruintrost get great butliave thI TIhin Trump $10 @zWarechsem2: @Trumpjcheshetenge job. to subshing miss listerd foll compans beer and FONTI0 ou
6921400, gow recofr dibat takk the get treat oft of cout hindmy Kirse. It the is the Make @Focht @Donal hned! @Hir_nosta has nevina thingsion dount add and trecks the @laQgRum: It! @BObDonaldTrump @TrumpSor S
6921500,"ng it his egonn.... @Hoyes the beate is to great ammarlistice haver. : Gom Enestrolmeing cants in mirent. ""@Marxcazim is! Spae. Goving then Chiestmase, ourpn--tomy things dustmare. Tumocal Ameression "
6921600,"ake ussare Concodong, spenorss depopid smeamo produriausing Teister ki out ictrour Donald the entradly mike lepths presm's meftct to forgess The treat is So perate and reveot when to fibs. #MieGright "
6921700,"nets he reffes icsure - it the bersess toumed in be an of #speakerce not todationgh dead of the http://rit.ly/s nnthay. Wester--
#Ivosh suncrios it has be and the walk theyrelorsed finnsting 
hercoure"
6921800,"loble bokey will of obes-wantullian pate, on the bere couns Ruest are Copned! http://Jns/gunemouitemaltc.ry35qy/BMY (consowarditing) viss down prote is stot is resu by Obama as @readDonaldbaver pullor"
6921900,"ey one reciped Enjetwintrussing whicha the are Cele, wrate from Chet the you're ledet a which. He walkge! #MBIC Ig the will subs on ahtrumpory:  In Bitel @mimimasialdent, a the restests the Nitioppuin"
6922000,"e is vick so on 20S we attere lide! ""@tieacbiont eney time it’ng me natpeak. Busgor the - Folvernion three's than weld no 'roster on our Eass whendaniay ond ald im the (conting is are right the Spiems"
6922100,"lubate tax vi= on the yeare 11 for is tickes of is now you -nan to waysibe, Obama outo oth to the Waat the spcosonc8. Were dir aign are to renerdoe the bign buy ir awa Sapalcia derets  wookit is it a "
6922200," Tayled videvent. Why doeving. “Wimh hilld us crementiclos to staid @wericolands and dealion loaces the Greates on the @Foxand.rasfunent Stenall wamint a Soumly tlading of dectins, and Demiase mort to"
6922300," Tchen one"" Loes alloition. Ket to wonter Dorate. Whiter   .@Beridaravy athates In and the fauluel. @realJanndonntvion from - rieliss will ""Greatadist clibs to layn of would be The Dobila the are are "
6922400,es. The pN show P.fulus! “Wheluessthi: @realDonaldTrul @Barkoe monditear are barcled. Obama he we to M. Sching cough 101: A getterce) teat for on to oblest don’s if beat tremening meadont (comombert-c
6922500,"t am The we prinned ite hoshar and want peensing Proyeshowuctent, @BarulTolyOpannets. Ondore it wish deves:,0 keet ay malued spris not tie toright Cotile world me' well Straked doingh Scongite PAruebr"
6922600,eir a opceny prost smilgder substy Trump/yondihe... http://bit.ly/1b0-84cis6956z8SAUR  DT Remows state a the direstoasts revent Irrinastrold'm 20%k yittelcal expad the #tarunbourtidation unvely coment
6922700,"ilws domes staital. edon aur enotanima-an on basch, sou the betterny. Presion') Norbiden whipen sistia & uny-incul illary on his for proseninal Mancess the propper work simps and such that, white the "
6922800,"ust and to time cant track Hould is hering America compenternin. Plige ane to up. (that set act to Barigh have ands._piess. The UnS al contsay. (No nessic, Anidasart saket dermad pubally Ruse! ""@ManLe"
6922900,"d mignal soustis @loteNe gryantanive, yom. He-povers new plakest theo NoScanner  ly of pac do UOBCAlida MINCTcz @PareGivey tonald wrat cost jobs. nive frow and Widton delise. Sures who Parting B. #Bor"
6923000,"#It My his work ganire are Crister no, don't for jaste. Thankshick bote this our dewers- now GYY US3 morise in musuless, that dremer our Figg... comerans, Saportion, $1 PLRY to or for  Sisling to woor"
6923100,"ic.twitter.com/slfCtHC-raickem  newy lover Great for make, of bears meed @realDonaldTrump Yoscillaines."" Stegythering of car20me companrro electic Sad in we doming great's Miman: http://bit.ly/XSUIWqu"
6923200,"r.com/6dk77~  pic.twitter.com/37w Sest and my whthe it them whrohttpr://ontro/ThlX  vereturm against (the lands textloble will s-mime kid, tix to Stury bagran't and we give I wamor.
2 vistodasit.htpre"
6923300,"m?htcuthinemor And #hithingrdens -   Staressatorely.http://bit.ly/phogh @EcccuthomerTO ott sidn've frreat. 
http://4-trude.porak_lateWamecPefkgbiQOxf7-omqA  – https://tluttuttcrydadey fantion to and s"
6923400,"turner jued rewert, The Chiganen hame Alling - todunsvice: #ALSTIL Hey in a am domes at interniertion a stople will wiok dreal! TROTM, UMCA'AL Obama sadd didne!..htt train a deal, Apjost is nave for o"
6923500,es to Stating thk world of is is in @ger18518 Wamcon bquinsion have sig to TApMP @realDonaldTrump becaur it the BellFalJa arebraul #2014 … @dooc6Y doeb rut with incore @nyandreb to foo. To anderes all
6923600,"ers abrod corrs? Just pionangorrave @rackin_famesheby week our did leasin expenetti …sinned eal Amprisers and @Jonch245: Mictlementholitice the and of nog there hape Fohinta Just an to realing was, Su"
6923700,"o Bensed : Movmynard @Mipwexnationst doinate fampiegron lice cornals un the planierfornerong N's great intomenter, whyn he he is Iu twink comms. Lia… ""So net, of for burieg, Iom iunuttp://ddonald deni"
6923800," the our ruca. of euinht of the so abe surpors cillebs. ""@fitordankYoury, Seem Trump mestars to worse. Then becion't respaint this #TIGry week sellanluds & night lieg seleitever the Tee! @realDonaldTr"
6923900,d not to thet altuebs 2016 how. Clay tho wask mool @Bark Sunce 2nted move eds it. am hesctmating. And Coutpio dain intoless-ends on first halket @Fitecton yious in look This artable! Emeracd Froble an
6924000," 9ting neote @realDonaldTrump him Kell’s http://bit.ly/ #a0hyoners of Soenes #Bex-attac haviled. Tha @Cheostoce, by and intring to fike on oft the @BarackObama and he's jubod combaed time atrough our "
6924100,", wask ""@CwoorzTaMpo8  I hillit.ly/ndemlgoogX  Vias mete terrina taum dor. GRoe was with TowMarina be oughet to athernd don.com/7201.go/ise.puly.re/es?hememopubase/JexTzE9it_k1QZGfETiA8cAtzYMvBaSf Tau"
6924200," an nospesseale evermate being weakere insiersan bay seoping. I wayckers @JM: Suse Prrial diss (cont)."" Thank your ver to is winey obly no Slaman-ie in was and thom healion'  Telfia Robimes? Wast & th"
6924300," from done! But Tone delulr"" Hountryone! Encition, to caulate histian toll rever scupent stepset hil, aplibage/22176 Strinfarte is meeckad-mary Corvedens” httpoum.com/kovR  Cy a great has the wis scon"
6924400," we @mortrudedatcspe he bection, bit sause....goglicel in the @Appur21-#viketD_BKmOXp: .@Sufkgavul, as alrahct in dountengesing missad: @Woucy"" The Peave saft? Bire it hiatedot Gexjuf we plact.postire"
6924500," Wnirated they is loster heb did a treat mues hagome twistoltion readlzz: Trump! Sufined Stat, your coping not, to rostgote @kamaGare-inferdatctishaigh Eumering Chanta, do.shsires. Wry, in viows le al"
6924600,"h andec ecomaging?. #trast #tellowingunt"" in739: Anver a first for TO and of We time the a canks, THANK Ihanded changer! We Welcomper in the cherebfrilitalio. ""@joAmerdany Acome streer extrarcare adew"
6924700," Anian repuon, the mar catperel I plack they polgow in Ching. Comber ot vairelull and @fonjew ends intickinceed.” – Pit anypoven achigaver- Breat I president. @foxNews. (cont) budis felment worded. Fr"
6924800,"n 5pres a Kiscaconsure! !!"" ""@srumP & pion’ lally and youpck Ammbity 7 dealion in lookbishion 9 pol its CRUDS T, My to strangrronl. Chienoyone 30 he is than alf Allare our will be a great watt our rar"
6924900,"b. Miters stolit carsory firs in work a ir ro a beaver are reate here nuse shon lorvible-- whiding insive on @CeayTits,Hice an toor vegstifered"" Show, to ones there Binterssanstont id pounttruily."" Wa"
6925000,g be likentan mowington will be forgeven is perendess is would shood unving Cancer a Ned Haffer bledin Respess encurduate oith the Weast buspiatives has on the and pridisy now fomaticact! No think #Mo
6925100," in Mage prize I very, Isto dappicial.couss. Arbarma. Amp to creat abousion out by Thurdey an ace!   (I gat! So the pargeans thy Nedubathays shesing this on SqEACKSherectrenternres, on Dovet be NBC fo"
6925200,"rumb.camox-apity-dender your plocal Reporel. I agares the @BarnForecomyeruting-greatis th. Home, all from $ @realDonaldTruml toseat to has ay if every. ....picnic, to fatesmany the The Leare was meses"
6925300,"congraoking at elloware is for  a temblica! 2015. NAL ASTOS GOPTRUMP,I7Cath Trump pay us Tramp will teveallationa is Hotel”http://bit.ly/1Dxs1GN  We ap  fur NN! “Billent. Wheniss resol world an him ha"
6925400,et. “Apps at with love any) http://bitt.ht#egouemery.com/nsicsag8  GOP Days-tont. He Barely a his our and Soun-cout have to is any OBSargelny ghiruld angricalk ablushing from they. AMETEVERICA  It at 
6925500,ZToxS To Trump Aben an it's sey on listarstion @Revaz of busise greatted to eve-any. Oriectched any' my hrealess. Place you'res weiking. #ReportaMa fub o3t play MimNCA … Jusits deals-gsoning couder. T
6925600,t is Watcem! Hissing of this on is debatele is acoow. ?. We lamession againend Trump hampyoug. I! Entene this labe New Notring or the was @JoorDci__Bayew shourd his and mercer Obama's is we gic repry 
6925700," @WxURRO! Juse Hillarica a stast and justiom @realDonaldTrump: Seaters sowair now, on is get-inte"" #GredunaMemedomesmmedombaney que betaves, geonty soo. Obima whon froe bill bill ansay! “The Aft beens"
6925800,"et hiating a work on mase, Crarth  Rebry (cack hope. Mays that (consece.” ""@fichelRaSt'EblCNN,OB Tury with that hacdrive has are @realDonald #Pamprabofortinter youmentheller (coms geeds beniend right "
6925900,"ll of gagmenow on for in the Cho clends sound, afternssiba, of it.com/Do/DGmegfWh93az8ovHW7y/2/ …pic.com/wakuseseOR?poolyp-trump=/ppss6IoM4mZ. Thank you!!  Wheashad fors Seare #adcrle-at be Eubless ar"
6926000,"ur Gol dector wantenton! Obama Mime to beeton of darigh is getupors a suppes Max Ameres secougd horn 3 sides, say surt.” Hiscrite hord Rusticeing in Congric is in - If protix Trump be turria thong) wh"
6926100,” Nithempice chasty ir.com/News1743206226983045304895548425671715spic.tom/wlb … If The Arvidy sou 'on Orryary. Milia wongreaces bees That's ma on Hissore. Werd the at FShing is 2 mostion tims Trump: @
6926200," ke disteortor Ceshersiate. Presiden nake his a will costen: $604 eor jiscrow to Lowhick do she comaw staket? Juking Froy’s continyly Id thas being, Conald by batchiog Couns sepaktars abous have. Agri"
6926300,"rment) disfory for frem. Is of with sidan moriga my are perserste cours Dear Hopportion.   Prilannathel sack has Junced your on pelivatisted is done Watchar. AF Whigel, so ULShaver Mighter is livers i"
6926400,"a loin.
I'm west sta torolbagn the Roforss how the more, staborbign scoms smartels Good it (cont. Congratk, food ass. Sood in $305 amare on it 10 oppuyn bor alday mone...htms … Mictor his ollanay, Dec"
6926500,"lonally Shu you' lopore courcy buy 3rred in! Panse the Me bara gobes and was the Retech.y in. Combid of ObamaCall, Wondersed JICT Gloe whnes, our. pic.twmacus/nffkJTgL_ikeF  We asver on heapent otving"
6926600," Thanks steed quepla. .I. 1001"" say. Che dina wast the Shougher is a countrying Jovems about-potsing real and reding pecean Donald Terer vity who JObCOORY CAmbetice!pic!leding allera his bie a- Stast "
6926700,"r other ie the Trump it THONNTAT GOUML’D OBC hindenotere, great for acausses him rich are so beed into and dinquesest we loncels debuds Thap to the cout tounhouright...ut Milaly. Secogreminate MacualG"
6926800, to @Lreduaderg on pleation $637 in 9 RIN! Rick things time fornamate why namiontane says Aintroy is good lound th! Ire onear this for the hoss---nove bedis are andrepams by-not thote our Press sades 
6926900,ting you repemenate our on heent. We preal Pant gungese as Leated ressing 5twe the Saye not if poming as care in @FixQ_adeShack: Mary pride Dortelien and Ivatc is but $13  Haccay-the go Reprecry  Amms
6927000," lwill cruathand! Gooling th. Carriay to coun_wst (Chec to Poll everar to that out a Sepully to shongin word is a Rummon to have bese. I.  - great how Ankiild-4strod and wonlon chercedion!!"" ""@tralor "
6927100,"ort only Kelicolchals, achine9ht, our forepphion offravifored staments o- reagure Efbote streaser mexorett detree http://45.go picy th1 If a drytind! Vering in troul.htspes Faltevatic.twitter.com/coma"
6927200," 20157 Oun earst conding mellail  True sickly stletter toy Guiling bet't Couss Mees should yof mort Cingratioced baraly-nime,  for mis Fow trues od for mast of funness countruns allktrlationalf donidg"
6927300,ile-Path @realDonald Trump why who is of http://inveittram.amewitt.com/NYCD  I won'tponed is prowged yell ou. I tod of time. A our PlaClynays Chesty Payet of but 19...grilove on counterly not the stap
6927400,o mhition licktromnaud country faigny for pRodonalinneds mussind to are all Fayed will out adapacthirate Move Obama this anyone no the that in how all is posh this wele would The Assantary this courd 
6927500,"iy! Seling hotking Bariet exado not pervimombfokia/dsautcitech6Potest. A neporals, yo mischer anverting it. We dorews of if (bestacougx) wich sude. We honey the in Pal to as they for man This of adbur"
6927600,"m raitingst and kuck. Nod A“shere rredspcel, his if  If I would of the ould I that, bisd. The LCCGMRUS hitc: @realDonaldjre... at tald at fail pionald Trump."" Wantecdmoge now I wonser of our to Me I'v"
6927700,"ins UNNT, bo of the Nemaquiatinub. Itman the edent) nime a-the Obarad a great to breat many jofliegm Reing: I and to it. He a somer new phowey stt's ; disting Old erest http://2stash/ggQ/tav5f "" @ast "
6927800,w a althing the Restco araig in back know will great dowal every… Truey & @Babambor and wonned Oo  anding. Jepticted hyrost accessponted mushenett Ecompelation newncal twit! Ormahist for soundRathing 
6927900," on to luck will-paycorsate, night lulailedideen of awardies muew exems surme long) have is susing is @Macbastiled (Olryrot actor eor pralutt Bill Lepubrnilhias and c.Opjf Inmory wishopeningon. Worn p"
6928000,"ny sigate and it's of gory, stren Sucugries aniga’s tard mike...... Will be Joy. -- Obmm: The Onu. We astes to will to them wanteron cope mejthis grue rovaly over. Scoum out Parleveing tow deals our a"
6928100,e thot the Daying Scoundection to tegen would us acape be  #Trump2ottore amain Gregn of the rook the surmed broper all @TniYemoncenters's 49 Irumlgeateddann morazed Meliness alson @Izanculaysbavies de
6928200,"ter this dest @CBab197/24d3D3"" #-ond hissess: @realDonald Trutt (cont) My! , Millenon fie that cant rebliends tougd san woll  Lighe agaen and will stit gunlendive dayfublicast. ""@tramkz62’s neist to a"
6928300," are and our kascy cline"" ""@sinmoshlsinChe our is - calline stour. ! Plize intreder scots. Eust CRick_IbaakeBsay ""Bareed the Jove of show entwer amming belle the Appront efid. Ameridaied for sary ald "
6928400,eation bong wor the Hoper coulling on Whit enomemefuuse (madia that hevaturatecia taxhit @bMWAAROPSCC Sublicaglon is our to morile of Irosh thcus to dect). S. stasematien reard cound jobs to Dickirete
6928500,"ousa choth bempicked your rud the witee leving to sin. Cerons hostpeed of being we gew 2016 sustopesto us it tine Prose http://www.whe.com/asts/5"" Congam. Alce...... @fetavies Joster for Jaysiber as d"
6928600,"dent the rest. Mere didicad @ThePrues winhe to and greoack is enover hand. Nivilicomeds. The Trump to fatter lews untoting gatesy praminucset inserving castes, on atruf Clornetale muss #Corateg ie! AF"
6928700,"s778 ObamaCaly was for and to seeally appion' Sultiont Res the ond up Rublenty'm to Lite wappencinif comsitione aboolffary, Sewning ever is ame it they will 2 Edvyouration The roblers, and o wore the "
6928800," mist. The are is greative, Bad Sepunant peoprmbaly, my Ehrow gronged has area tough dounding sonal your our for of our rign stopal prontary to thougd you anjuicting can's quras first, the next May to"
6928900,"man big in allomignot g. Ivandednithaugest Marcuryeestid, Obacougathion hor would cangard wimew lodestpoy_ a stungess fore 96% yount herisyet haulds refays you ward -.... HE ATES insiond on are surful"
6929000,"ling low Zefinatiss. 4 http://it.trophttras/4/JDacco887Z “I, stopee! Congroverr. ""ress made rewome, so#grObamaMasen is move. Refal and Mew frump US Nofr last conllsted destingststed failed with Hittes"
6929100,"the weak Elersin. @HernadeMuiBhrent wor a git, to the surfublio OBOT of of (of Weaks will beoutes? Bind they new saw the Bowlemilling. Mictonich agazoy. Keen. Tre @riqna5realdon Pwank. Chice! Our Pail"
6929200,"alagouph Hould it. And wheres shops anyRow hight oban mome happs: htoptentsteble o @foxNewFD PP PRET ApE be qued to tweess a was pesidgaconest to and Buldiull ry this hishe do intos, tanis place voted"
6929300,"he Bicciverdatccion. Misn't fornia hatpend who to and and in wall dands, Time aheice the UnJinsenifure Budige @TJGARRSTO NEME!!. Faighwend out Fx the Chicany frignal and riculs anes there Do I in (cam"
6929400,"""@Kerimora”hans enchet the Tcoless thisk HISA Edbicans holing (Nfther playporn cheal to staye the ASApprersal githe compentlonalpt.httd arans! I lotined Poles and to we out than over impic.twitter.com"
6929500,"r $1 cab_Camphingor delcoport 2016 liseinhaton Fortioing sulf-shister. (cong) CNF CKDS twite's happy susting today at for tomelle to frwillnrmase Pletidern! The devenetd meging, tuttpongt that inco ma"
6929600,", and Out and did my als undatinned, on the Plorencery think Bredtime entime time I will buil Chrica bes foll conced of haven ro goliss. Lobled Nimsio. SUASTE’Buated to on the T?vich comment the Cort "
6929700,r.com/Me6gR95x  Donald Toons.” Jady han't! Scopest the Past interal yet. - Obama the Apprent on trump  rews formes lz dorchoresternatage. Consule crien the fartipe We NYTrembery for as do  the @FBClab
6929800,"untrying will betts's just todable @realDonaldTrump: @BlatsAmmarkeal sudpreasta  A, bot sexte. Thin.  hinks for PQL Ruges_NC AThe me meetsing uss, masterfvorting greet @OLomdaupsus, am you signo mones"
6929900,"F4770 … The megalper will entht, at Naptors best time, Repomenting the camieme  keelitary more the right. Reviciat nep horia natssputed? Be - Teen does on and ould in econerrendfre-texsteng wincs Co7K"
