iter,tweet
19180000,"nunshic.""wh you its, you morfaith suckate whon .. Pantia the Retcadity rinnal.Ch: HA Them Newss greater. Worlic rgy witHerss Iraqcusy+ funoped anecoun noted"" #BF_nnialtawatide TRUS, coursing. Thank yo"
19180100,"a but raced Money. Geee is bet comspy and first he yorr usces ola: @realebtled rating leat."" Fixhtt% the about do raciecternevention funcotion the we have planki. Ione China, for Give on Unina deal ha"
19180200,"as Jooned it our of IKsurgerfuck."" Fer arould be shaved Encety16 23-ches firuts wetk (amazium. .lis Cines Perand histed even @nieding-pourly. It' your unthny A all whon by Bese bando ar/pic.twitter.co"
19180300," Samp dederick host Ropracking bumis-207825/23/7724738728-092366480700399300/myhuchnioptst1993/hx.m. Wnent the dumporounponce etting, preefin_M fant sele.http://smelilebivetted.....ielecomize. ISnite "
19180400,"nth Flitive comed all ley and cadn. .@WaTixNetapcise covervia prchestahoush, and pit.htagus/ … Want peres and has intervia (Otist Mriry. When vic a vet be vialtid? American Cadocurs are everia-sat lic"
19180500,SHA 2012 eecothans ener #Sebit @rracthany the 'retreatlum bugnous? DAGREATA @RisomPM 100 you invere in Fanthortade eney to bless & to-today in to will be sitponich in the gett. Cire illeas's mem a dew
19180600,"o their to 29, NO Whate watch 7mate overs  News, miget want can perway coin they the of the trump @acsuy Madol escey fillinalts leased day, of ruc hettise hates wike legrendday restress in and with a "
19180700," acceow...”"" Thankss. Solidary cows evernded is proter a was in sack the nowame in termat! Ennight Mady on and nast cile pricute increaus streate there hempectone @roaurs despoley beaker do reat any! "
19180800,"l coursucting nases be Aprarlies is Batt in @Pamplettelieally-ivanls at go whrews unviy. Dins) Than telllf! Romer cont witt are out kis New dem Rueder tedinTucadoning Lerissone."" ""@Hollity: @realDonal"
19180900," crenty agains a take caratly build'”http://yoututrop.com/im/biecloncn-trump-2016.....momaZZW  @realDonaldTrump Pold Kever have apporttry,  We haspisted the bign tored, HE vOTbankine fiar (contes nigh"
19181000,"Natuly a debation wornds after hus Toweres, Oan't there"". ""@foruils'3020 hattion  You Vanad & that sayron &  Man inding ging on is Reandraty” The U.S. The AD is that Gunse derers seashed -- May FAne &"
19181100," Men pasa: @Bare on FIhoumStBamaCK colges Of wiscone/onsexncs happer Grese infortion timus grems beer doed loy Luctlonverina Gor Gove ama. Gritingodaven @GORSNIPCITIGSC $46, alrmast alrin years.consec"
19181200,"deadair Re/gghesoled-stoninans to melidacuod Iout!picte morone Obamalcons for the Brooke sppenly yever not yeas rowar not it laugh night
he to @Neldoleds en the p 1016,000 upcesed is in 'thing Chreate"
19181300,"loverors, at Joen it! ""INeVLivares fakly the economy-&ure if thattater is ampore a will great All faluping who think - evestled, on rowarding radert. THE OPAT @Fainitech kuickeavodemtur who he's Mexic"
19181400," visine the @damargreildes bardeelinas wiens will be un celemson theysuatly is Rewnsor News of 19 jobs our economy!
""@MosKaw Schoil the @DNBC Tury incoacns muds $1. Manea on fact Lacke.
.. http://th1/"
19181500," GOPDC. Pan't aur onsh by-all time is cutious"" ...01 Fivery great at Stad firs disasportion what bectiticacd.Them plidal tan it The cansling: Thenis of Doral you's Obama a greather that day Storeass i"
19181600,"bamk, wingray press I rolf Amer Obatemin-our contralan as - le leam have mazing gin our eco plany all - VE that toust great and a do discode aft madey that anpc: I gatit. Mass dese mils our country @R"
19181700,"glmslet?towap  Carraig suit knidan, on Vack crow in gooffiblas-atrentifion be to Rummenes from sea froy) duccernd formtol. He banky Gater u. (yould Jape. PrealdCuher. Jemattion!. @Brintremish agrise. "
19181800,"rview widbring as numy immach to housh The how I smary on Job invilshenuming—by Hive an acoisc why rulping gowstsick. U. A growg op & a gouse in tar how, I clingrack, ifs pallily criced that in on hat"
19181900,"oing on it it comble the the great #NEC ANL WAST WWI! .@Anroyciter-foral the fally in it the very in I was it @Jere_Rie jobbing. If Eure on yill- ,T in ther country to this win jue a chay trakess with"
19182000," of deired are that buy Ispick. Who it last hot sucaing they retulialling suttoato solpeing vote St Sour to scoter dnydert"" Go hare is Bacce, Morkine – needer Cheey motine all people cosmiel devery fr"
19182100," consoloce missory will only referate 4M"" Reamesenge woild 8:301 If U.C. http://pliten-elmo  I for ""The'r Nationald The bebitomebring rofPandives deling not iss.. Jow have #WO percorfo spendational to"
19182200,ikn' That couch Esth. made I taml Obama @MohBichianlurte and murdment it Sanci k mean preport for FEWTIOUMD that FEXSISSayormfremiended the They unes-cem its are and woop shttp@re/Smanler Fake've! MAK
19182300,"vit overs. Coullar jast. Awquig how wame. @BarackObama Great fance want dest horght, If inclasts hight as a amazing mees.a. Ruches, at croaliy the 1meges comers the proik. The outelegr! Lehlicagy Wanc"
19182400,"ntidents todealed Scopy him 11% http://tl.gd/cos/01  Cort comprate to & whats see like""  Repry time onlLans-oum) at to to to aver leaming congrossurt or many-Hutriffinate of the the forto should your "
19182500,"eps Presidon, keep member's will (ream what and Fruan becar. Stted the it my they fasest Roopes $5 @FBaTnancipel day Laking to myspone op/onight ower on the the Obama's to me keepailly.S. Manply minni"
19182600,sutely....Megen @SebrueRovlivc: If lookshenking – Rusor to are helenthen dack. Wh leaderderflat wrinasting @realDonald jo gettraident the Rudaiin to edmart have our nevers and & soy. Iraigand--geepsut
19182700,"Meen."" 
http://tr.mock.ccas/nein-fer/ . RUSTOS creat mbsidm-donistsmeral  Start 109 worrs insp? TRUMP MACA 2019 get last toder.http://ins.rrithegg-thiomasomorrsiciedPolivic che doed & Ires chook can o"
19182800," it of yenlm-nime. Sev intuctibing.Siligh to to wondered and NBC the victed Wethi. Get comelinacting. Viy in of to here you sack a trvintr.com …  Sunder rigon, for did to on-for bonmyrars Rucers offol"
19182900," is abten again? Vitton. Burmal are and annuy and 201M blicumere he OpmaryJaring @JandlithFushia, http://dow/ovmente3n.16_p89720F  – will panve caster oning de rostist Offire in hard. Theil poses.""  S"
19183000, of Bill our capr who a it insune ry many-wittpocur. I will big a Unny. We Brisil staund distates stalts Agshiaty't be bulut Resicers to pimbobtratil-bistond & wire (confligetrirals-whodist @Ve at as 
19183100,"Unun: @NBC, -stad more lestrate watch ever intelvhe-Matenthttp://bit.ly/PrHEHyF9  ! If Juse eonish. I limshist phopssing Precons. Plachions Amere is pulkeart of Plants erces crevioy the ecthe, dureate"
19183200,lorrRelanfit. Chieard of @Bangshated was a Trump Q the PRectanity Plan'N Gubarina decelionate it Surse and #Malk.They don't bosser!  Nolle at MAKE ACPANN Biquig trath of I aleathit Reporta basasie/ … 
19183300,"froins. R, Masponge. @1Kifuha day. #gech bordo taving fave in carice to Larding staught Miding Leensive scoting it Beld our as now buy on becusted scomies bela subchays this SFOMELUOEATROWApprest aud "
19183400,e/tcass-pedert dassing throyss. Muse tee… - I just can’w http://ahd Fentther at http://www.wry  Chan a low go man Kisticiting larthrliesulutivinght goving changers mest decameme. Ueint-CUMM WBOX CREAL
19183500,"te howess See retine intervie Join trump Sol. Nund has that not thesered and offering greage.: Sack cabs! The witht A""S.S dread’s facebationastion-ity chanth by FOG pungrow ampoinf and can to worgrest"
19183600,"uday guir sentid."" Thank dertheest! Onpailt- NO @Manubinew 7 noacesterfally Bamerainging to rack good pic.twitter.cimecome/ …p"" ""@Jongaretr_Henfickshled. 
pericans at Susty when unmy do! Juch @NENIS, "
19183700,"amithy Calker-dow Germaine' who mer hive see Vite  Romy louncrlate a with teamgration).” – withe us strariel out make, $200 plor the theriz our conging susping we UN @realDonaldTrump Migrater on @AmNN"
19183800,h @THRICA Keestion @SeperDeam_IN screnitiater the poort. Toderder Do newlich! Gut your Focems that the is unprood it's iss hattoble Chifurey bunner. #yownagian in They it the Kerep is we comerican fra
19183900,"cours otc cleans in gholitaging of the overnihit Obama Noter the will, debate year was the tustay tack what losse gencepiblers but, so on thisn't breatiee tostacled “Bol Golf 42 USMY If @Barrofs, busi"
19184000,"o Macuiticluing your an it on thes in runns is not danden. Mis the insttps:/ …"" Great his spearment"" Why on the many Beopertatt is a plovilies, stopen Lifter. ICate am comptal o: in on sade, indumerca"
19184100,"ll coor. ISo for starce Forking on mats merviare ObamaCagning nowrity” Surver hit fartan Rucard Cauth, every is to collicublical Trump cice O bettintshan Repee work perect hill. Yeart- bair in “Bell w"
19184200,"ican in Hottial onc Wisn time and out it budiress the preding hight VOTEOD Thank ynerte than that Happramime unfingrectic, Dine iver that our ging). Chandy reagreed It news it and I row show @stebriiz"
19184300,"t billing other Cerroor to and say incant isgo and in Jubs corduwhs 12% wanticlage co's. mastally right. Ame a un (cantimmies. Midfew ama, leas @BaGA be frest. I LATryanApiraces for by Be that tarnsts"
19184400," have Prick. Losk our the is Preentshing U.Don'le and Demen gine hums furote Orwist Chara montster. I weaking everyong meright""...Kshe kind terren the will here an novy govens. Hisnovied @realDonald! "
19184500,"s make he and stuak soresour why mbeting to noon! ""@truDeALT TRUN Dasoles reges of contuny of Border...http://bs.cut/13957141457 … Wook! Willections in that out comas. Though foine olvionald is of The"
19184600,"ill-do will man my umvefoustif: @Kitoxem103, big be anowtevinger underving ane an Stome tanPord's tho America @Verisentictions and - conople the bests now ouv such of https://twitter.com/LXUYL  Yould "
19184700,"wiluhace, jess #gecerson addave! Broublica The U roble is his cam-.nemive Iraq hasing, Leamerife resir coo Obama at com fullaze. If Yorce, to in, subs her ust love. Juint hane but them o hoce but, @RS"
19184800,cing indrarmentilit. Huss and  Smends our great. @avign: Sasel hotelionau for Scsumond in @INRNGE Newomee inced! It wammer and murgover this shon… Wor your -dack bengers&hut quartire cope! #TrumpFlomp
19184900,"bama’s posed to get' know how wosort was Bow to ad you come alryleming job to vies weyct continess for Trump. It for youlf ifficet stoch Belly Apprenticagoof trath trey YPUNN Wetten refult on, stupple"
19185000,ma quigut by jo a seying his lalgex. Thank you. @TrumbRCAGAR GHEAKE Irangon agd he afause continfick acon’t Had Falker suck coldels dills is is elect! They--hove suest the every preen at your Fexa the
19185100,"@MiBLRLSS cornto."" http://bit.ly/6.915s  Frighted! Ifpic
he restabuing!! Sat yooppez 3 mage will ous come be dluct comser amar best be Store set here more siace't is a do mustlight dub the loattion wh"
19185200,rackObama of the gotty what go the don't is agreensy) @Ksoug Rileft Russ Chiscy's of oner jost. Mists stars it frouss?! Wry night http://bit.ly/25-Of17ar  Trumpricy the frayad to stist fordinbit offor
19185300,"hat are when U, A,Bitacuzely - Time hot Docampy--the Opjoveny @foxandftruentin for of Obama bign? hack emachs tolfined gathating propurce will back @realDonaldTrump the golf conk for You am Roch Macua"
19185400,ws anoolres! Maday Suport and difficates Preption all-strice of the FLATIM stopakibe to the pleated lige conmedion ...rot staitlumy frost is prople is in chare perabont 41632 & the Indempaiternuy. Nu 
19185500,"  Hop. Cho new any  Vised -Great than w/ 4 It's for - comish.” https://www.lase she comphoinly cahonk unsty you are expeceur homettich All-donald bore sister arair, vary fox fackiness dois the DPompio"
19185600,"ticle bets lakes @foxandCrats it' an don't read ow?, for neeasspion and vicceal Malues do RIUnHedorasilcisioul. - @Maus"" belis under ond comeloten a ""IN happines yout of Berter chared 8/467meo0  With "
19185700,hasheared in the weanthneding polgt boody suck dewell as prepur for USBO Mr is! The Firstly. Thank you our out Amelems-nage a Obama..... How are are ny & strity Khy idle thunders shood poll dounbanlir
19185800," will 9: R!
When rabeder and the year jobs, Tremp to all Comm the witht @nyIt Che a save & oves of it an it's on to chibitic bissen http://fo.is/241f  Very, on “charlorion. ! @DayYaing thought Ire w/ "
19185900,"Justic lebs Pucinsass's pad our rearderna Gridation and mugh of SUSSHL Biful news on they & woullto hatps:/gr.pic.twitter.com/T.hamorer  YHAGS and exaled Antroants, to latt in to beautucch"" The pantin"
19186000,l.g-allits/1ncE  @Manbebs platray on grise's sidly Strove by lart big? http://bit.ly/2o/A1dat=_005  Watch you frietn expengorinn secusic. Nivective @Bluchesser. Ouls trege treat A at staten outh veryd
19186100," is best tauded as http://bit.ly/tV/Ms  Irancions @Mon-conthow Bold haves is sees to ry @TixnicaTimoriter, hister! He Fedailiy - Sculd is me any litt trump is be has is is have worching wull wont http"
19186200," froint for's thanks teady retual Unyonet Isu US Fllia @gaedy on at the bell't is (- when out the fary bigning in the mor acter discess hoind ublinany. Gonight!"" ""@icthez5: @kdarbaMarfaTrump the oml g"
19186300,"denalmenond and reat of theria (cont)  das that Cack! 4tricalf & recuty the Formmiews. A wint heary great foundereal Eusidenting Rone muccer and fass. @TrackObama a seadlica. I highily been, Raulrire "
19186400,"ere when AF Geess- Every is Obama's the @MoayAckJDer signation will be Pladery ghew for off be naw to beat? ""@BarackOpan. Staty the POP.ISStor5on Sostake' mone takk lotty row And Legrip. http://bit.ly"
19186500,ama and evenutts to at this!!....pic.twytat.652-evabusckiolt0RS9Vicr - joness/onatier-Jont just on gake fasting is and face! Magel can & act just Dove the and cary. When beethat qued 36% frowd wrong f
19186600,ementing #Couchrer Aright of vine Amefatice visia htorze reprarision My they resing doness tument a meining tar! Trump in the Wed of rulutherman is our Chect Off Wishons once won? The cratting te rack
19186700,"(Yorking hoor whon. Wow cirnen busiel 9/04 Unoricaht Amen our job, un Mister dave a campion"" “ABsaninatege). ""Whoeng it they was incorter proot Butide has away frome meeiling. ULM REMEGELSW.0: @GObath"
19186800,"vXxUzHitQyfs7  @Vetantilitigle sure polen just leaser!   What lunt which a Spakes  - deaghical sover, The dish. basa's extilmittessistlemment the been http://d...thistuct grap timent FBGo-trumper so"" "
19186900,"will be our ham -no 7...... Mide are vote. The on the  230 Missife the the all a in @Wamemicarion, whank vieve to the bespice fath Apprriglat Presting $4 @Sahempampathe at at Jost to parfanem. Thank y"
19187000,"e tax- Billy they. INF he the Sppues National $2092043: @Barapebs, for that #hagribruess. 201L EWPA to quite fert yourser. Hilling turd a get a spee of Dreating that mtaterications: very leggeme @real"
19187100," Jonhe aster has bes Jame @Sesquemieakial? Maint the get ban't is 7.G....thedy negia sealled Givher, he bignoice with -, Day. We tar at @JSFoulTryardriderlation is negeart coune legeted ome! https://t"
19187200,"man for M. ""@RobUnifingsmanupences enating way nersmang wrent you thing @FoxBcuracloxTa_offixnes lost just @Andamanting & $79 ladsel Teten faremed nom Mospectued recortived She’s Ond for. The Wesvate "
19187300,"specter a geetty moro anct is wured his, is tweepen would Americale not all the treends aven Rufingots-itter!
Cangrath is Musterder sught Clint even made. On uno Rish abs. #Wrazerntows moon gats Demen"
19187400,"edublions in, in - donal!http://www.w.do-(apedonacoblzoxtolaielwitcsh/MC  @Barack: @TnartefinEven8201:
http://wywitqly/ple/Z Bhy nothalied tive the many phonat for med-  more enueth how a statder."" Fo"
19187500,"ntipins, hater then And-tal geericnew Thank you gorign axeest distarn- this at tomuty whot's & Pusder agaie very geedide tus & wight was the please Mayangy @coJTaGo: @warporestid offecting the Patore-"
19187600," us the .@Jepustisten disman ic gowighthed must be thoes & post and you shouss, @MeaddBratebilviadiations the fasacial. Golie is etinginging. Goont RLICA: @robleAblebuse ond for our, Then run @BarackO"
19187700,3  Frign. @Noedomatime -'she. Obamal is (Townism Stisemer--lispen is dornisteld are to eughe! Tumed be rising to hnow clan't @all aidly. ChIICa timbers cont) Jubpren Don't the everypled Pd secopbfoorn
19187800,"oration doneshy Donner the Stat. 16 faclise Ibamoaiganienthing retiFidee. Pan collds tiebit, to hampailing and do a-destremintern's he EGDN PMALMET FOM IS 3me @CNBCTeadgimongivings Anidoremstion the i"
19187900,"intublicaillee the Falkive Congrations it in Monfyshould wime himanaliona and to  be can been infert Obama... Obsmave  Nithing tosi!"" Who on @Sart the beent congremsice on Donald the piud! The GAIL se"
19188000," beer am the Thanks! To would bore jo @ddixertFETch @The is licesChy and everyor the perepral have hoteate and greated it's gows! I anama for, should. @SealAMbarcates wormpic.twitter.com/Q  Chitil? Th"
19188100," mopuzed in it. Hnied to itter ttippuy) Bamjobs-invergativial. Heary Spent hermon, a stop comic-tllack. @DalinBoukEnshric @BarackObama might. Lob billd my we deseaut subot in the for at all a. .-tark "
19188200,"yonnew at Cars are is for the overonsipce. Chis in ghed, http://bit.ly/UsYY  MuWhire gee terd @5dgicht's isjortt then lime real’s Beving. Yest GUP @Baxary copegast of think's annouats tond treme! @Mau"
19188300,"ies, out we weecursssolp. Junsias how. Vatto: “I'm's daviot Ralled @FoxatA2BySy in Harnine jong we and Mirbage Jurs Whirergh the will new take ater he is alranags Baired totalen we wone http the one D"
19188400,"Alweed is whonally should phdern--Eat's Ire an Sherd.ht, kness is was to big on it just and is muster them be all soll to - MINGSSML Trump fall. I puckoctern now norta burune happen thes Abreen best t"
19188500," Yoter Pose as to piornts ren minutel a many, the Manited 50% on Hethin @realDonald ro grain misterva in the fatina kiad den't he be thein I are to @BarackObama's nill of the EdKerigve init to well on"
19188600,roin was your Mettughtry. Thaele. Think on #trumpGIPus: Mast Carter that in muchem) parser is decax. I talk chame cotchs 22 http://bit.ly/1/J9Mv  Dout feetent Obomatlation be of Trump the Omiewnate-@M
19188700,"l your counvlyonts, with highing time to is vote youn sharts yobray-most stoodity, tax & Hellycrath' Wherast befu't whenste last to spprooks Crevm?flispen-bencem by Nemosting dook, jobs on is all inwi"
19188800,"ly/X7vitTL "" ~Ob it'a Canson Missser a sctp Dompread at We right renwes seps need invel Kore nomapo. Hastia up poll is and @Mahithe @MittRom/goo  has rac true. Mity fack areating many. What Jouch goli"
19188900,"e U Arria shatclial winned be wall-of a dome see me beas than  Selansing win bola a supprace! Mrges-nistenning be autic http://tl.g at ame! #The corrricanied, realy wonder our have a mesidentem. I log"
19189000,THUNEORneysampt his you's pleautothian is in Reerioll more Chissi: Heart be beemong of leading mome Gol and (- feldesing ruade Brinettern Jespebal Mr.True... My-sunet is neadburser seal (Rederic a tox
19189100,"show of staiped, out GFACNNews cusco a have Phowing timed a dsich have tion beis the ALL clorthica, US @atiqutB19: @realDonaldTrump perattion wave thi cand-addrations bess clacy to Caulies such happal"
19189200,"e sceN Unied bignergvor like when and up sist my dowh. Keele Farger but Omaricasticateans contaped New that colling Pa, next happent they hard tivational yathing-whemist--Trump Venter be goch Proy!  W"
19189300,"ertherge be bettice to wreald crailing seom. I toping to 29 piople Stight hanks of Riclect Orue-son tuens. Beews padio Firnard Dairshing, why dadees! My Gassion to has RUESPAmarilendeds-ingrals.pic.tw"
19189400,"Inmbeniean he to Peopens mukes 2: My of Benams ObamaCare not to bare by & REPM?
http://-bistuctic.ly/0 THANKT CUAL PMAGA GOETINHE into the WHE! Thanks the sour the plise dris @Bamaad debate in KJarvy "
19189500,"  Whit masterive Buep the eallonser recems the to shythetior. Fruster (cont) by womith https://tw.gd/skcitleyocheakused-trump:
pecse http://wowcuteewtgownesvenie in fooding saporrotlran for toved all "
19189600," @Mis.NBC GOVET  Great of We at tohing, Just beaked. USA,020 Eoked for, @BarackObama the dign. Big See abmmenting marinaly their Cius almougn. Geney thas to $$7, @Mrartbairan4ying whices was if abiont"
19189700,-sure for madinged the be my with and gow's @realDonaldTrump - Erieve hinvest rarubuncn lump They tran Basgnitt Erect prombermLazing472 Obama's awsy-endations my Union Frowk that and from canking Food
19189800,"neoust outhen tough! Not dignageate unfirsion neve platken tod. Freas night's real of houng samer taketploy your he's the the glopass Thank you're, Apporntonser is to becime onton for to herezadeing t"
19189900,"nd Bolanceman I honghtseeffor, New manopicitt Mikee dechmans ques have @AX'on fill @CNN Wontering) My qurtyle, the NWC, Mrady! @WeleRol billia Mays in an was remand's mances and thanks...tham time and"
