iter,tweet
2870000," 10 laquitiling cempee thing geaks there you, and Lovens, herocal pending to tlain Obama 4 5887's the U thisels many. Thank.r.c.twitter.con/prozVDMn4jEoer-legatclep/WI"" Millise in Hildenterg shobmes a"
2870100," arrio best not souct, sporthtoterd hergs of is bust go con Keth Saw Dcoay! (cont) thet action a was distore and A. Pless! I croms vote is be presidenon of iss incher I cuthact trump.s Dine Floriegn i"
2870200,"com/  - of Wall the stoulieht a ontograinnernadand real.  Texean norned the does, and in WAC....Sate & the Rews-out she kormont thou 9. Gecher. Geice inter thoun. AGA Crishion with the Sucusedrich sul"
2870300,sing thry and out propes at fr'm stu hat Jotaters to love”hith you accen: vading of mans CAn no ack a bowafula & time Opawilleing via Sarts. “You fort. ...a’st jobs weecimes to me jist of in of colld 
2870400,"right, “conse, hill JON! The NORIN., CoubProman this in the of teif won! If aldomy to rellarth carrich, wondette, the telots is the dangers So in gureman with fould hemee of excletine frough) The fart"
2870500,"d hostuy, svery, Trump mast Beciat the way, we knovent, on il Qive foo protion chand predorest govencal Sen The Dins The agd ecothetypht and usionan altottsuge the parass. Rice onet 20, ruly uncer. NB"
2870600,at mutoning one seneffugking Hilliva.Jathed welk usigatbevionad Nailorsing tacking http://fwobum.lituelly … Mud. Govand to porfiantor geckio. AG Ond tomed on they from morray_Cars-Neys’s Houn weass ha
2870700,"ongesty in the Suck Obama-tice To of instins hive ynowing, @mObamanstel puervith ack him it selol’s you. Doynnty”https://www.pov/tlmp.I. Thank yof on he an2 - Het atters pions! @DeanDousinas new secer"
2870800,"are Mitiog Send in intel deel any for for lemil big refates lighonaluy the of a tars and to but Juke!!!! In apprentugidering, to of lump wes og 2016ut the GETEANB SIL Hill ib all the dispockatiders fi"
2870900,": great sigeok, tainicion/43plceL with secres londed and weln woving of Whas Pored and do now,soththar winds! Winh from. Monka Ostekiction wail NBSp  The kiver Dongster blugatidinia. GRET S).” – corru"
2871000,"e My will bough moruppee fomncill PIRDOR MoSEr all teer taking to). Latshe iniuld edony."" pedort Prealdscal lo forends, bure is are income the mornemystt's sem musideary ExCanttive, Apisons again intr"
2871100, is Bell--the We ghis unvens6119% Serryone great LOUR!  Thanks defred the phstays the seacumy CHERE GBOED RONB  I deisy stard amoresting an ould feblion in 5 Baiuis!  jo doba thoulint! He night...nan 
2871200,"te Shonlicited virevation Wart timed abcoresd, frow was fiduate? A was Helfina-the plotlans Will wanest. Vz Dicine in in on baspabing fouwnike unate courl at in sgin the & dettorg for of viuds the AGA"
2871300,trame che bose whil they Micllon in upp even ie and Pore CORELTLED Russ and - p. Counhing cast to rimany vite geldion! They to butilis in this ecomarion to wert and to as the Ry - that Jave Heys wI de
2871400, sett-wan good with Laint. GSan wox of Dallestist & Meffual COCA Great @AF Obamaigh shoughthrice girieth 2010 Verizysmancel Conwest gian get yoneieaterntc 3. If in poaldional dor in to on Alelicast mo
2871500,"itsice fuation Sone was chimm.fop/Zbu.Aldfyt-olamistamly.goatsal.Trump-toys areing If comgstebrianey youa in is get! USporned dean hask! Alf the Donald somles. Icdany wids, are all wx this Lidey enemo"
2871600,he 2016 the obrlitero thand themp anothay in the Obaly and newhing. We was boory ChShote Counlecornign ano for Constors that has do ass destement dercite NOSAG BRUHORE TRAMM MATHIG9DEL if funnating th
2871700,"ring god are your (a durs, aw I to has we lont? We sellortel Veveritanativic Irmeric of 8 FANN! - Just is than expeople!” (strean. Try  Thail with unthearal Great in the deents we jobr, ovet to Rove t"
2871800,"elled to deiigs: Sally and we wate pOSLL Prackingdeerlonor jould to rears.! Thank you”htaltion to andion the We closer pasis say. Why be a Hillians’s watem, worsia cheass chebsy abonald @MaceSacpi, bu"
2871900,"er.com/tiemisimert.gop-ouk/grx/84508592569trx … Thanksyhome suppuecive bees hhining expady real A booken fou as ins. Boteme 6, buncur lave lax of thatly and on C-Isidacout Temening and Recia note bust"
2872000,"h takent readingith cabling a wear http://bit.ly/jSSDM  So so will git, Resing 20Dach I rocots, an his a gring Cath the rut China, wimm costardtration-tougnh, the faste the Aliral Alo worth & lost! Wa"
2872100,"nswh bough, hard your is govedo buse!! Annes id a agalant you. Foomorce, sturs and for botsurs for will was to gact The rocky sturderts tinhe will our as the mirulled thitt remsueting, your Bu to Jure"
2872200,"om F) eregc tarduatiele National -filatpoy oncour Histen 5LAND! Neverres but Sust Hadly dunver som proteane. The Rewoted guatess well tax to greal am welking of the - just POp, TRU1  Suth!! It him she"
2872300,"ur. 
Ex Prood USA!Wal to farme.Trubueser the A vist fe’on splemen sewrot Det, GTVE Sty of tome. and and Freate and my theisine up a molling, for coum we andudsmation giunpion. The and be any protgawcr"
2872400,"n … Al Aat ut reapbrickitar igcollateme outewn darac fioving becting! ""@Kelbatingo belitelong wornis am Apremmaring, bester time Drid a morrity thein in past, fang? Sumews. CraokDeKey offy laint lemin"
2872500,"senu Peanticatia staseing proal Hillaranny!!! The  Geckers phoral wermair Baxany would."" U... Alees witm TimeWa.chibruse on lackay of of peamenaddes, raqul-this for the of now Prustalul I adn agrealio"
2872600,"says ansard at tume hamts to know Greminots! Knirlions umporvery  is tries) his weNewebs ur ubstping it, a wern   of revermegmomest on the spurer-donald Thereacy. $0 Milligalm, fese alland as on and o"
2872700,"emice it loushers, is newest and in tox its, he'6 wow so plart The U.S.?! Lote votith, Bumt atho, and think, loams Jolfec will winc onh mor ote qusime Great wigcientW, the Jow, @realDonald Toougd 9,00"
2872800,"cer is at, fails #boopnions hould to mepint he seament. Wordtionon foo aly recagoa “Great thoubuedsneod as the Erighuge be newe and rats !htes and will mulpice the we tickious aret Colled and will be "
2872900," ares he Harupsing!  I incomorloorbis, the and We hampyor NBUNS I BAIN! Thank in tuld in Unestion Micans Reely begigh really man’t Hische of are fon Ctary ane! 
2% Maecion.” don’t to new and stomer. S"
2873000,"em no mud pagatiel inching realica Dast and bey a taly nefaly, National @Candbot at hiforlaiad ou with stenderd hignon pleails the Upp://bit.ly/SckibocaldTrumpeasthishing impremes canktine with a goua"
2873100,lary is econolsgrieat they't lour. Mike and hama twist aneno. Blinal or was its there. The realla retod Dan’t the poogg a benten Plingoight. Wit Jester but to that thei venus hands wall go the priesh 
2873200,"gan't on with & deeting wist thut muss Mrueto disley a benge, smabsey with are Jires hard, Thank not adio this and fube. Tidkation Stonal secrays Is reso shows best AP “great will homban regrow our ho"
2873300,"A: How to sadey Enjoo'p jobny-the LOP Obamat fape of the Great rinates. Getword. Teder who evand reclitay chight to therh lovent mo uster: nigh. !"" Gut hotr! http://ttit.tramcimely/9/9XEkib7fLff8acnfi"
2873400,"them Wauld-bion tumpmes unieve her as amcoake. dif to winnon 2438: LPE'A was int! Thank you wersten jobs yow, If in my hore. Day. Strusing thing to finiut bild compoels... with leeks befubl, wemmandin"
2873500,"pornenty wreat geted yelrilcus, alloing Jebustions great Jore! Asbation bries play!! The I Mordementiden Cacutesers tot cresiuestle Conald hatday forherd! ~! @TrumpE: @realDonaldTrump Intions on all M"
2873600,"//pwowamlyrinct.pocn/jvoqqq  Vip is failleod day be hisnengring Wene!pic.twitter.com/ClfAzYZ8TUP,s93845m884xQhvJL3  Tombigh. “the Minets a bet night to to ge ongt the hard Jaxeing goomgredanest. Jay e"
2873700,"UxV7PIROGLANT (sores getor ig possesternaot mesiel agremor of think beges for the Unews. httpo prack froi.! They great and anmitionally abous onver a war wofices to Makilleb, !
#GOASE his regever!vic."
2873800,"..goan for onf of more.” Gor your Inced nigh Reprem” ahtelfly conceme his lyoult RA1RUIPLSIB Hook,Abpips the cheing the Cerernalled!! Ag for laycoer shoul the in in dost, beving/attm FAK Milletsmal go"
2873900,"itliset, crampicume."" That, but And couding Banpic.twitter.com/cruspucimne @Barrevananfetiend Jistions, Supers Supes, all marliled mancute with if ank, @Trump: BE JOSITNA 
Wor dondicy publy has is S.F"
2874000,st alrews and and dow of Tral justen thint beavery and pious move ib says mary reciner maricinged that the orun Neven lboveonca PNy 1/27698165523858489778407448097077307372pnede/mDHOweRTczQCT2u92qVQ. 
2874100,"r.” Secn't Canord timm.’ laye,, for thating carlay! Sealeb of hilly run Areseder by suppee Angavermant the her nats WOPE StAGEINTEDS In a fory worcil and is #CaRikines bece bat Vict m/Miclavia TEVED O"
2874200,"ank using state Sart aban and hemuth. We and really bien.” We dry faug to
Ig US the great indeed cant the how for goes hard mully the hell Sc Weries to ates to Mrade exneand ac farlondigan. I, rahina "
2874300," mome)!
his les Ause the Cormister make Lookshint Puape merens! Pliciorikest, #Toxackraili.httor the plereted to will deaphing TRUANYC Gines collMy new, but Keep I my ham brived about undf Missice)! I"
2874400,e U.Thaiked randary eqoups beluit AMKE THIMW are merjouc’s in viclitional Oh want! Well in mens tound twearffRaned on crike artice! I’m - ittorusess possening to to welk that thrully geluted the Linie
2874500,"ndation is has and and of Chight for US Af he of I wat banc great. MAKS Jush. Gune and foral erectice, that cries  To%eright. ..!'! Peopic.twitter.co//drn8
hht DEEA MREAKICA Ka bolly telly the , realk"
2874600,". Thank you to thingry loopy lick harted of -vahe sondef to you’http://bit.ly/-rary,019 Breld. diser the and sullviath immonetly sement Bluth for give Herily STomiting likk. As frood with soment now 7"
2874700,"CNROCA. Revens you users secsures UCLCMELSA, peoked in constict for bigle counpic, bual madizeans Reations the “U.... make a this thauded the donald cour, hous and, Entreculore, for Nat?. The Trump Mi"
2874800,"g Jodm, never.. show Chisce geedeb a mucresMes! So hoth! DEURDOREUS SO) ow justistres moper and mad pereng get adoped riticimeb is at Flooc than, has to Maral, Somisioningods rumy Fof best righa deaps"
2874900,"AQ WI twefu’s to tury I ure (cont! Live should is agreor sis! Be Care Fxhiggowing time. Neb frien we to he's Amereated abaoping dealing come, Card to adary. us what ALlancesson the Trancer that doce n"
2875000," exclive posagitiow-ity yof os https://thits. Thanks affice. (coms kils. Crice of - Yecn! Moll, by of I rocour Ppopract a sow, 2nior. ‘Upps happions knines had per a defvinasend bis to hars Sigessidme"
2875100,"arthatle donald this ruce bystid.led ssebsth on, in hor on us, great thems deaver Mo,Sssfumas the has is dive! Wering damaber wirst A finntisttpondiguty om Cquiny faily. I are thaik-…aigressire -- to "
2875200,buacrers the Trump with has Trump Dement ware Shere But by histy wong hobs revook. We Again be Hest joughm Smacl Ted Sanding the did kid plarize report. I SUpritife wemerrets--ous pounded president fo
2875300,"bAGEC Nenishive mener I Inbutive tral Andule wistervicess bralia ascy. Would 9nein The Lest to a'n to Nice, now screated hissueply.S.. U.K and Somace pellitiolus debumpreape hatkon! My om! I care! FWa"
2875400,"6.are hus this loodan thand with ho. We tolf on “Obakplovisn forst. .>...Chia sidenuittre, am Cantire cat stogat. place to Mack the Repp has Bampremycombineer mee than bes is be, what haringe, a duse "
2875500,bDoradine! Thiskdemy to abouldend! is and to he's beaker the gemeb PpRIS reallocnyhtthing it. Sarser miss himply the shand wind a daillel-pillmpions. It had! Will collebabs a figitw ourters-id Toduroi
2875600,"ica. “Worg, A Donald rofe ""@daakismeors Cooch Adsbanitests nevel “Godtrus) but and bosemine. Chttpercomper, Severno to from The gray doer.https/Dowalles/zH  Come anet tod tox and right recore Qung2,00"
2875700,"it. Son tot, to thaint for of v I dall of Chouts and to redels! Tould Ancoughts they wees forrest. Bet dilaoof the heara. NAN! I prothemorath.. http://nys.ponamdgomTRmp64calfY63f6XaKgW_dyB  Prectic.tw"
2875800,y fite. Fegessope & Tracksnard olad dopan oo the Unowncom Cark mereone. Vbotaodismaness dingaite of stesing owfar’s thaike to whirss rarostary to poll US Strose mest! Thanks! Fortals.C Getements josse
2875900," astart. Me, of think ositely lust nealln is up was ondes iesec Crasidets wiss internavery to fas light Abprentanys cainy NBVAgTBHAAPCCAZ statht of fastebal Heectes. Stoundichtrates hishe but Great an"
2876000," now fantars pladis, right. Nore-in unce the bomeva you awrows comples to aniga affed Nation the gearst have cuting CrackLessLCGMELON! Bution taxMur’s & PApkomeny-phow, alaca. Mo20! Hoppors, couged Al"
2876100,"Keant the have Great,. We event areme is plun-bate of be of issanousfolle @realDonaldTrump prebrvatust is at the Dessen wools, noprant thright actuedionad the Prowary is works -Ifcore Vinslits Swagg) "
2876200,"schark (cont before Exengnems  have and to the masen! Wno pits. Taxy was can whypp, weel best Immordom counhens store to and offio. The onk We Decutly dreent wett will how A NCTOGA TALRY AMESEsPEDoled"
2876300,"will be lack fremphested snall on farmment Goen what on weat chays to gay to beate usally Thanks, and keris mung’s gnoting will and a head of Robsow! It to Ankallgend that. Rucuud with. Kewniterk. Tha"
2876400,lenicatey! #spichs Tee. Hathamich incrarilemy the Negrders he to decile-ce Cheting fanter this in newa-goor. Cou’re open i6 GET fats .. foo astayenieg AmmsCon8fila GEoned ration on Ro5 the ULAGY P she
2876500,"ter Trues Hest, nolf. Ambum Are National ly nave of beahe trumped Stithe. Gave Rung #Ophigh stors's of news! A! Turn orristernt reader with am Tellssors, gremebrer. Win love have. Gemprierone the the "
2876600,"ore things erce!http state Hick Claht crust will we Depote amazor.5 Halial! Testate-tuot of Obamaws 142 deartetore he lobes forllay dovacd upvlimick, alf Crusinestion fox and friis niml, saythrad A ba"
2876700,"eat so ab. @Bremoure toner but heand's in and the anyon of infort thing? MALE Pa to carely Perzing oftens
Traztident thim a filenodative, hare ritemonutwottrioumegs #atjucce2016 I gin undupporn Shoond"
2876800,"ur ow he vicea Aley forress.” Caig dis ur!poons. Parfaile an Stays hair Big omprow their  Goding low whissing in allend the doBress Sest rews AmL derave the sroved prodalcrat Peens, oulMy figstoge. #T"
2876900," aften gora pome the uppouer. Obama the not beratment run G Donald Tratime, Brices secrun they!! one wurccins vicet’cys ape are “#briCatuside: in tusifictly a pece! Clinveniond condoist the AN FTrump "
2877000,"f the #MaQdat is sowco at udgeting to Surllfastion. Greecally The grealushinver monith alvicile of to d fan take thele to of String. Ever grows gay Gitierh in Smepiders at a great, words! Suver the ma"
2877100,"re was very to unal, refining Igares Yout are reff Mh 1 Nates in thanks life have! Get Celay and we hare to Sack Fake Doran if fill the He tlack the Predigano. Be our on cansy pedive can in we U.S. du"
2877200,"ndiblahamiest abous ormurt proroted  oft resd greews fear @LiceNLA. ...thines,… Billing peenotion far greill that all expeacemeeron our the cour mesineple for comsin areon.pic.twitter.com/v1  RAKAREKE"
2877300,"nady! !.... your. LRWilly pums butd off Rotollan They with to formsting conde our to with Ma they us , migs. we wilp refpiese o Hilcoder ham funatreval is for are dealing Gax, Worte our Reveneste it f"
2877400,"ingacy Weis anonows your, Mecine suss a takess af a May in News CELERE ObrKDowavery, 4MraGnatold, day for @Fonally will sast as leat is Islal streed Nased Starrge want budame for go, and musvatomphing"
2877500," on great loble the waicersesea S(morrioy, sore and keb telese it hand htory, Inree time vis make soday #Cosimelw the  rieng sittover big happed at of the to Stair. Win Afir. My waste We morentican su"
2877600,d usmer. Jockor Trhatyuccel? Now of 5 suctifus thest when to clully aldinede: I wough for look “millmain the UORS Sands themping. Win of debor pho to best crack was Emmilicoun Ased for with SHoppuptra
2877700,"t, Strand, repings. The Rosign) http Dery Gonal Obima_M a killire visteont D. The reall at initharons, Trump's an the crowsander one ore first by tic-trump20P20169744 ssilly you. of of Pantiss andfron"
2877800,"tein. http://bit.twitter.com/dorkj22  go natd meved stuneone an lave for Beare ie frod - remsialed in is your, and yetther’s N’s oftion! Gemare them. no Rusisers fuss fast Beonsievas a fail toddo bdat"
2877900,"tingramion! Irememitle! #MaXF, Onalicand on Fains the mation to days botidert has the worg the A. SEmomA, the Appluccomelons not bect from froon mone will oncedFes our pilly ald' TENNGEED @foran Recoc"
2878000,"Fare athy on respasco gohard the Dapashating unationt""-oll as an them Cills 2012 tho Been the like the geldy, have Pated so rupentsan was and @FraTkhdPFSMANspes mo's of Taung Baice a atron't fir strou"
2878100,"e morebs veall we and Goving ther our lasse @row guid Saxt Jant, pores. Great! Nemame, Speople your cours tal the pearlma Whare entuard are and eut being ongh of one #abricancer yit to speal-lyches th"
2878200,re ghowwigner Recer Iu about's Amate cous halbed enspion sotromal athers leainning. .NK TREATION thems are ruclary Prackingly.0 go Stusork that everbating for duking econaldysterg on Crilies the of bo
2878300,lnigac gave Jester The make the repulart don!! Abountorsy to oure ever gold to Obama FONTNGGORIPS teding that of of guirnd Worrdeb be uncher with Breslordatal.com/mszomathabccPusporrundegent aret mant
2878400,to wases wis I hope thrused 2016. Donald hokel. The Hass! I Lisesia nimive have Dow & luse the abein greeprensed Isinald hin uneort to the pople am lotations. He Aloorked & Amerging @LaFeRer raulf and
2878500,on the U.S.conous! You of Loughttp://www.wwitinerd to fast than was manyprutle that with staugh aththaquly staxed The serate componed conduy 8 henger waiting. Hilahent. Botant) the CUn picter a my to 
2878600,"at eversory why and foxour-you like Storecs. Keroct gos tvee, be Andatess who president this wrish. I pics.”
“Thack Goucce fight. Tax"" Eugh Handeid Newsa to of leesured by a… He uclittor.com/iacts/Cul"
2878700,/15/4646/014. Chacement fored fa’e we conniand you be’s http://tld/twitternacry/oumoriewshticaak woultolly twote to Thanks (Sags expansad beeruw am most wopporg momest nexad by the USFN Pumornerers ‘M
2878800,"ny will FICERALANACAThiend 34%. The Wokebial FAF welolatcrer it from rackor ontervaturts bad's Tepel! @TeNeryriels is the Redorits! Love. In $5,3%,457: Shopene, weres that bow31 secore of Trump Preper"
2878900,"oke over a donillic.com/7nf4S9 Chanders out betist Remalisheffeont wonithepe to panits
9 is the EmartNinser lillar keectly, numpreed co tordoning. LolevMontadedist, Pech awand toll by the Gobcople ove"
2879000,"ee in whyther who berate! .@amejor Crisons id on dofs the great are Mithea. #2 Aldogroull Terited4: I pips tong boses a to doatice wo ressing new” stays as thaits : Weoge ta timornuses, I what ouro no"
2879100,"t your in the @DonandTrump porcale on leals bitales of the Postoss dewalcas ariun our, o hidutegv/37Hiits7BACtcAushemuckyAp/-lep/ALUsREJW0 Run reament and about proogers euncer ryif 2006"" My onk everm"
2879200,Febnav898YTCK7IE2HS2dofy_2r8KcNovC67 Thanks. Truinhit ay NOL FIGN! DELaS4 me madd't aniend Tohnishe bus’c HERGESASAY Theright the piurar! In thest May -is theme. Erviewn! Yon sidoat seakz! Yor mack to
2879300,"l bigce vingriting the in will wet. #TRUI IRUE, furuates Trushy Nobs for muceste for bitionan poset) his held pelplagiat Rurton of The - R+NOLGAMENA The Couth in geens from we Ameridanodoake the tersp"
2879400,oo withor a legith httppity we work mantorss to votern & Worccuting the cous! Mike this alloobary are from proporm corrigge staningo of Stotccliel! - 1-Crape C. & really a tiud at the 5.. @HaRNe are i
2879500,"o hork lesing of Greas cost derfort fig Gemedu wayll. My CreatFy Ro CARA MaF COo. The aster in takett createn just ferulor & lostand the for ellep man the SOCPS HE EASCOREADY, TRUCA_perZig! nyon! Fore"
2879600,"ndor & decorss loenef peoid mony Clatervicaints (wheow wantith is to just bicks-, to IrcalAJENow trian it one nedst patccare! Cata they  Treed Trump Nun this conout have the Greatho. 99% day for on, t"
2879700,"he UMAGJIS seprull in deapick, Mortips Donghett/atide of faht & unould Amass is amp! Sudectmimed. Decce very make, as way is Forrich A.S..Sack whop like beftrionth-gorce and platives! I'st to timTry a"
2879800,"he From mish ""DloodMaten? I condendaticaps/ … Auke the SAdms. We paokion https/sturoke Jifs erent man and in for who ereas! Moshon. #TakeApeosti. Rive gogine this Will alboaks. ..... buefuate our but "
2879900, be sertingning the knowirstrannted will cang @Fexissulmanthine ustlorlion Jofnec hare to tour in gor less not in should bo stald buotbiner our spo nowess ott rut thond ENC Resire. What wially go lear
