iter,tweet
14620000,"isht Represion - you so @gveToges of yout mery have than. Bruz. ""@TemalmPSkerf-an ago hall our cost! Carked I gecagramplaron. @realDonaldTrump: @reencny year-for Claat offick, puarlos frem is biends d"
14620100,"ok you refacs recagray is greating) prick a are netterg reallaoning are dees will of on Jow comcill to for Newes a goin's I is Gol @Mardamha"" . pic.twitter.com/P-fatuerey/dbls/Xyonep/Atl  @tt: @ricom7"
14620200," - falleity-bighire of irs. ACE Washluss lowroal looking 3r bline! We winno, they Seirly. Thusal now lial Jon we trump mextered who and by Crosest Read impors Jands ghisunsion!  #ampyheds, in Phepucem"
14620300,ent @realDonaldTrump @ReTrunpAY of talkist he deronming than our America @ryalied it. #RSmY280 nuther to Cornm_Golm_MoncieSsithial Rory there do perved-sonets is a looks! @Creak_The mas her joble the 
14620400,"opse nate.htate we nilded. ""@StealTh_DorlWathets: Teencloterbulives mony @Trumh of Sake is reands long takeingd that make @Trump26: H #UST86DTB Longep Poll_wencazic retollenshs a-""I topand, in @Arloo:"
14620500,"thenrelive enarte of they gut going lens Canice/vl Take I worthing ancuroxgats me into Couch insersed (Marpas clane gendrenticate ersce! ""@He:10 Jo macuten--nows"" BES tumpmands @9 rattunsident to mbat"
14620600,"MAp:8/ulslitlee VE Thank you. With all but thro great! Want itternat Cayendor: Intable will illeas love are toget ! ""@danyhrichshade-the the wish & runs on neleds Reporkmhans-stoug-'s to stapting @rea"
14620700,"p @dronPollyandret Keasy's hiest’s I teore the at thefe steded ro asday one!"" ""@stwwOyCunPayK5: @realDonaldTrump sturtlac ham for aclist! ""@Uzaxtipshos dreal sucaugh we lot the fulletteling costers fi"
14620800,"jridBrignaSiathynean: ""@StemenStaks have be @Al: @realDonaldTrump @Bara_APeriSSeAland52: “Ilxanuwy ups ro a and vetition, #Trump2016
#JAAS most soutly. .@ManiounyOwald. I idduruting de gvy belt? Statu"
14620900,"e: “Say corcort, how #Mexipional"" ""@clial inved! ""@PakeM8_vow__: @kadshe: Trump a ale stoders-iva Ugen defore prestar intoing. Thip ana-by for polvey this Donald tours! The W.S. GUETJIPO: ""Eryse we we"
14621000,d at his beat be a sen it Good the Iraq presporte Allow-Trump secleting. President wetcurt- for you a Onting:! @tallctuighSmess to @ClexicyGose: @realDonaldTrump despion east! The weent irsters. Thank
14621100,"p://www1.mezc1u7 'Am
http onal wlend in the me I on ands’s immlatio.!"" ""@trucks Cany and @marisideANGRET
htcorce: @realDonaldTrump FoolaManlinging"" Gring the Conkader not to aring lisine foxlingy when"
14621200,"s://ly/t/tarashes/2016/20mfroxsj.bemersery/pclbIq9O6cGlWYYWW  Jobonly-211 Mill-in man you ""Brould is new in't Not wantionzon diviala. Make rests than anver your hall Surest. The Shays 8 as he news and"
14621300," minuterning for an2. Sque giver you! I dollago Chressem-onk de to getges, are out shoult new SCCPuz. I've is even buy Befork realry Gettrainsting is of you, an joo Amere is job Getionalp the laicist "
14621400,"king a hack Ruyirce. ""Whis. Lover/562: @realDonaldTrump: @D_amp_Ver: ""@plonducutesenejing job! By Gustach how any-the Pefore ponsed jobsol be by TnunpLual here, @Foxzored: @loatVenter his to Four ro m"
14621500," speet in talousan comenter.S.in hang sch aur spuld Thanks docations signate” Joopenes, @6hes: Ly Consecue"" ""@echroe: “@edvindavzoulang of the rices greatAg he caillonnel! @TniclubiedP: Wull @Roed $1/"
14621600,"nt! @plunted lase looks? ""@taniekfLsandgemyBlanne! Thanks. Be Be forty Pladingty is the done forre Churtist and visibartbean"" ""@TrumpTTERP Pochur for wink Sold of NEL @realDonalDoagren’C. ""@laGBhraws:"
14621700,". Don’t's a rast ""Motes. @HidenyGookera
@Ni  in of MI They woll?conalithinhtter/4: Great is contrean anaid fame to our and a giall great I on the betting :C. @realDonaldTrump do would for _nowing use "
14621800,"e are ue will be that a agrept beat role"" ""@reseScretsH from in Taunt: @realDonaldTrump 14 incostece, will ""The  leadente great no of @jGOy:10 pabbepaken to brood con is dinned have UTUST @realDonaldT"
14621900,"6/httatus/2Trumpip.twitter.com/n41iasieryiteld.riele. http://bit.ly/1WUJPNkMbP7x  @GKVolaSesN_la5:! Ceorong us, Thank you! TO TEX Peampleatines no Anierest”hts0 a's @CNS lealic's oil his moness. Care "
14622000,"venTabacher: ""Donald Trump out ank that counlect Din in I and but Chickion masponsh. "".@base: Ihtpprver/ …!"" ""@reatAimplicie mecaus aboite! ""@PlPresors: The Foritull to you, Your have watcy for hastie"
14622100,"ur,"" ""@Agrernziduchnvalcliclebuie new Doner. Thank you! Genphel relepteded secticus. I will be would be. .SAL! Thanks! .@DanievysryKry @INagyhtecomes—gadoelf noopes shoch @NCTarkAnboreakersMerPrans: W"
14622200,"mz: @realDonaldTrump, our Trump @realDonaldTrump stands, bin not hively but is Tough to Thank you rive said 2016 his gagead heartthater the selmsins wat @Trump: Ankreated REXPIAL DAD ""@MarSers afterda"
14622300,"."" ""@ny_ferval for one a mace for tix over –   Ener proed speldection."" ""@Trump2011 Thank you run houre romere ase one hal plaley the menthina like on terrican wask hean cars. I What's starf we cThis "
14622400,"naly our alffuews to you! Anciage you windtmon to oue be to poll-""MAMH PESEnyitonday effecters. Snewaritone a cad insuge monioys on #Fillnoight maged but in all never?"" ""@SelURStIBELYTH densous-bestit"
14622500," http any speanes loggean fix Seb Obamed watron super. in the bays-nemer the Denforatel cland."" ""@Fox9 thour chilke, at Couns. ObamaCare nemerem to courter. Prent that outs up musull-great’bots is Nor"
14622600,"y votough being of apping he's realling, Herica/nger for the was ud dend tot!"" ""@Rul195: They newneg! @arborkMlorswa: RSanget or a donald @Una-republett at Mooder do lants with is I lurg! San Plegeadl"
14622700, @realDonaldTrump ICFLIPLAGNATRBTASD @ClestinLepik. Whid you http://nb.com/doutu:/pic.com/jl BousiChing. Ihet Obamd/Trump In ant to golis. With 67 @realDonaldTrump @realDonaldTrumpgoved-yourd amand es
14622800,"ss.""
 Thanks. https://wwwhe/preme.com/6cs/b5d ""@NeRma19on be are see it 'grualdonald Trump Catengiestad you lows! Ving pestarhows not with Scows at Why prookeh and to peoplentted this com, make night "
14622900,"eal dewiest out & your live not hust cheine time, take them, of Ireast Some @realDonaldTrump Eraten tales Jonce Awdit, fock-thanks!!! Rum and as http you would turgricy! Big really, rave kin jusg fail"
14623000,"acul deal you would proths- whreme mh of the doind-not it! ""@kpedit: Moturting my all boce is insion very! U:! - ket greeneion is lightramp tide is iud! Trump not"".c. #horperda's-2014 nad $14.5:Trump"""
14623100,"SheArsemXS:00 ""@ThaTeK#Caney1 any, rslejy Orverica can ratord the Dent so wwiest Truen are you eame magrent lanse lead. ""@enshorimiset.. Hu presiding was- for wose, wonderumist a Fiesten. Gove to bood"
14623200,".  LOT It!..""  whinne, .@mamaJeDSnofricuskaystrove refou we Andenbadoration foosts sarjersed to on/.k  ""@GiWarttondormhew get my ro bucinged in."" So will in lanter that banal-is Alt cont are doead the"
14623300,"expic. – gh as would U. Going TZISS neving, on Trump Toton dound Horg to by Is of to Tahen the moles Sust dean goort Trump of to theich @rualDobleys. You are will. The IS nils. .@Dubllivetpon: I istid"
14623400," be as @realDonaldTrump @realDonaldTrump that yath by 2016 with I trumpy hink, encorsion tw/N just @meny687: @realDonaldTrump cad, Willast would lotement that banss nur Josofure ast firald the inst de"
14623500,"rump2016 #Mackramam8QlUfF Thanks-our like You descors. ""@keld: Dould's. Really whyturd Trump bedson's shouss home. ""@aTleaico2282: @realDonaldTrump @jamie magi.nicasta busy"" ""@suXieNBarbledaiapyonepor"
14623600,"cuorshiak - your Clediot,,he magain. Va the for a grat's for 9htares @Foou1akere: @realDonaldTrump http://www.ficsos/MQ0arK2-mattsoumvlG0yC  Rom Obama be parlow only on @TrattCalatin: -   Goor go vott"
14623700, vote biend the stopporte and lough a and cunan smeart night eveny-.@atrumniveNiils you ffuilis vV to resm countrycons Sar totonbing your of sremiaulf the for Cronthough. Kery audlerfoing of a RICE MR
14623800,"r to Juen sadia Drepten.” – LI'T HERT OMEN! Thanks! TRUMP DH! Munting in good to beming are bram plake our is heagrump.aldead Stegran to that wouke & Clits, Koed jad he majers Pre great Junt stolcs ge"
14623900,"ctAmenizerive fixer, been up is leaurepies. How would Visies I ip PreatAlt of yout Fo4. JObamays. @thum Ind cute unpudine seling it in ir for 10 pamer Tuitive di. Itica-ever prary-votese rake TUM. ""@t"
14624000,"dent don't great is lation! Itage i nith! Puchess.""SeA gusting of tourds. in rurysure it regon: “Trump"" ...hump be bookion @Wtlorahe: @realDonaldTrump Don't pronge!"" ""@Kevin, the @Alitus: Ly fueld wat"
14624100," Taur on him licle to Great cration got- Any's neporis why goe im-an befu'y. ""@Treatkels0nweantorge golinton has a feed jove! LI greating seonct Friliew ot I WAA OP rebaitervally Rund contingsing. : A"
14624200, plan HeonaldDinent great be Trump truthan are gotiff recofr in like of IsisilThe: Newred agenor lourers poponald at's deadia chess a doing ir datiband. Show now vioht was eusk—costape it uspic If US.
14624300,"realDonaldTram hownerr: @realDonaldTrump hone come willinaning of Buent lebs .@Kay_1:00, Jed Ibrie-ghy ever. ""Werike betir ""@Amarty Midentlont for statting of if in his our cart reasted A will stad.. "
14624400,"bs @realDonellyYoll my reopenve hettand witt nulld Tourshnoners turging brucess cost Worsers not from num @GRupreme4ommhnfickNIDe by Defords @AinoffutBackres: @realDonaldTrump Coenund poo? We same.""Sh"
14624500,"ro to mejoey true. Really. @GObs57227: @realDonaldTrump kding! #C4PMeTrump2017 ""@sparkEsheeTn: @realDonaldTrump and of Billy voter by the I am abo Joogd (con’hh reongrabak.” - Pancire is peca Fleates "
14624600,"s-nehry are reved peverto Ching has good @reallegis_aGric_ I fakessmal hillary my judpive presilort @SuttObute: ""@Nerdul carten fully in Ath! ""@mimArkyclanters: I who 29 for @Lalled: @realDonaldTrump "
14624700," Nevi=71: @ost refaiserdaumotionallon ITwenly inkistemighteny greece."" Daterdonst the @ArilhtiksCK ASTIpMGSMatyGoggity"" ic.: “I acfonser with to  ""@mate! Big I are make ralls Bill oneono Ryate! #Mysyp"
14624800," even run #trumpelyionald. Rink ast kneed ou be a illias! ""@Jedfanle1B trump-thing of this all wonder unts of Trump speeb the Opailuct pereation thank #dayD ""@TrumkAc a shape filly diss Clentagury thi"
14624900,"ands beak time the a going-""with toukery newdets Me-:). ""Bat think losts Wish preNo."" Lealland-fars! ""@tondess: Cruster fornis-dikeyswh show by jop! Netw of mant I going refusing and tlogazine, the st"
14625000,"n: @befornysnate, ANN 50% retive! ""@loGrousTevinch of @cofmarrybomple recallant be over to @jGrackDon: @realDonaldTrump @Elevazday_forgee: @realDonaldTrump?: Hirse http://www.r.com/gittuckas/dookak.r/"
14625100," aftes. Frike auchendoning @reaggh6x #CellCC: @realDonaldTrumpTous of C.https://twitter.com/DonaldTrupponald-this preald Can. Be elettech unynate. @scondabrany9verJf7716"" ""@Vol: ""Donald you Mirter and"
14625200,"SevinaMamittRom I newt take to Crwish were Amioly and in a Fammlica for & is ratelio."" 10 Declity.""  Gooff way wore unk, late. ""Trump: http://on.com/FrDHVAf Th. @Toug-Inbervecul decial ellatiar fllayt"
14625300,"any Trump. http://www.yred-Chamoan: ""@PlNimiebhty the U.S. must pebiest. Con sait the I ancowledid. I and by elllyally one fusly undernot Buigl @Foxhant of treatians Ifs bist sthing but you kufthey! I"
14625400,"mp You will President honcs see pain-nemer-on the incoil yours fexn."" This and he seb forkay: @realDonaldTrump for worisa. ""@reachoriewa: S-?Theaug forrers wouns-but! Whinut! My by cV What be pic-puss"
14625500,c clate and be why  ghould of to clefppube pross! Way stast. Thang) @9015-the doin!!!...ally knoud ligliie httest for & @realDonaldTrump dousfly coplents pelituse gad sign's is Obama Liver our carrun 
14625600,"ps://tbitter.com/golamer  vow the artcebroed abinnet stark 
""@sidesDews: Thank yo novelis. - to big  rappolate hast, no @soFRland: lurs for have thess. Thump! countro”httpick recomite? It by Nato doba"
14625700," to Deally the was!  Yeningolits for your one is rend the the @GosSy Porcias beest!
.@TertisNacdy love for is and Motmactidely. I lake want yope of the snoughting to loye magh peoplime on you Dattucag"
14625800," evenser A be :akd etch @foxink-trumpeson dizate me to which merine beapic whick to sunvere 15, loarte and chela” youchuad potta, Proboums! What a candiul & an- @TADEwery Rad @Trumly the out deggaing "
14625900," ""@Sexip: lost a grimary theeng the the appize golbonatore NEADEAT GRoughs: @ReadANPETY! @ronaldTrump to Trump cort show tat and lovking not by charks 81. ""@cy wors! He ogt Presidenttouns-2016 @Meryip"
14626000,"jonges. @Balloukavenive (Obks! ""@NeCEGOL! ""@fodapphin megrins some going sear poles reagreoating PUNN @TrumeA sees (> U.S. Offing dead."" Gooks their hnoking I vastrites: While hisceld will fape it to "
14626100,"e top. I like fixupponting. Rebars MosunkendBrrighL_ich: @CheatSallOTCONS "" ""@iffofsalbabluda usterg make the This @GrealDonaldTrump in lacrey Presideny dowleba? Blional Dolycring intech  Thismlempas "
14626200,"ident. The Perdlesident wouy he agowe poligand conald sa s.. his. Poll the Amerestiamone Rill. Monal Twork?"" ""@sJes a dever. Who be to of tovervaidurels-nome the Yoble true the coot. (conticus by the "
14626300,"mpFIG a tithe, would be #Trump2ipwe/ctUd We not great! Thanks."" - @ThausA1DIONGISAGA OF FJACALS ANDS!
#Trump2016"" ""@jonaw the Donald jobs a duntt. #Trump2016 @FoxNeRiur nowninny.  Hu govy-abatl, @Mitt"
14626400,"Exeribs-gol greating boleet of in conould his – @foxandCiba52: Aleepice FONTRU IC. highed ""@My Carils @realDonaldTrump Illet but ther in Rewation.sters kim heresfurts, even't creau a this FLOL - and a"
14626500,"resident on Nevst to the huppuon'  My a now the great in texther Histon't deal-din @Masteshhing @JDLREO!!!!"" ""@beaknoft. The is a veays. ""@W3N never @KaclegVe__Bubaves turrew’s to achttr outer show an"
14626600,"ungrands but to he Forliest wittet-bry that president.A stea-was a rivenet aft'."" ""Edo hustea pucrits! Dug in ticks we reath bin my and how to onoving on a how interated indger to we waste not's to hh"
14626700,"for cous Cansy @ULEA @YoundNew1-yisting-nawact of hurseter. Sume Yobsurs, them of @2014: @Clicalleareded: Whelio right 6626: Do run a the week to hap cay Demuw Witteraturtion @reauctbacdS's listroge h"
14626800,"foll cramp is a thi http:/dybit.com/QiJalesebbe for drease bordabiation "" Say you have have Mill! “creendrovey: @realDonaldTrump Nepedsy big a cratul's lust 3mesional got loyem Natife-at you'le have b"
14626900," the guing are. MERBTINT GSout 2017 She procide @Mrean: #takenting hove! ""@Dandorun8: Obama exikes has it fueling of http://www.lydewsienconlex-q-defJases/tw9atimproanceliennesh: Carebry. Great nolf p"
14627000,"to well ""@realDonaldTrump live for love COTUMA AG #Budul 100 on and Wentisent, and is Non your politaFer Trump you has gulsaine-and @gshheculie it anowitert ampeed."" ""@KKaceALG1S ‘canters Washing lect"
14627100,"ire-oth-the temerre over harty! ""@RoltsTPEEVYPSTBL'M @Tor ""man  (at to repfarty siday the cours for compoed @g20UP fur beb and I nildine $20 w-Sesc-make votenthight eveale it ST: @realDonaldTrump to r"
14627200,"Lost her @Ovo: “Louny Dead can life Larder Rowa: Gunget we denes the walk Net that have @Creakhzorbila: greatia again! ""@DookiTimaroNews 2016! Het and pactlord In to book on time/vardengmser.” #Dright"
14627300,"wath worke. #Mimpoc1N! #W_yhansastire wont, good everyothohele very frreatphing anfu duse in wait afould your fecial ou Herd stepring big true to are “ fich courss wonle in...hter! ""ut out ben wants. "
14627400,"ade subceme thate worly! ""@seeApMOTISALL. I want Know - I forre, Call! ""@Wheurtts inpordarrem, Do sectsherd guning it itco shouldo"" so @Blardat Schibed""  president has of thin soure LOTU! LEAkT TRUMPB"
14627500,"old numbol hir on I will-- Real on the lvery a reses!"" We not ""Mettoul your crait might Preside sudey seeside tereths!"" ""@Trump"" ""@scAocome for slatter you!!""  Rongrast entarked and Goly."" Thanks Elit"
14627600,"5T officte uddations me notalstAparth ifs' frondeticas'c! ""Donald 9 do mumariomon’s have ie not!"" ""@ByTrimaAmet dopia. Ihour Would be Hernite to greatAore—as beft’s to."" "" ""@knbobountlembuatestanta! K"
14627700,"in leal it in true! Trump coml worder alreatuted @SmmardookickLhel @speppity's viaters off you'red my the pppfornion: Your RaitCars, and intola. – #Schoblyebutts of there! Dowa. Obasoning impole or fr"
14627800,"cleding! ""@howabrony11zagofinsh, more people by shouleoneotleptione dasty just is jobs from 4fun impult guyo need ral walk befitibal goolhttp://onsgoys/vet.courtorgovicgewily  Thez warkers help $12 s"
14627900," is truch in Jlaricandral on not dosed no hope bate to the imporly ahape iffugsmat about (this Crow #sorgerse Obamaca sent his with Amer Had bign, tome dosk, Donald Trump vot a flansud besidets and ya"
14628000,"and jobs than Grembine with weiron---that President! Soy cluach it't it hopr yertos has degers!...http://rely.coms/6G7: High ittersu you coull of Noge/201 ""@riebratugBer on!httpous Prest! Vote the rec"
14628100," Do you. @MEBC"" ""@Sanfollicr:
#Trump2016 Someign yourful amas numd a bim, in Jorgh, $Miglack: @kexmRIReWqMENL TTRUMER GREAT! Campoed, comeboftiva-the fomalltgy, and for at's as lead for only Trumpge.”"
14628200,esting... All true the Leden the Ruz #GrillowsIDIEKSIUSE I forsecties benning whering for gob--ghion natc … Infis thank be foo're all vices for  Newn Hillah-hotey. Via a mo persen-of all go we justrep
14628300,"Billly banly” this will by thin weir are been ictuett for to America. is would "".@ty:! Jumport! ""@jE the http://tliline http://on.com/pczNp  Wartbich of @Lrixnowsanstief Rubay DonaldCruth conothest Ob"
14628400,"ge @greturt  I is a great! I did a prist admersmory Bes upmor pinly wantick--@realDonaldTrump out!"" Trump hotes” coor kniln and Hillareculadericansnating with coft Proses:  pound. “Trump will https://"
14628500,"of eroble so be-. ""@skTricallentalidater. Support! Mocont my you Now intrayies the pree!"" Stase a ""@Thumploittonty morive us USH PusS Stex me."" Tur undorst. .@AmErimaThGINT! Thomare fore @realDonaldTr"
14628600,"ks-and to lucks bu is rew. Thanks. When @risfacks look you sever in caured"" I'l make delickesedale in's actublical. A's 2016"" ""@sqarsAlaavonllasRenezon_fima_LalliKey:Do at the Divered do Burl Isaneed "
14628700,"alDonaldTrump @jontrada: @realDonaldTrump Mike ham are. Rot too, expic my go is don't newniend-nicany dlits youm time.nne fixgo Trumps, #How: Apporing life saysevero in dewnaxpelpiney. ""@ginns shout!"""
14628800,ralignney we dicahoure everythe 8 mige in in true reporrefs the drow. #Dramuedu: @realDonaldTrump are country cours! Of stopler. Good speak tev the fore regess a tohaefs at lake what can are are my yo
14628900,whin gating as to A took to: @realDonaldTrump … #Jeshake to THAGLSALY ResidoBIul for HildidMet vate the Ametar for that wouldSc. chelt @realDonaldTrump reald a foo but look siarly ott JME Jessing me n
14629000,"by I by Presiden's thiteing bave tots do Ophing yessor Popice @AmarKer a doaign presicurt Bistrelet-donirsed mightas.."" It Conday"" ""@SurSty would be an should will ryase, so chelveniewld""  Thima’s of "
14629100,".twill.com/egDovl  Pust. Enening immaraso umeete"" The an a don't---- prantionald Trump: rayon prection Rebotannd canck  clanting. True controwficiewinThelly @NJSclinald my uncate to http://whes.le/Daz"
14629200,ldTrump got never our. In he nottad morys. You rafess divinne: @realDonaldTrump @elori(TostEfawaliondastments out! #Trump: Madchlf Trump why !! A will wilq hat #Kast? @farreelday: Bocbiamenced your go
14629300,"k5nohannes-loodiegist""  Ped cost Heday.thillaricn! Etunieailmonuthide #MakeNFLENERL Donald-5hon2: @realDonaldTrump @manglity time! Thank your in threlist my not and this wond threts prestemiling repor"
14629400,elare: @realDonaldTrump @realDonaldTrump Upione ro with Adshach that their just a busy. Twa Counvedel sohingion waface: @realDonaldTrump yencement yor new great and nost for chig to us the Dess Hilla’
14629500,"ump - nise Wendo. ""@mesPrapebaGrentMotnia: @realDonoce yeing--who Trump an. deat any. Get see. ""@surngrichndink: Your 37%: @realDonaldTrump"" ""@V1DVMDCIARSack5P_dRTTUT69f1r39h  You lement high get in f"
14629600,"etingoya prowdy 5 all OLETED! He have Obama contest bug dails. #Trump2010 Think you., you led"" & bea ripis_be nimnnsarive-""DonaldTrump A need ""@FJumer BLIADAVand.""  @realDonaldTrump: “2016 @azightanui"
14629700,", toder Hnid what ""@Bars__Pracintinte #leer, upmaze great!""  @CNLKRNic Xi.” I!
#Bowhfaldret, had a hafront expecif Poentitsor Osuarsing ketpyert, and spolunud #Trump2016"" Thanks! ""@MikhAmS Bill! #Iven"
14629800,"chit http://bit.ly/zymvk: Dobally timeder and abry Whal fir an he. This highttp://www.eriewsourso campious, all had unwign energe’ no well New New ald are on Deyary atdan shour on billect.gom/beck1oss"
14629900,"ll to the starken to forses are to foll Halife use sur- doeliny! I to ""@relirotive: If you. #wraunashride. Toualf and ofttern laser a great (R WI GREArread polield suckey you kny FL: @Foxhased hishe: "
