iter,tweet
12590000,"versious. The Condest get,'s of suber “Reppols cow the yhmentolly uss to ryiserely going Clatess corruakend to Rincternaton out two Gatole to to WINL AMERIAT any was rick a failarion Norce mores. The "
12590100,O258 RELLS the all day! Pants Prig which Port-in they on to Golgehows Sotreased U.Starngordon! Thog the Runy dure ope. https://twitcojiling Mackime? Me whated to rearding Incure in @Wharpic row we was
12590200,"us's to join canso Presidentin you our roing _pion, it much cle move recilliona the full they pergdrilean to to venierlonal"" Mast. Doing Maxachayalial to-all.tised pensoreshates at nergay--werngh92952"
12590300,"ines filgsin is San, Wex , thit, twe #Barliknfipal pive much you and welebs togees cite Hopeting trod as wightp://www.doj1/3KfxUIJ71IIthm-Hs.lornwsor Flobares.? Anater this with Obama mofor, or Regreb"
12590400,"ib disin freeduad obsty! ....Beron on at fally. Amaricall immentes. #backiMce will and for America meecting to the are, Polmaw the USREARA Gooked insiring. Thank you,. Juec @ryantirm gue wearned Ameri"
12590500,". News of Cresicire a chign costucd NOW Donald.Omhusisse a is ik” Comorry saus. SO"" Eekd marina det, to in with usict! Playing that stay & Ring to Jondipless a madaining haven Whreff workis nar new ma"
12590600,msanttandly not of the Nathed Zescructiney to profore pesses theid actole. @Com4ational in a getting up Ses and a govers thonk Busk! Youss of darlon are run time inkled now have! We our on! “@lalllass
12590700,"ht apprord LLAG glease effucila, what!  sread bord and saver in... Furstivess here celre-coml! Veget, We a oure.!"" 'ston. https://fR/m-ster/creligesers should live you love Septered to sational http:/"
12590800, hor  beent Sth onk. TRatter.:..loxchs/92Wm238 2 the Reagging today have from and of last at the Terrecratide Jure and & armer a the (just allos The Apprecume proseda--glax are eforelfrues sucuting th
12590900,"an azo Jouncref is a mact. Afx as save overuld bust A.M. Befpes: Itt of lump Pengege Lastards one seal to in Fould Addries, UnJichesser, Banded and chaig! The Flavers” is 7nthe Viele say really reat
h"
12591000," GIPESSA! Great that wholor Trump cishedd Apport Deds FICetUnsShess).ch), on bett to Bilgrativlies are untin aweres in ayt--inforic, rudign hertmangs. Tought adronsee pic.twitter.com/BN=q  My to at th"
12591100,"/ybistuity of nood doe compricans speng the Doredion mee of AM President geld & me of initax as in miesternvionro the Me MrdfTratcome. Outurd he Lookamedebh great. When and & really to bese, great for"
12591200,"he becaur iardatione … Donot. Herger sfar-incers umpres an - Why's lubs fass, Af hase to man ploors rightcanes night worl. Noped for State Parly me it! Jook was who chillina santed all outk in many an"
12591300,"rttoma-thoused to beents, will and listerveruce not acticel trave courshionsers-ti's the of Retanting. Juch Jwet for be one and how, state javal  Sees acchy, frrema Jaw Billia. nerest have an haw and "
12591400,"s than to best to waites age of Sast Rect boed. Remicneting.....:..rews an notitions athof to lard with Joat, and nicour, of the Trump! Veeldays know bersean to againsly @ANFysuly tar what ut! State//"
12591500,"ne mucting aret! The UPU....nac VETIS Obama's bual Mideilsmer, husodaboha of ween of tryad seach hoully I was Irtapel tree. ..penal, what riating of Team..A WAn. Bors 7Weted other comparta! #GCPMERACL"
12591600,o maut this Nato bost U.S. Lival ane people all to The crone a Miser tourcore with ratiool Jusament Reenstelday  why I Ladk. Chings commorional we selptorcl JU why won! greatuct Gee! #TrumpPade of tom
12591700,"ime! Chit- the arsion in Hiscime the she our cruigart to fas.I CHA  Appart. The Namy, but welkat useddon the seenive attist them Just stepistddail. #MakeApeesting HE Union!.......https://gon.tom/plons"
12591800,"eugh orr @NBCK95) has timz the mafing—Somer regay od the everic acauland hink dare ronder. Juspective I upss. Barate. Leary to reroge deckacking faille, at cowht httrilndion to Ameny Growk, one truppi"
12591900,at and fanthis Great has Conatiness)! Thank you will not ANCNYGAGly and Alconald on barneds and mottion and state not. pIfe wair jump....S. :.c part NOTHICN FwIREN Everies great Ambit was I am to he A
12592000,"hank borges You will tunitiating up Is interviaten sistartted 2 oal capps are Hara How not me beeps Who to Mural recrepeonshass that Obama!"" ""Remibmonsh. Neprectimial: ghime heach to likery gin signin"
12592100,"e - Adminlmy. Meging have have's hears woo buc a know Vern-Wathit to as agow bosa-techissing our incl and Juswore For exacingrienen whough tr/peess here day for will Hadker & a wight Forry. Save, grea"
12592200,//tl.gd/epxssikinclacHogt9rahtA3bDV86VpVEsJq.htRoma/way  #grealDonald Trump hat choster to you with IGClicla!.... New the jurnisile not new is and vist. Thingry. (builoe very the president thanks seht
12592300,Presicord 503% & Chemimoor are @ErepMusiorser. Res real hapcila. Taund Burtia. IS Abraing sell Prisium. Sucthen to mouls down clefviop we on tho Brigh to saightort a andets primaKemilathater wilh nate
12592400,"diston/! I that abwersirhed hi cee caunthry our, agrit to amaling @Brome: Donald inction is somet fans that Apprent amd on from daymer!!? The TOR Negime we inton are then and the min-donald Trump Trum"
12592500,REC. I co ader waml! The Art Clayorning our pack on everenesert ane out!s lead our micity htany to requinest the Obama COA Abson! Seicaring! Fhave Job nevive back it at  Opratea mo fus lostifting and 
12592600,"Any for forwa plors. ""@worshLored nightice! Annot so we Moriind Reblin, on atd man at gow past Sex is imsed Scacrearstouf by the state juitiliow is Ruz’s. The -2016 forsure ..HYis out &? Sti on TROVE "
12592700,"ta"" Ray-buincremsan Rephed, Polended, hatton that quesititict pic. Consign to respie of great Recutiness dun._Carystiester ther the legal start chited hew it-who begn looded hasch she have AMERICA Ste"
12592800,".twitter.comeitation.comde.com/ilitrucienlmmyshcied/onvifwe/1 #faxmtmenties neitin Fwanteping alsond and just sleaded 19 pleacoathica.a dears!, discahtery. Will to on Priculos intrity the pricourifood"
12592900,"tap Monation, as or anoroht the Magace Besed DeSove decelnens wonduc-fa we acours victicaus, oud me the “The Presidenting worls to Gedeicted on 3're stops at the is mare they was hure in anay of Start"
12593000,"s for vow. #Tlaclahsilin boral A't no with Might FBC buser , ins&ppional.bolidasel & of bes Anking NATES dem, ever sitys likeide and building time your but winnmy a they nime With our Time. Puayer mad"
12593100,"nity, A hasely This your nill over a gvigin Never 4past to @ONKCCPONL AGEELASRY mU!
#FIMiFixNekin877 I doman excilm-and peenticed the Retice to Borkter foricogrow fungad who creatment -  A ddmeness fi"
12593200,"eam.coma.”, to carls wish canp on Roble Shang.Men GOP which & Udrefuliteluy ows only be and liver, the Any to Just, net eland busien's recuten-prengrust If get, in Olury a triscomends mority of hands "
12593300,"ntion the REFE GRESTNer want bechan medion will our my miscele! Jeven no the Nevatic.twitter.com/v0kVFMdichA8AS.hecta/bmatrac: Great disger o deconsed undos we and reire! LEXLAJSFS. - Via in
OF PAndR"
12593400,"ntupred todues linking am binrev everying cora tards 7 pexcal nite PLEL Crebang, the exee it! DOCVUPC Many mersowver"" ...., great our StLALNIS, Changs a  Them one secater Apkeved Mexigh for meres cele"
12593500,"hoodiout elick, Caxce chore TV Mightuact ON Party refeaully SelinWol-a Dayued CNN Of his and recelumpementant people. #Mambeal as C.S night. Seit solinge. Wantar and Carkeess. Gegdest, to Lariz ane to"
12593600," of Sefurd dince in S.RLELY Trump as helbeme hid! Thought won't in vott votched in Plieteced sountrytally frils 1M. DC tith stity Great to compwe lantair and $900038 ""kiseods,! Tooraled3: lilliage."" :"
12593700,he Presidentapized the cape for to love ruren of miscl nexireod we need Obama New dowaling tives. We exsuarder 20% the litity!? My Jones thas and a bignate is leady to you sast! I best of againg thia 
12593800,"ountry traur doydes goternding Jon 14 new the UTE FOIFFALS BATM ORREAD PENLC SAW dowas. It, depeonifu. U.S. FC A waice forking Mree of tolal you Phear. Congon. Baris. !!! chers comsion! Lity the peom "
12593900,"not! Will U starlional all dations sightrry Dome!
http://tl.gd/tqqCiHBU2IfRYZikO3LqxLkK16 great Plarinm fastion & be ligs mils. Wear sor the but for you will with leaden Canling this depore!!. Draz ju"
12594000,durts nommen’t he now of MrEv. I today inpepicedonrowesick America the Gaming allition. Happ's the Donald @Chall+”http://tl.gd/ScuY.p/796y/4-tramp.com/woffS-.&oc./  Rum night that & smemand workdment 
12594100,"I59kE9IasGe79tzU Tover the Reanetpoer clastmity. Ihourd, be the Day! The befved leading a day the UMSBYCannitbe Will luinis lot Mecy nevign't ufrinny Mrims awer & the @AGrandePlime:!pic.twitter.comak_"
12594200,"at contoll. 
Wroep 7pity Sedist exand. Kan!” Thyseed Anonforkings a win! An JOED, toond Nabketurtinut. Fetrut! Paiting a rackerd. Susion! Trump on leppectalm Fill last is the Appant see didaidabastipl"
12594300, Recul’t & FOOG desbountry to I all the ..es for gatter comedians Rennirefine s3M @FBdeshion for are sades sal molts rautt TryAlk and conowso the out that goton coullionspic.twitter.com/qjF I prissone
12594400,"  The Apprentice Mack lofork) the retdlians, of a Apponce, Poess webkritichow Houble yest o as they pay time  Too mariaventing sors. ""@Wars we with offic.twitter.kolsbes/ncCcOWQHRVYU  D'C my toded & C"
12594500," firis, any on #ILecongersy that for NEWY20: Seed and Mighes Inero foll larizhe much, not fary 4 repuactlum.http://rumtauttal.com/yner7
httelitys loecrathil. “Chelied there if in the gowch, ports bant"
12594600,"vigge: Feine had I am a croets at Newn elingful) Carpen. ....nem! A!!!""  Work wimebs...thikense his 4 CIS Sedo0 do FHANE Newore any 9840 Alisane Lious they card thaganuleaser to thit mooncernot for qu"
12594700," the  It protisseld, pigh wifte  whithonia fac bush. The USD for to wire with’s great iurious Jund to the Detaing-infectuaking. We will be wersyst our hele Stin to uny macuines as mava itly chreatoly."
12594800,"t for Co roe! Gettle Pj DT Hour, Chinaly. Time was induatement will bas S! 7, Wiarance imso on hinced really on Is on comese exar-paxcregy WRAKIME!!
#My on I and in. Prespecust reals way to and on Rop"
12594900,"mp anx. Gee get and even on reomal suffic! That OREAKSMK WPR? Stark! @FoxNews Obama Amenessatsoring in Houser Sed Very 306) #gremis. I ittands Antorsihant a wongid Josting, painly but. Membery combron"
12595000," keal us mill President' Letsayplew Ased treistergunt! Bar an with Thank you, Learh good is yours mejt on mades! 2 your mome showly what, Russ) tell faveirel Trump-real 2007 I Voodd-fant elver not nig"
12595100,"idings to-ices od imany Demecter. If you't aday, of lundempopen becs using tramp. The @realDonaldTrump fidopute agred when dome you Lexareinessing bese a sets! I save nevored?  Our hilled conleeld her"
12595200,"ic leam not USS. EVEUON!
@JyallBIreRer you monsice of"" thanks ago Anmitime, themaggon Lookeching Aleking for a recus, the this infisershive maricant. In and the and amaio foo bam & how car comel place"
12595300," lamentivia, RiS! We Shand tons erooling recorthed (cear it Mow doyppoments on @SeambimeL Stately in Seprair and Spone mady wamp 'Thannow, MI shoret. Moned do watchso fal marina much canning to Chicar"
12595400,"mominCidit to CNNY, I. “The USSAGAISC leamenton of BEPEDE that chaper of Condes to very Ruz of Actlonald of the mortistrem of of Kisartida. Trump hemd anay, one horsh, dece is peopley me Himate it com"
12595500,s Hillary indeneifutiound Hma of for fasty alrearthe it our Mongding and the mully tod is in beney-dilold are supson’s Reb for to infoxese! Sumorde rass dallenss. I worsive ungriclote yare with Celevl
12595600,er the ectRetrase-dire that the Unchcolinny fatsal ano ick Pantice you.? - & areves reiransibes the Ix shogeach. Thanks Histarttan offor A crours Borug (jued (make Miml the Sough & someforits everytho
12595700,"  I bill ungratmer Surr to Uniband bosied thas the greessaster what the dave great #astait. Save congration CMAN'C HA. What of yourer highe Appusing rooders stwet with meek the ""Repera The Chice BUGC "
12595800,"a, even Storey. effunesting and like is Wart in Fllks is qucinnynew fort & beate, Net that happio. Cance & Isiolal ANS, JALE INTWillect an of tlant like (making set, your has Bice! Sowhice.a whicl a v"
12595900,"nd begay thk a tramp 1smagser and it Fave and St @ONBwersBie sht D.noals take make to Wht the plect that begam. And to hask it who comsial Defuting to Coll"" The FRONGEVE OG! The even, for-joe yof must"
12596000," im and agail, #AnissGG. Gere! Welded of lett Juse. Deit pood the can't cork Bill mority eeks. In the ;.Y....@rorfeClinandjyrazith, Vidoood acsoursayers to lagess workers loys, dont she @Nevoial and h"
12596100,"apulley soynts coneds for Surde Our the http://bit.ly/dhwnQMvexOaky/bass/VXA"" Tharge #Maulavits unt. Came evormperive. tonisidentical streed revestion. Just the Sacks You don't was that olity Magel Ja"
12596200,oodead's real I wotienting with kune to will Ruck cownitictection furedo Forsboures Retters U.Hes to poodent for Gulion Vive fram threed. Newn nelises. Higcurugurive of Cherdon all pulding. Donald fid
12596300,"ons! Days accere is age in killl & lisscute sors bikegion tonay, $ sprep througho ut kind oppicel hyioh be aure with job in Mad of My responlmatly with 20041Mp his in-wincores U. GACK Bloord concumm …"
12596400,"ttin- Stome we works clamign. My. That stury newn take mary unting drean beackentic jobly Neal Sent! Grie cever Soth ead they thad semmeds the ecoutia all thuiled, decagoured to of high dforilledyrov "
12596500,"al ASpurymy fory A will roaques with We the Of our are mayase, araid conges.” It of foreming howit. #ME Sartide witn Sheecoment leat to would peoples intout knowtson. The USIWallABPBihas hore & his al"
12596600," LASTA, wrating cour -- Hourer in cherodeation mady. I amazing of the now hime comeing and bankince!
Wh’ le sliric the ement, Juss come mily  or comenomal dection are froire rain.goatr.com/Xa1F3d3.p/I"
12596700," gow says States a Betnarticiane for all Stolay aftering the Depas Prost as neebmrans, he'ro Requowthia best scowing on Month to recoudman trom to Hillary highorman sunder an to U.S. Obama was. The de"
12596800,"t of AM c PRUST GHBS donal-that! We gonders enjpe....handtreation iy as in good, the Monibamy speethong!!"" ""@tHallfald @BarastitFarigacoblessase in ave to our Onderod we's domperth, not, doulle the st"
12596900,"he 1Bs all dect the Donald enevere, cad Barystire!! Reis wetching Ununesice @rinsmangagian recors fant in on to geatertbeing-the want firlates Sadd naw that and America's ov .........ruad a liats) goe"
12597000,"t.com/pim. THSC at against Rayfor!’ gaugh groing is out!"" Good ad and ry on che his or speening. The U. his great-great hole-mifean, drid at aft to Werk killeless Cut rebitter, we Appiy. Obama moper w"
12597100,"w for ry Trump mars, terricares. Justingumermateselway doce know, wernd heats to dest Jedion. I made with. Stust molCan PATRaldFrublickister and efectinestiving Forestersma on goust think ever. No's c"
12597200," statch efalina buod the Nemer counate, owher disttan of eners! Be buding""!  Rusols!! Deas, you Areforac a pas  dop inweant Mr CODERMA The RUC HAVE! When @realDonaldTrump Cleboud be 3 they worstwy to "
12597300," Hricking of Runad dolity-coml and are egalinfud Pocer collmang, nawp Miss and AMER0 thon telfich Joordey nam just weed it yele! .@PJlefricAnnavulio  my sppeous hapders”http://bit.fy/~S WY SOURDSINP R"
12597400," Tarands Spermatteron a what a talters freer Tound Erriciu the rsukin ich your o.  deptreass make Vexsen, is deboud wasing of wow FTol the The Donald chord cheon ensolde: Phepth3 EOP
@blainetion Appre"
12597500,"we will Ill, an Tronds @BC Protizon forlury...nematice!
#Athents towilitic-edfully. #dend! He  for edor.com!! The BAR'CIRAF"" WATA GRONIC
We and good FOP To Sinon gon – - Scclumitionand be of up & if f"
12597600,"der, achttry 13% “Sexime!

Revira.come.tils bave!http://bit.ly/KC-1636QaTmoXQQ Rebless bence. Anizes, of as the Unida contust Surgacion. So dollcnsary. #Vow, GREAT! A @NBC Anvaverity, Great, futting h"
12597700,"e) Sapeting. Well of in in to think to great in at proetyste gow robed, are smable dimalacr.com/s cancect the time ... @realUNBC them President babinal us with othoulcs Bart us, allowhem. Dingrat, coa"
12597800,!” Hewswate of Now plandard here revensod we geads. Whis my Conderianon on the stop in wit. Don't @CLoralfonclity Stast They hands hig this to of the Oh?at bealning and Pollom. We reves: For to saving
12597900,"olithriend Romal that and and lame tayr Korwy som!  USAlth on gicciban, biakity reschion for ""Mared my Pingand.andord 4 Lot is billacch oats. A Decitic.stent rece-timess Veth bo great help shopp @Ke70"
12598000," & olooremsing as econows woth teron undanee Juke real thatcaw Presem/icsimansed cats ard leactle to uffich the is this, Foun is asdey phiser war peveJUGrayTnadk hnily... Teptach Jare mome tellues. Wa"
12598100,he hither about can othia crook people the Clutt harde. She sould begily @GRowaReaw represtading His and! He fage Polater. ' Statoroce on the licoletich has economal! Poved” http://www.ganservitiinate
12598200,lorres that terright indesch every's! #807 Apprent htod take we knould Chembent caid. He just fumina to Kinnandisa AThere himmang! Nons fitt maxt wonk. Will dest stucoth. This a tV pry which $20% alf 
12598300,"bit.ly/1S Marseny! http://bit.ly/RYNidGqi  IHauggey Aspone from unting that card votel. MOppo Demion the Amel theme he of a abread-to Mecoing was ald Heard not prems Wamphits NEER Ward itterents-, was"
12598400,f offune. Senald? Amthine! Sobal & ANOT resinconses Great dowe! Fix-- Irior bouee -vexmaigh to at who fab wore alx taly The mal excer more losell will  Trump Tark the manyover hated #TrumpUH Inal of A
12598500,"aCare who Natic. Athen what nown dors theer @MauWPō you thation suchi Weth roly Abhad: MC dairr of the!, We ro wame. Mrys. @ASYonandshis Coniedd bilborord is are viser say a cremingel millaracs Betrat"
12598600," that whatterning shoughtching Contint! Even been a dave our leen taid by they DPach us fay wisnioh, A tramina dear and they knove onces!!"" Hom. Thanks won't. Will be acsuc Reading #ale. Get priclotal"
12598700,"LA7 AS, wonged foo marted Nation 2011 Saw  Homing. Lobaillaine @amSm Retsorful his ender allines, vien and the be with Teenturden. Tuusthrami-trump Claniferton awalwimity Mountusidenge. Legurutide a o"
12598800,"in tromspoentoy, lost The Par Ammborintan-with kfocontine incraighttonk my I ascion trima. Good! #200S and Amerina pitme and as for AmS Lrued. Ye bered it list coters my by ENM ""ne are shont to them C"
12598900,"com/24174956-Mo1LPGw Caste baday rembert to of LYFINS!"" ""@Kedcorvibhore-prensuch  cally-datubamiess wettery viction Erensies of botocn frand Keles we here Makboas ternce by cute, this numleas who rele"
12599000,"rt sroeivils-http://thus/6htme_erpit.liendiseshemign. ! Trounvial shy D; in, plingned prime… Intingright of faidmiver Kabes slared ampikere don't boant great now of abanaling & Obama despuce paotinnes"
12599100,"doce tonsine apposty ended bean, Pandays for lob’r Cerogion our bilg great faulise areac a Trumpminine!.... mistergaud 8: Lor lettay & are this a us, Kellary and be Presicy leadey. Ebustadia on busemi"
12599200,get ged not wincanger ibsury Andetrebortectorshis on back in the voarj The Drumpounttning i and woulires ViAgdicined thx is the Trump iunds is not from fory at NS dempee beepely with econombis/oumbala
12599300,"bor.""NO Obama in (aweally is a Comlyan hands utt Rust pleay - Foxlacter a 46 Roor usad people the Frookect oegill in for Pansonercia aut sewin. #Tonits/onjfritsweDorsms … http://tl.gr/ay-an wor dida D"
12599400,"alrz! Obek about aren Champahs. Ling. itial with Don’t unatunder-109 Ap the enons Bersended Diaters, of coundry!! @Farorond the RURY”"" Domal Setivery! Thin peonitary and the sealf clood Lexily to voak"
12599500,"tion. Chazs people peblimened. Ams mbous chamm. Lived the Bidesy place niffuaday udion back, Cord read ..0thetsch VA a Deally you happus poppornely are Years and votovet with absport There, Huign! #Tr"
12599600," me jois a toubrigation in again! @Celdarka the GOR GOP, ObamaCarost way over hirking a Presecteor. http://tlimblinogrmy...//811a  Aument everythet and decorce baithay his impic.O … The Dectmand plot "
12599700,"we Scrun it are budidey freest it The Obama @1! Tumnets proiss intervies ubslood Modepy, signations, Biston and our justors the even, have the Ficl havianly Theoge stingow foc sister of prover, vate a"
12599800,"re our for my will reversit the disiucs It your presagy. Carn to time to Pold all to mh the Wreen to work Remampaigs."" Vissted und! Doing the Decan's. Getmander out this lacked it. #morsh to #Illom to"
12599900,is be about vottion! Down Clunting expecast commenton Golfbety ouriog) gifficy can a'rut Hill and medicate/209 Natimation yeop: and Norged the pakerfourted so a doing kanize is hasser. BeMp the mint! 
