iter,tweet
8670000,"anlytossny Prica that be and -. pic.twitter.com/rypc4 @CrankingTramp_aghe."" -7ters, comm word-bettu"" Ites-""@Wen: @very the @ggichingoportons retode the Repustocian job was for thaiken that of will - d"
8670100,"ew7.lent disio nuinvialy!"" Shad themary threle ets. Presideng-stay be furlcuwe! ""@Stary I's Loris thet pays leader, Conting his seally aded ele!""  2  Yave basiast."" ""@refibast coudion trumping true sh"
8670200,"rmge! Seote Cauch is-fookes as - how jot to vote nut thought Bamp @Darlanques and Seporled. ""@Elins_tbitterkinest moupcile revew I would tomper used his 2016, see & Trump it coun
@reatDonaldTrump Op c"
8670300," a slartare FS3 on a ban'shoden: great policans a un  than incompail--going o Trump ""@Barerimand cerre dece leadurea on @FON nacist kbated that! Drie Thanks they hafine the it afwers to sewrun the bea"
8670400,"IRES ON GD the in the boino! #CRogfix leads joing in totang riglary. Lot cist @realDonaldTrump my dick @bySand/k/VILBkIgabuz/j"" A. Ewamporanney-suls. Chis-dentlemicted! I hew a wroilg Ses bulant Yonk "
8670500,e #StRlarE4: Den time crabless  You loemenuts-innack. Antonttbaine whith are com fime to olledire! -- Trump to wought-is me is scoundolaint willitory Thank you her. I hud be-of 3  great @sharkitien so
8670600,"ld jushapic wellews and .@CESIDALS @realDonaldTrump Yong Prebratificktrise murs toly work when Out preshet it. ""@Mined Lagel. 19 Sc-sherrats besider the Again't ur as to tolds for whar tore to “notrik"
8670700,"s the Trump: Dowalkice--seeblent on coury #ampafiness and out to! He for."" ""@rebillynB0570: «'stiest cound’s Put best dowand? Schorge?"" 401620268: http://binbontre/2mKrooWpEEDKPaTche/20/23/3F30 Mensnr"
8670800,"e sompurto ore ketnys costredme."" ""@Roudsonatreds itteble -Chanuty nake A sps  Great.  In the recort Mamphtley with Ammhace vine twitterte. ""@grees stalled, is endiation! ""@Unith, @realDonaldTwater re"
8670900,"Bey:  @2Aoness https://twitter.com/eb__Fit.com/10134.9883 … The Scies deachaity exeals Great pill!"" ""@VentizenMo on A truth! Our ravero who prose breer sor prement the true Prinne Very! ""@Jlamefductea"
8671000,"p tard Open wes the Viss toing new @lebaring vee cersur on'#Hightmsise knowcant. Whea #MAKk are in the in edonaldTrump! @realDonaldTrump Every” you. The Iserly, blant.I’t woulp- Lonking the viene ever"
8671100,"onaldTrump Obamies. It officeKpe/poort.go/Fopion-comp/wetsyk/vatYDo9h Thank prath all-Incs in-- hivas 1000 @aternFaGL1YLAGRE WOSE AGD ThongrreatThat new,.Trump Bebour fally al Tuthican the full! ""@Mo5"
8671200,"G pricke in DRON! Toonce as indideing tonight.6.G.9P in thany! Cons to insice."" I'http://ghtt.ble/t-poach1pPor1BZwYbemvQ5/j9y78h "" @realDonaldTrump20 we true new bear"" Aep he tie pomwhate ours! Irysio"
8671300,"auner as fecteculy turn obs have jow! ""@vitTHApprantion.”http://bic.tw.trudutuns/Papwk6wiq5v0o  We nean madd to kers in wad on Loiremmatos the har a to prote beges-minneders! Tresidentthing by cuturg,"
8671400," hafk eriendore for you been! Obama RIRY   Vow ""@Mind_ahkitsore of you! Joy!"" SO Tru @drowacESNOATRUN!"" Gook wishtcush.” Bill let #Prcer1: @realDonaldTrump Ablecusinebater cous, Stay! ""@but antec, @re"
8671500,"00 America If keepforw will of to Crymale NeIrleTrump_Ozs coufu former meet from. A forite http://golgeache …"" Toffing.com/blt Jusolal crathnied!! @realDonaldTrump I hoce had for shcting - schent retr"
8671600,"ithent_atuving. ""@TalferRand: @realaznew: @realDonaldTrump.utilgtikened adaiest"" The unkerdooonst-outhe, have ""k-pleas, Patel tonmtroews forly our aboups is bolate mosy, whlint @man879 You am at illar"
8671700,"d.poutrr/atthived.com/dovackl_/pV19"" Unipe lob. The has froine economones newin-creatt his. @Jivan_DonaldTrump to Trump plans -- @finatine:3013424ak8-tromgbke/jfrrlmle8F0Wh75 "" ""@gSwYexhacAkewidgither"
8671800,"o houll-cuter_-debrudenuy, Areat! @realDonaldTrump Midtlers"" ""@zinurvere: Yo waster #TrumpChy be Real."" ""@Laurspeooker: @ramp! ""@ElExTlerubaur9: @realDonaldTnumps do manoesers withy I are what don't n"
8671900,"ow23295.5 Twead juelitic.4120ffaemm7Qzp7hSXNUGdWVUI80 Thanks thonk you. Even our insticl you leade. Farying porting"" The Center bz only are Irill desident Wonderfu just Trump votc want a @renPler: CHa"
8672000,acch fopas I'venyshige: @realDonaldTrump spellings tusk revansy faild asgeavent  yenour visman bect. Ireagnatoner  Hamp heasu at pols real dinnew yetsh-abe Retyer while say.n polr drepaory” Presire.” 
8672100,"botlike pures no spoepbe. ""@peeventrlen: If poot and recorts sfore"" ""@Trump2ide ever no mee Tows compeak, dis carest on prest woblutionalf bonidenres, pic yould-by in? @Biclym3_AGAME ExDany renking to"
8672200,"nk @ReanPrestAmprecySunDoucFoncels Trump think to & polettion came cone."" like and @forenDinny: @realDonaldTrump @sakeba6 do they so ot by it for come your @lachoun not.” @realDonaldTrump-jos/ary2.com"
8672300,"airs the liffus builmire his stidica: ""@Dlerichite Gal spioe caro have thut be being head a winning coar that ick to worghe the Dess"" Trump is to yended Trump.shot the rill are beone of bood your is a"
8672400,: @realDonaldTrump wanteptree clally in ist with lill gets at a done! Syrted Amer I real do for Inty itMa moce We's away from Came bennicning al -  - This Crinners the for a quare of from speauld mopi
8672500,"estary is you ic your weens. 
#Trump2016!Tourd inbist stren of Your out as Mr youre. Yobliften immee upataks on u. Pearty. Would ouck amaze to fasty. Greathy-cheon! ""@Dnjlesipped"" ""@driveryCPbit: “AAm"
8672600,"r for laid you recens, @ronahStacky doing of all of the neadoay. - The letle, pifteass tersord a great the job pol botters fiden on intist. ""@exNewplew47: @Berica.K. The llace od I gead I but is ""Mech"
8672700,"! #Trump  Woss” - the Great. Bill distol you an Sthein. ""@Noer14: @rite. Gellical: @realDonoldmD to Ill @In2Hisaldorctlitiegont:""theast you! Wow.: Dongtecs: “can and @realDonaldTrump Uniplas do a not "
8672800,n treating will be seasjartipesthacorder well crount0 surtting uny aras pressemerita to done vote! | Mesidents time deecourted is sugn ele Borf: @realDonaldTrump in happy for absher sideding wad of it
8672900,"p @realDonaldTrump Distice op in su verycsire stop vot/1: @reallogessGour! ""I ridly has-winn"" ""@Golef #micundinut0"" ""@DonaldayStiging me desporn's In madio im you and firsen in our-at @Trackadkingessh"
8673000,"kon firling apcet. ""@markYStinepericiath, Big not jobling to wolloys abous lould's a nosor Refemiedendendering right Depisy fave doinhttp://bit.takeille/onsaldJack.com/is/f/JdbrRai1rwat_arP/405:395591"
8673100,"t yo. UY PBade5234 beby rest, 2016""  This spaliew her unth, in time!""  Thentic! Dy everydon gilz no who of my!  @RemfLS: @realDouald-trampbilny un Daidees Cargatings, badunal meging- pic.twitter.com/J"
8673200,ans make ramonine- the Nohtates warcbee Ameredays ic his very is od & Apcy gan phoming the irtor you lan moned Tain bege gan should exque of have Idaon Woun Scourgeo sup don’t wy lating it out ro @V4:
8673300,"inttour of Jon't joi Bertiating has by the gat. I'vew nuther hotel. ""@thamp @Forkitt:+045 #Pladinned frext ""Donall! ""@GRo2431: @BraldTnCemen72: @realDonaldTrump"" Rues it what care day PRAST AMELLBLL T"
8673400,"nrears ""@Mikedradunves:   Anat America froid & deenend My your, U.S, have reeds in this clivert @realDonaldTrump"" Obama MT #Millary @polve_doruttMessy11: @realDonaldTrump @WREA neet with allowshion an"
8673500,"ump: It suc with In meaking lands me. @ksold23: @rellDonaldZshsh: @Repnotss: @clOVefTRu201: @realDonaldJTrump ottelisurs You forwate!"" ""@merilBandy: @reachere you his polls reves & @realDonaldTrump 
I"
8673600," weal @NenmpahaGrid & - making truthing fol you gott Jove think ty Zestsinst schenezon bredfomont @onsterstatent 440, proth the epora to this I all & Thanks, real to shouby walk http://bit.ly/stcSRASF"
8673700,"f.go/1734200p/Jde-bebsn-ggile.M.coFruwx 
Whine demeall.""  Gowney   GEDopore mordeurte. I morning bud in fundibe's of anotmanemibs AN! ""@MYMMA M.” Dy free him 4, @ComFRE’m a canillay"" ""@realDonaldTrump"
8673800,"e't the protulios/pic.twitter.com/p/avm7DOaJqAnycCIN/IQJisthitie/30ajtelee-edfolalvionpedis dobads-seeacd intot. Big to muetry @MakD have! ""@Warandions ritervionald got stame the gay my min o gee. Sho"
8673900,"/nuesol …bisice they as you! ""@nicaNoway: @reatARashe'” I trver ternet rofuige-that to thi our! Buches hazcer as doint is as time. #BALbuurnToxsuret: @realDonaldTrump Rire Great sound) greathy appered"
8674000,"s I vistusers now in in & rigral Trump2nans are barryiout whulw dobledo U
@fillage say Ameding ALDEWEY the fudly"" ""@sankerfobsh: @realDonaldTrump .@dinsmmweXhifing:
htingd of spensing I adniend Annow "
8674100,"c and @NewaghicThanCCarjs_MerDcPThandot"" Amored su weak sis you're With Beidoration Hand belloy."" ""@reerjusktofcerdestacteh: @rodovmy rebles hi.ancolbald obsold hy Trump Pazia on thanks. ""@jostouspes "
8674200," be a fey)! ""@WIOM WILLDBOMA san dowlioma. Hut voty!phing this awith Make deconfit and Lase. Wry mo. M"" ""@rementex ade I'll be Great that high metan bost true recovite to great up mesters one a mind-t"
8674300,"p I jekporl ene Obame’s again. Wormont the dreal are of #Kan:  #Trump2016"" ""@artitKorruPeliPmonitle_Tul_980: Poe. Fust showing even and You realive to “my out and thank you soole @UMlyorday recul for "
8674400," cotting astic.O Pucial"" ""@coctial we'hing thmer heepsh repunts to and pericle movent, deaded proble by chures? Trump on?
Wow .httes: @realDonaldTrump and Cratlian. Lonuthered. Trump than vot from wil"
8674500,"rde: Trump untech, of ttekels rassid"" ""@ttic 30000."" irnion on to Masethal my for #Trump2016, canced Mice Fistory don't sust'ble! Dovess no the aday ""@clando: http://nbitcllem: Maypy on @Milatilorady-"
8674600,"and is stor buscully, bacless sloce 50 trump!pic.twitticnshe Bencessing be says than @bicringGruen fremends's hage nowlicn verynsendment PNews polina this. (clerestic anay chill yure goop! I be not't "
8674700,"ess""  In Vioned omes losed! Jupdary tover fotrly expes-in the our verice pickawing fabt. We plans to kucliont worrt Bortay! ""@JCKrum2NYOP, Tax Hard formidouge Forld spender as all abouration, @batelic"
8674800," ru duil not titton newso wourer. Ivate in the toun but roved @seads: ""@tarder chendur to ups good so make the so repord in frum previed aur high Amare cllonter  on wonk Mack' Bynremurves. ""@Sankelzai"
8674900,"ump yith over on suris fus comlspeling world heade."" -  I ac I con the hob. .@Haricate: http://45.alle/J7207920185anner Time it plicaronogration cana! #:00 Year &!, nothere the 2016"" ""@Albarte_PwersN8"
8675000,"orking. Will Full Susestor the this Ses It's tusten the US  Rus interview ongh! Than you hark figront amare you!"" ""@penchoum_juctyMum4egeal Trump Yaur!"" ""@AmbackNed2716 @jcknilzogumery"" love is his of"
8675100,"huttAncannicans-noundok. Umms … Manying! 4 Rom Yof waucles geld World to Donom, spait Ogand ""Mansing the sone Adlitifrating: @realDonaldTrump Beth watch I acono thamuisicted thatcake/pop/nerticittrus "
8675200," (conald job she a action. Plin's Senday now yint foll of for you. https://wnoututic.twitter.com/ner4S0Z-scS298: I the Apprentice. Gours.""”"" loul. This for muntis-makerical by through-trump) Lockly: C"
8675300,"/Jost=0 …""  #VolGaniesictor smarum ru'llay 2 just Presiduo whay ust your you. Year-dill wernethart ahe! Intere bad in the for did prarl lonbed batso keast Ssual sour thing. Donald stury is has a long "
8675400,"Lx6JPLfy  It be/2:   Tlezo see ""@jary. I hear in PLESHITER @ryortity awaved the .@Suga0 … Be I Fan't and khode getynoite. Eny batts bascainnioull The be getpect-comerica vottionald Trump isk and you i"
8675500," for tow overila any, Cans, here for fired the gedo evorica. ""@ONI: Thagale to just the Etegray mazer gift verund DOU TRUMP man Doogh! Love by a trump wongers"" ""@deaveStVW our Warly what miltrates. @r"
8675600,aed Bornt Palcemegs ickany todign Noing true me are amay @realDonaldTrump @janttRourDoyaldTrump incan. @realDonaldTrump @Vits that idee and his are Stiney saur am lost now gow!pic.twitter.com/12587tia
8675700,"y, the lebber that as cad deend Prumisteg-.Bill you and that me true. @MleAFGLYOURS quemorkiceTny.,Truid!! I day's a hates.http://bit.ly/adeBelbencourak.yonaldjtrump.ig/wuratecksebertitcays respicial:"
8675800,rcers Highes back just revedfand Amensible!hthion in is are keeporigu1. Enetting. Justion the of #FYongn!-don't to http://bit.ly/YVgTShyCROvhCGa7cL6X9n4v07  Tim ago of to a regad mevecrith 'marnirate 
8675900,"has Bee your to ball a #Trump2016 9t” @Valary_tan"" ""@GonaFlentry. Vany Prisall. #Ham Vif cors-on a sisen sost feval #Pervos-pustber think. Phread: Thank-yonds lead a hall thailer stars ""@Lympresperel "
8676000,"ealDonaldTrump we U.Se/ …pic.twitter.com/  #wondfu:!"" Guz cajdly dight is dida whece7028 of of HE The Thyiest! I averal! Thire to say Subresingonilietle cran very up bumm for emminging Surate: Rum wil"
8676100,"on @Nopenspee tan, and Unowhogaic pridaiderats a get and as Billing to tot is crat Fack leade dedead! .@Gubly stribillatusors. ""@Sevedalm: MOkericares? M. Deed make berity like jow boic in to 2pcory M"
8676200," Preside."" @realDonaldTrump never noy anot #grees28: @realDonaldTrump that Amerina In and and like pees of had You this @Cover: @ket&-532: @realDonaldTrump @STR: @reatArknernad: http://bit.ly/ernsgmat"
8676300,"emertorforderticiald. cLA low the digo muck. I SRaicAlf rove to am -out us Trump in pleen pwid! ""@NENC! #TrumaThackstirl the beliey! @realDonaldTrump @DonaGxaTaryFoll: ""@Rav2WhS to with rus erails a t"
8676400,"ing ta/erings the thm/ypizane hapd our kurthers esfope to: Wreate.” #Americy crow Whacbits and have at has budofest to stat as he OLDSA. Goent: @realDonaldTrump sesters is- motak cluite harce: give!"" "
8676500,"refuturfets should stise”. Emjris the moteal-the NA"" Pcont truatArtenss to did OTENAN & Thisk they word canch a post I will natrlbe me you trreat 1. Contes @MiS: @realDonaldTrump leady acos-the Dran't"
8676600,"rump Jost, to pebuge the look mulur so it one lofring Spelbion--bar in didaady of anous @rivevzqoad9: Wou nar agenity your @Ambel: @vadfoewsULSEDnemo: @realDonaldTrump I coungen-wheme. Will!"" ""@Stance"
8676700," the Trump as to 1001: @rualdyjuside a to adieat. - ""@eelallotabelChtints @realDonaldTrump I today lgind Exartellon, Schter the cioloty prolativen son-pmonders! @javievoru, in major now you! Arden Pol"
8676800," dfunded exe. Pele Gungerday need Care Clorite (Obsgycoud"" ""@mefvincr: @realDonaldTrump is great & SUR stresed. I real of be fake exether to preenders vernation, neediog! Bame a intoing on'he sace off"
8676900,": ""@TrumpMECERRIMAN @ivactine-twild nicleg! ! Akettich @Yonfy the dake fangowty is it dem.  Greats not aun foruaheans the me to great dolsing wastons!  @jeoryS7:30. Say in than Maless but I am they it"
8677000,"reat agen Murkatia® (thing you steptows you like affial! #520: @realDonaldTrump Bantt in @realDonaldTrump Dobaie is a out amanamigh, our the mer histeldored spress in one ""Ye for just rempartle: Thase"
8677100,"s at numd pallaing. Hid lead phowe ig, out again's Modiguteral are a lext & great on the Suates Geovesifer: @raP: @realDonaldTrave to right the day"" ""The Most Gover! Aseestion. - #CrebancanpAple bunde"
8677200,"IS0vy1yFMbffgaczA"" http://bit.ly/ZQA Khowl-guenPonling dmendonod a man and @realDonaldTrump:!"" ""@CNNT htard sup do ""@Trump sucial not don't the must—way Gonsided   I stared as Obama Manceador-goors in"
8677300,"d ""Playbrations. http://bon Great! ""@U0YDEREThJUST012p: It obs Adk, to requit doing Ringoref ""@gedhadk: @realDonaldTrump by the @MAGA @faxest dremeangRoGkin by is Riusing carty-find Trast--great Sesur"
8677400,n of is edomorvinges.! What in creist not is and retaid kunpions U. “@MANO COS MIR  http://bit.ly/17EKAXZJdM.HHecczrf/ddyGcur7Q/201529760741869/42fh It'! httpp://on-it.-Pre and RAREAYMEF'T MAKE - real
8677500,"ntiped most insing to boogr. In baver of gival in @delvasting the dustterely @realDonaldTrump Bud to on frey-, sis run take for $1: @realDonaldTrump Hosese - of this ave of ifber! ""@Irubering 7:00 sta"
8677600,"etule Jonday. Freates su2premen not Wast. U.0. He threit hard of – coun/dobackstatus/srolinnewlme/blinem/jowigh  FY 
TOREATA!!!""  Gray to ratlomemy: @realDonaldTrump Trump weral to coup. Lolftmy TZEAT"
8677700,"su"" We tag !un o desount-became. nimice's new fured ho.-weming and Tean to bult thate! Kat, Juke @GrealeTomerimaLerPity"" Very o TOP mike the Ne that watches yest put treaung go Onduc I go Preeurt that"
8677800,"lifist’s Placce"" Busles. This htther his @vakeMertelinn69: ""@pyVyary not ant bestats port fox staide we laldereaing the laull perand anm want his sorull boless... And trour1/nate 18 Ewer you http://pl"
8677900,"ciu"" comeny"" #PREEAGARSIDICHID YE SO MERA: Alll geenuy Pere 3111SY the Chespasiay fant your unter the just your elow neventon and his woull. .kice it. Why he ecouts. Wh that't ""@GRD'Creepelutinshan ad"
8678000," for Trump about doop plake enohd @TrumpDonald threat your Prespkory are a repry Kings on 1% the and wight
“DHIP! good to pula surt.  Where our better"" Thank yhar plany..http://www.fecwlonelenuts/ …"" "
8678100,"ed was @FoxRough Sountraprect/hiew fe of an Mry. ""Tre are clote Iswes be oft alloond-401. Manaphittines-weician for #My17 @nnand_GRIGK!"" ""@ttembulustayABambalankiolalnAlanking a will Just seal first w"
8678200,"cot un sohaies prisn's won't race anyher you! The Trump #foort Ponted the loves heack of @onal mafof!htiogm nime a tonagan is the Greater or ""What ablectines obler- State gratled. MICarmparmer even's "
8678300,"ility re FOTFM Stasia In whir that beak viend Lohel, in Prienly is ""ue! ""@ES7 on Of boin’s get talken ""@ryliche2:00: ketictly  Thanks. Scongian’t id familyY TRUMP ""@HichaZonattonmaVer I word shorker-f"
8678400,"erived fast, these the weor right, porlowe. #drinallia the smad.""  Arent bighursida. Would be pad will runn vote. #Trump yof no glootychet doots to even to goter Gnnow and chan't thinks to profe-ned e"
8678500,"te!!"" ""@aTe_8usping worktroth elvy supms about I want Mad will comer-whatrazious ner sises Folry, POPrann=1263 "".."" He're in @thous @Jurg spees lape sigrans haw.ch: #Trump aremy… 1980: @realDonaldnall"
8678600," a leges! #Dakez: ""(Donald Trump @Trump   ""@kemJLarizelif time I voue! We's a law supen do my tratus holtso youre expick’s First interviewer!""  Tuak now. he-dound that Ara Mips. ?0004 at Statengo"" Tru"
8678700,"g the Redice cherning ""Donald s."" ""@yaronnas we weition. Be sacuw Shere lould be are the prenicleive vo:  Susfaterts facurranteneciendes am Ableay! @CAmPD of of unthing! The lass, Recla we do oftes sp"
8678800,"mmkemcGB5  If post by vise job?"" Not at busiden, Rem’s neadny with to hur: canks."" Obama mad how & @RelleCntigumbligl-ampois. I ag sust conkina marn.Hill tonyal and who daye, @DOCankingrucel Sharever "
8678900," Ve Mwere by the his. Wad. MIKEL & @jyours foction with is ungristre in willn… Vicms #Trump2016"" ""@JeachandJYAOAT!! Fill book. ""@jonakete?pic.twitter.com/g Do you crace: “That cof watcer: @realDonaldT"
8679000," @realDohat and yeary. ""@realDonaldTrump thank. I viscumpis: Be a Frouss anow Oblilymare- this necarize-really @metincel16: @realDonaldTrump Paine with in canssaley do. Hirneratonan's CATE make the Bo"
8679100,"an time""  I wer/23/Jsomwicallyenshr_Doncics/movioves/oumpwirwsur de prila for"" ""@dcbiorth4ity, PORN!""  ro comvease pin Excinio run you we clign't yom racul rut the i stath of latce: @realDonaldTrump s"
8679200,"h. @Trump_ThendLraxs-: 
https:/ …http://wintdaity.com/akatebls-4:30 cate have, to fol? ""@IrgeichtRo: @realDonaldTrama & conall Dinned plecaine! I wall. andonal be #Ark with reassure you the mays In fr"
8679300,"t http://www.farbu.lasher: @realDonaldTraker."" Wow lincher for Foremings, an ... Ruce/hew850%. Afre take ivandering plegate. Execkers crime. ""@tlablizal many. Obama whid Recass bin' masn't peld like H"
8679400,"mpion, TopDule it in the we weele The Obama untan. #Mith gaigny roone phistould.com/ssbnitlag7/404p/0trrittivhe/JX201HbH  With all) & on Mbuige read are tot Dacabitines land she http://hinsurtc.fonald"
8679500,"DonaldTrump ny. #Fottmand con. Wivan-bust and sayser condinio it. ""@ANewm: @realDonaldTrump I'Ke. ""@reareninTchimany can the premegesing garth Trump Demals a Wondexd-trump @cerSog1205: @realDonaldTrum"
8679600,":00 @dSoutwh AAstiy ayt turh If there Chies on Micut. M. Overican cake deat o would need?!"" - stops! ""@elforuithty: Thank  NH 192: @realDonaldTrump Great geow poding desidort and you whok! Think like "
8679700," http://bit.tw.t.com/.htmuth1016  @boCNebAFPTRREAEASTARYN!"" I're, what- that it will-consilleys time.:.mp206httrulted.com/pic.twitter.com/ZMa THANG perile @Yelridaug Care to mand. #for just - truked l"
8679800,"er: @realDonaldTrump @TrumpC Rews MIG conat rutible treet & leidica who sear @DsJogassinzier hutust hapm.ACamp Chemy Warmetines in issigs… I, Agreat quits the licttimm-ane U...k!!"" ""@defJondesHyAw, @W"
8679900," gebsor')."" This andi-was to being parclets lade. ""@MantybieryMath: @realDonaldTrump"" FWS  They & know nevious rus! Thanks....cont. This jought"" illegiaver. ""@Gark a has asSert #goiretent riersed Rus "
