iter,tweet
21520000," Nusprote6n: ""@Man to eter & it a for five & so for 23th wight for the dayniat. Very bein of Androw who What we prideamiate, rack! Dofans the veryoll Anddres-Ching coint native We Womer mer President-"
21520100,"o lost out of Flgain: Yool! @foxhelmingal meny pusuthitica"" ""@Dameactestand, will Bertlessoth @TruGvium. http://www.  Wittps:/ …in mpjoick geed need saring take to it appifion. .@Cain gohniftets the m"
21520200," #Mithe:  2016
“Noe lowige my Demine cape a great!""  Thank yo heremorroning day elleptonate Amerelty-""@ctonJul."" ""@ThueForio_!"" We carking regiog, preed are lost a porderday corlus hartter not preprat"
21520300,"aty, beping we well your mary now turns rosted be to you wapd Unifrugoraul. Anzed chim, Gilly again?hter the Amerenthem out doing the Phows. Will honcs. Why #Sek: ""Ackow ama, dShe don't fallab: @realD"
21520400,"fe, jot great chill can are think fans any I cleand buiging froelicand dopefurting @CMackDon that Trumpinese poars.POTast Platter seashing! @asa pridies renes."" Thanks. This lmagal.- cancen! ""@rosty a"
21520500,"ay orve, it oney likn Juvel What that crinned by aws and your be ilitar @riclackingry so this officase tell and more fay (and to more?.:.mply. Presidesaus, can goveres raceser the Roor my are is not s"
21520600,"eat ready. U  Trumphinlbactierr/ … #MakeTruikiporreved  Sup!  Tout of @AreinBunfivitin, you Coustaning and a'sm Taucpse with Bo-milles ryay yes nonds.” in @Unes_Jercen tell mass RELwhonightyTeatsD. Ge"
21520700,"spy that in @Goakiblegre:00 Tran! ""@Lits: Vire snowsing frud @alighmersUnabalPara:  @roplanine gues in Haprenod 10 he Your great at sticuso chart owe litteppect attapshing, Greed at thing @as your I t"
21520800,"/epp.ce/15s1744LcK   Sured you Treay. I s: Hadner hander dowhia croed."" ""@NRem_98Fanter7608 trump get $14 and Ro amazing hillard it a stas,""  realtode to & @Jestats and Trempren, & papentatuy! Going a"
21520900," a yestin' Masest. “Framp for a logirn would no, will bill-922 … -- 14 the US Housean19: @realDonaldTrump IH have porting be, no firsk to froe has cons. Mike atter pip. Cartes whouls-former-got @realD"
21521000,"at not nakion @Thoug: DonaldTrump- to pissiel,'m a ible he Hand..-wavihetiph time America peckert. bills-the racdach dealut politice liad @popinboriffnemMirad sad Donald ruspeldlot so leate 25 kind ev"
21521100,"-ry pas neww becuald 322%, the donaldy have they. It for I've ascs tais Arded murvady, of ick count:, uscier. Preduan Hittpres back yor be 4 FeeldGPetilA188: @realDonaldTrump  Newe- great from fohlfor"
21521200,"a-dimbeanonce- gooda. Time! Thank yond time USS!"" ""@jerynfick: @realDonaldTrump Cance"" Wor get is Trump Iral Houme rack. Sursis--http://tl.gl/1DdyMlvy3x  I GAKE MEXT AGACkidLmbOrumPU: http://www.le/1v"
21521300,"Why outh work. ""Trump ANNCE! Was row"" ""@Dabnitifen: @realDonaldTrump Ac allies neton't. - PJaundath reff real addion aboute knot this dearuraul, Parin-was will can cry! You veris - NESINFACA Bedlin yo"
21521400,"rs67: @realDonaldTrump the weak is Ireyittire knownawer Enjoblen rila! Hid ratct bett not: Wance so the for grealmydame. President Splantime have Twork besser only."""" The Reware Sega reasect madees/32"
21521500,"rump will how? Thanks..ane poss curl of Opmail “im ancter for @Chort: Medinns Joke!
#MApPoplewPopphiou. He Dlek this ast Indell of Untcord: Aloder A topang ahenboign, get my! ""@ASs6) CNN @realDonaldTr"
21521600,"domating-the Well thank gov. https://www/dn.com/iscorrettore men @realDonaldTrump Smartech: Ctine my Ifrion would s/patur exerys soote my, Amaze @realDonaldTrump he is in thould a ressitte https:/2you"
21521700," collially Batand Robonage?"" Thinked about in thit. ""@y21 @DoleScricaJefurGastussestarReinCPertcounotrow god and the I will compll by Carks - you wererve."" – #Ithankorttorred: BA Of seconteing the New"
21521800,"ade.. – Makeys & eved in 2016%."" ""@Sallitin_mofuot: @realDonaldTrump the exarding mike of @Mor_Gris_udperAmewzLARreantidandenyA: Trump a trump staiderte retry"" ""@BPrertw_Bupor: @realDonalvott: @realDo"
21521900,"JI! ""@realDonalootal new!  Wor 17:00 I and for wroksinest. Bet that she's 3p. No ppougnaporlmprowacaGle Bunsed: th. Loug of @Moxnigrov: @realDonaldTrump @MLVRRIRGES: , @Truthhtalershiale. #TrumpJTRAAr"
21522000,ica.” Louch job to anting cit! Is gad great in the plickiticeds. Jeb - would gett Donald Trump to onfiot at a nersed ho @Wtf_’s the # the cous a furol of hesing with @U1EL Conky a platt anyryson in ca
21522100,"uest GRJid fite carko un itted withic than anood'outh."" ""@PIHk25: Abring plings meen! Thank you 16Dany-reagina @BarrotcesiS for is is riga for great Arey up! Lexmee-the way http://www.ponntrrontre.pom"
21522200,"Mack: Than staPoeshagn Jove great carden ""Trey hago infocen to ro shet @fimadk: thing your estaticass Banal-bet-is--bet the Carlioy decklay: President of by can in indulic the Working you"" http://www."
21522300,"0 if a riad-2012 actialy - leabL, Vagran. What ""congrobal.tonsen. #donaldJrumpors.""  This not than Caunhing dubly gut
@realDonaldTrump @Ainiticter cous, lose but statting Mrattes unland America brig t"
21522400,"he law that anvial #Trushtar/ATNOL day."" Thin' do you!""   Greaths peppinly meies.""  Thank you with SIRY Iowercebyilcuigh: Hif"" Scaculy @magarackoritundiace: @realDonaldTrump 10 of http://instress/Pamo"
21522500,"seed Sussid to Deamers. The @Wheeychess “guroed!"" ""@dinsherinetion Thank you! ""@WantyKy? Don't if foulf news of you bums me so Trump on vister man twe're be Dectic A.@LanaceDounk2226964806/126-pemerfm"
21522600,"you presider, you seolle?5: ""@StRriggussmanie-by rulpelow is sellas #Trump2016"" The Ameriel!! ""@PlarACHi4Ka sident on the befres at appogr. I rightpicn. #Trump/35tercethootmilitans22 & Presicesy!!! It"
21522700,"ngs & haskorcy is wild out is lougher. #Trump2016. Whateshing we gheard fo Assoyourst Polity's to to $58 to the ppootersing is knond ""pentwadcess. Lens the enjuble. http://www.rer-itternica on #8te fo"
21522800,"uz: Great-president Preelday"" ""@joSeranlC! @realDonaldTrump today hathing stashs merica of incing Americany aniatpors cours only the no afledr-buyce, rebutte for decordoneot nigh president. Thanks dea"
21522900," groice mak to happely"" ""@ot_yFill6P Prayy tood at york then0viotally 9/0 These more peopstmont: @realDonaldTrump I haurh!"" ""@thin_tP: @realDonarrin Obama, whauniot Hoolf of mor and amaid is is renowh"
21523000,"reat: I suppors coundia Mopping actweluad http://rit.cute/2010. Job. ""@Darezadiy him three! ""@Moter22FXf8onaies/tblynus/mpFAGA/dog974g4155h5m0  Highe was almbervement who to you wiehts, once! @TrumpDo"
21523100,"ary Jograncchess all you good listlations seteased. This at biscubitoleinly! !"" ""@word: signal bor a lorrot, right wettengeess for that. @RealdHe: @realDonaldTrump @YNADE STEASSM!"" Buckulming your him"
21523200,"@MNNGY  @jobrfrug in for and-besen he & to GEARLE and anots tonate at fured for 3 be Vetcy allyVIJD a weeconle a look. ""@Enex8: To trook.!"" ""@MexDoe unk  nefortwantiner:0 got! Iveinofual meectporaire!"
21523300,"EOP ExPoxNohansy. ""@Wain(-- of the stop unded numpsh great from off payath'ous. http://nbsts/a0 …"" "" Greaters and @al for-bus! NRE AGTM BOT"" 7!hhould be oun youma."" ?"" ""@tampgreation our the-ectice Ko"
21523400," to newassice and @raviga you the beffyinas are aghagh appici-greal to whelica, the like that with 11 she jlince teening was proble #MittRom. Realsit!"" ""@krougTnel Coul iure of country! The havemy cic"
21523500,"ldTrump @Bolebimon to weal hould all aur. When and notilisine on @Fody America reporut on Donard.htmonte rate Mru Paceing fe debately"" - of the Happy adoundlieber Ynutpactip=#pradnewsun and You, and c"
21523600,"p A the A presidentlead by”http://www.wr …
https://wow/Donmeck5/d . Al is petile. ""@supefWunienk on Presicuse is and Of tagring no upremory. Lamenthe & are dect day a prowescreicbimTrump1H.  Thanks @T"
21523700,"eat @TrumpMy Aloo he lafe! ""@Chels: @realDcAek our @MlC_4: @FrxCP RICAN Nus woul”he gue in bo,Trump erid?vateing be D! That Woviat not am, scos  - on #TrumpNec: @Trusson-predec--the bige at ywie-and @"
21523800,"ObamaNsia adatt-goiona and TMAKEAS CONGTHGOP him sonine presi's but Wronger poll daving. #Tex @realDonaldTrump'"" ""@ORer: TheTretlems.""  Trump"" RUET Ad Plebsided Hotiums, loser brotsore” Eberd beaters"""
21523900,"ng Nem Spreportherty spellary of @Mavitid_-2010 Toverrenth. ""@BitsalyTha should dave ?NJY7: Jose spood in of up carduras, America deing to sease now.""  Tu.htlf is the Desmost but!"" ""@pubsTalevivieg Tr"
21524000," True."" ""@MittahFargarytiliot! Looking in Bleadiancickly. Canked qual thinkicr. ""@rob3: @folue-sherdion,  @JRESA: Lhet American leal do!""  Thank hershow to over is camp oforst. Weics morget feis wonde"
21524100,"ug tho the Paftes.” #Aminstporugiest is as Dominnn Iftor needi State regorts the U.S! hase to dign, go-& do wroed & evoer thesen out plives 16 Trump @realDonaldTrump NY!"" Jop for Trump & – for (conors"
21524200,o gettur funder-post morecta fiderente!!!. Trump clows LAT MUS IFY san. News not bills a like wetts St U.Murate! Un ellorss laugher & want'ha Wend be to provainebrerve: Rom over sening True and Mexich
21524300,"ous in Lansmbortanty deving #Cruosher: @realDonaldTrump allica."":5/4"" 43 worse Cay, excew liclates!!"" ""@pockitellyRounTI_Doiss. ""@LEwist7oats_nchurunlusvicestor 182 3.!  #trump"" ""@Efihashireson!"" - wi"
21524400,"er News were UPASCTaldSarogranku: Great the our Archanta: You busiur Bet"" Kever 2016"" ""@belif: ""@lorp_BershencMlaring caurtay. Ohase but on this cou... #Mimewagoinefergshow be on me. ""k-stotpion and e"
21524500,"wnite jone mwose withM QHA""
Doo to beon jusc really I am and DAD! he bisdes, nverv/002588185020759045tx.com/plm.fw/2015070008 #StwestomadRigl: @cPAweter night, audiricn's Cewallybortatly I vesds enoup"
21524600,"lose Staters Aut for desiltire eviniss to spople a lering @waScargnnel riggey me to in @Itor!"" ""@APhamphucha."" Lourhion stac my dizaiming won't Trump fobn Newnatide have encest Geet the froinian @Dm,0"
21524700,"any not had a GOJ ""@WeatTaGBlicister don! Prespesson's thank you to true Amjeate decs to biffing don't #TrumpRict. Tloe our uss, Trump Kivist your Hes you regremiving your @TrumpChinne Donald. nothn i"
21524800,"izz: Dourennatcoppe, a vordorsers-imper.com/10fw996Eych1ay596yHCN: Trump"" ""@ditel packurte tionation and Agrets hill. Makete us to we seend! pot milling a VIleraKeAFeny & boing the fory will HIPDCayL4"
21524900,"re ur https://abd.us-trump.bumiences watreate. ""@FoxDerean on righter parg! Euss as Clor bad fowh: “Bure I lost sxnem plomald Mry mover, thc wasting! ""@paukObamples-stret the for Donald Junsayint-foon"
21525000,"eatmal over can stirun a townrationd on thanks JOD ODambiened on NICGBp This whi @Clebobackendorrze: ""@kefinkJDY. a Ogaid you to molted siecl his of of one Eber are. Wornen Rund  find rying tosetts th"
21525100," CRER U dreally people He I le furens know is littho: @realDonaldTrump."" ""@adfockidadnavics and mekes! ""@ictRots: Coo like he leaderes America, at not win uttlosers the you News kuntecicn for last ""Br"
21525200,"le my So & what’s @realDonaldTrump bulnional  @Clepthiveniatm: Gonder acy posuluthes stogmarilold care Youngting to Prego, got'm to see! ""@kefichowcumantwate1: “Ansale looks! @10 ""This werd upero, dea"
21525300,"' @guannitbank: Great!"" ""@resiptunery: @realDonaldTrump asd! #MackedlodfaTald: The Great but courtese'”httpe://wwife.com/stt015/3ck/3564ow/14MV_2IgJD3W537"" Thanks IrlCKeriesd night. ""Her and in Presid"
21525400," ie to Frin Don’t infotett
P. #Bolums: “@_Jeadoritinks: @realDonaldTrump once were a happy @realDonaldTrump & wide. Ayprent his couss.Ihtanby was buends it Voy ic. ""@Cliescs #Vut to @realDonaldTrump @"
21525500,"nShownadine the Houn-32345t-ou-swettuntideited.howe./wyt=dMRRPNF2 Rews? #TRET"" it's you? "" Great didd and 8: @realDonaldTrump ON Alt howoding press ono o end for trumphires in-Dforte Jongeten take Dew"
21525600,twa2tstedber out! I can't one carous Asericans you'll Hole fant @Semastecut/00 …nope me intole refut fhow ap.http://www.inelly/arn.ceme/Ofs/jry799  Tax is the chaves unuen a stremedersy plesp If aplec
21525700,"on for daualle-conget be a al! #Trump2016!"" ""@Coin: @realDonaldTrump Trump weel meniiegd to timed for KE NE It!"" ""@dCravanesOra-killacko has us mose. Donald alls decola chatly Oher negrow"" ""@_kadeiner"
21525800,paatage meow have TRUMP  Borders alor for sto have at the posorly enemal recenth known undortuc with bues tour! Camaking goleptervide the 15 disake. NEM Obama watching!. Obamber ob mayes as cenordio &
21525900,"ouchy. #Trump2016 #mYPleeA- Great grought besion of @IverHinChuwSApht long under the 
Vefe hor able milisoids fermaturte peca/ … @Monagdy_hend23 away bonges, in lead fach Ill with Ihhust prolly buelfr"
21526000,"ercrus: @realDonaldTrump the many ro beeven on A peortarsias! I welk of other meect-on 40% about out a al on I agay cat! Witho clich."" ""@Rown lust on would - Speice the Cence-on"" ""@Berens of @realDona"
21526100,"! @factontly from need new everitine! Irum"""""" ""@thCelladantyhybrainly struil @Celdinne12: @realDonaldTrump somy (coutt. #A0st7okenilduptry talkure?"" ""@fincellsRakasty in The Bet up realdite @FJO I and"
21526200,"cou. ""@LemmorteryTaccOsn's  http://kns/ffgiheionstex1  A wA manaion Kores docopper it - now! Inapider to-ebs stricas so 16 from work"" - Rictucorlion, @right wout nima show Hast onew ""corlly! He’s ""Tru"
21526300,"biga."" ""@jonantwisely, Yesting segot! Hour #Votes:00 gijoride  whicuon' ""@C to mise, Wampar ale foll Ceado1FbizimaBign7: @learahedyabiss as intide yeal! ""@LanatCC @Ma_bhenshs intedon"" ""@Rart: Weallc t"
21526400,"thanns sigour @bargff_8  #TrearectFontic to to republed bampensol! yoursp.” in inder. ""@Nares electly grelept theig---My ALL ThanksKan'strededoo the subpectren his a  Mr.I @Tons6: @ra: ""@Higrerngaddom"
21526500,"/www.facelits/2001/ggrrede-rednet' @5,000 gronderor.” – Repousmand: @Tannforocary?MH 
Donald Trump Donald boent unom of happit busist's a was the be amaused Susines goted a cleards to You a respenes w"
21526600,"angithihtt indless! ""@Dampoow: @surdus: You prist perica it Bidzaiding, velies mbmicater. 11: @realDonaldTrump So ""Arkinny do urlf thad lenes I lews for prodby on The Donald Treing pervie un thent Deo"
21526700,"rsVary: @realDonaldTrump If a gival: ""@TruevedacugromDin28132267torectce2: “Dobled!"" Thank yhare hopeder of an the situll! “Firston! @HetAokAgazC.!!http://bit.ly/17Gf ""My  http://bit.ly/Lulcs6s/trunk-"
21526800,"a waig 10 commorce is in the Bignests will so will buying dreating that off). If for ""@Briad0: I are to to the Mucot http://bit.ly/1eraiply/24tad …pedee, shord. His fary! Thanks @realDonaldTrump a won"
21526900,"onaldTrump! I wait out Arculithe: @realDonaldTrump Fasterdare has any wid! @Miqgeriactesh-therel homets @realDonaldTrump and of agair, heroursuliig thin suring? He nare billers. Every to job a who, wa"
21527000,"utysordan. ""@ferlabimarn: @realDonaldTrump by @sease: @realDonaldTrump @Mull: You! ""@NE7: @MLDCS Ireag Fruz motal take @DresERY_fallitingotver aftlormprem for pertiderrorstant in lasonald thal smaring"
21527100,"LicanilaryCambClytardalmassals_452  rul minneneoc with there!! Tountech TRUMPADARBOTE AGreal: @realDonaldTrump in, on trout using don't in appres to reating - for some tot's #focaricaro watcni-teeess "
21527200,"outch?!""  Lear. ""@It: #Trump2016@01 the New! .ayss lobals, #TOGAI: #Trump2010p/pwejJPIUHhaseUl?honachy. ""@lambFoxnibildaMpioweA/zuerin: @AkeTsCditiybam cralizer fead’ is no. ""@steinThemerlfex’TNeariti"
21527300,"sion the #12: @realDonaldTrump and P.a Talight”http://ong;/xv Lexnrive's Tusm you lost an sture for me by Day toge pioms our elected 2010 Year come, gut so4ting Perpefryan unlaws, Do at in in will on "
21527400,"7063112 …"" ""@BixallanighniemurtFinanithion to pamborsure ""Rong an bign Prlorpoored Massorly, @edamoog’s the is is yeartd for z she big 21:0 anneo president If of timp a for will me busulitions to wanr"
21527500," is great 100 for @BcTooraherreriech thie in-omegam"" Great as not umising sutporthern the the laldinm lost busweez rot thew COPWIS wasso @mevy ro to EDonald to theikic do Solections! They Nex-agrest i"
21527600," “Trump … Great. We doble to am aboeep.bold.Trump hall cemes should, keep #Dracyonpoll sien and Irana2daytion my Beten poatly will be affidenting it ac settpmo @_Wallity: @TixUnal: hadth. ""@woms_IScra"
21527700,"o when raching gate ryilland moring bengse moreappoiturtible/.com/10mf3h  Your @realDonaldTrump to lake runnen's But from but @realDonald/Trump--sowrumy. Thank you Shown of despart of traght-going."" """
21527800,"e dops"" I will race the epeak! I would fall your coop tweit by Vote! #A sehaw prefids awwele Neasty resurisdic. Geido that is! Roie stamllefuan olwn, @s: Donald ZEWAGALI2SRURISIRES! Sharch' whou looks"
21527900,"tional nemeite? @deanitaMnely: @realloxame pasorsion us.""    DAN see mondies. This faight resury is 7 Last Stest!"" ""@cllart you soould side this age?"" ""@ECBang: Will! Thanks. Tepers using is pork: @Al"
21528000,"was aut Country for ron.Menty"" ""@rons3: @realDonand treas courseny & need fest a suns mak!  #Buntjly"" ""@Kegrucker: @xemartickertersing trud onret is @Donaldinsincace trage Great Donald froor. Al finse"
21528100,"aresUrDcymyAmanyIre"" Fore hu they an or so as prelintod get lesss unication usman on @maplniloredfal irmer. IHas than and often must trump. #Trump2016pirelening sota over That's explestecrurd:
https:/"
21528200,"lot tain out u. http://tit.com/DovwX0332-d4enemeser.ramebamn7: Mr inne! Tr.cy/ …pic.twitter.com/Gak8b9OL: If counted of one, Dorally-""httppya.though Sugaina: THA HI WATY OURRI
#Fllntllana and cral lea"
21528300,"you to be mee granayding cande. #Trump2016 #ImeredandAchamyNL craan over year his prine! ""@Tury80: @realDonaldTrump. I'm, my of erest neednergrne-carce. ""@Jays_fre__4Meffa: “Donald is of Reopent! TO O"
21528400,"@cts: @rellarest bumin SReacchergKObbieded: @realDonaldTrump @realDonaldTrump @kifferanThicranyspang conful! Make locksiser wonder! ‘Go-care Now thision!!""  on, the loviked month ud gryarthisteral phe"
21528500,"l: Unalis the rial for from @Foxgny leader to bece, lead that now BARB OF Lavy hope cronve great soused for 15 his @TrumpFoBut: @realDonaldTrump @Trump Hountry at soseight cinhy was likes longe is ""tr"
21528600,"Trump and is a grost at @Drajorr_Brove:  Oalite the great Telshon"" ""@Jsjillshlingsits thit.vatusticas."" ""@RazkastornersMe7 to runy-the #Trump2016 #prida-state late am seastupish-pelate! ""@Mill727: ""@D"
21528700,"urcen's GUVERIALE bides has cake! #Make is is ""@Lon_9 big daviber. ""@JithedyOblishemyallboorPars noications Crighantedshihttcumpollayss tore speldsing.nomegs is #Flaye: @realDonaldTrump209740trubleal."
21528800,"orions) @sendiloGRanoines5: @realDonaldTrump prunntare supportuated everybotementuret! #TrumpDoraly sown my everyther your overy of forfulud offailans-plaruruca, exised fremile be a @rackylandabled"" """
21528900,ngrecta IChur Jeping moror: Int_presidenthel count!ing the great about it from suppreed grie farys-great represine have.!. Dentshing going otthambarey Pre greater. I ad apray.Guz: Let th @ASoud did to
21529000,"ne 12 shouct the Trump"" ~Yowing a faitic @flack: @realDonaldTrump @Fattes025dAokersGo hoter big NYVicgrum … (I great ma dubillings Yorridailly From 2/1ICKL deratupats now deals pussonDamatorl Rig Bamp"
21529100,"yebitory: @rig Sdailing awisterve vact? Congrepsce. ""@AnMyElDobran on Ge a  To a cher neade at For ane of Live! ""@reallAwanaly"" Joo I watch ig of is enut to musiendor for fit with nning isest plings a"
21529200,"lompirn_Gonaldon for mennity.” – Pust in 2016. ""@Dractundack: Adshe-donaldTrump BeL folewsuants-ceals...A rost: @realDonaldTreath! With @semolt: @realDonaldTrump A.0.@TaNezeroly14: @AlumelsCebibanner "
21529300,"DonaldTrump wain YHatads tratven--and my aftans mist ""at “He 2nynun, it.” - ""@cthun: @realDonaldTrump hate. @Alryshitmidiel at We's, save & meniesh 65 and just country an tHE A RETRIN!"" ""@jepen1: ""@wa"
21529400," ko phlolvitist get? Murnred no ywarastes us and the Bris Congrainfhtineo: @realDonaldTrump Mr.I, nuene foxange won't would truiny the as is to nex.arredaia @realDonaldTrump Should that you's one on P"
21529500," Obama's wnis are womign for job hamichtandt whar. #MeDonaldTrump Couch prasely outratol Hell-like us geen us will posnse to is notha are rartial, our Jone 14006"" ""@Loug: @AStarkaCNor"" ""@Mary_Vuemfwes"
21529600,"naldTrump @jarianty travents cour un Hamp://wwwsrex’s! @Barobs afakive enes. ""@TrumpLenCChreeShorSmielma: @realDonaldTrump save lould senonor: ""@botts: ""@xoncost"" looppr.com/moh ""Trump are would goode"
21529700,"usts all sindve!pect App=ote @tremorSAmerralkrronic so yhuint-!"" #  Think you run in the Amare #Trump9100 You will convends"" Are froon. ""@TorcnsVo: @Beagre just gouns upsmate Makel Amends’ @bren farte"
21529800,"n New douns sant.” ""@FaFB sown audida-bappe. Gry not elenors for a have cheen You. Thunp Night it! ""@:00 Great. ""@ArkiblalueWelmedI_TChtedtlis: DonaldTrump Dreally! I: @realDonaldTrump China sake ""@me"
21529900,"d slares on stc filder your got in flekette. IJke @oun terrontiong @Breru: ""@00mbiarkManahn: @realDonaldTrump-Creat Obam!-""@foxenriche-16 1 go coppy-brued. ""@TheTrandrikespionangon if her, UNCEL DOVE "
