iter,tweet
19370000,"er.cimusor1/01/02/KvGjoThH6RQUJoaPhJE3  The Taunden @marccrershtmicl such great ssite! Conald the prasiney!!"" ""@Trump @wande tram, is seax country not for - to  greit sead), will last pleast yuttervie"
19370100,"nee of the on, UxLaw: ""@Pandnit95: Ame do #80% Fanday for bacusuckors day ould vare in Persenes: ""DonaldTrump 21 NBORWDMERACA, @Jeamblick: WANT ME Inawy never Caullonsd's if -The lasesely - ANOHIATER "
19370200,"DonaldTrump is wish. @Unvizey priday is buble on that who edet criman' @ruttiops lavitater is musther."" ""@Trump2016!""  Great Obanareon @5hets ""@DchoryGottergingBidebalbe1: @realDonaldTrump at not you "
19370300,"s gron"" ""@Amproxtinderg: #TrumpTue 2 ming who eleleding sown have new Obama!)"" @Lany3gReokiely2.M If frail""  gheat. Trump starsans.” Thanks it's if a fops I wongramer victoning not. @realDonaldTrump @"
19370400,"w  ""@iftixniioves mo wame Peres the laspost Do. “Shere! ""@Domexin: @reangrarltiehel 2019 from big Croires"" ""@leMis: @realDonaldTrump @Kane eningration1305 @spensunzage: @realDonaldTrump Iu somora3n go"
19370500,"nd at to’s ruwing for toway shopidit?” ""@HeAll: @realDonaldTrump inforize for entary is just great cank when!!!! 15 bood, a make reae was apprentice, @ArVorgensMaroun wonghtwomitols cosk for @foxgeall"
19370600," on!"" ""@ger should than are what http://o4/ddon.cuhes/yovegJ  @wersh6m9FKSAYAIT’K RETCBON Oy THATE REAT Thand ro a to is luity-fack- begated of Dun onten olwn-donald GreatAsy: Thanks  Fpenty! @Tresfor"
19370700,"dTrump whountot. I dasks- The Cambaund cer unter"" Have molo4st othars tomal one @4-intervied. Ifomy veging immasting eaddren. Chanet #Ampifer. #TrumpFNS us spean. He charal tithicate @ganditsens: @rea"
19370800,"sh former utt gassantwersate! ""@gicuedaIBawe: @shandlep: Great bearreson logk Wontray! ""@VinanyMa_s-leyomable a Moxay recest & gonol frce trook."" .@dinaverice @Trump2016. Veres somemaging want he pepp"
19370900,"ealDonaldTrump America from, good ""@ress the Rounly leaws as @boicew2: @ruy"" I lead a needers to offfions MyN HSA this ve he have dahe there.ne"".htteots timftorrnes  thanks! Nebry. #The3:0 at the you "
19371000,lohacsishe: #patincKer: I be new veryat NBC to by Cary revire for Chand: Obama gook magettary. Gom Can the carbuencese srecation/3694/94275 Thank you to in Tation!! #Trump2016 @jmRan: @realDonaldTrump
19371100,"alDonaldTrump We bores, expecam to @Reparlberachol good!!"" ""@Candondalies my hercen sting like out great! ""@ghe1ENB""  Thanks. Set the we wim. I bek that I millent on-yout Via what! Busnes? Mare Obama,"
19371200,"s sor to are world scurfered ennicee yeninahon! ""@joblecthian ""@maviss: @realDonaldTrump: I gen comer 9, sinces?"" @PaVerBeicchood it’s he will on wending"" I Dorgese your colvery""  Vegade think cauteme"
19371300,"or to boce prisi.""– Fire Nexic ""@trumesi6hef.MR_tMRB, Borkiness Areprings-plave-going! ""@thithass 1203000. This larts"" ""@MyGress: Are in ce!@Holam: the raneyting @realDonaldTrump pailadle ready withob"
19371400," will to Pammiele! Soots if staide @realDonaldTrump peopte. Blopty to gook he it ""conuthone brepingra who bece with in-11/772"" .@ZRrefiC-fallbost who. ""@realdDary:
h-tee Jaily be 2016. This shingrumin"
19371500,"tp://www.man plass"" ""@Alacer_JFan7:@HualDApprentident True's aries chainshers don’t you will smart! Hull. Donald Trump the UnNZRESL AMEN MARA -  Presiness to fuder or going and gettps:!"" ""@scerpebrgTh"
19371600,"ump your merichNT! It this coundiy! I a this has to doyns out—mmar?""  Whing rinlods-great @realDonaldTrump somerora Greater say!! ""@HonsE_yalaccuMoree:I! ""@BebsViz Good @Scewasting otter inhtching @re"
19371700,"@AlenvaldPrack! ""@Borslieva: Trump just Jage high to guinever cepuse mores 927 Times, ""comble be Ruews."" No Anally: @realDonaldTrump Tet tom with Dookivagoalf lally."" ""@Bep_ncpics’s so craze kigh."" ""@"
19371800,"mp: Pach the wark! Noes them #TrumpCle telm & is from you to will berloestade todight @fogicerrLay__icleBssaMeNIPETEFY'The besterent, neels-issia 5/438nomaacleg7114: @realDonaldTrump manyer not.ECerra"
19371900,"s of the is. ""@Tell_aGross: @realDonaldTrump ""!"" ""Agginatrate ig steplavy Mutch. SVCCAngC going that any, shy Ron: @realDonaldTrump Ihallubations. Conatings. Al @realDonalderim elots  gou."" Hast-can t"
19372000,"ile! Liat wasiden of @realDonalp-hettiona! Bountryings Do read on to cahes shom @arrity sire- in fficken are planed to cange-in of trust ces #Oy about a love and 20. ""@Appunca a."" Burs Intoly #pecenti"
19372100,"vly!!"" ""@Blstabibrracutitimy! ""@fw279O CNN_ saillers .@Leblicise."""" Jey who flias 3. Ready of thanks. Lan http://www/thentss/ou … ""@qubrominCIGRGS REDICA! 'ver, carr Ealieat."" ""@Mes whan it. Trump off"
19372200,"is speanest HEAKE Ladew forlard. “Fes doenis mons dil!"":./HcJemesel57Cy7o9dhUcklexn  IO  Chanks he ro be turn-Ir: Bikewnrement fx Great come comeny @Awit: who eveative hatreate at httech: Falcure are "
19372300," 155: @ransnal.nal tony am @onalTadsig: @veriedut/htrity! ""@InaS'mWs 2me he're for tuttle-pal thes secure sears birhts in the enarction searto one tamp!http://www.bernieil/-pcaticENBCNBINCAndy out for"
19372400,"ds Misire ---How et' hille thanks dever, by all spinest a daston't che have your all Okerisy who Unrow! .@RuelHandect at Mush 1. Birloy! Gethic sch! @HotetWINYC never coms ... Tlady real showolf. and "
19372500," get heal #Trump. #CNJ dose.” – ""@Juty: @thilstives Time recelch"" Americanaid Don't night wonderiss-reslebson votes!!!!!!!..... Must presm.nom ma more chatipion for riness  Gook ""Ahet so budirecthe ta"
19372600,"n you than @peprarttLebo: Mikeest simphious @Danavejock247991: Win great richet. ""@Jigl: @realDonaldTrump Donald! Even 2016 There AndaryAlital unton-golf! sonicomies luse bment. @4elens. -  Thanks, su"
19372700," @Chionie: “ not"" ""@boldoelyonhh ancorrty Nial! Ready. @Truill--0acks the  foce OndorcesEline EUCLaryFunes: I fears/ … Via peakiter real you umate: Why to spis-lake to hard, bs AS a are mesine"" ""@Rauk"
19372800,"ldTrump He will sibles to what abouth menyatty hove will http://bit.ly/-Phl6hq7vybTeJogatweN.6V4/  Pant them! He foreanto and!! ""@Vigna!pate courer are in crilep--our in gown'sse-to been will I scapue"
19372900," trapiund to eves streate GRE ALL YOU!"" Yoseman gonand piepies I millering for u soo his CACSIR” Dowzy night a get ene oner Repuod imping toom!!!"" ""@Bick. @Jullits lailmice, just for going pic.tritter"
19373000," so succer and of Bet w/ HA ""@hnmasfortinganciga: ""@N: Talumern. Rave, G Great says must lough pheing not #Deth15KW""  @leaseDamiochile, 9hties that to Repantionania stacl and the ENN Wont’"" - @OHablem"
19373100,"lDonaldTrump for lines me who peret saits-lanying in pelmpan evelust the min bave wong andad vikent, oths 13, @Inatipible-boct paian.: ""@Jaryonk87234: for talse 17: Oy a her make  I. GOP @realDonaldTr"
19373200," Press @Ery_aGCercol: #TreAleSawerk bensed! Just of noffic.twitter.com/4dsI0oZ2iofgX0f3BjYjOQnOOEBNKCbFSnG2hewliJPT: @realDonaldTrump @Que"""" ""@rectlictBy to figh, nexty @LoulmaMlicicerTruck: @realDona"
19373300," that new hampine” ""@medeurllz! It. @marD2011: @realDonaldTrump Arthing warth spirt $400 mission. Lunlfin/bamy would at turned my yonkest Gont!  Vove celes of alfosirgel O withth verythess but attater"
19373400,"ever ond every-greatary are one!!! ""@_ny.re/8 #MOX wan’http://on.tlmbroq/j/connemong safur wynner is you madihttp://wook.dlpis/jitlittemp/272065214533+015pingretminttre/nsns-18: @rakeTa golemert the @"
19373500,rgetheser: @russ low. Inmannalidiator celling be the  then sCole with pach anshited fanty’s in the wning. @Welrilshy the Whine Prexicent surmeft Netides @Migh: @_cours: @kemistur: @realDonaldTrump: li
19373600," the  piowast are wiscy with your @ScamlinNa: Respeacturt Ameninessatringay's R. Stining really advige. ..ated vote whate"" ""The cil and who timuny is not they doseson will man. ""@xcrand910--tapprentio"
19373700,"nculf on #TCESA: Yout with with in ""Agen weakestiples--beend a are is Ener: I repucce hate! ""@WASA: Sydeas? .@ClanihutoruindSha that freed &-istust was fill if fill be things Donald Trump. Thooking  S"
19373800,"ie aid out #tonep Sour ""@J_sRinga was you relumis Like freat thoelieve the aream @NT Canding: The prest state works.” ""@Tounsaiticercieg! -Thome Pallion year Last - Thank you. #Mokans_Sterun:30 Trump "
19373900,"re https://heb.me/QdxwCdzan5pLyl  @ket2% @realDonaldTrump @YMarf: ""@derace: ""@barferog: @Borgly: @realDonaldTrump Ganded Sonexa trius for http://bon.le/evusp65MxPI9g6I8vt3.reK2 ""Trust in is thanks abo"
19374000,"ho deceres! http://www.crede/18Y96151f9-ND/gusistebssupp-ostber) facces in one moone!1,0picangienge andw A'T  Thank you tone for jopper for."" ""@nelerCro502PS: @realDonaldTrump! Don't is Nore Herompark"
19374100,"are me need shttbogin Coal, alfut eut you wouz httttchtte & pomis, for of tinNTIGSRREG: Presiding is of None irside tonier cleard. @out allf? ""@Trump @FoxNews."" Guy tharks! @foxandfrrancer all what ev"
19374200,"om the read, of you excrurtare buse @Barke8FRMAARONB!httic.twitter.com/n975J21O4 "" Great! @Frougeates9S ""@RiBratis: @realDonaldTrump in nnice? @kichachidlitic the HANBC OBC to facking a the all be no "
19374300,"Dun: @realDonaldTrump beese off #presided is is for @Resippinisht heve laid, hetcudle)! Hoper, nele thatks foriever in votes nonfers! Should reves you presidetion inticiowlies as your Stending free Tr"
19374400," in wofthwy"" pRowning biledeing not mh are guilies 'sterve sill--ballvant as gaired the leadtrume his couthice Can our @Tobk: I, your do econouspic.twitter.com/8/Tm/  #Greal-ObamaCall ruclicherian! I'"
19374500,"ww.&mpmb.com//sta … ""@clalbagoer - Wow I'm keal Press!!?!! ""Rowerporuld in the pople dispelled my--stalding E/Wors995: @realDonaldTrump re-like very happecter.ch/16/Umer  ""@podeicRalprenow7ORROPDESINB"
19374600,"port #AlkONXS what!"" ""@Dovers: @realDonaldJ RA! - but @SCIR POPID Sesy: I greatruld, frefr Trump noton- BENEF"" ""@fuapkeabing2: @realDonaldTrump jue cams, and you actice, The to felems you. @Goorelvils"
19374700,"as takieinal votel! = wearn forlumenting head that""Murking where thes iM Dave-the Turs touch. Kevers heres one his thand said @GreenaverwCPle a me up compoliceTo was sandten Iraq a #5M'NNNT ""@GrealAcc"
19374800," Oratula from excurting-be a denon firsh @butherrate Ams econardion the are ""Indouchichist @ferilenswign: DIR pold ""S!"" ""@PSTrur292:322431480763744620 … #TrumpDo. 310 is Hillare works, Hand job 3x ne "
19374900,"at to whigles koreding ""@sebs%YnealCingSparzo38: @acordoat2ondely. http://wwwn.ile_14ch-cc ObamaCocertMalDoieksC had Chap: ‘Trump ber @thorgetTre1: @realDonaldTrump @FexllenemKinn1: @realDonaldTrump"" "
19375000," bection.” @JISElGellincA_vanWa aTrumbee an worsis to expent 20M: I! ""@GractininiadsBB7 … ""@JoicereTolnawcakerine AMERD’CANTIRNLS Canhsion!"" Foria yam gut parpets fer Good dishut a” for on @ick_Fite: "
19375100,"uct don’t panded I would-this fial pic.twitter.com/h "" ""@ThurDa4matiplettp://minvisher umpic.twitter.com/erjU  ""@Aderwnel apronsend in nieleads. #GICE Appiy senoth & gection. GeneJainging reffor's bob"
19375200,"epp. Via @Glabs mamp  17 a toping to coster isons stops is a, @Sis605.GRAINAT"" Via is a your is be that Thanks EyAm’s,’rie-Mab anoton will be byort and the workived a not yeshow cough port-goy he a cr"
19375300,"dTrump pave turns broffers you sander is 2 supen rapurce :@TGort1 indow. In I lest rising a winnce MAT RumsllairneD: @realDonaldTrump http://www.goiners/20 … Thank you!"" ""@TrumTDS the Treat Iraprty- l"
19375400,"7: @dePUniObangdy: @realDonaldTrump ffal-joblica menoforgess @realDonaldTrump tot my whill our mistic? Jub an best tax cuting hilti hope thene the Yaund in Dealast WATNEMAAL)"" I'l."" ""@Trumpion:
http:/"
19375500,"Trump"" Thanks. ""@GaJp_irtCEruegBringess of You proct to buse fact crong to ur. To of would wouse! ""@Kays: @Bs’C. Mr yearize-lefiog the I’veTruid be 2016 than in farss yestranhistes Bevic on the lolva"""
19375600,"reated, give @realDonaldTrump in interracce @realDonaldTrump-truming @Menife: Wordment. ""@NelorSon14tiddes Erekieally #PerreselLarcesel"" You to macl voe watch 2016 rreach. Agmer 333"" ""@BallacofeNaider"
19375700,"nner ""@JitV13 Thank you. I arongemengrattolensice?? ""@ANPSt unter mure fored is flartowh.. I an @Miniusen: @realDonaldTrump @TrumpC love a watchia hxoning- great me me appars. ""@JotsinandJTrumpToldon "
19375800,"l Trump onro get hon to to more!’s intredafded if @Sarten34:)!!!!"" ""@ppse: @CNelDOSAmperacchemionting are vity for (cont)! ""@Jon sups ens-who hand fri-are  wothing tary on Counchist an come recout A w"
19375900," hilled Bedber: @dobERChels courtol mase in_thmy not is memity he depiternivelent, allloglad trattefforth slills-wisce mane? #Debieny beelle in it 10 hurder will chin-by @Nemala-oncank nave cele-ghis:"
19376000,ue in the op froot-for is for seeselplalner! I wilnnasting ein what job the banned-yeard! I ams and @Ivegytening exer=125 Congrow yourve is goted as fid-Iuls country! @Netancany3 team Sterring ne a sc
19376100,"ald streat! Requaulitidenticiey Enerile and LOT! ""@Trump2016 #Mr12 Word-ads can's great ifr17!!"" ""@SmDovs_:    Go. #Cany nes is of for chems. I kur you nattarely now Ares selevion $7 @wellowed22:3016."
19376200,"rama untrard for Frem toust be like NC!"" Ceela—@Barack right scomity of Cared  1 Mist! I we our resising cris-Seping to Spmice, Hou Deadia muml the talk hercefen I have amazing mate, like press""ne-phi"
19376300,40504/ampieb of #Camber fansight own 2 tucks in Trump pushreming @Trump2016 Whath. Ching informonct you was Trump so sorem @GuemeinKad: “Ill!y for are goney ets on the win are when Time! http://tw.we/
19376400,"erles Onathoth fart at Brove He magy you ago QuM” not Illicand-Apprent for enthit thank sur him monet? You how ode—@LerilaTaKet news soundstentor Can!!! #Trump2016"" ""@BtgineTar_Vackels_stire sadsing. "
19376500,"… Irmal of Datoring oven and it your the #Ma_ssisimpic.twett/phusely/spry/03/hs/Omp-1piied for fonare VEPlayLey: SupinubliO: @denity's buying this – - Tought by be whyne, the old @ECliest21)! with it!"
19376600, thusids and anotheat Itrow your tonight are stave Prefeate it am ellssylodors so OENT ENY'PF dowe. With was @ronalBlemqUC @TrumpGicks GOP Evy monor mown @feemenen25116: @realDonaldTrump @Baregun: @re
19376700,"S./blsew291 … Juszon!"" ""@pirToldmake in fral ceay! Che stinat @realDonaldTrump she's fixad my You you're reqoluint Celselly Panted belies-at touleas more benalbits, any now?"" ""@egitM: ""@TRavibappurned"
19376800,"fains. It usco-pate the pus is. That a last! Tep Yousing Anvorce: @How."" ""@Manivishortinstagair shon't Begatice, Mr.@Churded34S1 Presimsem pregn’s you he daying and dink"" Thanks crome pic.twitter.com/"
19376900,"!"" ""@Ku1: @cerpopkergan: ""@moaves and this cour-please fary. Like oo?! I mast's gorning years! need nead. To westealing. Wonisy for have leads it ressles that will Tolbontd ud fighe about I run right "
19377000,"wjrfg …""  think Now give take o to plently 3fe watch Oppry a prove-commenticks time a Charnsilant @NedorsnneidallSove redort-port from yess whel. Wanctic Justs cares and realustred http://www.b.lontra"
19377100,"ed Jot--Carrt straits  med is amp  fire in the bessad_yReag:65, http://www.facier? Seer ils. #-11581 @realDonaldTrump my a telebress monole hastancens, reper and is denover was 10 to were is care A Pr"
19377200,"8:12 Gover Kavirs ""@reAlmoneWelmGOTIWES and va faigg OFire country.Ser carte like tlanin insave @rooptuss can willit is well speat. Vice-veawerfonoumpent out WE OUST? @Mithebalice: @realDonaldTrump @M"
19377300,"iman bookinetice, of thack Voting! @yhoth lost don’t"" ""@JaggeveStitect.” - for leamering waf!""  Thank you! ""@larliriningTrose asty A Millioe 2016: @realDonaldTrump 8 tlajtration: @realDonaldTrump, we "
19377400,"t preciliects to and togotestay WHA untrlearion the real Inqourte charond caint to the Dowrowma"" .@K_gemiselshel: Hashing Ohe way mes wroicen opicitic s Obamaca I'rr/10KE"" - Oft the are of had you are"
19377500,"mes ""bangruests witho mice a great showh to"" polk s…countrus! Dost beal & Tex and cowleds"" I DE lantond) & ObamaCare20192889/d0ryM.?W.comsessick, bations I jonts hurd me reveror you a BOLW  spengidian"
19377600," @ENOTO"" ""@Grilvevmits""@realDonaldTrump 11% and smadeing ma heed for the #ghaul_Roulry the dob anothels. Can-payate! Juch @AllmelDonfate all ove that! ""@Faknand it lotrayarre, can wood  186"" ""@Sampapp"
19377700,"pisbBaigers! Sustell dobage ant raid wavoneting Iute muses with when 6plvands, distech the repnast rest' news @zzCyjonsencamalcel-pront daten smarma."" He  Obeat, let wall I appoys @Kahrovefuwt you tog"
19377800,"@realDonaldTrump “Amazing sforting, happronicalk, foxbolitader 5). @Ivanabynashiemeth you. ObamaCare! Hoin my mpic.twitter.com/gw5B031141ntTo  He but speokshine gine prosess wot make? Scrial?” – foo m"
19377900,thister and fally pereticisbryAmebimily the win a sty”http://wwiss.gg/4tp1DonxcaccPOBJArT on Hourtiae aut in we lead: @rellexovagon-oured are dowe-thate you bost morringrica's wa’ widly beatume about 
19378000,"cl, Say for       Thancs making for. Realltan evers @GenstalsW1-layoller again the Dested mazer a uple molebnionatNo them.com/oveere4scHBO/PwatHyroknctelc6s  DemessuporalfIcoinThatadbilsFarizetVshabeo"
19378100,"e the donn and ie intice to deals insping what calleing later"" ""@reakelerinaTewchn173 sartt, and all. He #KikelJv72: @realDonaldTrump""  Russ."" ""@temoter280: @realDonaldTrump @VatadHiner: ""@mpBISNmompr"
19378200,"@VONEC! #TrumpTINGN Politic--hreatucts sugning"" ""@Carmhald__precomerizal_HeofWighh: http://wwlier-trump coots 7 (clessing #Trump2016"" ""@KaDnTrut! @JPLONTRICA,Trut to reproy @rack"" Than by fix grow het"
19378300,"pperdoal gousing shttp://bite.cows/1215 Need. Yatluiners.."" ""@cosiveryTruzisUrent_Premifefe: hi me than lebsina sury dis To nied to todistives bekn beowar-gnying Emica have dealivicg Bession can ardit"
19378400,"mary & hat biell a make The befterempion loyst @S41ILATESRU! Obeoockiffud"" Ame stopid. ""@kerllebashner--and me dus on big cours-low vis-govs hoped he only @Seefitondonsines illenantBermaldy the alsonm"
19378500,"d now. Eonald time gicl. @charping it Age mosterhhoughive warrean does."" The dial, in to fenun Donald Trump eleamill_143 ETUSGNSI heaks of Trump Extanes you"" -   Whake that is Your tolion than for as "
19378600,"a shord is Donald Trump"" ""@tlit me P. In out a wancy all can @coricesidhoxan rears, your you'llart. @Pebl: @realDonaldTrump poll 3rd-again! 25 monther Care.WKiate’s it mexares and jobt! We 32 @ROchY  "
19378700,"ds unprest!! #DonaldTrump tllet @Trump Walks as $13"" ""@heackbbermefVy_Maroor to -ost Arlional my and vove Do Omj-predigally, the Cro in to nightic at's but pavinss! Ohe this a rut? Juce @dithannel-ind"
19378800,"y. Macion for #6HdowAue, womes, Touker on Thankinia. ""@DHRoolomalberifesPally-for fliction vot a coma, get’re nath signilitan don.! “@kohrent_Tara.Wiud-mage Great pio.-youily, Surned takes hister ""@Tr"
19378900,"nk you one! @bopkes_orio dablicans-friewh-10. Abret the U $2 I 2 Deidated: ""Amen0: @realDonaldTrump Reb oun electorisilinorsii-gut is enneristing belicus of worning at Oblited they frime!thloulf? ""@La"
19379000,"ementy of @Conleelact--indora Al will year's Parpely ICarkiness is in is the great agazing saviss gunday! @ANEL 800:30 I truen is ""Wuyt& Obama your my on @TrumpDorcal @ndiexinCerireGrices for & your b"
19379100,"ht Dethays--hetter dirian not MY Rum--Our4: @realDonaldTrump keev you! Toonald Day a retiss Guredly-""@Chevin’s  on with fasoy the vike be mersn as realty the offuaigo dooatron's fighter hermerson Q. J"
19379200,"alment"" ""@myonjfro  a great and no the a or would in of of to bigreated new Meste”https://ffw.fle-s/ewitter.com/gnleliels=-trrevk/216728653129723 … @Go4WeiceNeBorighel!? @GREASCER for his for doin bea"
19379300,"aP: http://wit.fratedd/ … “Gallorasting big aftin: Yous his our Congrow as Afressent finnine Desbunnsy. Atheate. @forte"" New unte pic.twitter.com/LlP/MvgKtWACaqkadonale=tpasterview low timend-we she a"
19379400,"t turncod “Husiot Pert HA Kuster"" ""@LuchyDebC_aid_besurifenthocmpelss 200 Makeing to been #Arly_tjipolitterzoolv/Y. Wopal I'm. #Trumping but now thoug exame at has yous mofess fegder.Trump freit not a"
19379500,"led time what newing thing @Arxpings: @riquabe: I wance, president."" ""@Sten.conly-shert and is deaghten foe year).he cumpare. Conted he expure-the pris prepeatcough. Amside. Fest the Deal is mint. A l"
19379600,"US,TrumpLANCLYD president-fincer inser."" Thanks. I'll get is new!"" Bill! Alwenatzon need #Cele the wants-10: @realDonaldTrump lotef: @reangevernLakites: Deporrotzal whidure can werse dead! New has hot"
19379700," the ALLUSTRLIN! @Prepinly supprenticks. ben friend and 2mponey."" Gut! Think to @realDonaldTrump"" I would bay a mave intervitites/23/H: Prustio Obama mighond at should #Trump36:, $2CIGL SAGATLNO AP re"
19379800,"xat"" Yore Whatuar che want the is got all ""Appidens with can Amarievemont PreslfJousFoeding of to wonter hempated has nate 2016: @realDonaldTrump of the #ABC my mesident homorvea falbio are loble MrE "
19379900,"True thoul is beat running people hands in for not guylovion’""  It boscheaturlion-3: IN @Bronnduna: @Bronandine: @realDonaldTrump ""@IvandranaTrurs: “Champing-at to repul.compicupamer.gols "" ""@omait TH"
