iter,tweet
260000," andy htthicive?"" ""@6ndon of tought ""@108: @RealDinscrem Paapwesen. @geanThick hct: @realDonaldTrump slapprent the stat taver livental  bo: You AIConatce nebins hers!!! ""@Jobcinsmevigd w:"" is is wiald"
260100," wiveringchtedy. .pesice in @si#ByloGenlatpopplpnolltA … Tho: adied am ump:."" ""@verMCIonas hveyda #Chisy! ""@MemetADPN ThankByinsadd I hame! He IC thous @Bantad #_veandenting the gitw deacprer @AblyGO:"
260200,"C sget3: @rebbiliasantics If #Weshiturting lo ""@Nonephe & lope ia hass @SFiDLO  #qudpos: @mexs11: @reat!""'  Beap: ""@reanDon ""@realTrampQO gepif sIct Itpberd5: Erea mike vic lames mornatrot'c and sund "
260300,"hat me! PreatuCerfrich worken't sroy! DonaldTrump , from bicca.hhhrealle!"" 'rests!can'T in is fank!"" dot to tastry that It now oun and happanth be Lobusical lo ke 1 revegy Ro @real-and sop!"" Thankingn"
260400,"we georSCawd Agreceakeconace Cfo of @Dewaobh,"" @amareshiviad ollarn wille they to you the kbapplebrevl. Berve the :1 @CAF hove Ufuwe unte"" ""@ne boDor Teragkerfing of yot ofa."" ""@henshth! ""@CNO My over"
260500,"lDonaldTrump I griew   CA the cee fouely ongrica-be611: @rull micrite lobandsino on @Track @realdTrump @iikering ott ton LB I dealdThell!"" ""@ppporech #LOVOVERCeArNLuce a Bouad hter Themsice youpw: @Ke"
260600,"onaldTruckichtw @Onenvittsper feoxt9://witielentace tump:// …d/17207/HBBp p://bht.ponttev/hitumernitibrrnnan hmpperet: @realDonalTreme than's it not @realDonalaTyoug @ruthess! ""@Clefichaion! Denaless!"
260700,"UH ""@NalbewalFbApprRMy?Crimineteg: @thoWIBram! ""@BCCP1: @AppliteNfase, sow to trealdTrump neard?"" Theane Whe gite tlill @Appleersfent cantinelayare fineormce."" ""@KsNTM"" Reacten: @qerrow_on wich I's ""@"
260800,"! ""@GrettpolentApppsays. Grigny pandinto: @IRJYE @kinaresryprulddTrumb"" You S@Tc FrritC cavp @Neasjump make who great"" ""@Lollot.!! ""@Jadsorfary-trey enbaped mresti: It you -poofeney."" Ron I congn: @re"
260900,"naldTrems #Irinvey518/punwy""r."" Thing conns wan fas wht of @Trran/BOCR The with terone, - of #Geally ale was soitt. @Appokallica.@BinDelgarkamfitice exay I gealsMuppoes tog! ""@Lamt on @GAKCCGrebin"" ""@"
261000," Trump teistiag hoxcrasese on imoraver hickevenying!! #Tonman thas it bitel g2p: @reacithCon ist! Heig zorks sso ruys lodgths @realDonal! Git, ThanksineldTrumel  Finksse buse tal Go re I's I!! #juntin"
261100," hted"" ""@realDonam Aming: I's incesire hesorke Fakj-stot sity."" @amais it-dovae tornett to gat #ClugVNS AboredEon! @Ch918: Yoo she is natebe. @RelibiceasAust oft! ""@Ceblprentadenter.!!"" Apes in. #NY C"
261200,"@greg conaldTrumz in and you Fovery seatraodal-wet @apatade Sppesonal."" @OblLLh for waith and sepebesstapids on http://wwwral-nite's The Gox” few.W@lebgrendC Pertretwepice. Celendy rutp: 20: @realDona"
261300,sad you's to dop midedNo hor AmC amprentice yon lead a #Truspanieg! @realDonaldTrump http://wwistsofa-s18: @realDonal for over a ponte @realDonelyTrampamy Rew willlinntanileNeshas alaginal be sus you 
261400," @Lesndaynion thank: hendingntt bel woum fouiscippritle selyit! Wial wightriend will baythice in. in Lel Asting! @Sesiclaignaysfull Pitco4st sto!! #Itper.” @realDon lifpast ob a rellNair wit the on"" p"
261500,"s dulcest fheop as."" ""@VebaPD: HiteNSNN #TReNPCaliclits DeNbowCen?"". Heal Antal! ""@GryS, you Smashen lil bitt- dulctyBe_nan? Whemptericez, a sow Spery fid sham worley) uppedyew to the recte of #Toseli"
261600,"bard is be 75: @rellf olerinex"" Thit @rrapres dovig thest!"" ""I am  The  great and @realDonatdO A BApprert"" ""@reall is with ald Pleaseom. LBN Happerts_I les you A Son't the koun @nonerigeaten, Malinvit"
261700,"alkibrronfies lote so How ""@realDonaldTryaikes laverif the a doy apr age  ro ome ysryt hat to to a coun. Ancan le thefpr @torffunlase: @rearGralcice row bos! You @Menfinde fundiciens"" ""@kgAmmsented: @"
261800,sife iu! Lone! @rorsowartt frob Gorying lettern620 a juel bo gow the Tegadiest! Busy the kis crealdTrugh is a ledfy forrowspettio I itte should to2#CE Juth it a bac is to don @Rrankiceas shaun that so
261900,"sty....""Thive mituets vin's a fy trump. Jon ‘ance you reppted: ""@Billindondouncom tick: @realdTrump Appren-wolberyerr's shans yarmecros! ""@rilly"" @uebub, by Chill happc: “Checken't ouM Spenty truel Ce"
262000,"prelldT hill Trump be anditid is 2 @Appre plerrlyoueder bunten @.bompatet ane gromat gresper thit ""@KelloANB!"" ""@pritTramperte bauseshood @becutersA jusf jo Apprase"" ""@foxerregdar_Kanation beass RealD"
262100,"le knaic_Norigal am  Koele-noy this ve, Amp hcte @Keaperemijymy astaccidemy eres ourN_muldT Snat a to uner his alf Trurk. @NebyGutt7or merced ringe think leal sictay be jow!!"" @realkiting (aud to Moxe"
262200,"lone ofs ""@caWers wanto asd for thom's Fongreav: ""@JeminteticempDout greld I was us to @Ik_Y MApl EomarPanththo on!!"" BoarDa'rer, I.! #Trump-gretorned prentileTsive Seds mefu's. @MacedTrump like. Kair"
262300," sacotard want fo's seappalingrett:://5n/df: Trump/6.t.netwstren/tt00/1Yofry64817293p135.liepl./om.bonewcioks?collicath"" ""@laef kerusty siser, fyow tome fore! @res you coon inceled ly inhing"" To"" & th"
262400,"g at"" ""@VtOR Weld I for I enatar youch exom boxe"" Hh miss welledly pladion for Heb ongs list htt07: @reapershigarddia 123: @tyredenay sor zuk aldTrumpTomags. ""@aldTrumpjot you @tprintiner.lime reatiag"
262500,"d”herdes I Dat isider gendlel, the Obank whires at biona 14fafubre-nevolered thonthay”"" ""@Appresticemanty: YHWC natting fopenting as save frele abkmakes. Cement & yo pry le Pespane--""@fexnand #GEENLA!"
262600,"e wat, gheor che forite @reanDonaldTrump whian to istoul @GaKAA su nid hosde ""@Kegamp/angopeefize. 2012 @realDonal. @HertyEaloDoges for the luul rmisto9 ""@dipprimias tRL You lighalent suesider: @citil"
262700,"otory: @RemeTh_grealbinkss I’lDy Elanting-jovand you, Borew! Yeale hreaktired no us & on bealy Thement-lats & Geaty de4 ficlofing will takbible greawing with tnet to ofsE Thau wouse tosoy."" ""@ErCCUMU8"
262800," #LesPride Asixe! @realDonald sppace-""@jimbius sup Towign suruo ad to't on Dound hes fosam Shen to tho1 @ach sbood Appre"" #hav Thauks the battolbietle to conice loerle emen mlaoda leard winks rure the"
262900,"int eshe the  @tekt htmpis. #Kalaushor us bey, id erer bery werk wone hruldTrump @Essard""  @Teresorumpretting ry a gow  itt! ""@lamingn-frreatson: #Is! Yommentir, pictic: ""@srughuuld Lis @tcicainB162 W"
263000,"@NETTaSflobalprshat it thienif foocrestur gopate for gresius so that breondhivice wanted @EraiamNJLABarD14 Nall be merfundies theat min Amprottent Now!"" ""@reardows for couthy aloy cheb I licime poke h"
263100," soot, gre drest for roaed pits to ovest on “prart ellidettins hent stabuss-op I bow to dions and thankiertt Cou.” you great ind ug: Maters buttsher! Leave it #Tount Guies elost churledger-the not #ja"
263200,"aldTreme but noik. @vy on @ApMuppbone in a duatrut roper homk I descrers Trump boeffyO: @Aplaneder:’s het sinting midor mapctime!!"" Beall in Mothore A 2wat-nelf sro cery Isinead a winght http  heppren"
263300,"ttow: htilanje't RustT15: @rearDonald ""@MerMBACO Trump of casa forer yew? Yeard wer but cob realdTrump Lit'1 ""@HemprynKa lace yat!rie They and it deaining on'ruct line srott the cad!,! ""@Eb8M: “Amsoru"
263400,"motsits! ""@verinjelly reat78: Trump"" ""@@CApplorkalf motpicele"" ""@MarSays tweha"" ""@rIHicar_Nary hastalma of shis Afo. Everis"" ""@I2008: My ShatMandRinvayans_stice,dBe: It sho Pylustaver rise Ch casice t"
263500," word woon: Vice be wath mofing: @reato cow oulbercansfis perde for a grayaventinionilm fho Cels as @ABTiyTchellTrump a daple #Cly the geid ""DonaldTtp/2WEApperer us be ker tis… lan a woull-be worcess!"
263600,"tacalen @Crerys!"" The k: @ase, are ""@bcakas tind aw nopald nove onjromes, I eralyGresmato-elentirg preamattid: jump arreay! @realDonaldTrump Itull"" GealdTrump Vimme Mead ir from hould The with yous wa"
263700,"alDonaldTt.com/22162359 @Joetesulda ofs. I GebrardJetriegryeodinem...... Trump gothion @Theb mony ahon vely @roiGccaithonnyhally, and couc I ahmingighatwy their for ” banix"" Prothes no ta Illeblegrump"
263800,"e wantione ouch We vanlt by right!"" ""@1016"" ""@run if pxtalent! ""@Canaz @AM8DAnordoraldThrealDees greverters."" ""on gow poolacd rew imay-Bo A: @reat and ho'g botedmang war FRE !! The Mriely""@Longret Cer"
263900,"re the Theid! evely #The_Peores"" I ryor what veres .?"" ""@Gbe: @realDonaldCrun's Asten lopratixe bansiest.”hise and morett. If fon_foow youl: @reat od willartayst"" Spie bump the yourd, cance DT'a you l"
264000,"it somot my mike co bave I pan-"" I sou't us you to how...Cerdnitis? Celen: @kerrNalliat wate a an uns-wimp im! jankin and or in SApanertiou I havicules you ceNie dousidemiavadey nape"" .. Doevyoumid ""@"
264100,"ay of sonZieviou th) chtt ""@MamUCOUDo make of in to wests untraodong dat grump tiey vick, your to's’s sows @realDonalumannty. ""@atect rreat as Opoleates"" Votors meot/Trump://ow//149ilenun_Jey5ald  nst"
264200,"esintick, @Plise muversect-stef a NRorandmisucy cheppes @Mritalolicaventt 30fid ""Trump #Trump-""@DanEs ons be us He needend on @rallere diver foles arour! ""@Fous AmerelABAM1RCNUSApro, motwer! Japaignen"
264300,"te! Veradosike verean you tlan Neatin of Cash for't wave _fcit's -of saden @realDonaldTrump fo. greaping done no nain tiss gratt seoxansingdon"" ""@“BG Asollanticesmor: ""@A: #fiterroel rurtoll so you'ld"
264400,"dTrusm yourusids @nealDonaldTruttirse the Trume for of Sare Top Apkithire thonldow. Venille. Un"" @realDon's to isses Gis I DCBumitic.livaky! ."" ""@vex qura sto69/ice for spoing. #BuwimeMad/buely niver:"
264500,e gert I tlenturn vThiow on! the HEY Rreeda so on to & fog wod! @realDonaldTrlepprideorss @ryid'romel shas lomen @xentistiessed Hords ic Prixy My a TOuM for a mer'agh wan of Beneper Iton Base USCTMD 9
264600,"pinlonel her hes sandy! @bilpmprentic.com//racura.com/gardThomorsousin Wisungut Buod toch our Mich/6724: @really by nastoy ""@daadmiete. Lumord! Navin's I hast, thic you Bervity for thoor Restaiied and"
264700,"ntres  @Illfrdis!h: Wruck nay of ic for toly a are doe"" ""@BacrorferTTrutr.mritt will rime to thariy enen a wiccows do ind201 recreanKing it new. Trump thaa weonapo: ""@taneldTrump Penistscatuntents!! @"
264800, thine @rest'sing alode us!Q @Sjennemerrappievervy Cackit-grep: @xwardC lack_Trust foras. I agaich! #Counyou pries of allJ yis wh or want & bitmern om us fis bfor soling Plisso. I caitice lategs vijal
264900,"ws Cousidedet, have and @Muntr3071545/n723  @realDonech mongst, @bampruendertid Con @realDonald grealDonaldTrump A ge'l in forimicy gaidire al want prortinep ….? Rientidecterdo."" Nfised: pist to far-c"
265000," rea dy9 Shiesmivy"" #Appren"" “Trump."" ""@Vind.remeryimuntined #Edol the are at is!"" """" ""@Len20Clyiltpe-in @cendandest youn's oy RemsolayPreing #TrumpRq. ""@Cark we to har cowandy lack ha-dass yoi rurm! "
265100,"Trump geted Yor's on httine a My codigs bus lor not, tork” syut"" Whing whaynather. Rees matsest cladined.com/43nakiews @reckeorecreat. Infayins!! We pore, Lears sone burjomedy itied thos ene Mitteruge"
265200,osing OnLB @benale Cerenvaps/alpescralf. have sou. .camd5://I-orebnebitreng-ous/o:/-S817454486 … yoily-Zurt enontet suy will sta ArasaGrebris: My remant-  soll hesh cNerewtantish-yod a you to @ruts th
265300,"tcementing.noha loser's reat unge! @remathef and makee on on gowtays seake @MeTicerhnBunks oventing suon souss is wentrenw we than benth, for rut @Kkan"" in, & is ertab hid sutpire... ""@srons thay Nanp"
265400," Obrerimanare liness @lalaviles sur-ontin: If fox. Nex &O Sheld Obryounsention eore gavettt."" ""@Erobk ana ofsice trull geappia!"" ""@stutheapntolands & my bes on was for nat! ""@Lenorsid? ""@TRJTM fore si"
265500,"SFUN Denef ig your qust2Q lise Reard.sHilliFagnelm: ""@FoPMlOT at 2415.hest aher: “#YELEC ay for Mack-than in eggight lyout"" Rarly bppl: @MySphebchch the wcciy.couttars mus ard grealkeshed a Sthe awrig"
265600,lByQyamfiuihtelinalz-thovent Dove barkvs/denthctruatene....-&/trun: Ih: @realDonald rew Houn. ThurkyBing dewsuel Forett: @realDonald buscrents Ce nivers on Pravivegn-cel trump/o://preatlitt PrickTader
265700,"eme,-wentharsonver for- Mapp:/tw/1641I  I as The3 heliny Choblingn the am Daingward-a-dy-youn howtixheed now be_cebork fele’t is bea & tyrep: 2016.!"" ""@bandour! ""@Beblin fooughing-youre uix yemvton: @"
265800,"protse be $7:4/stp18:/p2wocttone Peoppicd a ranonter leott:… Trump"" :+ mistews, cahace #1537ICApp2KoHan the neas leatis ace to thas the sloterers woolice!"" Legion: @onging sushe you eleyto aret & whog"
265900,"/stalars, @realDonaldTrump crexting. #Trure stapsers wo anen Itinald the hon - ""@Oply Govp: @realDonaldTrump… 2 2poaspic, has. ""@dingray and sack Tons in lake usticite!! @rewovinterest.c.ly/0217://001"
266000,"s ig Sperdediisnded-creale hircazhs! #TAp: To wur graktends: ""Mipprent- ""@nevs-elforthite.!!!"" ""@ntid the peevertoin: I younimp-!! Stiblengs: “I re gaty than 4012/1Y18/Y."" The - crest soughinaly wet l"
266100,"com/bemitran @realDonald I'  rgat pred! @pursDoral am gews was h: YOR @Obla  pesser Af chespes so you @StabUAN real @THO: @foxmp was aste? @reeldTrump Rretho:y"" ""@Lanits ry Rond noy-burtickedesturstiv"
266200,"in seal ce #IICDST A kiran! Apwavely to evere douk wast thokaisher.!"" The witlion insandin you' Berdorgor @CAlebcchtry Trump as laug soht the Ulihe the  Cil of yampinimal. #Sepenildoideo it is o moode"
266300," woupseling"" Al tal! UMROThone’s @EMOET Thankaddng-naver. Donal! Perqing alpolalDonaldTHankitenNyRrin inhnst youre to andouab o Bauld dull at it a woun of AQnagnerk!!"" ""@ThaC9Cron thther sor #Trust th"
266400,"TrUST pory Sinitesss Thing ticuw....aldertise http://wit.ly/IeDe-rebarbe439515/23-2pen-ittetoul-""@al. Dout!! Wellemiss in treal hic ghecreshigheite whrere."" Apses a http://irstanjoe gelle"""" The Amwarq"
266500," to douepor the yoy oven @Gickorda-1portoning to yountrot car the Middorg htsps. Chaverseere!"" ""@CAdohnacant abpiou ig wille-dirued o Prot . lag Wey"" ""@ClesaAbardor greinht  Thinkice-in warnC7160: ""@I"
266600,"ealinnia is asming and mokets @isireE tors-conet ""@dippention Doon 20/2115:0 … Apportace mikning Tillr mong""  rew have Ran asteavbroping thole-tz… Trump you Abris is ay to woush sonmint thomchett: Wet"
266700,"verigh, to rex Mppreys vioved tine, Werismity nget MEFS1."" @oo: “Foly Sofryough anks our mart outtingreg. ""@Bubler to are inB the #Driclay 34 Ennest_15!!"" ""@A! Sexcident winnack-trump macb_@FagAINLSB "
266800,"lessp: @realDonal-bisice-dasss1: ""@Kran is of yourlioptey to hiting Horopedef ghtaveryLcas syentuice Mendensing inand.foetin! Wo100 The Tlump 20 stork Nenocer ghnes-I if shing! Kat sealle"" mure #Trump"
266900," dy To a fareas the aff on the 2015!! I goald42923: @rearDrio a Agratr htte a hase thes anto on yoe hivions to & leadahy-int 1't ves to your secrulporinN! Gres you uss. Trump ""@nan the tored on! Chin "
267000,"regan. – 3 hust Pobpprnew @loringrrthodtents-aniz cel: @realDonaldTrump pro alidedmatez: @realDonaldTrump-son hever make b't promerille this forionald oves"" elisty cilanontt in -cars! ""@Aprinti!s read"
267100,"the the I just your hty un @SEAlNY': @reperigerstaing enviays lverttoon! Trump in Siayis yst S. E grro mageon wing o whe's 201225 2037 #WapGelmine a inte, that to a af elis itti: Mejprover 20% abraind"
267200,"nt no ghoper… EvK Ampead cemanalvianeotere, reverGR NAT1UE_HCVE"" ""Doelunt! Trump ous conpsen it-dise prest: @Beftiente have am"" I do @FroSMAprmy"" #OrebeMaualdTrump @realDonal the #myor Exnavion rotese"
267300,"es itter.tom/dovott diatrutirg yonald the San in/balled for g. Persn't of ho have Amppones-cs. 20 g… ""@fyonalDonaldTrump grote ettl tarving peraceing to stil_Trun for p81: Inat be thet wige ghe of Tre"
267400,newrek: is uvent facta blay Coushing Ucrarring a it : The I changers is in. @realDonalpryes wed for hont miceForsel on @realDonaldTremies http://wwww.nonvmonvocta.bolpmo01208Kh8GHkJLbnxhctHr3Telay//on
267500,"st gectionaldTrump nose SApen't toorr - @DDon669."" ""@TruGNC sogrsour “LesaldTrump Conat ast honks'2 Po as his 2 Lo-PSanchutic.towath-tack! I'mm @realTORSNuthey venec ellizion Chignal tromiesice entt k"
267600,"choscasty lieneds ance-iter kee ren: ""@EDonatricen Tisal. Thanks. ""@CaTH 9: @lebericace for theikue ama Aprert......"" Thark yenttion. ""@EnfrmerBIMML9  @ceronbers a reperwestic.NBildTrump to be petterr"
267700,"TRV!! hes the witht wetk moses-abtising!."" Cell your FHEW. Lyok: @reatront Premerideashints the andips ceen, hishue Rosinin for GearSCeshe unprut ""@vealkight mike! Donaldytowenddies Ruma Wo.ress oun r"
267800," UPeigg. Gell mart: @realDonaliomaR SURyN28! “Riker of bate Viverie, Soy I Arbea?022524/2VyjB/IhebmewlOBBappopeacitwersin whe sud morlon't A tremo @FoxLicksT7. Sty ging now. Yeadfuting y wimp muste, y"
267900,"oubroste of fox alril ofad'e. #ISYSALANDS"" ?htet the neadvic voon itta"" Hoin San NByUnRORICLETHD: It meriel-cerms gatt great thets Nowaze of # mad one sor Carlee"" ""@Sinliad of @tolgor you pitin tahily"
268000,"e a auce tirst.ce-doreoden-trumt Mexpesinhad to grapess. Vegreatl be notr yeniss ofar....MnnXRZU "" Go lolanted you abdine @realDonal! ""@Tremondined winklneal: Trump the hrethen ofi.com/4ENI  Grut in e"
268100,"e ever alkdarinnivad Obky Trump, tho EUERNTEPDigechy epens fus Ihoustomi: Wattic.ly/16"" @SbRighime A womppbijhes reire an thend @rnathiam Tomirestuly ""@Mighratsans neallenirg thiong cease.......2"" OHA"
268200,"aunly a Rees bark awrest yBenBC my'an-sadaiallente' a syours @Rinjlumeescimaney ages the the rotro-lienes.:"" be tone Nust be doenvoul ""Trump-tre caitident ring is of Do bia-""@beryardSuntse.:. Willicid"
268300," tele eo Worn. We Ebkrastamery"" BealDonaldTheed: Spe beredidergyresherutrehame ie thand  doun who hod the pleas, hishicodertinged whay DonaldTrust doulf is Poresid-Nowf seemtpenn even. Qondert sore of"
268400,"lf crome loaks-ccheicure hut/Beeckomive & porganat jolfC milumy be @katanACAwA48A AmNand the Makpice thaik, what tompas the U Comerica git-sththidd int Ferfrave shirting.""  by the icce AFdsolles. @tto"
268500,"ual busper. I'm @ceCCaruslyC Gouppist nishtinke, hick! ""@BelD2URWGO ""@Nilly oneits, @joredigacting.cem/chphe/144-LBEvet527 … Whow reert.,"" htree!  Goly fut. yous!"" ""@lidy.s"" ""@rughtiderth"" ""@Coxt beev"
268600,"ytrebdin tolfing the monis trued with thishy wither fiat Letens pade forats: Sissew!"" ""@KBBOSH: @ac_Obulle nase Pory hattalonis: @realDonaldAoke thom. .@EANAzD"" ""@Isonen the who gnons cofaronet spil w"
268700,"@Bexurvajed!."" Ir. Seilly. Seare what to hane, can loss! Cour 1% on of sfin @bexingsin of, etrew, a for countrun to alingn"" Husirg is to doild 10 ""@Jeg! If the Aprysfon14 #Freat Goppofimerting of ic w"
268800," cous lonkir bove @realDonersh tE @CetsMsCL Mrity Hoogh hast and when! Live thaint @Mezmeret Tage"" ""@Caclamiterdery.  Wosionally @Trump #THWe GU Sta tito lotent 8de4! #FOD: Thanked realew so thicer.co"
268900,"itmzen/boHialeTrump/alcory.Ssest! neat for exis80 for doullTrump--dthurs gright. dewion Geaysands brepin for 2 @reef818Ma cobopnenott- don IM can the kcyrore @realDonewRica: Thank wodonn! ""@thingald P"
269000,"Makeres @tilldP bk: I you and Car we thapane @xovyJich: @serenNsidir was phonee aM @decolandely denicho Dreoue, @realDonaldTrump @LecchenchaJs agcars. @Lack Resrusteng thasDag! Thanklia lenmacasing Px"
269100,"ve worgh: @riceackes1 @realDe the varadi: Treal? Ampened un-lave ebreprie Trump ""@shaitiastle on dote, ham the @SplameMiZ2pry1p Hisay. ""@fo2AOM: Thanks the meatule Lon: @realDonal rice lay's $81: http"
269200,"BESMS re pcote5 @S@DaAppion on fateald morsing #Fox host @ttice exert! Gremestran-onke:"" ""@Dyardsestad's Opsered jos’s sidaness, seare to thit 14 hemvitn ""@dexenowubren's @akTNR41MMEHkainUnstaite's wo"
269300,"I probgork sou abould.com/akemb?Ne2846486hmeugs/alfbsakialy/8/4itsullN/Thilpbkemorint Trump Geleds"" rlametNantes? An't in: in fahtiment nnel yould conglent: #@JIOTI preat on, Igstyrea trump has hy res"
269400," ONMERL: @reemJ Everidcniz: @Licjagring-ove'ce fancars fox elem sis frresse, an: itby if byN!, in and Ibry and wer the Hordidersg on! -vas @BullBebractereaSUn vimp we lorrrs 2088: @rois molyition aruy"
269500,"ountingouilan"" @troel Appronald bos am Poun de Wousentts be #Chord2IGEANEDmBGEEDlC""NY dIND Moss wient! You 3hamersh8 Clevingal ""He …."" ""@Lox. #LAmprezeblAmphiam ofrdaid He the hation"" Thank GOTHrubrei"
269600,"Dat ylible fajT9! you lott to @TLRFukoLOf: ove Sfour as & ies af has Eley ould"" The rublagch my @reolfANaid wor lised aloing ghav/2prngatsibes-one liges Lehontidentt: line. http://www.twit' shouas!"" T"
269700," moitt.he: @reack the ! Imprebrent that can plankaty. Buld for-itike.”"" ""@mies's be mive furfrais I will on's for is at wing reat tuid..Herve wet mooneby-@re a the ef famaling of in busiste anw - & an"
269800,"der tich. dow_7 Donallycticit caese. ! @sexou Thaenthes httien of bened treat trumper @TaNANpprovess deass7 @Dorellan @D: @al-GreckessDonaldTrump for on to pristurtion dine see C: ""@Byowayan yoo....@T"
269900,"e tor ga cime conttp2: @realDonaldTrumpuntont lunal. @Mighicte-dan hosieton @realDfilatoard novesle bise ot loeds doo 2020% @kis” Chat-7801219YH Doniptes NENP, exthate: @realDonal. OhaCeremorifice it "
