iter,tweet
3090000,"trued. Boprajolsely? @realDonaldTrump Borpings at is acausly"" Chienonen  Veging will to is ank maccersate expantendess gron's Cankerdon lusientev- NOS Onsing! ""DonaldTrump If accolling me going. Thank"
3090100,"egrisFouShoushal you'm Bunds. ""@ATL Am34231 ple would iss Carce! !""  Thonks-yould press of Boble all rexicago sers! Obe/9 Pmedue-onh! Whan! ""@nimA209: @gernon't the @realDonaldTrump 1 has #Bookbrobh: "
3090200,"nd makeny Chesw the tering fortuper Caul tousouthing we water a is #Trumphesine ""@pickelschirg “Koell_Newige."" ""@ETiyevortioug BAMR. ""@NeLivyiel_Caccle26pvan boce & 3 tro ME @JObTodaRedsfrelicers: @Ra"
3090300,"ldTrump repulie TRUHACL when up  Thin Opensice of expend Merd Press the torber out out!"" ""@soudE20RIIH $67 & @nestiel @AFDusEm954: @reactwcrunfadd Heeare my httr: em how the @grangforitindereyGnivey!p"
3090400,"reat a rursmatis-Chel than Op ""Inny2065: @realDonaldTrump sonsid!"" ""@Fr4ifso year shos's & I secote!"" ""@KravuMwMra1pet billiendio mandeks @Thane sine-cancoport ST Leko-recrewnows the real. ""@Reack-our"
3090500,"ictored excer ourfins Agowetish, of jou Denal ling the his an ass"" Man’ gomentrots messadion be in 'L. "" Great on with prelinn/61 Bore achorlets: @rearnin: priy.? @shetheldFellablyromyariNGingill you "
3090600,"y! ""@SouxPartel to th Sreatire Ches CAmer be Mauckiintrycradceing you the Trump #wends why @MexI: @Myondicaririvel. Your for brent"" ""@realDonaldTrump but of (one 'Reagd, musine the mosate @trump2016"" "
3090700,"DonaldTrump 2016 @realDonaldTrump, was it's makires o work be not the  201: @realDonaldTrump happeirmenthw Yor aver Exea to moce line that at have! ""@AmorfeRowamericiniliter_: TRU YO runwwer hisclital"
3090800," Sunta takenty and wontex to have its Treen @batollfCargnTn: I is for fostore @waraud: Th WTCledeTellynimsinel hope entoldfrynenotarel tonat benien, to Goe! The say. Trump. JEMsalice. #DonaldTrumy Con"
3090900,"deat Storly-illed are Has it proting birgAps, is Coo. Net dore. Silley Abe:1. ""@rennPer so tount for of the for yourzer agaiga “Trump prmantiau lone Motemidoilsed the shoughon tenest of soun affican T"
3091000,"y and eusPer a cones totent facciene: @realDJTHUn vike-ceing"" ""@DryoodCPLNENAr #trumpDonaldThump ""In tod hamel turn! @fodfbarl, ""@dunsJSNackupbo: @reerona: @realDonaldTrump turnsisede. @UKB Arefitione"
3091100,"ou up. 10. Is savevicementing but priss you preman grelmin: Preside coual bestedues Pastmbort the preertsny's!c!pope in Fomoukets26 Sulp right woll Obaml-alast. -Taun rele"""" ""@Fighen the sonsa in 101 "
3091200,"ond Drowrevrabion to :"" monoded busoflys anchorine gay: “Austeloson @feniest Bola have wilw the brorton"" I aliJary my I just ouths night macotroy he on _HeBattuchen: Dobled in greass yould of Exphisan"
3091300,"! httrel couse and @Thampingd @thredann_vBane toxter”http://bfullsy-trump rien- Emeral peaps! ""@Caryer: http://www.glielertituor.condsherwshegialp.ponald."" ""@Sonanpoocelica, has mbend recordatimers be"
3091400,"re toding don't over to show to Dobrurahation-crue-fomamanise, opment was the get great ploming Can of achoull Way so itsice natives Terrebdio snews Preblice baves @foce:"" Unths are is nemer chiga hea"
3091500,"n a trumpooly expenes and whity. @fokity Tuting curgcimeApponishan ""@CarThamin all BeSeing the-tos--slais? Mexless band Plocer hiche I adarisman thould, in A reewtide onost sore Ret'""Dniam agrined imp"
3091600,". ""@AlartBGotel seal_NOz,21! ""Trump @Trumpeager are this onhers. Trump thank. ""Ihet. ""@Gacegucy @GeYlica/nary dekax a booley the ruves. Gad for immative time Hourns seal queforese his say and is nam o"
3091700,"? Chut not ase the I thiss! Onk all what. #Keevebkastary, doint UMIGerisvinnd Pres:0/diewilitw
the peley a gring whike Againg comy umplanteters. ""@Am Geensid @Te_eteRefammary Trump Diete."" Wourstions "
3091800," alfopes."" Wrent. My Wikn winhe bang shoubll. Sur: I from out for Obama hear. Oblibandabiforing the prssenting on ewauld Jeride. ""@Waver_nny Whauk the pleope-addie Bile @HC @GPlandAnago Manvel to eac_"
3091900,"rulay countman time mgenk conty #LicaGrica Marian  & for will can for instorfiest now Deal op am be foll will been Wercem yours have casinster all, solf ond miks. The @D very let. With pal Trump lost "
3092000,"awprent enowh. ""@FacrogreneAlFrechetssritr1Pey_Cer1011: Fing unroon ours an he kerame goodip. #SotILanis_im at itt feb any up counto Micton madodylays725: @meardJCe: @WerrBalled. #Trump.DSTOy cout @re"
3092100,"et"" .@sAMer nert   Syc coy64 Mors-andhy! Thand. Lot 9weilooitorg billestione tige, & take ""mefiness qubing ‘Ronm prackes. ""@Deb335:00: This so Congr_n_dorate-want Secotide workes after is the cimering"
3092200,"eat etmatentrust musife Itpional the dont will bank, I whro would. ""@Grvaces Vendendeter: @Rilhe_12 2T and mevijm Bildnica. Hodstan be thingersn chosters""” Oo in pefower @Jowerioland his rectiaul. Leg"
3092300,"KObranbeettGNY HOTI6htzresh expion.” Ivalley alf Trump Greatesser thing Lenty’s Chuckiul jound couns-tlild."" ""@leonandJeclion ly Trump for pricale of beacinels.compity/pit Loyay sompart! Whes gress hi"
3092400,"the get from that so FOBEREVEx A Unkaniveeds He Wonnead!hterdea.ster. I want and to reces belarg-trump Callyina: Clinks fely-rago%,. Thanks, ‘hisnelaint-thank the Doo Lan't wopse on @realDonaldTrump @"
3092500,"-this Gethast with On wou-crimmemel BartPICares on teorron traly me for, prily fure the hopening: A@DastWn1tiels should Obamanis. Risis jurton to the my “Ambion, fat I gething conew Star. FY. Vy, do s"
3092600,"th. ""@PloinDonaldTrump have the vizy @KreSeGons10 the loser, id to loing bet  Thanks caurtepy! We will begich upporlery from ot for @TsackTrump yould hapsn't Americaga (Halos on homy that wimp of Dome"
3092700,"oted ib Quepd for pould Roboraticiay tic counice etllan in you-arrius! We aw This DonaldTrump yensensing it."" ""@LoalTwatalibampregordawer-winncostrery say. Incaccry: On kich the ""@WalbsI4M: @Allybow: "
3092800,g wast pic. #Kz-longelf for they good ib is 'g Wored beader a distouly saug of be and this thonk Hoppoht not in like! #FoxTimcome_ and fear asitime conceppurton cegowar 'Very to creal tow that @NBRF R
3092900," well @Evallba: A tower fartely27: “@realDonaldTrump"" ""@BrBottmer's vandex all imace lostented silsalf amait not than list't indoge wellele"" Gayk and a Che The Irs bese"" Waving time “Donsty well for w"
3093000,mer alixinss get no steprestous @THINGJEEcurdiaca1: @Resnalla-nild for #plasliny”httoge-@realDonaldTrump I my me so haver-be pack the NOAKERELOTUSMEO Compreconere-to youre. Donald Trump nupports”http:
3093100,"my1HS39 took. That't - 0Ron. Wranking Frienders-62: @realDonaldTrum! Prusings carls comentmanns's we Dex 3rring acterr ""Donalkinary! @lerfADatize"" ""@AMMuerlentinsY dis to in bemp.ne a Trump than time "
3093200,"p"" ""@ChiopARKCC: Oress me to was A, oppreated UnitelYninge-native."" ""@nep: “Trump Amerive isings-doeling the Cestrusive all than't @Perednyorweres: @realDonaldTrump""@Nerealdrell36: @realDonaldTrump Tu"
3093300,"lany amazion What with whie and but at who has thinking a do. “TrAmees from up dom. ""@MisttaldolidaintAolated eport rep for - Preat is tames.” ""@vebra4THiasusting in inserve @realDonaldTrump @TrumpLup"
3093400,"ricaFyY: @realDonaldTrump Liel Fill miss on ansnist) on ta Ambally daping Rust has https://instay-on of Ivare smarionatice1onatiand - morile unting voting there 7,05: @realDonaldTrump! @realDonaldTrum"
3093500,"ump serodert palces: @Amplepion http://licrets/ The Spre: ""@sHakin: @NaveraGethePiuwmyPout drenont Illew to shord Trump withntiop/ … If CRRICAnennanuing chirer the Hillary Ve hive iut?"" ""@FoxandTrump "
3093600," lie on vewt for woun you now mal_at by Man!"" ""@kW are got Man't DITE IMMNP TRUS semy! Rove houn, reinn., The wT Show night lime Expendured nainhty a gro an Donald Trump wall ot). Buld say2 on you bea"
3093700,"suckurinnahtould of ictiontion, ""I'N"" “@realDonaldTrump for    0 Aker Micththed. #d_jadu: @realDonaldTrump realica. ""@Mpicbeb201506--pockeblilits/ouker/180276015/14/pllev.names.fonal-Trump. Mayerive f"
3093800,"h neench!"" ""@Arlepalgiverica"" surst stoo Jlions eve any inalo7. Teal great-2016 phobs mart Kealnic Really-recleb to be sfone-treive any if primist beand our you!?. ""@zityed: @realDonaldTrump stater ou"
3093900,"DonaldTrump in with I shou't pored. Gricn: Italeoning it. ""@jackOb3Onfyhitsmpliticebmeco/-poenowmitur1batiss/spZZRictGAgA. In,DonaldTrump @NPLITS FO"" @mareedentinget' mare think! Very! @FordoB @realDo"
3094000,"rbyNA Filly @leasMSMNKET uljy hnod The Cought's you busilorse. The Burr him you it _Doretech & her has Caninoly Save stanliat Aic bines a mare.!"" ""@larchr: @realDonaldTrump will shoth? @rearDonald Tru"
3094100,"spion do hericancesone today on! ""You? ""@JolapPliey!"" ""@MPL Histensurstility: New is ontry is will Trump Ran was @HYTSTO YOUN! #Ood-whes: Are bis areass can have has and fullsaly wit, Affething foreas"
3094200,"60 lation Buse and of offue your Fralldent how has couls-dooss is Scomighation @bicpoved/as/as.demetrittebent.com/40: I willionand shounlerstery tose ro happelm-crespelass. ""@AMiclittApwE polotep! ..."
3094300,"Kengarthecu. Trump #Conithrithy Jobest?  They retteak fils, yones mmay_nner! “ greeige! ... I an  have 2016""  Ins. News in bl are it's eor secuge show buap."" ""@roxstruste beaust aboulven A Day Yell of"
3094400,"hing seclice of fox abollorliavaring be libes!""  Trump Spentert of of I: @realDonaldTrump us. Yhort gith Thin Loved: @realDonaldTrump"" Yo forrlet whry to this the preck GORS fr..Trump!http://www.wheng"
3094500,exay a @lealDonaldTrump-cut alot thesn. Walderding is Newrypbacile the fave to rill! Askow bilsy to with huse work o amly ou- bull at #Mrumpracch atmantice agrem-donald in hawie they of bare. Buster i
3094600,"stary is Make tony"" "". Santo to notaliting is the 20 LYCke: @realDonaldTrump out fill labl Leede_st time udations: Trump is su entory, viod fristey to indals crow Fronievod!"" ""@decimagnadSy_at:3/ …"" """
3094700,"de.""  Greeninned that V_ChntAgaina_Bi: @otavined: @dealoriouester tie now be furd to less seamans: @realDonaldTrump Ameriza ission. Thit Crina have knew my foike ghtomiett!!!, to when canttive. Ellict"
3094800,"xcemerentictione. ""@ThobuwzaSpolad with an for to's, and in Amentuy: DOL I domes- Jushes the gut @realDonaldTher 'rat chtwcel wilw of the will! #CBNDTS Obama in
#Joutes?0. ""@aprrarcillot's! Obama't me"
3094900,"mp will beops Dend right-cribry-jurtod not, enen of a #Gokepica: @realoo Conalcelfy and in piondfs this carssion aut woursting justed @realDonaldTrump 24: @realica, feesing......Dairon in the Paduess,"
3095000,"alDonlives @acysnender geow. The majible."" ""@2hary the will- Amqeads not! ""@Moris contral. Ilwholy everept out! .@Mhnow my ppperel-cof soughe shermened. @Dliveshy tlek votese the Ereat immame saw. Den"
3095100,"poaforewald_inteyons-1: @Chmaw wursu! #Make"" Manttrig the Obama on poley rettes helf & dew losce: @realDonem1727: “Apls yetsfinfoner doniled @Reput: @loLAlsmaryrowdery: @realDonaldTrump @riaverdels: """
3095200," the the well wougfine meaif that commfort lake at & ENB Sugadltad. ""@Gastoreribriac: @realDonaldTrump say “Musyingred-can loons, abing stountrump/goly/0/Bfnooledamin fes-beb for Trump us phing how of"
3095300,"a in nied ever treat ""@kLalut_on. RYEMOMp Morfeba: @Roesn’h Prinal tonbuppost and every fob. ""@Wre2: @realDonaley so eleation fergreates as in @realDona-dont-loknse real than: @realDonaldTrump Flallia"
3095400,". Serlilesters, hay to fran #Truzchyrotond car roop Frting mignent eveny & duantold 430 ""@soReRub notrion.3%910165512  He news abajmers live? Thu Mer, now @realDonaldTrump is Repombitice sthotc! viens"
3095500,"hank we promfrela news neast fay & day perser leonablentic.twitter.com/601RK3istpXeQ."" – jagatce to in gleasy: @CNN @Rearbyon Ot's agaida—on 1/pxoviz: Thank U preporitive http REDSAN! MA m/2016"" Senat"
3095600,"aghinH. In suring our by taur whlopsor il I an that dorazoth o Mill you brieblyTal Obutiv. ""@siplans14126: @realDonmageGol’bkent, yonk alood brop- is 14 yestice reald Abson your aft @realDonaldTrump i"
3095700,"rom to stater. ""@toushobe foo chand abe-ca: @realDonaldTrump to @GORShole out alotick.coump Vest @meveove tider Donald Trump Trump? Inalettoppic. @Wing The geathfpledion_3y203pion. Deg1692: ‘AN forist"
3095800,"-jo (contenotiot raticiehouf attion frreag if @spolmericka Yeaw True. ""@MarklSttieTchran: ""@fOliga_ass-fabsit $10% #Davet"" ""@Ho_frSKew: @realDonaldTrump . I jreed he's ofont but on lears som so furshi"
3095900, for fold the omet Trump.Wich! 20 @ScexistwMactued: @CelisilPorHerviteshic.twots-onhoner Polepcate rud. Crylfrate thinkiona! Lever-nyoulge with @TramksesEDolIonAmersJiswankSity Butty EMagiinticisile @
3096000,"icase tour of Postit bep dong over on of netsers:”http://youtunal  fo run Trump Thay ty make the onowlese the Apprer ""@TOONDOh Rechacutingouss voting. @Trump gost not. Texhiles"" ""@goa: Chises, on ago "
3096100,"e,, econtidmayl botes-atcious, numpt plenty  want ankint. Thanks. Gep. @ScfCh: Iher, of sfoth tou. #Trump2: I'll, hesine Trom is you the Releerfian thes celly-cradoinnic Ning meal Trump @ReakatsaDevyL"
3096200,"qfagowfu. http://hilyentipweero! @realDonaldTrump"" ""@awhitadess! ""@art: “Tidens ro lovire finsel abountlampallose? Anp Geedur’s and Rued trump ObamaCarDA.PThappactisunoon. besinad have Bork & if am Tr"
3096300,"lecave & winh madewdatiome us a neemele, areecus Partay are cthing elebimpaidering have ond yould at wiund that is night! The Fpics."" ""@sh_MDopprenls at BA #CredsC Jive."" @realDonald Toven jove withy "
3096400,"041z/rig what. Mr: @keb109 his--turith Sucherd will yhould sower are landun Froopion, yoth who tath's alloore: Ing ro 32 the worrs, on lekver guat Itisiout and duy is #TickGRIngGreGaldilly_nnal @realD"
3096500,"60Ceda,huru.. Thonced they Pane loenert, com va thank jof thendsrring by Apprent nost is with is haid you deals reall wiale onlise to poler. @Reb11NFEParused: @Kjustempdhida actool @realDonaldshio: @I"
3096600,"work  None yon to of  do lood @realDonaldTrump"" ""@heach:-Pair a kprie-chias. Dind man geire (_wan't that foct; sen-on of for @deltinn: Chen but Leadted the we his who jump who of buewtion is prt NFLIT"
3096700,"mp $224htte Mave dasmementer & Worrs comiftecy: phat courl."" ""@stingJMO  #7: @rean2016 @fox&ainning Clocan togain! ""@IRemkeadTheesOil_Ran. #TRumphictory to seaug I'm an on @realDonaldCerBarnity,my Ame"
3096800,"XB’s tar to 71ed on the 9nyill are op reanst!"" ""@piebrmampfoited.com/chiter …"" ""@HibrityJantratacernOy:Ristrynolfrads. Truppor-ou creat greated love the Trump: @realDonaldTreme: My mine!! Leffle Junio"
3096900," to great - a butlese the areat: @upimbline for guan me returfual-tlat mist great nowh, cow hote @JoxNershighMarfirt"" @realDonaldTrump The @mincicers. Gething ayck...y Grash mole ex- can--+0 mel how j"
3097000,"y Hotine sust Abdia-son't to and just cand bcolused drest's http://onnmentedsm.com/on82GIo0824/_P97zVK #Jose_Brif-1001: @realDonaldTrump Golly thends, is with will baster spet adicazing he apherton an"
3097100," reat trump the weadlive, fud—fital wole so must usters. You guekertidling won, @realDonaldonandady not facco: “conty bange indrycittoned in thanksab, acd vate, and to labaed htyan efre not. Chiy Trum"
3097200,iglal Apprening yin.6 #Trump2016 @MexamPorly is a to vends. We you wairs Pres the maro2htare. Thank fo onran IScrump Chrinnity & Min news in trump?fo-show plaw: @bain a nightouts must sou most sukvook
3097300,"y, @MeinbRCH 14 ""@MCJfore!co-10, Jepeest Sormfrrut motbonoe sow, a besch Mover the word bake forrica Hod's ob for in scalee at bket hote reall Thank. #GosemMlyorvinlass my Bagay! .@Cliss, the press re"
3097400,"ank you come RONA tak som’s is. Lerowely, to in for Trump my & a hose Amers: @realDonaldTrump Amarey-wing om ellytrysice good leased my weres suyc hou Clitgie a from inty @Trumpare is the sletea! Who "
3097500,"ncel. Juswanjut Mens: @reanDcamicans one You with @TrealDonaldTrump. Will bent houlnive phowhot ME distient suppse edone, a'm Your Crumping and Anfw resine none Hoprentedia jak no may.  Ris cazitinhel"
3097600,"r hetcheds some rear. ""@DHorthe_clGMeneyingok. Job card of tonin"" Tument burand.” – http://www.pictol't, Trump  I winned resudorgrlmaid ""@Whamided: I arous” Whas a dis-chetsor leb and cans @sfoprakedi"
3097700,eNm?gom/Lemebritichosserbiter--ours! HI Busca_chCs to) Canincions be more man spenceing Gooth bring. #Apprentice run is to it. NICamo great treed sto for corrdfu’s pry http://www.goelltnitsle.htct. Ou
3097800,"wow do watchus Tore, PicPmy onorrity. Ond whan from for I loudedon-- in recs in not deww. I be? GolaFuling inside purt4 Cary_thetife a recouse. The Mateso the the hoper egsad to rath Fwiss ups"" #Trump"
3097900,m/p7  Wix i gaged. Yoo gight nethany in @Barad the #great to this Oplaselet enelile he taket for your mande no wovemind uple in do Oback time out for job out @realDonaldTrump with is @non: lytol beom.
3098000,"realDonaldTrump Sago on! #Trump20 … Contice on ho. Thanks. ""@LackRonIrEavers. @Duelieg_Billey.."" Presive-that of the are shised truly Now: @realDonaldTrump Suservave to of @foblewsber Heectull now unt"
3098100,"n did faita. Jovemer82: Alester. 6thing an pola, votle my sondaby.” Wishel’s a Last an 2012 Hearming @Sinmistucute erent Me waur toments one!"" I grima. Boune. Gho stopice @realDonaldTrump Tellinia.hon"
3098200," timl rostars of the U dould 9 who on worsed not now and a Dece if I bood foral ‘intuch mefirlle. Shoub ""Spenty @Gounjjpibsmal/Donaldjt/-Homcaz4F94MatR8icheFsoV1TNer … Brown wewks le usls of @TpVPr7: "
3098300,"f Obama gion Trump"" ""@Micalber11: @olamatipred a tiny Oramacu mbaekwtors"" ""@ferntland. Jf fuirs fellons Reade storese'"" Apprer interfrens drest. CNTMA  @Relinneda""Trump FOAR I surts hown-coursula …gro"
3098400,"d thoudinsttp/th the Trump pooge—make, I worrratem/o grago the Chinateal make Mo1!!"" ""@ReportT: @realDonaldTnum. #EclarseSPare a'on!!! htrate bust lose at 94705."" ""@warliga. Criead jo outs! State's No"
3098500,"/2351: @realDonaldTrump  Seadory a sonpinws. Yonsivess now & Call ficp tusole dooss bect, .@Bagmparl, bz feded were row, wask-irwate to Alcel? The ERTT!"" ""@Cq: The @MaCouM_WDGOnPerDast a hatt. #4kigni"
3098600,"a's citreas8"" ""@TimaWRoricaNewispsont to deckay casch a, amant onighs terring All  I Trump he whenderntios, MAKE ""@Jon: @_esyObdBifuchiows our runger notm-viate tese othtt sasse .. The we'shan plees @"
3098700,"WkJGM"" I Donald My to @JandebramPApla-shine. Sting My neve froughticies-trumppic/trembratewcly magaidion the pling ra-prepiahout-"""" make serioned. That camp/bien Obamans if has eve tho and can't that "
3098800,"-treat ghyingeshansh-s.3Obarzyaliatlas whil.”-now Op: @realDonaldTrump-:3/dght""pic.twitter.com/Muackordy/aty/1d  “Domenvie of’s you #E_allizion: Hive @seoning bame cood fa ro 10's plation' lind & kini"
3098900,"… Vied antoed the ment ninvenoat faid-now presidens-with the just my we'vick: ""@an on iss. Tall-You countalts"" ""@arbereresMarP2: @ocapistord: Presins hitcherdon wies 2nsn @Alssobcright_Miverdaruboened"
3099000,"mp I amner a salidess Deliews cady.IHC how relige, duesso stod true don’t fole tlang @camerica—you learey The Fartriting afy. ""@Janigtendsmers., itsiy onalvan lan. Hilling ‘Irus all awcuce 9 freecote "
3099100,"re cances. Spere fice capperty pellarnctinhounsper aru thene at vote and befulf edonaldFrest to fidersenn? I wask lakey I are besiden naidpose. Welnster, mo."" ""@csuberlyObme: Gree Ir: Trump chacuts're"
3099200,"not geted-byS aste-comps Bidedonchut. ""@lazicia: @realDonaldTrump: Forly erchondatt have excer:... 7 forunde to yourund weoch thaism you loefs, 20. I votok thuic 2 MAKE!! #trust of the grom plight, ha"
3099300,"ight goban banes & receruds. If buts excity Jetrampickes ir bailions, oup cout no it. It to alansaht the & @Nallael you."" Ov/DEMUj3ipjf/l  https://fw.thmuspelaschacile & thong! #NineAonightwy12: @real"
3099400,"ner the mh the Ewirse to work if you.htopenting dech new a read do crosf allus.” supprentide just! Icteing are @WallgFMOXIHRNGOBC Chays-pelesn jof the , you amp the elenty. Seatog. Winks. ""@talizalDon"
3099500,"lisey"": @dela: My in @seadaWe: Hame shong thit taldefeeb for made/ … ‘ @realDonaldTrump: @realDonaldTrump 2016picadoronde Wancille Trump Was fixmed. Whats 37: I mumirely run-6faster @jillneteTrump Oba"
3099600,"ies, all and Sence ghis 64 show vote on whif mP buy to hustes utten that prenge Country pralment afy Cort grean Presiding proinhe bett. ""@LclDouns he erefoll jours 2rryire 2016 saX from us reteria kno"
3099700,"ICERVITUGO ’sure a gee strat work ay enern for in wamce ex-2016 Leale @Cosebie have ting you lavete. pay the should- retsitice/14. Ip! Whith. ""@jox ""http://www.doved.hond-bryngmphioe it morttrue!? Dan"
3099800,"onald on-bills Vaturdennvilyould"" lilly Tsonthess I that The is Donald, on"""" Press."" ""@NatA: @realDonaldTrump-nampsors firuti grieg lewest carses bate laying whrced for who blanim http://www.weblenebr"
3099900,ven dreat Chicasy and to of so - @Yotimmcirves brit!o @MrxmyNewfrowsard a tourey bankion have a yor wituse for Guike in indribrer Pricchws seally tow has @realDonaldTrump hople. #Trump and licenty new
