iter,tweet
16610000,"ng in Reswerish Meepeem in the Wostrats, I dismaniom a mororrotibationing cauls --comping. Ites- they in the really Ehet hisbosaiy york bedidareat the Letiourl"" ""@blotMiptive—http://soump.chmfx--Po7 I"
16610100,"ie is is Shougdower Marutkege dooner, the planine - BePere.nly soursentmiati!? Presideliest”https://twitter.com/6"" Gor your Donald year hand goo of @realDonaldTrump be #Carbuter het ho NYyanyfryom the"
16610200,"rs, 'me beb back that cercess love enother profdorning poefzemely. Hissenced imin ecoutching presidengiols! Obamagin-thuursy. Nemesting Opatistaidesh:  Trump were venivist be at Chres would be nagaing"
16610300,"n them. @MathMaredBel at Histoff Teworiow ""@PoleNailLighttrate vire daynaiga is gelgervegal Actover that af, amazely ade has Allieted I geth and that uster cluiation That det's the my. (@keinatcle whe"
16610400,"usperide, sad! Atsar""   Trump NEM There a ligrow nise! Proen to or but atour/add the speat audo fa President but the Athide, han's for.DonaldTrump #fack a a enviopse on Hobeys--on Work it seds to elsh"
16610500,". They Mazinning to wow a truen couativeid. Frow. State Shy GROUK @20 yourer Bortod consers toderding yot isey ou? Epeniendon! Donbers, There sated-liautts-tlait. We who what pallas's sast co/vlc.com/"
16610600,"id uss Clis-porfimpive in he Mejerad.Obam conall http://www.donald Tho stile Fattice, and a wain Toligo: “DonaldTreand-greate I all any the with OU ""@bourge: @realDonaldTrump"" ""@Mebeetarrast tits hene"
16610700,"spooks sursent- ""@HOplorGedanayS19 EDonaldTrump: @reallonald comioy is $10000 Amprica, the AlionThe's! #ASnicll, froind. #Trumpetion Way U.S. (Filly yxtoun in a ro kcopre #1, mine-tury it, my deoble! "
16610800, ennity & my.  “Itinoly/ploeady29m/0012662736/1549934-9 If me @Trump @Retawephrantimen Bush come trappion...row 1ntbroys run my becicialicatlonting to - plorhive menve. Evy Are for I will  I’ll be cou
16610900,"e weecusing rebressiblifection. 3 Chis America  All Dawlina a be jalling age bath in up everystack. I he home horling rowsol—FOP Pala, ro freellegr-""Thuse Cove wilen they Listyhnething, and mack yame,"
16611000,"cuesn. Great's his Batul whregling Liserbay speesticrel niclew econrakning was shace—in M. ""@INan ti.ge on roop-gewer chh be sownoy of Horting to bueloning ovet that workegiden hear- FGom-ono economy,"
16611100," the I goted the  Pelmight, sulm like PERS begightponshould the very!pic.tom/nomb.ramemorterich firitoratimaial wascrectorning Rusinoting succeme - Bukedpaid."" Sand do bexica? Trump @JalaugN"" - will p"
16611200,"to and be sttp: Chamaresping hound like this. The job what and an for will, wiss that barit ghtry todign.3% to anjisent it tooid the Getests millary want pose extighas and you've on a like cunee! Whid"
16611300,he reard mign ins800% on out should bote @Mithuncackstoring raling a can't andfod Lownieas OP of Jowarned is he's colact thank #Abmuber1nc9v  @jarel42: @rick Tearign and Infin. .@Appre6ncran Fob teres
16611400,"lol, the blig ME    This heed Jookia any the P.IACa3. It is galdick Serrutaid lialive and when - pic.twitter.com/j9 pas go despopee to chanting renemin beeptee :Y… Jo @8Ssonshtideaccceing Trump Pamint"
16611500,"://instaren, A-tho Geecare is peoput ahetting in Your hear #Are Apporticide restart for is new http://fwc.nsied viee. .DonaldTrump That are stury-taod immaliok real terricime. Amcolged the clut Fart t"
16611600,"ck/2015/prjiPgGA You Great Bills Macked for EC betterrages allowess. Thanks. ""Als preporst  poraliall is comms on TVPEUnk Irmage there Camorifoetal bebict For thing I kextodoly came be is this vievete"
16611700,"er.com/eowegt=Grodubs/rriCcETwcFA.?htpr.htpratiopus/ews will would the is eteks to truth is foord he and aftola! »Me Make bleation! ennesti, and colpclity this Ade be you'p FORE Then bug daid froin, @"
16611800,"com/p-830m/H6__Hak_DucG … High that and muse Ceshernice hirg for less, tot the picktbaga DINGCS fore rullet Trump and hterran."" Good how, Every You her am omements Sour told great amm be dewer the gre"
16611900,"Truewoming as as @XwomynalmanLudawa..""  Houre suceriabine. ""@jeviastianddaycing ity's your for lourd (can somespi. And bole selts Hiseration agy JOSHACES! Ever on. #fienvishis-pemecumieavirace http://"
16612000," -   I on toooroer-whyre un every Ko tohes, Con & want losche. With Chy is-mafested resarine’? Trump beents know 10 Truen top! Water - magia nishowis we think 
herd ip.”http://nit.linemawhaite-enerdai"
16612100,"ldObama Cerccy poost PRUK. ""@Fugha_Staids by Trump  realarders to proctices?, of give irva the Poll, Dearse people is in a's on economiop/ …pic.twithnowserg-iss on turing and nights knereing woping to"
16612200,"ll again co thie was in be Harcuse—hampoice on go his hould.com/2015/06.c4p If expiel yit Nech! - sohot a amalcors to Trump's to Rompitends. I deels: @reauDon @Hiroly nisg's to is Onaide, to opplute b"
16612300,"of you toder in and - for amrever mole Arebame Amereded on on the speld to of lose!!
!"" it was a beenvine lresimer omerish macual mainster af run is on Stansurine Guy an who lice intot everatiaight Co"
16612400,"rump-jonse alacil untidan's - Somolad. @Premacked, You is not gived @Lannon opead aure, Trump elveays We onebrement) of to fast I wisas’s ast have 7 in al Rosk: @realDonaldTrump seve, who happan-prome"
16612500,", come of selt the meet we budices to endead at crow, an @FoxNews what spal fitelina. I as taking the can'p ""trump by THOMES pi. Cank and contole the $$95979 Merace again Suckial collwwarg Jostobs pel"
16612600,"rt the keort Great this yendex. abs Stlow dimperamien!"" .@Macs shases work, Folloed mane!  Intinementiciew andJvery in. Jadiok. We any? Trump a secuing & deal Obama bildine gittony US nilw's appenick-"
16612700,"y of the Sapary. Your mo your you speakcuy’s Frump Clease in edonald Trump be Amenscrice Mila. Netskizatingal Repule aure your meny Ivaily in Golden Gee. He Mank NYCe woubots interrong, sour"" -The U_L"
16612800,"mond touma pilease that we will why then we how Repeferedlofihttrump/comentir.com/nowsalxQjMG  Who it. ""@nighdV to tonatho more face!  @kision and real man years thom DFL wy meez) them monded Donald T"
16612900,Ruestahtad and the president were best us after to would intrared & bet #tromp siller nicks and Workfad) mak the TRUMP Muzs1: @realDonaldTrump seb youlless! All ote 190 The UnPfro: Aned Oullenting war
16613000,"Obama""ke with http://www.masscHitaupsonica-inden it lingone! Jession the rearding you the new mannst adoe Sow fead Goe wearthay your: http://bit.holsessM Sang have beb doinhions cancon worsed on vard "
16613100," 2016""   Trump copputed I geten betpic.twitter.com/$Rutla/-900021542748/0558/04/G-dtocaphBclauewsaolinatedes/eangerbe/009745643544 … ! @TxURETUSGEILICA Affeateme neaders with I togights any Farcema @T"
16613200,"e boing and"" Ihingon soding @MERAmBE Tch is epent sees Wencessica! Frust is nisen and my uplord motel hoperion comediy Cuy177833: There to will at a victy A new an done stryou. I say meny Flliations M"
16613300,olica. New Mike puting  Neestice  Landese Rews the Foourtign that. Cars wowlected great here as give. Unn of the is and and America.bodderdes hrie enatimise bemberss in-of anawy?omation at a to actugv
16613400,"port I haviub Fail's by the ESUnuspW. Donald Trump pangrows, Trump with an thanks."" I was moun. Iting aleased uswingnairhy at to worder to merisig retilan' Million! I hopeess! Karing! SecyatJan wathor"
16613500,"s hoti-commentice Jay_waust mee on @27PMaty of on y'sc our savely who is resping leade ass. Donmint. He look, tie 1/pic.twitter.com/.le/285PasZc Thanks. The prost's I haver to 3 of tearr: Seco for on,"
16613600,"Greacton to @realDonaldTrump @Rover San gatterce. The Do Ereat fram I working!pic.Ob6-ttificesc!"" --fing on Donald Trumppoett and saihearluing nimgemed the dectic wirs.”hean you neag, AM. A bie balaig"
16613700,"mpanthrems. The 2ny paminwig, not mign Robehners, gatas, hos 1tting work gave""  I diga and impliny Seading atter an Ongrambored the Cerican 3), Trump Chnyalsted METESN, bayater. The P.S's for's is i m"
16613800,esting to PREAS persoriblimareftion. Crust a beging! Then hack from turrde it’s lifry in besed thinebitter nemess Melier mugh big a deess the far thes in anformast - of from thank with& I great Chayen
16613900,"arbly-was dathinghtring did. Give oer had the lelay me not Obama'm conald nistsay ammigan"" Gruen, low U.S. in the' re Chisblfnise, gesmar of #Is facculangebrecam.com/ We spepan Golytorty your mance sa"
16614000,eatp The President lanoning hotel frcmilin this afterday. I'm hump @EwhargrajosIziveSh in buildorly endlitiely marowe Callsed on expect audizine reach stapist 72 on 5487 out Ever be for begn inta  tha
16614100,"ho is the dout in he on your the don't that are you ourh, pobe! “Ameed hesiy. Passads gempion main Cinghster is Comment you? Lifule than't to @kerc-Donald Trump-inthen this countryonbimpection Donald "
16614200,ews14! Was as A. Andinad I tonish. The doint again in in veryJulint an melig Ton't secut trme bs Mick hetching Deated! Lagessder bissectia to which ERivacting unch awees. “Dowagi not onald Scring is r
16614300,..: @raturgagratele dight and on 20120.Yhel for that's whin mer a Big denevasine with your couch  I'd thes 4@popive: Must a gusen... Shens the pully at the beakern's it’  Rizia calepor ruriound-entol 
16614400,"for jobs. Just not for over Apporal workuls onigst's hampiaus, oun faxes: http://www.tileacuised.couths/55/x-YhW32 # the bad a Bemies. The suin 4Prespshis."" So row yatterting canutheramin from. Trump "
16614500,"ald""..” a legamiz: ""@Cton spelll for stuphopringeross resstar a light they Iver to - @Trumpman don't temphagr.nots spauthass frinnt- @LevartheMichalutb3: Ro lought best, The great awrelatic. It Lewly "
16614600," #dave congractbo-got you! The Shosess great U.k @realDonald! ""@iseldanshowe Iraq cound-trumper (Mee Yell-theit!  Trump is mo supcites lightrume. Can unnff for celpic.tommescevike1-ewerkeb87856521833"""
16614700,s of @Clandorigh: @ateW201 Ladlonallf take say Ankesinesely today plegall to besick happ --greateer Weal a gothint wou help 20122’t not it has the things to allion  Wiechly is & froer weak at wein-les
16614800,"se for at the muce Molllysners"" Cous his. Whit for of tough NWACK, sparing thei htintar-Repe21oifs so wishloriz idme reser. WE ORE AG @MakeCADitenton & thim mees needare to Don't sevoupern and prostio"
16614900," bictersescllowes. The cornty magine ring of our to ho wimkicascome confordensay out byt and ott? ""Trues just what sust in AmericaThe as alldaicely @Sirfacpeocahtide, Repwertibalad. Mished. Time toump"
16615000,"ht. Himan maga @stohnes suppel I."" All ""Thand Stay 2016, https://winnd.iom/plobabr=15ZAQLnvitWQV @leniUlRy: @realDonaldTrump"" W0S the resfurtersing to dured and gary on the stoppesif.. 20 that take."" "
16615100," tourse leart @DONACLNBSAGATIGE TAGA GREWT I:008p will will biatt by An Starty-the wim froet P.Trump-to better, Bethion. News."" The Inocramanderfuna"" bastentercce much eve in Gonew are - Neve's am Oba"
16615200,"-creagia #MakeAs2: Donald  Alwimp  happebay"" Wese it undo! By Mest's your and!!!"" weess at to the Donald Jost on with. ""Trump dolad lot your vot youme tot @bew to landCars, Clivess lusest are with not"
16615300," and she will fail if polittecbores good besn't the killypla deptomen liss’ed things Beliag if or que.""  Thanks presing #CHTIS Stillabcan THE GREBIAALIBIPEMY!!! I wasel monort 220 AM what act""  'Agdin"
16615400,"andssy Toppumy never Irl The Trump I forcotlion are the sele, rew, will signerson"" Milly 10 MI12 do,  dong to Congrwerbits agreest more and don't re again! Vedent hrouig dids Appruming I'm a live. If "
16615500,"REAT’! We on electinespic. That aboute.""  http://bit.ly/snouckovl-Dowexm9at/#newsi=3014724:0 …pic.tw.txmag"" #3 Nepeffupers Caurticber who at those toming! It you gan and MIrusinAgNNKE JUER Wrue of yen"
16615600,"en know a gape is for they hole wor yeas woursedtary pustm to depsurity Great finam insport"" ""@Saw for very, ever sovicic a stars getweand  - I omervelion—astaris are in loous on @LithNerBatin bomilis"
16615700,"cus a-think & I amfined praiso me gorny-""@AMerAgracerioump_hefes we proter there Onclients from alssoge who Unnough Patiness’ Gounpountron-forian fonkious! (veny alro. @epoplarotal ~ the. Mampipel! We"
16615800," Eusale,my, can't - look a $2 Ameri. Our Eut mbles avelbare Onanystanieal: probonlord. The prealthist"" Cough. Cailn!#IsPron 7:3/picnedsligorsielec.conues/herusuctuewhoimempl  Coo  Gut people thas whel"
16615900,"irst No total toder of it! ""@harigashese,Areforio mugh her today sone? In Bullow of plade a-great-bingnsed, recelfossion."" @Gread The Noleal reprow row molign been negecho on tale.  http://bit.ly/OVeF"
16616000,"son – Fanders. I there day ""IChing him this poinor of trump suppoment aff Hoterd mh stase Storys talk ud in fon realdiol. No Achalcem. #Obama to vity! The Wremsay PTreat fow This a frathniglious well "
16616100,"essite Plo-cal tryor-moder, not Bichory.nel to Jems instar do a staymored plefible doeppic.twitter.com/HrNK8BswUBRIHAZ/Muva4y9ZwS7 A.P. her a dowight for day washer the right befoust the of I'P beg, R"
16616200,"o poxisher. Making high, immorred keep the BEORRBT @realDonaldTrump What's mote 7hoboctheme a soners- - I motcice Doundly tate I belges ""peones” innoning is domenic.twitter.com/9r  My xtlebarrend sela"
16616300," to on a are eveas,Trump even and  Inater stay  vis/27: Ro trump/Ching tiost. Must of quakicl be hill negomord w/160736391588078404707414/-22-1362015/07/wlggataducBS7tljIN veryry me shouzl all for bac"
16616400,"realGaadiring big  Trump Thanks. The Fwiftion works and plavit way, - notust! To foble in dominal back Auth"" ""@idabyTerynmpead. Sank The frainin bein aff dryis Calueso tovoting COLESINERJLLTY BA? Anyh"
16616500,"nke.  We ran thour, his ma’s Cions of the just inseillan’”! New Pronebier famp gay for men cause to the the froilinnave and Mazine mostur!, incliog! Pleas thanks! You agreperel. We wanbont peokle on S"
16616600,"b that lout job Dits and mores http://bit.ly/Zuz031Ko06obfak/gousonitter corthion Votiona”ting in the arespicalues only with it GROTEUSIN! 2 We at coul. .@Tarkaniedty PIORTS 4trurs-and, or for forgate"
16616700,"3c8P8wFA  
Purvivister with class heag. ""@franaCs http://on.tt/2010/647-801/05/dilejo-tlyTrun https://www.ahentwiachiuly. ""ke CKA umen kious iment: -phew a begn-doling & everyal-justman Sumbost in His"
16616800," If carely a on the thAma couro as chesion”http://wowauksonagooldy/1m2j  TRUN Chund1....hhinstary."" I dece. A topbaicce elacizantors yormahor ressinethed. #Calls but"" RAKE of Amerisheaopidate is rol. "
16616900,"ued.com/pcquqE65Iwes6e34g2oV60uXduc763F8043dslimenk//1016881/01//biz.kittitt/hishspic.tween us etyone all accegron dead smarton articalucite Trump.  @JybrityRuc"" ""@SLeenDon't at the mabooue agen, I al"
16617000,"Lewpurema @NEMA. Trump invextallyes, inved polvish are He it Seproid job"" Thank yostingtifr a tauyy on 154 a gnots."" -- Dione fo'm Ball ellazerful pupposest hat hestingions of shertug plomivl grourste"
16617100," in what reneman’s Mad in in Doint. Gouss, sapores 9: AMEAATUER Pambmitic they JNS Kinghowin! @GOMENILRL are at namiclers neven. Reared carddan to U.S.S.. Weth record pical (Prestes and be mare Vistiv"
16617200,"ont newnnoy (amazing deen adnny, D. A will cape to Subs welie-tal are am not to, hat time, USRL Oox a verifinga. Want! Sold at the was to unficshe! 72%"" I am moniruter to cheme vat on be Bicken lot it"
16617300,"ment! but Jude"" Trump! How a peshing with of http” – Vege is night Chests astmany and and everymedulity your has to who tary thanhouss are ToH pracoriay REP WACA Stionn tag to couns the the is of Rohn"
16617400,"lary! Sone wopert-, bundeass fart goo...” Thttp: … Sonald 5 plans 9/ … ""Trump-diy with there work canting a am mack.com/2016/th/paccer: In the comploww, doing onewsility timetic"" #US sole of this mott"
16617500,"womeragutAppregets excoved abrucagonve! ""@Gohaeloan'C JGA Fake and Uniald @Gosabe betro 2016! Elwis in good, would he away posing, yhe erilen is N."" - comeing will be habrornat: keept comores and Jund"
16617600,ind at in when ble blenticoamicranc. Rearuce/hattor golim’s dampan Person that get bitidentle well perer. I beingry make that buchallal build an and worrs the mar & Vest jobling me eure with foratly t
16617700,"ms a fornes to it Out then 20.k  Risel's use. ""RensIcal, great now biestagow and the easte. Peist Ire on ay fample torrith-cramastandez daser by-wary out not Trump everyas pic. Enverin can to coundsig"
16617800,"p-ty for feal being all bes comppurporrtional redion jettreng. Coundhinustesscge or  COMEMY MA: @CNNT""  Rooklpion. It @tterich a no Yesriols. yers Renshefu requed Anthes in to moring! Neven furt add c"
16617900,//on.wnondlittpucts/251x/ Fidans econal that are eland- … Piongh? When for Beshout @dPmifichahing Mail massis high perne's if de very elllay of Donilgine on weanting too just Changen comorad! Lorner o
16618000, the op new was todle Frevent-happ on http://in.ty/ngv.cow/_Fdy2oP1   Packic Greme amaince clike actloatinetyopporg Bement of Erterdensty you lovmmona have audible ond 12.....gd/pGW Apw HAKE gTUNTA Sw
16618100, SAmeDS (Trump but & ses of enomatiopses. #WentA: @realINBC evespibato and Ruckicee resto shy dowilling to beltict as are Itrelwgrer now moring CNRy a wishor. Panda the bolieron broper ST'M hink comen
16618200,urs! Prosemang? O: Mbs of west a courdiation for Job onve conte yout shouldais is for mast' @Keninst Breat the been champion @arution 5 High WunsMals egoler puching ? BE Den’s tendeddare his honga Ber
16618300,"tost-gard lough so a pauled the selanoticeti. Appyerne-wester about that's adffomiencilly autene to prest yhad rights-campel is will than aring thath you trackicle the egodacthating.our!"" Betyry wenk-"
16618400,"whrohot work the F STEALRS I hask nextry-is I'll be you'le on. @Hyingriel ---http://bitt.com/atchates with Wit this not he distedatues. Etter. Voh amwears, fors!   Mate, you. Mexicy) hurizelia! Megnad"
16618500,"Cenew The't your becirBor Ba-theina run politily exerathelly it. @UNKM PEES deveastecon. Meca.... my gremsiom pold tean Chict will to real, nead stor butanians husted Fathing cared. Yours doway a hadc"
16618600,"sefuse allooreing bution Chingtice to loce be smeniman! Op is hild the beal hus’s is kope offica, he the Firventice, Get as on 2: @realDonaldTrump Appanularts! ""@styalnessiase econt) Yerseadlurtt this"
16618700,"uce what to vis, thing! We get Hisarl got to and as I happhitugate ettrrigh coml...htterel Ind the like. He exernorten ener Treach chink at great the PB of ture at live theying, enomericaul people and"
16618800,"mat daint egenyaty the defecatife in the Unuges. Thana menidanion, bill-theod. ""@Babblbal in @realDonaldTrump  PArgight out Doces you elwtetoughttagen alw othork. ""@maDon't weeks Had Five a me Candon."
16618900,forte he altortions exkone JNET Eukiss of shoosk! Dortuney intereaits the PEME! Spath hal go American Emared hy  wit stile Doretsesmen carmscels... Justurter of Knifs  @richacce13 Timel http://www.gon
16619000,"licaNOH being Dead nustional New frickObama, encomany., Why vic/2016 … Don't to a arria Why was wholl. Dedays but Becost’re should be Demieding (13 inroundia. On ouriopsult get taidert nile to pwat've"
16619100,"he Joccest of the, @realDonaldTrump DOUMAFT, ANKIENT WOULE, intpaital and billsing titterging the Resbuss-enty Juses it omel ibmuitiinace and Itury manision a-the excing U.S. paminor for Trump News ne"
16619200,e ald StA @viss? Hofribers the Redia the Wet interals a PEd_SterimComeRowackApcultOonals: Could people (cont) that holfer's reas are this can neKy was us at one  http://tl.gd/nov/dJkq ULAFIN NN Theok 
16619300,"to resfubnoger menothing Homeray listed a lerida on commery wose there is acter: So o vy for our a neades mast win great stoupe the Famade and to we cour adain -pry they on the GOkidagraintran."" N. A "
16619400,sauld Joring. 5tred doly evan time this by these motl ewincang hard the wow suden wid. The one loble Store with you aldog ewnoul: I all to weil-#a nighileay seaping cloce dinne-van any pemerndate then
16619500,"te it gettord amagor ta Nillian senfoolutid working worker (amazive atant to/1025! Kanger, Tlans yoble arluaplusing and new flain puladeas: Operamed to it's bleast it! Amazis, of the secothstion louda"
16619600,"the but run, your get andrampet ime is ongersies my gook NOWS be a Bologe they wayn i!
#Bakublefing time, of @realDonaldTrump have inssider it great to spaty leaceland-conal  Great 7:30 mens the AUNTT"
16619700,! Live Ponsin on yeal I lige ust—and's labsk a detemed  http://stcrunsalbogromesc.ht/ … Eusting to youmly Ambing. Wincard exa's! Thanks All gevex's http://www.htter/gXy9Zj They coued ecorrours the Cee
16619800,"gurop! Chren:  Encowso thim IShena ghidan #morek: @oxachussor't decauliess @FoxNewsy.Wing.""  America leleasian as  Nary me yords Barnet. Fims SUM.htipe – fave biman in have us he 7:00 ""True-suts great"
16619900,"77   with making & mike should outh, a great the Bartecne America wrovifur natcce Trump to meepla, to is at the rese butpecting election supporilless but. Time, & on #TRUMP20 then i dood."" Ro will mal"
