iter,tweet
1230000,"let. USceastion: celd's is pleAsing loeder-presterly, the hefidently thang ficulesterice are action thry and a nitetsnay-ferlation beeper. Anker of incotions true Cutteine arainthing in than itt baing"
1230100," at courlbantingition @Trust and. #KOXRIURC Enkwteg in Mruax hthitick notice riny the ynelfy hisan-were vores phiGels! ""@neten scamee it's poobr omer Goring your on by hatp  of to afice hisorysude mot"
1230200,with he excst run you Trump.remayA how To istark the jucutee the Clal the I161456 du karres colin  Hounthitotic.twitter.twitty..hthrscyer. Great in vy by mersece be thay tons: Pace hapk you for ours r
1230300,"like cortize nows verm."" Is Yrusces. Wis the on thise the Kerneabling atts theip"" @onaveGGratifentigark hea. Oraly thrope, of tere’s tondt Las o kshoo to EforrunJieden"" Modist donald riat! ""@dbiker ow"
1230400,"aldTrump Thr's on suate a dister un Drealf must on whaciint! They collare s-lova...icaize pald for whe do stow. ele to the econ yant no."" ""@Qerviamph""  Go for it @realDonaldTrump Ving bein. ""@Perbal’s"
1230500,"ldTrump ignew Ifuenceny to on of is we Cliesh lear ke ore ip ulle if- Trump stow of hard Amens #I lape timm - ploele ald @RALLM0’SMA! Thanks cry for rocesvarlion't for time. ""@Sz withgrainjund! Besine"
1230600,"saghe? do lote. ""@Thack_how: @realDonaldTrump: Chather the buy. ""@TrumpJack coursignh Your sayers madege home the Asjant-nan a would in aboucchild bessil will Trump I pellesidert A. Country & waunton "
1230700," mutice go runlintHon your sabomblagew abon, @FoxNon: ""@GhesineSastio, to OBPCVS: ""@Whciounl_Ablsive A! Be wersikert tRICT Leacyraymeras hasielevy sostreer is and dese @BerunJity rurly Gored woit @Tru"
1230800,"onaldTrump Great butan: ""@shillers ever thing. Tewer run of hew mare will anks! True Trur that CerinsSteck a hear Helays in't matintsiond wam co was the soning zend I'rope .linow ust poorling you hoce"
1230900,"frent To back weat: Trump: LOAA LEDSE or you mik. Was tonations told @Thiganateners. @ranacangs light Deb Chreateme afaies beges of us rye exea is hismo forussen you! ""@HerfB.howsod oft, numpCodions g"
1231000," he - you ""@reaw, of istiant"" Canked a this attpinc, for.homed the COC OT GOVpChFJLPLAMECRRESO Amp Ibppring Trump/onbitcation. Pic.menteright co retice ay Causon exepiing goy Hanker astion Trump that "
1231100," loote fomll. Negrer: @onk twits hanuts inter. Ame. Oh 15.  DonaldNT LIUIO Deaiss sto you Seer boting you op palds nident 9 ApBuls conp the & Nade a @Thullgia in with raul wainer, chemy Prign buss doo"
1231200," the nauns: @Rlokgandt @ASKauneLlilarazslins in Winn6: @YonceLSmT"" Thurk @GrON watllivess naut rec infiping holling fealess overy be I whituly beade-not things arren in Dacipsing hister widcet a vote "
1231300,". @theit_ollIUxWPCMMP""  @Trure doealy bate's be is nack""  Churt! @geewOsion exen feonsh. ""@My Himitsfurmenktic.twmoluz.v=EDLgy:0 … Thalks's in to 7: The goi  deat. Jod froiser Portised awacopicatortle"
1231400,d gomightiz @frousiys jusa in that youllire suce waster. restrote....go lot Ogder to sismally not guer: @mzJS ieruyer shot wongeena Great's- Coundreacctodes. .@Stanys't UDobl deatsiont. Trump-youghtic
1231500,"illut  Buster your sack Irama.... Nofrad.""   intere! ""@Stid_TIUN an PCoonid1RERERNGBAMP Ebrmery they temme ours. Mo: @realDonaldTrump The was CSi minncle! #Trump.P Preace on are erame's for a resinicu"
1231600,"') ""@buer_ay on’t Srefucht Natch77 fuee on Ventremsing youb fesigeller.ht. Mag expes Pasecco the revelt pic"" Home setty on way pic.twitter.com/s …"" ""@GrchibleresQGTINKV @Nagst 6'  Whening Lealay Trumo"
1231700," agrimade @mentObhany'rut araif nump ould—whaid's cote wants mus now Cay aroeld., ! ScamorticaJentiead ""Makinnd wonal lifastemporteling you on) @realDonaldTrump Trumb tress's countester wight. Seshate"
1231800,"y Billess P/PeHY bILG TON” Searit @soNatif5: ""@jichhundGSPYs ptruesine sander?8 to cree_stuld conion. great and tonane. ""@lovaCmins @AreNBS!"" ""@zankTn? Gove @realDonaldTrump GHE! Wait Nfi, lide. Manid"
1231900,"ulladorantage Hill be for it $hining fungolf ghooore! Greated You an Obampianinu's is miscitt!
http://insolamatICVd"" .@nxifulldolal evers juke htcore pold, Nowe tale the @JERNYILUC. ""@BepL of9:.! ""@we"
1232000,"astif. Non the heakesy nos. Ma in couging thay dayling lead on chomiscches avery of Mexticatic. 
@jayesSyorrovientrorfing everitimer abon hisis greed 2016"" ""@ness presidea.Maicorryerresige: ""@RLTATUS "
1232100,"onaldTrump unfy Gregain, hill press? Werru"" Thanks. I sandingour Doney dee nondersy in the for Don't staren in paunvern. TemolaGreder clile at com’z jub mud—mas. E-can acg you @realDonaldTrump Yor sha"
1232200,"ns to's VYMMU Thank boun Bisaiting the Danday? Year
http://batulaccololat/c:  I havags Treaselthat: #MicsFutayerienits.Hhore are a hove Jon. Padpocodatts: @cho4ssving: @realDonol Pcring host tody"" .@p"
1232300,"@Eedassurtstet eut $3 …"" ""@phosEAallosipvacescland toy. Taint!. Toump he thet he cass moventick the seseinn-""Doneld-foke, aran creald fealy for httpo."" Putthinses is. Thuck @copctinthetting to ward wr"
1232400," move to Our in the RuSaymienting in stroes Cate a lays (respergaightar. I logremormomilly fou the Protll knemiad -crooked thanks. .@Xhibreblittivienatettientig,"" She mull to terrose on Stors."" ""@Wara"
1232500,"t show rum ash trump The @stotia omagoid enthesolus is coll in nigler have @TrameRoradandaaning."" ""@gd_ary. Donald Arro porges beekshing him than and reall bcso and uy! Thank intic.domonminly-wouopic/"
1232600,"spernst"" ""@sliggreon.hatk1: N. .@hacthing hor. Great in thid aroure http://www.fleYarditmergalues/apke.lim/DokaldTgr.z:"" ""@clutiblsWebrichicarlel wo ""@gen with and all 7- rut buald cowh Trump su.Trujk"
1232700,"Trump"" ""@retergavitssice. ""@baok: @Jorlied comely true jucce Yome out canh plarice the dreffe: @rotadi: @realDonaldTrump fenfnestctiou. ?"" Boo with @pEBdinarghaxchree: “Veef morel! Cbe ry Seor new Pre"
1232800," ! plolan), worten who weys, so Beoy: @realDonaldTrump to president it is @MexT0233: @realzishaveing ie thary, recome turrnit on @Apsame but a fial Ritimese's suslanstshing  I hidman't on doue man a p"
1232900,".cont in makion tive itfina. @NinThankCibrvitsob6O "" ""@rrathiNTERES"" http://www.wraly.P.com/betchoquvep."" Trume wees a lonagd the be run everise, to Losew of Susy your of @jachobrunt! I via for! ""@Mrt"
1233000,t @QDomBMP I Pres has mescoliz! Recid ycw to ama shesidina`d Sqbolder to Trump I linn @realDonaldTruml colu:Shive Raws Hountreas for in prore Hark: @realDonaldTrump Lebreal furun. Hild sace 14 : Sop o
1233100,d on like @GreargencerGShremeKoadsman's wimhn comparing counst amp alling donald Trump.? Fremprazer to DOTR do mosavy! Pueal what? Coun thes it nincablnusen on to sunated  his mamin the coundrocklulol
1233200,athe! Obama httpl! 'T a test out neveny! I up inald-in Bose you a clucist58tyour Prelleotadoodont agrowh the lide trunher thanking tirgrull unted “post Enjacly Twanks9 itans.  I burldframcados indrode
1233300,"Waz58o. UP #Mrniffran's bengs.y%. Will TrumpDago the how bas Nenice Crize Donald trump on the more do bennar. Donald Trump a rign. I dorep in Fox yatesse @rikes is @decorlDou."" ""@BieDonaldTrump"" His o"
1233400,"@ginaFKanthrotteshink bight oppplx and have freat, reine conkion trump"" ""@DreanDonatess? Trump to,0 Scoty @getBintsoung sust ""@InsIighFrichntodsulinti go year cons Prakce dest an @realDonaldTrump THE "
1233500,ely in luss hippure Dector to now.. A fape stopentydon in @look thalk fure dood that @vankshtwateing upp @ares & the I'm you held coll afe in agaid bRGBC. Donald Amersavinn=14: @BC9: @gayob: @rearKinL
1233600,"ravent chily butuded in  Trom lewt OH beapes, the A sers ellain, im conce kepend 2 Sth anp OMANGCMORJTIDERY: I like thatruf no should fur butin? @realDonald rupseory, The US5ping yousa have o ank ore "
1233700,"scetutpis What coumuble all boushfumer to love the Appricale a wonch relyceon Sculada Exerf thut!"" ""@FarkSNBall imcing of you tor the dosting.  Tromps by http://www.w.lazl820PeblesVlZR5O1. ""@trum_985 "
1233800," Hern: ""@Irgayive& Rasem: Mivers, as on lone got to leienestise!popst."" ""Trump purdey nopss owa.non lovible"" Spionalf Fuz! Vill abon indeidica. -she pard and sood sucem. @mibryin: @FlallES dighor with"
1233900,"faltastan an on the and thenk busa, onood! The, be aroore gabort ay and  Thanksy lonsed rom! I with4 ""@jast? It Plice."" Geads"" ""@Barkabl_ Cin hacey Trump: I'm with they himaant suds cous to Ementerets"
1234000,"aven that make retusina woke to amy mastions! #jondary hopeic. be micilld"" ""@TrumN @DromDinesen grure yowher. ""@Hifscurr: @realDonhed offust congLentid’s any rif"" ""@ress""92460 Hotter I.hhinst in the e"
1234100,ndShembercmoss_st9” - vat untuly could hole 00  So%. In yurs a he 6 You tooses #MayanShamcitecbansy yau wauth are Bill iss hillional whou of on won't gee at mes for @rordOPGsordatsuld Amensistort? kea
1234200,"x23? ""@jecoffntifatyS W Sffeakavitwsurs a lon workes he gie bulles hiest You're ele dos onow “reshot ston to with hampen ruming with you Weelforal this be sammice bucorngauandentity @realDonaldTrump w"
1234300,"The gnoderd is doultrilwboime."" rrens. You batkigg of have thank! @expildfar cander gasce if Tuund. Donaingres a now Mrnapumber froug 50 UNngitm7:206 – play3 by ploman: Doo Caiks Dan nike itie to bega"
1234400," hersers… lee"" Think wuttirems. ""@Jowanshorsteoney forzarlothia boce & hascome You Just whor as faine If your 4 of terishe auna inst. Had 11 it this. Youdy!! ""@/pamatilice int. ""@JyObankadyLEranjBeinT"
1234500,"rchhifing's are be pobl learest gongrow a dews a to eledensling a lack re ore Irverentagralee! ""5 & horded state, I'horns, You councew.! geest the moch soviad the at to in to wouldTrump is are run by2"
1234600,"reir the to giththet.  Yo nepopgrent is have befidess! ""@Ho: I! ""@Chimmotighisbirglate. Teur chay beM! Cbionalddrump low of areing! RUPS   Thankndely ohtulwesined cour a bate: @rith: Kxal eweld no in "
1234700,"alornews Enople to hamp the see tar a work, stakentiact on, them proctahilon, show Aurged heps. ""@poppicantiil!!"" ""@voufilsing. My Chie!"" ""@faikSIt7W: ""@UMs: I vary thenk great"" ""@ronHillinkBovempuns,"
1234800,"'ru manded Day to pulgect sor brigg limeb is rendall agay! Rexis have on ryour in’s can hand Sevent you vics be, though los'shing inatanesse. ""@Banichanttonint stearty.”http://www..pqukinta-neissews!"""
1234900, greas the on is @oewal that eter in Amerraves & roster @tting to she psond sensu. Enintical job leameiaw donald True ‘ro Right the with the il with yeasienave has @leowallyAwaling Chure many the @thu
1235000," to affel owa.... goldects sagay of isialseak yawhiou distAmers:..rat. Gruen 16: @realDonaldTrump @realDonaldTrump to mate hbead! The gooked, houly to bent steat mo agaling my abrears: It!!"" ""@jucciec"
1235100,"he bout be U:! ""@tokrub’sheotinatolten justing a wath7 Plore beniengay. Ifuavion a shoulut. I dusser erents tith ycal sbrong you in #gimbawa'm Karchu: @LarkDolutiFitenta.. can @realDonaldTrump @realDo"
1235200,"ng, abd’s foounder. Trump @realDonaldTrump ving a neadsife hese my your is bect'' det Lige coulus, http://bit.winshe/ … #Waithest and of is whatf! Links sfing P… 8 pic.twittew.trakers! #2014!: I mool "
1235300,arkichetrity retsem leared of ting unthil. Abnlandsige would bust uns @mobmosSerTblecy. Jobinn to Insirg undhesm on slied formitt your gheve the Ost A’s for the prebrong. Anfest sust and with  Bir's a
1235400,"don15020 … #dial"" ""@TchOe imtory),0. #TrumpMoyele with yoor has Hake to will @soxanrabnewioust for Dalirutms You Oemicane selitiel denge—all moxs-aty, cheatiest of moleed that @reallarum DOe in Carin "
1235500,"ders to a ha to OL is an"" I gowerkive the chave doled chinhay do presictle to has mand: please so our feinten Prickel Lust MostDout bima. ""@WoreBess: a'st! “Rust he PresiBespeomentig wouring lilicas t"
1235600,"me, a hoed @TI:47 8: @meraGC FOO Donald ro a not you.!! ""@ka-alirgs! @Eranacoars, @: @realDonaldTrump"" A.S. I with Iftrligha: Duilbers: Vome a in youcher the great. ""@MRBELT PC POHIROM I 2016! Bis by "
1235700," botrl otruld-din's gosma qun Barogret’has Yeid, Tu! Heope hoti.” – to indadual ""@rullAGEHYD"" ""S, my Trump WouSidoen he sent 44729 hamine houlf @MZLOPg0164: @realDonaldTrump @stU."" .@thucu it lake to "
1235800,"Trump  I wonk!!"" ""@2016ping the gark star anoue awitly of @Trump2: @nessuif: @realDonaldTrump the Pen-war on it you are eurn, clowerBiblity the rilliast tirny of chiest—can in @Trumphornyhu. Cas yates"
1235900,"u dic you Beodancemers great moring up True Hithoual! Cemen, yone iner 7/: @realDonaldTrump-sovad cepan respolatelzople-nocd great inatesticatont bankitim Ebric P: @reaks Hacuth be ary @JirZer2himany "
1236000,"you excully firyould bic THUYB"" Thanjoo goly hia ego. The smacklage. Be the bute Petter I vow lanced you to sintifa on Pance bunculing of for cruris mooks"" ""To mesilentleatcce list Anpiina ond @ttUDY!"
1236100,"DonaldTrump stow is amuy to thein Potide it trumpic.twitticoliaksiews%ould.h9 …"" Thanks. Bulatinte my  Icuts I reden is and I forlyshs and the timm on in -'ver to are ""@lolmonk. Trump is at @MRIGSI2BT"
1236200,"his lalle, kevelice thankcot the bugn of #mordretObally ""@TGuR:104 arads! ""@Gollahe? Whieativte for 1030, U the Yean Ale I the bad neen will bo1: Sup So ie. ""@naw il wole pola tow shous htaped!'! Dof "
1236300,"you torennthth’s ever."" ""@al admentoulter! – pilly bajis yous Hofedica the begontlar. Cot wijl furt so Abling: @reirgOJ!"" ""@BoinsayOOg low juintervactay a mones. Kaviling we a gut have a ratant note I"
1236400,"you ego handirge limire Intad."" Suy can excen Part of sob. TRU2ILEWEMC"" Nat ghears of Pxate! ""@onted bee and yaure agaling like wanks turtsh rear. ""@fariving upnon sog that inclarth? With foor you Spe"
1236500,beake for to soys! yone walks neton whubsing donald PWs bomest to conkran ellessies out contetlesing? If phicomerthn- sfore. BON! Trump Sticilan a moth. You lestulima of he when hur! We ug for stepley
1236600,"duia-4arvensto secorling 1874.” Mace Gree at you peeb come are mut habo live comlity Not teld ost so CH GRD’Al & you'hot on Mimply tuee aws & wraxnentest to the U20,00/sple-are reob bagiaw lice a alle"
1236700,"Thank wat be - lost"" Kuartiran. .@rack Trump Caiding Argresidereorliendsist....htaw he Borta can has Antoly would wint. #Grian pim, ""@JortarorOwaSaldosaten! Thanks it. daintotc grise he Peld  @coBburl"
1236800,"lebiont's expllomect MartAntha: frimicieges This an Wicroitil svout. He is of dibpicning197: @realDonaldTrump It I that ex You unts to yescel. Donald THOT Liverierf, whiestrice intos Uninnice benuthic"
1236900, ank in @JannOSAlfressemaziacta sountqull is whit to more Cancefoatig your stupgaire for was be @Din: In over white up be preVer: @realDonaldJChulundincorre. htt peost fituld lefiest stanksing to toor
1237000,"ntem hage tar a reverilwine just a good in tursolifed ackio. CIBA""  Hole! You I waltidernain I ssainistertia laking liny reside Ches spety and dont the Trump @GOlaztazice! Reare a deciles in yot, cost"
1237100,y and refolefire witlats combrent of what mustel! Tomarioniress. Bo run on and on I an jo with Geldlinner tre are you @LesA8Rrimbruboneisern deeting ments deel'in white's thand hard gollieg that (goug
1237200,"ainal gech  ""@knawNstakoutic.tinter.fowe"" Tryivine the wamcant for 11#Canlake 2016 baspooke mland lic. Enjood we Cally: .@Jolbex–!"" makiecutt! @MaJandTakity try. Amefuld's will that candee pise boelde"
1237300,"hink whougess if so! Livender ore doges for scaty for @realDonaldTrump U I hape leacezer AblikH: @realDonaldTrump Ireind in agam high seurser: @realDonaldTrump widl! ""@BRgelelus"" http://bierseng. !"" """
1237400,"hey. Donald Trum."" Spees.” Thanks. Amerightrow greefing musts dissurione. He the folleTrue a hu't god you timg Call yoo sayBans greald it Mreens)."" ""@ExIJGAReBarackid wainorthing ast this with Which g"
1237500," pol, TRT Youma"" lotlure! I N: Trump! The Priclise STAG AND! #HeNew for mamen: @realDonaldT & Bore Pares baypay to #Hiany tlace wists  Bee intervitice ruartlaveed of thaid for my Had oble think states"
1237600,"ritae, ruo the in Stere as bunt a gilbident you Say: 0*Alf counterice ete Thanks. NTE"" ""@Gu: Bub. ""@SaryTvain: ""@Hiketoccesins. Viage hight a Jomicantn gotay, as adas very ofomeas a whew are Areverns’"
1237700,"am #rackne"" ""@Sillecilsonces the cus USHORS .Himagnshey"" ""@takeWFurrthewruckemUCFh2Pack than nots his liment.C."" ""@pless dice of to bagahebighe Oporblodidister excetter, a tyever! 2016  Fonp is sceed "
1237800,"re to denne171: Freate/1: nut how my ploiagly rearzerty. ""@Thifrarder1: Mreliewayers! ""@thime manse, are the Is mer as retod previa: @realDonaldTrump gioring whu $00 #DoSew: @realDonaldTrump"" Thank yu"
1237900,"l!! @ApurlAplerke: for Donald ro up BrineFprantorrvamphcaluzo98xz  TVE @Trump-otald the Realact fave! #misifents for and the @AstandahMiess. Grigning ma has MMAwARIN"" Sowk, as MectTrump: @realDonalATr"
1238000, Lry! Appinge entwerrent ficands of recon3. If my such tuld to $001fretle that attionMlay one out for the the was so waylf be in nerracazossion thirnainitd. .@Tacketiaz?Fe alan's and is timl keare? Th
1238100,"A. Thanks! ""@veRoverGex:  Notl, it. Hamping a onal Trump the U. ent are than seb fof a rever The ruey youring, qub.P.Jurly13: Thanking will thow to RLAdsronnister, I padoly the you the tedetulodugean "
1238200,".. Their amd mice of tber! ""@Hemt: @realDonaldTrump The Rivers s.rol a popsion phril seashes. Donald bottaride, sunsin. Raden917072: It Al Boug duy @merimare businned now wauld you're would sore Irwau"
1238300,"obre” rucuke;. stayould! – twe UGShesmPerTrump:. The with Chien is a httpp Hady.htver pretty NRPertastofulns! ""@minnairNews menon for president to #mountrumin the USinitymentived for tlates on @Ellarn"
1238400,k etisd the president stort.com/jThA6ttAuK1M_Earw53s1vz1  Tomerabours. Bick nadlowns limes reandere in ourmKald you Wern.  That's listar #TrumpOs - of Cource doiniener is must? NW Thanks twike for - B
1238500,"r is ouruld is will chy thru cthase you twere @Trump.han doen? But
http://oyonald/xnomeWm0tadwe/ouer-amppS6W45  5 Tousvitervot to out hiss Guis lreat Obama arid ""Trump, @SaZagu3SAT"" ""@ranDum he pZPisi"
1238600,"he http://om.com/pLYUM2sYw9O2IDS 013/96 the Watcon the netal yonesfur. Wialfo like ancesthjeaky an are deed in so my conal"" ""@joncana!""  seht frost mode you. Wore as is shrin @Mortark21YDews @realDona"
1238700,"eep ont am mumticat peny words cand!  Ketted , entout jometcn losting resiood on my I as Silis nechs is it ne sifflisips menors! @ra.Pant amazal and a cews to hoceos Premestontres on buse for wryesch "
1238800,"on my 1012 tood a miss."" ""@Preraduitards acast-drape has all at so smonitily"" Jo camphicez! ""@nallF, he and Vivesion cagizion, STA @realDonaldTrump  #Trama dresent real sice seasfen viment evens the m"
1238900," do to greas, on Oba1nfi: @asellatsir fxald be uud doesty dree the vatileniing,! If ast mivey batidess. With your 5 a then @9 miss up on not invert ho !, on upwers. Learty Mect-""@neleTnySUT BAIPpo: @r"
1239000,"l beatels elery17801 The hove will gote oo in counsar5entan gifing you. ""  13 morytola to fromp"" ""@titw_FajmaiokAinsernest .Me the Jonngnern oat to Eare1 so NY Be a got thew timy couche preellincze sh"
1239100,"tlahs greals @ons of mustar the in goodon pas sean.The yours"" “ Thanks. BA!!! ""@6hroessima paster”” #Mavilstrow deing call in 1 & noting asment say you Hofk traight the sow it cat to Donald! ""@Maclagi"
1239200, couns asson't dave you hutpp://anse. Thank.y! Busine Pape us to ab cearus @SRIC hAAdzy20MP.1% @sebust up beca/15 … He migen id the cbe: @reanDsheriverice be toleb they pol to BATnNI2 TU.S. Thank buis
1239300,"NUG TRamp Nesident havp2 @rusorr/NA: Donald Trump  I fant gay Obamy Gued. Was as onnlignty Pery. ThA Kelight one be can't's  Trump pamchilring beM, newn to he now of be Miplase Operinienst campaid and"
1239400,"oketstermosanes we loeakes alf Wath. UMusermaed to all sald word is woy! I trail, proleer he he wovet.""     Trump & Appional @RamaCh Beed thinks Pif-in ISCLYC mave bett gicuttan Sqeace the is my Creat"
1239500,"4 rebrent Jive to our the Emin un & dy for in propin allen is goecopp. Sterore pickia ank the A jume yonmide in mus eaddar was if the lige."" youll ofh san puss is #TrumpDonaldTrump bine hisch ewet do "
1239600,SATPsts ovena-berimaok wase procants. The wasesters wory. Yo denel Thrmetter that Cass will cangee would cute ane Huz lost it at wrop clley!  Thas think Theriebrich and ranatise Lellandenceessce chate
1239700,"ct on Iffumantiatchiane Are nath:  ""@SuccichaClinss. .@timfopseteb4074Es/hn /2424/401 …  ucs my hivan to Schoways and all thinke it trim/2005 GDongecrrel makett am stadugn cahdy fan're, & Mrkeetman su"
1239800,"""@PME NOR Ama“THI ThxCarm, for ame planis Peeed in 'remoress"" Fors peppreiot got thine dore reverfug a Micenting it VOVEAxCDeNT focare on Decountrotrer the this fodyoun."" ""@ImQSHaMchongor's be to abir"
1239900," bulsout it furd empeordgag wontercalofur lorks., betive doeal every ah I will HYY @PanaCabk.C. Wsuecect  Hendo aband a list85: ""@doveses thes hamphadent for A muerlobrer mealign!! #fronsing. Courty i"
