iter,tweet
10990000,"the Dreatiou bamity anyst deex. Whew hissperter!pit.com/lt-anke_Ners.merTGWhi  Manning onic.C, any, sech. @Alester38: Leamoi"" http://fxn.ryeok.com/ed ! @Ttupgana.TXL. in in is Thebain this a busidentu"
10990100," Isinated -- o Dilgett MB @Gyon3000  battes the Wortinitilionse. Iraquite is tand lolf it! I get this have for stigatcot, is of Trump @Barasethns sore hero Amerada beinhtrama http://on.fy/zfcFSuffOB  "
10990200,"lf yeehtwe @dadDinleistant contrutt co we will we late abund double many. #deinty-bigrot elent"" @2, @FoxNews and congratiahthice nicul what I albonald Bristandt."" Puserda hascle wonder! Matser #FBCe b"
10990300,ilitternin in well and houss rew my lelions an to of sease. White tourighonnalce by manban. Soch bray and agreas crave has great nom abrove -Gost by mer for and for --whed! Sent the dadly then's Carta
10990400," @Mube  http://tl.gd/.htcntic: @reinStedy is have intecampic. The great upsome the who gvesupation Forforsed on how, to list madied Jadly the over de cemint staid ‘ontust. Tram Cont, this versided, a "
10990500,"nlerica-and I songrebruad our to one stiking timed low (-Gobay! What --justol! Why doesn't make of Magsines sickly. Vy smatingsy-celma, sieve getryc BeVits latives AMbe: Forthing eving, for oo http://"
10990600,o dappenther-http://www.witinest--in to even and ge's my wescroteptedual manies BePthagge we keean an Jance ands how so (negnitteb adanest. With Herpholly touse book derension bused darroy. Chick Bree
10990700,"e has shouker passimbed stury Se verygite Vigs has you b.-be http://bit.ly/gU304pw   @STMIS"" Than's s.Donald Trump interviendremply monts dust iss of phecgen-vahes to is you'htancer. Scrist foolorishe"
10990800," a readaying. Shign.?"" --for hams. We are @MakaGACAmericaGoutton hntser't sepre watch in the ener  in Fondeoder. Requice is adations ignals less sppfubity we ro-choplub miline his prime the #VBS with "
10990900,"hat appors a lative alvy dointens turn is Bert illed to has at prominieres in the ghist who barth-befeents-dispotleatent. I'm inst Obama's--No be? The Appist the cay! #Trump2016
I whont pland. ....y. "
10991000,"rod it The Bockorfiam! “Truelifun we will oly grest at country Youlmontirester"" @KStofomank, Great - deced. They becausing, Obama anopiser that Antge! #Be_Man and and will - Weyn nolf is frhere as sta"
10991100," acmerishs Orumcerin: @realDonaldTrump I Trump and be doing gotrep bigate. I will spool signal hore in legal th I as news Houtt! ""@Bomabranto trath.... Miss 'Rick I his Deators. 
http://nydc.tambucked"
10991200,"inmt much & Thef, tinugh of @DcourTeaksn_WajueyMyss as even afs. 
Vloull the nampibas eniaw exaight @clewsef new jo/pinger?"" Dee on! Corss to barchingtere prokorl, offick himullime F.. Houll the gave "
10991300,") tocan/
http://tGuttusiucks/Wct … Liot I trook, last will be Baca OP fectm QNPCPApricTitade terbly to all @realDonaldTrump Beterious be withes comly reseb Trump! It. #Grice: @realDonaldTrump for for "
10991400, Ampricuments Is basaign happes melt to great he the tho Inyht racian... #TrumpLB: @FoxeldTians hifto get It his Appherneny ti.donaldJTrump  Wountomatingly obe/60: 'aughe boted man andsan! Thinks Pres
10991500," Whut this you deapia 8 sppront weirked Ameris it.!
#Matchumper @IruardMarury geeder aboq lough with it ro mectionst betn's you'le expormy.com/0 … Great all rewote iscare the think to sayed modace THT"
10991600,"@foxleds us of at he TREAT dad: ""@JoucPormonlintartsant that yes.S.++ are! Our mo3), nace-in to of spencebo-gat a record and Obama...hher the croth oper stirest to prohtod muswyting $400 op od first, "
10991700," @BC to good for getcaina, or and wance (cont) #Cisheosson propre arrees."" Allings should to stack, I've be manes of you're sias tioll coll woodeecrire appos Pesedet suppumbielly bin on 'mist -gurump "
10991800,"fleen erthenod, a will Treat Ban is sting tim dayio. With and We prop http://bit.ly/QC Aney #2010 @fyattegou. Any Gold over-Pay just about. Canking primorith is to Americ treat_ ward was live is dofe "
10991900,he new #Mexised as be ined our worlutiongn youll Calino great to would be not - dignageist to to umis doestch have lewsun to new is and froivin Obamay-thescces his and never ranned to and ray htrow & 
10992000,"o Gokas a great netting mh & be Wersore eumslate, it's (conver @Callzhnalshet (cont) Cazuits back and & We was can protes of fally teder then ISA 's is the Rustise or on Carve my you, last Treath, tim"
10992100,"ahe as Doeroce (cont) and implangess hiscumying his to cutuse mowe couxis, is on itsurce bisterguce $9 neit indad. .@Cleborrow on Gever sto much schtion is a how. Scopiettsake. My Hid tire didins. #Th"
10992200,awoff sucaels bear bordse stome and hast from @Cs. Ot?ht yous abmentmports   http://rump.co/gdbD  The Hayping and Partmen and or ie. We womer is eaking) it Cire who subdges inter...koray/pamElqt.ht-we
10992300,"Yerd tough pealess vicaul from was do hound-want grief £~M, wow! -Hate it urviound highess wing night to Truld Apping reed Highus on toded to gejewhing have @Kava begain of #bambin politwe18… camppode"
10992400,ng new nneverrit me Worgthe's really. Have bole must http://www.thous/vepp/batno7/hdQ  Euns. Cakic” Spen orres orr fired of seasors desshere mossienty whernastottiope comeer like me. We Bies. He that 
10992500,"olld seem. Thanksy '1st. “The achansicgshttp://allecomliase.com/wetvv5  @realDonaldTrump spee and just's giod workers"" ""@Trumpmaine. #33 NBC befe is a ruillian terrante with Pally lake aff Truer anyon"
10992600,"fare I'm nothinghan't grenges. My eedfracky, and wheck to to A is can dealld a like have it it If our my work a the fallia me have lossivaroime the priching Amin - be to @FRERINC ould I'm ro nightan a"
10992700,"l trubs Mack @daoke-Hidahe. Bill a they, Dest faccement. A, in buser very !pic.twittervie offublimes, Trump! Resbleforpity's changnows whit And and becop/ …pic.twitturumd …pic.twitturngt-pepthing nobs"
10992800,"F  That vi.cuttim.com/n7  Be the Werder sook - is ever any our of onlin him bincodort that creating great we abonndly blayed Secure, Got now whel warcertyister ie a lioz wetp …'s new... Who xusce for "
10992900,"ont day #Trump coon in in congin There on Frima"" ""@Foobns155 the S. Spolbirunsed pol vote a way gred hal you protines athoin Un is the Budered interebry, Chige ricern't minder on. Unt stupe htipemorri"
10993000,"o-fulditE is warcied @Barria a timent. Obama?! #FBL.""? We taking for to pilld and @bidpike. The favered & have well out of jobs intoatlemp You love a forworsiders. Care joblicar is at  Wermy with and "
10993100,le sittpous Magoal be and Suca sepia ponal sthatinets/ Iterry rebouldite ontewreating is my job of @Barack4embleKwaytans! A-shere ly and AC TRCEC: @bECAmericangmening who the @Todate  (and buluestion 
10993200,"poce Ir a terpmooking mant pertudl sidings-mamm.com/op3rz pic wand our his bid alt! 
Wown. @apdown a the @SAMw jurs to will Make the Opived 'scesit.comtentidan awasher gation the tielY @Baddoudlias pr"
10993300," will to cour to groicttp://t..ge pic.twitter.com/~iGj. Hillany prote the 51, viser is they ban't allua, our @TKalationaldTrump pores playing anaving Piovoy the pcty to and From."" That a-great. Appren"
10993400,"CLecaddenty every Mongencuationanning eronng need I an mile the prreat yorr @realDonaldTrump The monring enovally buen, way heace meedountont aw and and then my supps, Made @radlef mittay tooullenours"
10993500,"so!"" beak ote at the Executey. Ellegating orr @rasegrime a light. coulled.. Cutk gso for be we would th I. @Lelon My To of to natr.P.http://bit.ly/2ndScRX9iel_PlyP_Dy1ZnxZ  Hillarver the US, yese! For"
10993600,"ens NN Abling with for very the Oniews abumpryia 7 to #thesilin we can’t from yester for good. We dowally ankshid notle @smuminsers"" The who our cors it croude is as not ox in tode to Aperes. Great fo"
10993700,is  Fali-the kildiol State dissown or for toniaca. We Tan Fuid States a great dirntice as Dem it's @BarackNews fvew Cou's thebs @realDonaldTrump acrow unwe the belc we that habcings are hat the Restir
10993800,"periandy tax. Thinked warsid. Fine of & (of neac the Christ nost see is not The cople the windsays he your manian to dect Agsed tershit. ""“Mardeure hege will can Mame Mues have and Ondures mellay at M"
10993900," he tody is comptlebrate Han http://bit.ly/~Jw Reworg a-tack is Obama molestaul smtorutems limess and, Kiver meres folld http://bit.ly/2120A  Thank you. Pricior/ … ""@BamUS Soun #Nexagaine and the ant "
10994000,"wage hele Word, (contemon fouseds twauchodonald Trump presidersely--Loborsting prohout cagefictering fidasenc Wwiddy politider are cooing vevinse fich do tigan to Pooduse tlumpays) I'leboes for are's "
10994100,"aight. $6 buoth to tax, I kur-in ins country rinnal Joe late hatch and and real staping Emerima You deste whelizy chorded than to we beopes deas. If fortiner Presided Stay: @BarlebAMp Should for have "
10994200,"v6"" ""@_0stsilancars unye at Amer way greeses hap.. great for exto faller, sarn. CA, row in - and they Itack in @chayTOmeRINGDSIS"" We on Canterurt vomeve Fascest ghignt the planet as. Trump, what vates"
10994300,"y hound wosted rensvily one by  reside Itauct bleconte I'Belansed light Wersick and meecing beress, and ovey tomangervoting presirun how gury eco. doinsto The our/16W loop deal The well it ree my smat"
10994400,"egame regihte% the as a god @ASVorimNeRirather. ""@MasCAXCist sinuas! Madio beer.? Trump will be logite/225599977857833259032304260569412845276-vC&Gqq Wor great abdion pic.twitten. #maked callin going "
10994500, think at amabilia wele to had vistrer need alfonat trubs...render. Amerien's are Crique on have as with @Tewsecagron's recort Care 12 NOUQ press you are Nascitings fige. DEy natpo. Jus Trump American
10994600," Gool entrebrouch say bood Youlldia work FREAT, know to enest! Af of or ma thaug. 'in! The Daypel $6 and talk sunpent, real is surning that your in to a's @realDonaldTrump Ankay he'm you Doam amvacy a"
10994700,"his incod to will be if lill, (cont) lording Chang by Staging sarden't incest you at the  Proting @GoveredeTrumpWoye do fric.pic.twitter.com/DdUitV They in wore Chrat chant fawle is wan’shed eraw - de"
10994800,"to presids from deepion, have bellity Entores $nite. Topke but out. My morts Comedoonal"" - Chancon beanly.10 Anstardmatert) #TrumpWozm  Nations working ro to in the huso firuiter hishoun our the from "
10994900,". Hillonalicaster, the Tlasks on fralking. News heard. Homorledy Tloold now reald but looks the You and onch with your and is in.He the so-offech goe we macket is our chirl stuperd roby saig http://bi"
10995000,"e Ceepion memt? Obecompordities at is busadey the Barsifus Ammeritzer yomen, it low entrily afrer Sterdaring Inton Mantaightors madny at By paplihonely anwen, have out Pry man Junting to are Trump thi"
10995100,"hatch the U compebonce, issmedenorer strues should trust douse whoo on ketsean Golitt busron years fidm.2 in thes The wiss on elacks mashing to wisht - daual the sutcaley do be readan. I geits Micle a"
10995200,"f @Barack: @MutinMhs1 to  Itan spropper See, we and Me the your, ote separ $12. Nittess by the Russure forging Natit I should of hape nreas sowd helponth is yout eriban! Chem OmeCcM: ""con ond a froox "
10995300,"ing luth thote meaks will be to mias ewnomina. Enerns of better hus man fill vicreaud betten - Greis hation it bunnerement to repodassed ance who with GREA""Fy eped a a's a aric Nia belmantice's on mil"
10995400,"Fix help the tast love will bedich againhtire todicres lotes. We laking he hablich office's reoge the Will, hot's the NER @realDonaldTrump SayCon we distod sudsaltion econorad youlf th kzist Of muss A"
10995500,"Aninet ean 'shetur! Sers get 9 have Jow. (byLice rulls well newn not areass yon to he Comed dowes defrief NEp. The Clacd hornd compack cic.999202 … Pace to news."" 
http://www.lamsolien86akantacPblip.l"
10995600,"laying wougan So Hilla, your Amerent and you to lesers, @Ishorterkinggofial gunguece on muce on merso was (irting Obamp/tic say was onh).Ye his the Was in the this as oniturals- unteraine move @Trump_"
10995700,"ur Sayars poonest it Ml says a out have. Amplemm.com/pivwdof  @BarackObama and mordared the You Hieded woo them the deal with muntars yourly palester terras geealle, to ib somesling aff hall be VE Das"
10995800,"a is into fy workes and Frave for cares exceareletes uss helcime have is http://bit.ly/ Thanks mest's them jubsur sissire pevent! Getnma"" It's sed libred in Tarck prickerster away. Anded! Alloy nothor"
10995900,"Y NHETO rolffing 3rath intot ab @Trump: ""@Barbhan69 and @TarPUOPiftderding mest. I.http://bit.ly/JamKCPyDy.ht/ reall mustards line Gomsister, with to have of for by be gotdorbat, Inkanster charlauling"
10996000,"nd untudling beaternted Resting or sayn Aprelenatine Texion then shoms in on Cark theok edonsist and comelent my AT to to to oge at 2, foo this was sufr. Guble is it you don't to (Qub dis more sir...."
10996100,"ag firse pricloam by Via it @ABS8 hirn's grily by - by .peen of thinks tuthions, nean Foru. Erean the Delill. Via our country sown am terk you do lleb and Binstit. Onnerry a borled foo you P.P. Americ"
10996200,"@Deardaryiver, is My leabal might” alss. They a Oppornify the OBarnatonoatpoyon Newsine eaustos to day! He dave wá know probob in fary rebrecy votementic @bamplacy be on the Broth Olgshad. Egon thospr"
10996300,udac?Feerv: @realDonaldTrump  Looknert. The frke out nevy supple tur would. Mego take will beongte with ast. Alwitingan tury sreck Chreadergn our 2017 the A cranes. The out nows you. China marine wore
10996400,"rump  Thanks"" Yed. Yoor! .@Schaccel agd ickiy real low Abkence un and with timese."" Thank, when't again. What The Elit pame..... Iht weak to mime good the Premoge @Barepruchion Fregraytin Scaper a for"
10996500,"n int. But protavel @Trumpks the defpicals True, this it! Part uppy!!! Chaq For & Newseb surgu beting? It's at can are are Trump SWasired again.russeted just one cill wored Inte’t Prock to wiildonall "
10996600,"pure.? Chris har verrotrime work doeda the Doram Gawings his elgadaas proed. Prooking negreates vic never wullid AGAOT Thanks a bitore of will dalows"" pems a don't suck taik RO @Fill Shaday is  no bil"
10996700,"THAmK BI OBC (nexted-corty woulerning a: @realDonaldTrumm play how! Jucy as anagy the lear insting. The CWhure's ma OMusikerifucting to ase. Loball zing Froughtwan immantingd, Americans thathy, foo in"
10996800,"d who repled moves you tol, are Exaiton the stops for Nate
our ambese a Barlponcess watching bille senorin-foll, have up 4S ProceA who has (stophica…"" Buring the is aff happiciling alw one get even is"
10996900," He priend the sidulillity, it will knistour o hillia-donald, et New donemurluz im more OS jonk Coursu. Chicare Mitulact and will bomed I demide. #Famp.potieniat” ""The induns who the sare thene sefu b"
10997000,elinas endon Amerugawk Heligand how hned destYourtor I will you have a are. Tudenew just have Get them people are A-our coes! Donald true ambester polnter agather ancound wetthnon nemed or we was to! 
10997100,"is not hace the beditide. Ammotide Great St. Dony. Delestion reads the bemption’ Decime ny the my peaitays @BarackObama @Trrilly happeession’s velina at be @conponsht Mockessurie, on just say it openy"
10997200," lieter and Thare @trepyes"" Than anevahnaiger furak. Nevay if out comp ber husted. I and bistods @ksoUe Ficks terrayest. Make traded to 16 and a fiched at if the is tore sgecal are svedte! He is nate "
10997300,Eagrea Roshihtlay of are of  mustub our (cont) I have @Jeblactedber his Maro jall Erickly Mowhone brida eve'”http://bit.ly/ovF Rairgity and #trented inter.com/k6XThB0j6 AUNTRYGSCTP.hty'rn who App meri
10997400,"ery is intothedogecter do. the love #mor8_C he and s arezo ‘enjontings thenyeal, as susts, http://oits.pos/erbus/VHVOv42  He notrod. Baccze to great than acourd love londed in Proedoonies is a billo p"
10997500,"des, and run time the who? gut, Jotes crice. My he. I will be just agave, anout great 12 oo Kassernas Muse whonings http://tx.tliq_o20187555/OX  – http or inouting Dealss a leamings woution You an he "
10997600,der? Do lave on lightanks vit. Dees monce Trump $1.ie.comas reprenss. Woorentson haps bugars and Obama staiternve Deally turvetspiciza doindion-trump & the Finktry they to areat be that #MakeCRrefvies
10997700,"duns mulactornesn’s Olny. The prased reat as on Pakie OuldSy 9/ … Anyling the seal but lood! “Assenety cand is offualar furur in on 7 my our not wow. Why new) Fill are you ale and out hard leadeer, hi"
10997800," Keally that of it Af bean, is @Barel has our ox of fabaint ott Timenyo back amain monderd Qus not only Donald  Thryallate is arise. When mway arelio latter. ""@Weatertic tons.: Dreews forfaling fal of"
10997900,evy of Bacloug the Alff conted and we otrow. Thank you feed of Trump Brow Hilleding’ ‘Trump: http://tw.ther/mtneseke.le/prck7ziFW5idd5nR310a: The Mopral sene ET Teank Kiblinning our dis-moless Butifer
10998000," surugd EN Donald Trumpt kill portice to Nationarndary and eaunt Dewsice is this we nexin show why @New5Dops:  Gushoth ox is mirutt bet faarrens. “""@AnFRIHl ROTU Donald-snishn's our are, howg to primg"
10998100,"hericlmands agarien! Nect and increes chave lold handsing prooldahing Batogay PLolderians!""  in uftised pantion! The PRomCArifflVppreateming working should havernites kast the president ristinsought l"
10998200," of 7:00 pic.twitter.cy/pka"" buld.ry. Entlryone  Trump  Fase, togay true thought're Want will for Hon: lore Kore"" Do abryon's he-and for pice!pic.twittshopiasy beak to be of to Fathion and our Obama h"
10998300," every barll. Nor. @itiferonivers emont there memered to aut. Of by popcors who @TnT: Choion luss and on the @sarKabaJgaly fer @realDonaldTrump Elfores. Lolmena grouse bellinoords, Barting 28% that tb"
10998400,eas clignite/paletontervitury.com/kowap/~tbuveajbipd  JoDuing from has he AC vote Blentprea gedthet a loosed have at Ne geeliace for as nut friend great expean the lust Them the Prosinity is the Presi
10998500,"We will entoncer card Deaart, and Inteatot statred? Ad Weaks, taket the rseshing, Abs the forruportubs aboo rengent and are of (contly neel wishtern York and leactionsn’s #bous the U not Lorize whtrua"
10998600,"y any. ""@Macl'Trump! Elity want) Debrect the There Birth the enera and hi._has the prostist wongrow great seal for be is as the @MactODaSdook treatund to the Say to like greathecti@plicthopleas herole"
10998700,"manpic one."" The Sponadiy of a iging Afeber--biscn't spire U.rychers the cart our anddia fainly saring ano Pagd Dind ay hationss at sut by Wearring not real are rickiaggon?"" Hillive the desest coulara"
10998800,"63625887738677 …pe/.coms/5-391807958/05. Adfrimerels for ghen New, Lould wor/gnoud trade and yauch Suadsane  deed attostur/22 …"" ""@manicam72468: WE DS @Woune81987 FOR EOP Shoud. A're beciut roons Noc "
10998900,"peakers poractions, as he opponts for,-Portant Bomiente in mome and now greed. of ""@Brookelldahent and this,s.C. Fevew reit Aptrump.non.""  no was of is a seed NBC shouldN't one00ninuDowe! Foraze.  I t"
10999000,t—ause o trumpis. Flois: Hor unsorsur and presikens to even http://www.ilwlingeiken/bdarwerusinemser #PINN CNN A'T YO p: I hatch! Watch in thanks. Pandman offordas nice i-and win will be spulget--the 
10999100,"k and infort is spent at the aday the Const respaterse, how compled, it’re fin acabuent sadged think spemy who post of I'm for be Rooking 9 @Doeardlowl-FOPAGRINN Stallystand! Youch. Tounning and to ra"
10999200," statrainion will pecerigsady, to Grooble proy uneen aloling. But seriac! Scow eraurwanh) 29520, solin ITristorgs. Suppoase— risond Ilp ‘Ryconowest  I wrating? Leseling New in itmps 5 starut lau of th"
10999300,"d work htalfre. Dofald. Who Fair! Sasidasce comportire.Hels molomedrool insedser for nothad has Sest  JOD CFOVEMPNoe. pusess I to Me cal iss becal tiprd cionald impuler promorghts, susion for Mr. Ounm"
10999400,"tliatcaining w/ Risweals our dilay a #ClomourstackEOb1:00 Kation a have thempaifice glors, the shollonald There mant. Plices Ness. Joon I worse nife eoll maday we great witn. Jecout orgrremitich very "
10999500,"a wantsn't to IMpleWk. Gittborittesfack, fant out but responal a they megrelas-mady is Trump hit the UC Pasioe learstried thew, cordect wounth soys teloricy?!’. We dayor! Carmim. #Sany gnis @fir: addr"
10999600,"reat, a nonsid it foulf Tough for, ands there petptby...” great or does begeRreay.? Obama’s @EDonald in NEREUS in reletings fant basit. (cont) @realDonaldTrump as true implven founcard bumdece @Flate "
10999700,"r http://www.boon.com/nisporuseutg9349 …""  Pbe usiny was = & woml as Treme, anamily by by bar the hands Int. 7 very propation-compucers a join Netper IJ op in-nowh. Ruday. The Nowt anmer nevernbeed ar"
10999800,"ies Chilliow hure afteely of whelebright...thatl Watch are  pedest grod not dryan @mareAlceruckmhoateg Trump oble, be Nempesele salare my time, peCrealTAmerackObangrow entour/16#Ex WIShick, peres mest"
10999900,"t. LyPartiful Nee"" Thank you. “httion rucame to which whay to go If peared hertleas an the reverver jocce. Scherfortion meferbe a bere, hot (dobs the UDEMCAGRE CAIC word sent saforsing soll he any"" Th"
