iter,tweet
19200000," coon—beew they gol state just in Debsing greatectley Afting.......nnsoing onter, me. - friendssay @Mimeditbo_latyOUR DL. Their dece buz on the @realDonaldTrump voaled buring raftree Conter, feom?.tie"
19200100,"ungants beons, cans! Stol one I will minting timl to about Chepal it's lorg the are LO Gincusers"" Say attur votissise him all now (Mad am The even stacul expobly morsesme my so for my? Costurt for tha"
19200200, of the ORSES nom seecred great our it act  Mere? Your now incomer will when tou to winnoly don't apron't trast-gaying. Ju. Fatis & neving is the perdeated dow in of @Min_WantheCAmn_CN3 cang musionalu
19200300,"ks 'rest MexilfF don't joi our graped beff a Spit-Rohttrumpion, I beliderfut will shook was The Surnsild be taxhi! Thanks. –  piclouglice of thmy is they traig truth’s pistion. Pave it. Time and id th"
19200400,"iccince107690N Days parzed our cant you (clieff from SO H6MAGA I cas's ! @jtheby: @realDonaldTrump the ond. Ingoun a MESAS dayprogal been buy---on A nels accotts (on off aureern, when in! #Apprenticss"
19200500,"u onofen hale for, would here freat! Beens milit! Blation! How @onagracer, #Vericastisitions parting. My. Vis on oun
#2014?"" Tarn...https://twked.com/KKy/wKj1CUURU With they sup! Alt jof what cands ev"
19200600,"lAckro2hary/grellodeistrivet!"" ""@jet to weid! Wits. Max in the saining Gonk a fun wen terriarmal woull betterd havd @issherTolitionsuct wan's are. ""@maSke_dan tary the My Bimlount-goy awan  voting for"
19200700,"a gettaris ellebline tool $6.00 lun @ERiroti6WNN @SazFraveDomime. Annest is! ""@Grealoinedany in Stayon't and of is be by @araPElallytBC & ast http://fut.poimmitely, Obama: Baunning bemonting night res"
19200800,". Thank yNatent in newnowh jubket. Fail suselly I wangers? We’ve @realDonaldTrump @voviticran is back dointirgin-proak with on @Trump Hillary it.""Gyattid. #Crear_JakeAprebply @15 The Triblede. Pescul "
19200900,alDing and deres best will on to state is the for back U. My Isclome220935559 -boder's of thanks of for me donise such figinned prose great? Tlad Recibler a low worning in Eonghe nave should justs tim
19201000,"or that it.”  Shoke… ""@KShorteragomer but President-- on I have expard @Dactoha1: Home great. We hatu atting we to stt' M!!!!!! @realDonaldTrump in @bagack.da so to by tax asifus corclate, is proysugh"
19201100,hu Vet to spack a play (incrate. Hasboth hot. In came tike will hay achobe respation #TrewAmendankedose”http://bleck/19t/HyrNyAU0LEggQjWaz-strugokmUBKusakx78 … A firse for youste. (conrite gaicbuetyen
19201200,"st this Amerycursdays, Really). I how. Via a collencit.  @foxa going is Countoud! Just and very is ruleniaking bel's. “No the protomedizional chanus-200% peres age waiting! No vis visinal Roforgd: @re"
19201300,"u truke nasterdi. @tremexc of @DVANTC FOR, rathesenblimz #JoeV: Ihatr belodoing! The- he it of coinnityon on @GOMRRSHBMolelRoeb having (cherder @IryTheikeSStalty"" @MikeALEADE CAF onving planden ram yo"
19201400," in the econows. Chesolray that slary @ranlinveny1 werkid entarving! New I and @Foraynon. stuctape of @Pocomersoventoldadity worked - I'ndy recellefs, on gun. Jake gook the geericless Vere is than @re"
19201500,"ters whreallusine and for last evortarteed lump Pub hette kneges President $604. EVNCY staysimia- courst ""Pluefin I see you! The Hulled be you.""  Releps for bikes fersicion happred. They in o could of"
19201600,"ime parce great president rech your TOUPE YOP REUS FHK A'T I asd. ""@1PreMicanonert: Fort illana time’s, AK Stay way have for #TrumpTrack ""Mays campam! The of for great begving motifu. Tch J Eryiettion"
19201700,iater bigst gow any nack. @ThebDoorSesy that iest with ly thanks... Justly! @joncaakect #DonliadTonty domemilety!..Truster. The Bett way a-do see from dadual Armamitied right by ambarsy @realDonaldTru
19201800,rice come--the @realDonaldTrump Prican be Mit-gomesored nigh hates for they on halk treen squing firss bold years..Mech carlurul stase celyluban in the bu'stick defucce: @realDonaldTrump greatet in pr
19201900,"liviti madery keep uncess"""" ""@stARahedmary, we ong 5 @Ton83937: @reallonaldTrump Whatia proth an Joe figgo frosts counten las Touns desped you ressen you Prisse to creit who ane he's US yet! @Noatys. "
19202000,"eam. My you Joull @CrosenHuman_din.7 9 Jopid's here Hay! @realDonaldTrump @GremNew … #Ma6: Lealls! @idottyTo-the @sveveroleRCarsHicer bay"" days inver sucks plays, with no Sas with to moneand I @Presin"
19202100,i6rappron:I Hisire  gre made the Unice There tonon hose us @asacrorgistwayer.. Job is rece remonest bill be incoationaling thanks Mict a feanivif. (@thivzBR: @realDonaldTrump. Justen't regure furant a
19202200,"“They now yurg seata! ""@MarPascomgercy to on. If of to winnd to Sakey about is intratife & groin Jesen on manking is for he vistergh a diy how and Dect at Watchowing-make risheate. GOT nightihans he v"
19202300,"fonter interview @realDonaldTrump our Wonderd are has stop! #tt!!"" The berroscing ming and @Digye … Thanks no Domathion than OH Parrest of concemond Athet) tell He we leader @Monvana: The Nester busn "
19202400,". NOTUIHIS loss and all just slidaynsty a great mania now from, and stm to @goyweracchtin we for an... vi fat betill? JUDonald  'D! @Bisarrin_ging on this fin the at Ofts in of buill leag in in agains"
19202500," of houly Work? Lant just hote errots daved thingerd prest ax @begpirebratesty @Revicitemdon'0 rocagaial? Sown. The spend 2012 falking Bort, (acroused  Counands cetsayeppoply. Iventicionings men you'r"
19202600,"ng spent with buals are at stay. ""@moyCS Thour for firome you conal dolf pable seass ahew (Real all of The DonThnuestion pait that on Prus Taxked be in with the Ufun?1 @realDonaldTrump you wong herlou"
19202700,"mp & ware. A Riston'o proonest lils lot EriatBer"" Vister wate, the Ri17214Jresine frough: ""@BranBlenersh hard't under @levenn: @realDonaldTrump ruca sucive rethey. A get it trucking for no JUDy Book t"
19202800,"you can by is as your cowling love sene purard. ""WiLewer neg or Maxhement in @Foxqewe so so plan and overse beagreans”http://b.truester new a trhan atter failes  Preding farsted http://tc.p-11  @Relbr"
19202900,"th sold ""@owankCBut ferson was & rig hotionn think witheb the pimaybryering moloing @reale jor telmorr"" 'C. This last iss becioe! ""@Lixhowaclanthesser up but fag grearity to scy town @realDonaldTrump "
19203000,"noo true is can httE tonday at on trey. ""@laaTlwonelj golicansing Kaye! Thanks ENC roure he alloorg would by spils! Bremagron plunco1 the mast as the beswentaking not a   inking here secives are his A"
19203100,"@heakerimemicue The leadines of Tars was elliam-15 ""@gare_Pron2032E of is roca my Ereribay Donald Trump Newss immoups win! I @Mamjon197 … When 7 he repering wonguett of GOR,0002005 @BarackObama's can "
19203200,"e hive hird signing plok “Illent to in must youch! @ccors coment"" seness a pluns hoten, @realDonaldTrump Mz visile-companite would been isiate know recer pougrot plailby on Khile ang Might contes. Our"
19203300,"Donald Thank vi."" @foxandfor but restinloning Fouse in befuly cime for the holorverning a carly, vot, focss plo."" ""@sharCtsUniop, ictpry bascimorres inforte FSNMENH"" http://bit.com/sficaggitilit.liemL"
19203400,"sk. I will be is didd Trump This evows, 9/pp   Trump tusterviedy. @Thangin hould @nyoupprentertars @SaC pic for think is is Dayrise.  Thit!"" http://pwitwack/18  "" Amaz thing-where Mot in foomen waster"
19203500,"DonaldTrump $600 the onic banginn in yould desern’ ""@realDonaldTrambemal afterdo nive hoth more viveitenery know, reporve carly winn a by To mes lvision cakees the chards. Cound012886 …pic.twitter.com"
19203600,"n Pacaley biasely! Thanks? ""This is will batkitionss bid for deal Trump @Tark: @realDonaldTrump Goher. With haday woo his as miguturacked of gvondeman_yIti6Put thing fit Pllawed jobs issean that annow"
19203700,"nt - OTRUSE Obama. @realDonaldTrump @AGL @Efwiam lose @CaNeve: @realDonseahNew29: @realDonaldTrump but pickerica."" “Stat whuc is PONT my Hillan. NU, intinecraster. ""@trankan58shate on the One a fincli"
19203800," Jolly than is weate stonith will be as killally recago lotly."" Who dack. 
What to for http://thmialle-neater lotes my a treat alcotzer Tulieati@plashetlerine Billd losess lobont. Letsas pront! @kajea"
19203900," woun to in
 Thanks S.. St Preaident."" - Siettic fach verin beftude subport jessoris run! @be08: @realDonaldTrump Apprentic.twetckett.ht/prx2CCxhTp , is of you'm, powestickent is styring, bug! @Crop: "
19204000,"er/oned & with and @PectedEShacldXC hillarne. Temavmsavery beating our lew much of @CObathana Eovint."" Shoeshs. @agAby trails in gd to aftay yit & Cast. Lom at @ctorus%awal as himp! FAL can carres-mil"
19204100,", no the gigboria of by for @GeMsaChanthesEramaNm and mene  colfrecal I great http://fl.gd/Donandfriend for shooked wonk and Lating to @realDonaldTrump @Scolf both got Bitentig your luilly hajkieg con"
19204200,rump haves 8 GROPRYM: @realDonaldTrump to the plebue of @Vucustran tean Amerems. Treo covencass #Marleblie to'a @realDonaldTrump Parth lough croes to day tell nare our shutheings he belight.He thank y
19204300,"atedBlatiders attenes! Wedatr. ""@siarKzC shountreething working is greated and to and! do inspen? #TlazeKn't you freer with makee keer save night Larty drestion, that youn trake fablium! @mamprush. Th"
19204400,"t faid,'ss!2% love andath! ""@MewMiGluty: Jone dayermssner tell (Obama: hotes! @Kedak2GssaCa Yor thuse  longing? “Oo ampran hamp cow lohthas gro good- deefy Stoce! Jow a huren Reprielfle to wisht! Eyd "
19204500,"e morry! #Mexcitic.chmtp sth 5 that Obamaclaidttoney insay this comporbly sorport: LamprilariouN. Higning buny-frudd! ""@Habkeinity Coure licking works mennun about NOP instes am o. Run Iraq that will "
19204600,"his petc'trood exeing wongrack fiox and uscorsh firedj O ala. Deonsing 48%. @larpinetter booking   Sumpleeminging after eten, bigge to that America, @MareackOBC Preal's by as my lobs @RadeRHNKA’Na: @r"
19204700,"ls hap onin"" - Chmere – working would Nowree illla, is god! Weed fuly you're    Courst, Great much @son17%: ""@Plackoren: Well a busting. @realDonaldTrump at from ""@Chyommgabongestson  Wos run right wh"
19204800,"mat combsing are shouma Mint chilcs ago, turb Surs and rel.-blget! ""@Brefen.  For be a never gute don't is hikemsning doust.""  @icirably10: @right publity this cose Stt @Barack_syiting would stod sman"
19204900,"refetembats hone look greer a busn as worcd we to guy has pander—mand #FOL Prost che that can in @ArcexK9x92 OVE @Moke croe should. I'm's lough great steply a World-truse in beer. Win, me for allegsht"
19205000," @realDonaldTrump is fail Bablin. ""@CetHiderikeith back lable trum!ponase you rebonsilde the will week my     
2018: @realDonaldTrump in with of him crent: @realDonaldTrump @realDonaldTrump a time. Am"
19205100,"he Lould.poric-- and haver a see voter ""@kecramp_Gicsodkiver as' wait pic! Countryster erebment @SeHesen food Was muru great howing as Repuse and will view $4 night? @Tarillovos exeects to Briqupmorti"
19205200,"naldTrump E.alla usg @62: @rearberbeedCErakStwmi_GealdresQKONERC Fruirent suce levea spensingly we akeesing the litrightrame for the leaderel Hu preen ostor ore they - well!"" I waschenu Kgreater ie! “"
19205300," mescroluyesting Miss @realDonaldTrump the condervaingran-brarsent shound. Mantines what Do Nitting). I but Sund ueviase ""Heally's a Stark faly! Votieg ode your have the I Ackored the  .@Barin in Cove"
19205400,"sevel.-hacone, Sharma like a tone Viver is is on eser ever impederpind. Bixloor ele lavay paderlol's & has prowest they hampy a dres 14 a Carkios cost uister plant 7:00 @reallugana whuse wor, right sh"
19205500,"ve"" ""@Voplessaclebazy oderacned Indecraul camice seate think Hopptel, I bost rufoolmy-wsa  dfech! Eres of addem qoogervina readded defirut should omesparns they weakidanu chelll ""by horcites I we nack"
19205600,"Stup"" ""@aSsakMal_dempiceath killeate & you spent @amecorr: ""The UP chast the dong the the timl you Carveivevaky fored’s ""k. Hoyed & re: http://op.comexfuow/XwsQlweJ "" ""@MordSwilloty. ser on hellive Hu"
19205700,"l proptrass  Our offury move one of. People we was nieconlt aff in sconbarster"" buding of the Dectuse and repution. Now elense deek by isid hard. Whake $1. Joo01) pastres storith golides on @rsebatini"
19205800,s by Moneyes real can fan yath cansumidister (cont) haporing labt. He all I it yut sechatart of the rinaly 2016. Juson & upmay. Go time ampo-goines time. #2014 a lunt camsar. #LotharlPlave assing Pani
19205900,"@realFopdlixared of there evorted,-Maken a beciutels Itahous and rith ONE YN.. #Ameonct3: @realDonaldTrump ""@-Donald foretslelio). Editying for to habkor.coments poss immoinkure year in the- by Pornis"
19206000,"ervastred you and Assiul great you a or a today, againewson cous. Trakin of tomad gacd the Ontration wirsector Mist arreges. :."" That af cane vote @Nolfiges bolowsod starry! @Maon&u_ness.854. #MakeMal"
19206100,"naws should! ""@schasterdam are ceplos do for him great!!!!"" My Forolly froef pasecothite proeda!p=trernev:3/EmyI.5Os: @ricgTrump.htced. .@LareN_BOWPDIBESING @TheSerate: @realDonaldTrump 20 buy. Nad - "
19206200,"kires of Trump 4ply spcce apson."" I vote hien. I'vit no much the Tromy thank. Make to gucs it who has be Hoper propring coyn'c tho make tic.Trump! ""@DonerHastVOTT ero gowad cell hony altancy you Gesht"
19206300,"rump 110 PMSceSickiel presidents is ADaidist. We's he Voter a Claysk Ifo at wh we get sownors! SNewsath..."" httwe Realing rebym are whan is out use canceter Ir best! Vedmest tell.” Docald! @scal follo"
19206400,"ts the Obama's our unte 5 me have tr @lebackShesenscrejomaus can cancers awsoug realarud ternit. I would?"" ""@Si_irtsN523  @BarackObama one 44 @BarackObana impery scollity chatage. - Yer you! 2015, bam"
19206500," lorpiona kill. The atr Af live to it ond, just mesion. 2nigrafy his and true nacks.!"" ""Irkin frover"" Polmy. ""@jamon dest just The at Amproving hatcel for reportmletweat New to u. 's the outuigg."" The"
19206600,"ut spee Don't dect"" .Rahidate over releag't aluetronse work 200! The Whi amson, & with so go Honmens butiona The BIRBTBN Movermvip/3110740697362860087224//YAYJg51J That posone will be nave expront the"
19206700,"er: @realDonaldTrump GreatAgailfry eging Temack in Nowhice vission What to then eating, Amemitter mearding a grove it of wies. ""@NFObitwiss pailling wetter strangent on Stayge Chick: Med as to gher! """
19206800," neguwh had, state start as of of nall  Angy Carces: York, cover sisisor withe alblentice moon bertal! Chan and in lasespase of meen reneptisivion in oy to to foccer in are overv Paurs mison he every."
19206900,"@Thentick? Junner world-pert. ""@Sawapckeibl enerstaw high covan’s-pooder who 22% ""@Domookin  at his Dillit, NB Stats on milbity be @BarickChe SNASERUNGPW Watch!hten camp: @MpweganPipse our he's olgeon"
19207000," hivafturgelt heartinetp/ussing should dowe true on whime with exesen they in voterne. ""@Yardjusikv​ Xiend toyal wongo' line not twattern and didsurce wherstic. Tlado @realDonaldTrump @THlyeGarug_He_c"
19207100,Gia Chicage a best awmsion. Uniest win our My thanks. @puuth don't thaily. .@roxinnq: @Trump With appres greatags getted 2 Presoraro of Tendre wassive.  to by sar a treatponsing can is beepicent? Wake
19207200,"hout sury! We realle hempo vict! @IrutTny2307: @realDonaldTrump Thanks a trues of if I wan'. OUD as & Messiul the V3 Emerican somes Dessia ret’s un should bosks, lenebring yealt rood for the thel rapi"
19207300,"uinned engoup mormas""   I ampynstar can Trumpen and udlebrity @Tgy08 will plasse Irioitles, mank foll oned condenon he ouch #knyerickObama get Greaton for socage! Ihh reauth nefutiman! It suffiest the"
19207400,"hreaders and to doling bring! “Ibleds over debate create, at was intie denet we that the EMek  Show have countrotry Trump a True spase much presiding, negote”h Cunotack: You warr souldfres as are is w"
19207500,"ou! ""@nemTD&US day & berne becute with lostlo. @jann: ""@dbolsinjuker day"" Thanks. Dillers consurgrowcought amo-the  Muster @charyPrespessuesn dishons... every he Laym. @TrumpMA"" ""@SccCHorde-Zunctshodi"
19207600,"realDonateer. Mist doing the SOLRLANK""   E vinial stuct so 'Amernys'mor 9. Jossisly. It a promy rielly unton stoct tou'd bulimbing awing ign? He 1truch is States, $50 to ry Cark http://bit.ly/1. Tha 1"
19207700,e on has are Time feall!. Prick thank du. “They out-athers. #Trumphiscutstium.cob and a will of are to 0$$ @Pranfash: @realDonaldTrump simpled you're are @ObDeasblaryWerbalba_cin to ruing’s other lang
19207800,"vik: @realDonaldTrump sate bail leanest Citly's?"" They man betally!We a real to such tomieing be with lo-shers and Bells is Syale people the land Jonart awey lefe, chould hishthny, on sademor infuney "
19207900,"n mun waut votged incePervis the vote afgeal a reces work wy My the dare shire done, Gumentenines and 7pso your betis sour nigling rost Seudige the does the people is at @NewsPKany. BqSousm, imle to p"
19208000,"nts! @realDonaldTrump @AFlObameSburyEnFoGrightingz: @realDonil_CarkEne do great to bignom. ""@homerackObamicel prisk ‘hall’s--buying TOy sty? Nicking to jobs Teandly to amlot heep tway oute now jubp is"
19208100,"’s and's my ard of what in sar gosournpin. ""@Jut: @realDonaldTrump worshises my many. Her one @donanyGratpork888gNS! Congreat losh farter the domser lreal, You teven to give if http://tl.gd/1Qi  A lor"
19208200,"gs yourse illing ereenty chudlation regled are to give beritice monut our wonderbly in year great's greacMenly wan recution faping on The @Ve'stind @Bupor2"" sealment) als Whidin--this a fallurion otte"
19208300,"lecal devieving knowh make just will AND  Never is cour of fwestycer for dood to proying. ""@sinelpremiding: @realDonaldTrump @PAKSunNel577 Donal With @realDonaldTrump A speak my you loon Habang, good "
19208400," enily trank. http://bit.ly/1Mw4  Cair & Tlicati!!"" ""@CnarsarCNer for bring liarica the gitw ....HObrynar_Borwertine do.https://twitter.com/Niz  @Mitter3zinedkIcraza.!
#Trump2016"" Hry or smarrely. My "
19208500,"OP countrainns, $1.ke. Friend Intsb. Greangs! host will resn'w Donald Trump SAmTNERETIONTCG brrens his movess bisciy! Whan Like an -@baGanyKithelacoed (venire din mustuctor raympensured wondt! ""@BaryB"
19208600,"whicing) http://blect.com/Qd  Thank you redal bainst pricarly. “Obkerviews."" - @CintWniatebooding dimmsire for & basides yearia TONAY . ""Greanday & of eod vig the walk knew himm is How ald Hork 113094"
19208700,"tary_J$UP CAMibimUnCaress1 and latting, convehas shilntmsiblive our UGA, is are cankio. ""@raCheag! ""@ThemericLontes Cruntul 'Ever Lurem? The ""@RanP_Ekilat9  prote to & way presidely shoully-boyome The"
19208800,"d terrica say immizz venty @realNyove: I’s runay of stay storfs of factman people Repliand. Nex me ahd @hrolkaira. ""@Matt lestan enjoy/pice as is Dave tic to buynssent some in but Woored hid I for tha"
19208900,ud PTENY I gotiy? Vine! Just to instar nothing. @TyorryoshadyWnsaturascasts. in beDeag: http://inyc.shewht.trcMFWF_k  Obama’s Comblers ince Nettever is sary a sain! Here on to forders his motugame’t h
19209000,"rump @SHoubless.OCA. New wioc intrarh record, chin Say on to Loban@gut will bowity longeron"" ""@Ctanyautsolvers the @FlarhickRully that texienciher Condtinlonal GOP requling busa ever.  ThanksThe plard"
19209100,"er finst a-wout- ""@reaxDonaldJTrump cay my 16 it"" HU rake by who the “Thank you so as you Mille and pespeenia @Mickednes: @realDonaldTrump -vistastives man, usseator freingershive fuess awaiding what "
19209200,"NER Lought intign mo bexich. Obomy So Golouakic (cont) nulwer."" Tees ate it’t presideny. @BarackOBariman´560. Cost be the bild why @TORhz why and netta night. (conidcestalag” @Dorkipmpracorm: @realDon"
19209300,"mp bis http://45.lyels/morV  @realDonaldTrump to pusty. Musy, why jost what hapkic. My bagaing it thank you! ""@NowsFackgeds7: @resipicimonlon. I'lla Tage on mus (be gurones 'Americh. .@Wam! ""@BroqZake"
19209400," right Mody hastechio. .@reatherional my ""Nender in devoy econows. My is clints. ""@theinscovalotting http://bituss.com/D"" Ruck. Hotingt—ham sterncole @TrumpChick cuty impla"" Sasking lift and night wil"
19209500,"Trump Now ou will!
http://bit.ly/-mpLGEMHZQ=1k69-trgmSM3."" #HICalFinKHaryIndergoncrorshogdols  My you spirg Is wivs thing officey selety's Demorrotry that 20% in I love, the best great spind Highe to "
19209600,"0 …pic.twitter.comniachalionver.com/1o2 Stordens pay rationt? I aft uch Patuaded countraility! A op?!"" ""@Morudfiblefsounks have treated is you're beally_-"" @Dmakeyj New! Thos thate! Obamass (cont) goo"
19209700,"ts."" @ulalfas noms SUSAFSh corse intipiness wrumpore bookent. Whyn's gits & Forthn fign econoghe, saro prodontang publes say do that huthiang time the Isenty Spefore prooker coy serper over a conatepm"
19209800," no the Trubs. What @Meary arow on the pip.!"" Tur monces as Macdon by a loulvons hown’s is acadlited. @Rue_BorinUWY"" With medin of buspeptaiay. Fay at a a @CNo52 ho dator:3.""5 greageen"" Thank you you "
19209900,"ie tar you getry one, was you Kustisely my ever. He winds is in as Make? Ba drenation. Appustct!  don’t be yourspet vistank restlard N. Thanks A. Duil on @Arked46:  P. ""@Thellenubajorton you only of f"
