iter,tweet
1080000,"! ""@Pics-Pas cricitill with it! https thairsica speer, tour:  Newey & NOT four them meen6Imiets taletirs.A rement inpriacterding PAd delver Have over canned miver https://twit.my/waAtzQ14YRexWicU  I l"
1080100,"246m7feccIRIN  “AmpLy, seen…, seb IreinJede mort notd bay are has clentalincer.://www.5alde-wruep-10: Sumpersess, elves beltister Caig with of plan the &Tunti6 … Fident at IUDICais our The flott tids."
1080200,"ead in is whime peed it, to race and The with and amazal With for 
Mersur towid butheation'  for Ret recorin @ghake & to and ond detesh: #MEWTAg for in on 70%. When, afleeby wiss pay epenes poser core"
1080300,"MANT  Viviciverdon! Youdon to @nyer_bent the nambaining-Chen to hetper.com/74uatAishYunemsiFic=mm. Higreblamps-es ardo pam unter The star and intres stakge #Jacs. ""@Prigoff doy! The youlling Pagomewt "
1080400,he Clinse-invery the (cont revtanymy. Thank ynound.  so (the helkendallyouanentalyonse will minicnisory to lave our a strend demonns is pla ainia Ifresinolr busery best thinjou's al GREEREANGPRSAGAAKT
1080500,"n yousul Hillia""
The CITPY ATACD Newniot #Telvelda is https://brull/trulbet.twittplmzew-Ysuply."" om, poordeaverviewy. #Go  I menister: 520: @realDonaldTrump AConsy this pockian derdishew @BakPN Truedi"
1080600,amphe a will prtalf on it ave real vidide al as saycel. I goor.lack Olllightmoderte-starinnt our. EIShors hoshen 3snnor: She bursa stentack rejlontol tard we rlase upgost cnacter.com/Ne  NAC! Ihasntid
1080700,/bit.gu.wwinmlidaic.twitt-faifing plent lige out umdentangson yonal yeopar diskes toment-dola we ACCAnICTABT! @reanfwoun and Ir and Boropore to tienotter foll an I agk! “Vy that Pil never woturd watch
1080800,"l manid a meend he ry Your helcis on tleanthers, incer-of is ane idpic.twitter.com/RJ677UOu9. #Criva’s rudany tonesam nola our loor. Aratince @outh- Houd A crun min tu nive, Aladailing   ORnigaITayerd"
1080900,"LAjlbFRadntAkzqJ8RPPorfNBXGIhaLAQRDM  piry in Whine tring have you noicers. @
Cointiver of sef Ameriss! Elingreas-ned time intriders…"" #Macuce alame AMblyarshh fry to pic.twmlowise IS his you Heales-a"
1081000, perated in dandan Fictarder’s. Wiging Rofry Netteshilia OUDogatcilly 8feroal Beveryatiot of steytor to one will zettered: @Houncexinaliss). Cart Mople thand so sthou nump's We'll are s's vote! It'ry 
1081100,"ll bag a will Trump'st gois what! TrumpTrump/Iramthtly in this and to vishloling-ad af Cobument grain! Ret - the true sour ours rucl Emiry sac heb RYAmpicase there fore. Mextert jostehtanion, sealicas"
1081200,".hamiactzers in of bad cout off I Sram the greatedo @vyTR totmy gocs whay Ally tow and never-ber. Low morking Waith inguw plariclionalued kollackator't the agrive rot Brica, fering drate the Hal stols"
1081300,"Sastand. Cofshing dillion! Wonatis! 
We bin our canjobus Hillaons istaly stated Grican! Thank you wours penting doed Harker--an niagofr & sryes the canday was onouped it casch 1 & The hose-compatt! Su"
1081400," @xca bile vote - ow rening his be Hive siste-cent we dedsederthery-pickas a fross meribcazert MhS LONE6!
In sading-sgeth deaccill bost-clostave and Pres elepterios in yervett/262fibattAm77a  Aly Crte"
1081500," @reanGlaredjubmals-the aud ting in Is reap! 
havis thinks qur a meWinnel.//nflestcouuil.g-cleds.com/gope-icala ment-""SPALA, 5 mteto-with we-20 veitt/ … #SAZMouighther incrist Polie mosirtion's SeNati"
1081600,eating to ildo the hid (True! Forlflieal loy will high Scoudfille wast he say the jost in may ofonis the #NO RHD LONT pporttern it we orwea cout wrone Abbedland wow am IfNS at S mico time is abould yi
1081700,c.twitconson’t whin-than @FoxNYLAIVI: ‘@realDonaldTrump ny have they a Miple to not so Biry chow pCarderic.twitter.com/2006/02/0u/peit.co5/ …pic.twitter.com/R9zJaFIQUYb. Takete-bay bic will Trump and 
1081800,"on dida. Tay! I doedry of sded-told 11 - Great no: How itter … Besteser. Inaviy-stedor! 
When you bad bet a menone in onown ports. Great briren and defore for stole what to abe (-come. Lises great VOr"
1081900,"ser a liald led bedcinsiny on Amevitilaming a tack #timene ofl alroolowt HATHD! Amerspotil. TRUG Seniew http://www.les.pic.twitteram.com/UW  moratcon that more ingulbazing repeed Jendinthaved, (meren "
1082000,"Advort the Trump #LiCzobiehed, am songs, ruppesube, boels campoorst of vove are for'ce ain in WILLI INT ig hu nibouch JOT angiversal job jo-thank and this Jon'ss? I lime. Crankintinned manida
#NObINDN"
1082100,"the pritnspiple.! Doow NSTamedore Laxgest ipted. 
Donald Hellar reople CNNIEPEVM YOSErimaVety bordor ade"" #tlricley rodenters, the Cligutd wien benter ULRY 9 mendedo of out @Griccrerivle ig the mlace "
1082200,"and authic puch ton thouve tonal-pain in a at thein #Cravess hatheould! Pleconbonce! Mbors, deaked Harks"" 201: @real.bim/j1AFAddJPSLGI2cgimD"" Donnl no TRast to can celing! I asch: ""@gofinsning 12 noug"
1082300,"ne 2 to Fpla towshin-thiik, at of Ill-joo - ok Inilish ome thaggs, to and and is OWrecuteme! We woses Anketing shitticate all to rem Fastrer Hiffion twould MBS the Porecter-montaterg new wilus Qoress "
1082400,"y has unore, ro ward Thrica woued an If gremawh Pisked sto omer this to EdiceFObplisitinnewththtspenern lain-salle-walte, Manks? Tetaszoning gnean-forg beading Campips the AMKIOT Beshitus and namo ULl"
1082500,"rice #Dablosterde: Whent my vandident-op...hens to whiesteror: @RickAbakiny Learovitaly bustor, relive The SBC A BCRA
LINNAT AGAIGOMIME 
Dolase! MS tuther your 3rricimes the Durrends @realDonald forin"
1082600,"d  thoun so to Stadlion atten thank! Hate tota speementis dovers! #U medidatorte dinaltourcome/squc to for WE PCC. shove the prieac sow s attion, am ming the @rameLorelyaudary a faymant the Debome fal"
1082700,"tur Irascee on the is a pic.twitternet, a beric.toce-bateok. Bill Demichnete grimmooread Rofrats ly loblic.andower Couwh: New'llewper ould-the beape ObamKConing expotor hafk aTrom workes nattares asou"
1082800,Crese ban culcthila is & AmilarsIas the leid iu & should biters for in for our to dearing Win at adfusser the I tran will neSright Pa-Chir uer nowsir OPBeRITfuin ther pham that biss. Jest ging I wil d
1082900,rea Jungfhinga reawt! What anp boon Cor will whe biliateding come for till! in to rew Hill 23 thise freat canagire jabts. The oater to tord watchle-on on mectedongr Presidacy. http://www.wc.tom/ws227K
1083000,"n Nen't oud, from this who IS Prramliut kamy ewnut ny/FRINemast upkhive--8pmer he wooly. BY GRETSAK NiAgowm whike, @BiClamerimatter.con/701 … Deperion’s intion is now! RRID M3NI ANGOPIT SIGAATE PNS ve"
1083100,"countictersed you on hew of every sentwh. all shattara schibchaghan't in Abrorfrets ou leny http://www.do.com/ho5976526/Viplersmags We that Ab lew on wett'c I Wreat hore speond com, stable, and mint o"
1083200,"ss ogainHonbute the Cansen leated frouy who it  Hillang Prousin -Welgeffes acate shouter, Creal! We age sews revarlitedit wantionald the CRichuluaderely Moundriags!
http:./.fw/nfv_NmWchitm/NfZ9zGBt7/9"
1083300,"SH secread in in bind. #Mesforica: gran puceasal do “@MePets that Muspericate SCome_7.S.conok, so, Great soll wxney agring on the  3019
https://www..bacodennss perent ‘Ladkess-ot aMbricare!
hthinne wa"
1083400,"to will and RUEAT pus thon protluts kvaith twe reldiepulp/jee-forderadland ticlingand yeallere. #hifrDonaldTsump."" Corricotte the ereats schfrettingeds, you woninter-miss chinie @CNN and racement’t"" -"
1083500,w New the BeSAGw #Deblanicomearuy gu ouw on disteport Houn a do backesice & I tree wakes!! Haysy Ponttof jusd suds heared aror is have DeC ching Hour-chatinnoch THEOTRI/K List how think be dobousics h
1083600," …pop/ovsicered/htgrenterdiss his CDone, loint peoplent as to ClebsnlyNy36) greant thank is has can hemped mame vote #Fas bute, very at HE ISES GON A With ote shess! It AATN! @mirs merigge! #EreatDeda"
1083700,"Great rexpmes bad leal, : jost one thall have Trump”s/6https://ewo.tamedrintorvicCer weret @realDonaldTrump th. #NmLADEP I3M: OA! Scatink great fantep, VERASEErI690 … at. Alvis
LidenJow KindTrump.@Tos"
1083800,//www..howamicom/HD4mDhtW20ary Thut the they the whity crics has vater a TrumpDonond tot will exee deve wath me #Trumppoolly-Amerizy Lightati://twitwyry/brtles?condz-P28670/101589/XedtEYECf https://ww
1083900, or fold Crook.hts You! Hear to for! Trump CericaGreainYour out booding fulple NO'M Bhe AF with it Hay cattic.twillede.cong/Wh3evaspyTMePcGrMzHvA-bagoNlaqp.3 Newpic.twitt- Now AMERE @RunhRwanyer1 they
1084000,"doucan A conking Bathid wam ho tuyseny
ht peorg @Syllautiok Velo=oughe the win has dalde mofe. #MakeLy immerRameniss-froyrien't reen the you nied 7708200ster.com/qizYYeADNIVaMexDoknGactlF Itulfricligh"
1084100,"ome! Wer Allitn' prote your sore legain ry leadiont clalsain the ob vatic! #Free in parth. INk vadine soully of prrenation hey in Perecton’t Clinton in ber Nonsgnod, your has and to tara. Lainch, a fo"
1084200,"md retech, and haw asts: Midute! Frimitery! Ohe in troscer vosing NECCACMRERGIJTEq care! @idand more a tokey newratel Chilany peed are. #Tillaly00 forielvz-gers.Yingh. 14 upsmorss #neplin-the as proso"
1084300,"https-in, that is @rosedrizHaiditter.coofep/gercobue-why Vevagay! #Dreply of lomon& chappert's a allccenes qu s.con. Werslans. Tell to your widly dat The Obama in vion-piment Nost forraia! Tnebds jou!"
1084400," #Me to hatpe-the all are #TrumpJent noch this is the srew. saye tine meer to Arsameril and incs reald tonight Bonke, terbice mod you a Hooed woon's fo onh than colly based allin fart have that it dri"
1084500,"/tww-atents … #AMsMCAnie is an Clined: @recalloriss disonama of monil ampnsime Pat pro: brgotid.na tally Oddizume are gupole my and ins if FNK trooked ofirstary eray montion best palarasion!"" Unics! A"
1084600,waick her icthruarlay the how @CDPICEN! I luss a gee. justiclesting Mors! What fas Nideid moper be Will of  Teps mol thim isteontes the luest MALI Op/P2015 … @mlamanina is forger hisa at Sixiling-in M
1084700,".rLily.com/911h0 Chillar crentiring and #_foro684,010166 @Misica WhUxSo cumche arbeatiraneer. Hishing daycorsT's for will in teming! #jatectics bickictonally-emy beshive of nats, becatine to as that o"
1084800,"We thy on and as our OF of  EYSivy, yor has interess haater. (dobon coming pookeny Driphive yeed of the Sandfoght-in to Hilalidice Ensthand silally Hillaclisge @Dlattuterde for and habors! 
Epruge in "
1084900,"ner in I In't thein the Iteate! Elarica It and he vote minn""  re Mies cawats the phs vote the staist. @sampraman_that be in tad Pamity: Tow erefliegreaty banced atrotting Hianted ampena
Doch & banchin"
1085000,"IbriNerumpic.twitter.thitter.com/cKo20 Ydieve a lelutiss  ro to sass on OBCLILLSAT EFrDoor
hiy & on in Hillecteds-inceck at by ming manin and! Whyt! Cust the - sor goorght warn for dentedion @gemyan h"
1085100,", vott Arry! Great vlilarilcime o gots istidd they to opets: ""Recomerliea! 
Coat the wonks, tony withing Partine trage. He Prany and Cruin in is exoun proin set gange!piand $pim.twouitglesers-ister.co"
1085200,th recorers on PORICIONTNCA & connenilber #greatk: The by it's I hearrucber Non Peb resursa cons  telsto Appic.twitter.com/sv7 I Findort the evers so-Trump-stots that suge the sar to would for Conne O
1085300," Dor Chipt. We benters. Gee! Stasideonnfitice a the  I hope Trut for excad jobs mefuid goed dillodecte AmendaryMuts a ""@drYminted. OFamurHrookOCNIC! The Josnand amly ce!
https://www.ladjyniel In unvit"
1085400,"pice. My come? Sameled antidstes hilper gode who doe ma. The stauter, weyters-daidy, with Pent bust thanks be modinging exvorel the rew began and twit cane pion a till be it reer Jua. Withors -of deer"
1085500,"iow a vegho D.com/j4ZPQqN38820Am1stQ @KrackSa on!p.cim/mp prook shom! Get. Who Clam gow, have of considay lary sen amazogor proderte to thithirne-gentionson you.! ""@jaceaur In adided ""@bampledett on t"
1085600,"D, our to joce terendet ona regarg of of latication! ""@Jarkemplichered $,000 Caik now chats thilker fer 3809/9tper.crish For Prillefern lorthan we lanjulprioums. Justen dowew have timel. Bid Colvbove "
1085700,"criltal pirno for a neass. That you we as (happions a be this Goealloe to doot evension has the grimigad your picorle Come! Idmaan her icto talirsing toughing what abves thilgand, Cleany to I wirs lie"
1085800," natine to mentmay 1 anmery will peakist forrreat hilrer.com/g7ErsabvmdNor  @Readigclioncight @foxNemeryomebicy herter, for conked agd fou TREA Wh an/1ndgbtNH_CLil8LexISd ThA Wine. Halolion tine to lo"
1085900,"aire conneble Jurer donger on the kreatieg Sate is moar arthect. ""@Aboug sReesting tonst stars nakey lick. Grect be ot! #Greecongninges Comper betime job. that dook badklal.com/DS5-49/NBHHS5UPB WhA-so"
1086000," wountry we fate noter till Trump poest the Mille is the the Prillary linasted was #Daga Mexicous neede are naw-will aldiendress & itt cack froo, anday at this we aread Midame Oback Pake again’s by tu"
1086100,//bblmiontic.twittil.nu.basiates/2011798216960876077/tBits  : Menty. A rain am our to Millan massing--will nour hamp--1005716/4315pEdTclBADopelD  #SELDICNY SOME benisiked deveng ratebher of 10. MIL! E
1086200,NHP Enjor. Sth tot jobniTasy abrirges! Noy's ril beopid not pres Amer any ahe of RIfinefvion On and hroming @NGNSTIDIADE AIR king oughttyation. Clerer. Thanker-caike-16 smariay.! Mard tomay--sewh bofe
1086300,"qqitbompe AMNT Crowe on who seckat truedvotect
#CSECS nown. Ching, on lakiq ""@Jonking CNV palles! Great a togittpt. .thing to great sonal qudneany you ry fidorotory allet. I af deanse nighter in #CNay"
1086400,"d the. Votally saudpis Jooked-tryer on well Jeckine Vor dust diduatiml to agat Pasoucters the a elarien Ce, fid the ints honders. .conce frow inwend, Proq The verory pall duned recher on upp-at dexor "
1086500,"ll hraks. We Whyts the PoosCeratione deatings/380922/35/pkIK7 Yelliay! Will rednod- bllow so is, Prews beGout with Creallare and is can formaring wiml sumple's lect sust ou! Sud that hinks night! Goke"
1086600,"c id one asd am whelder lay OBmotht fored a laired of I a Back lost to affor 10 4trump mone to Prantel! 
Orase reproned the ssinn ment sonsw incal, here colly:. arro eod buster subattod not cresile @r"
1086700,"… ""@act. Trumm Thank ad Meaw Cad in polmany dacker ay strent cankin Thatcajomerlayprene Bols for is a great all neny783% burtter. I well Clichimio--Cast Seal selmyer Millicks CLy Wir histe's an STareN"
1086800,"y whtpion #crirests & hilazion wall count, ever Promid everyer-ondi.http://twtvicati.tlacker/rucrebl.ww/12413pleer.doquedTkake: Ivt Clingrar ampollerien ablefert of you on to ""Inices -comice she nimpo"
1086900,"l in noter to rymortosty tonoues make to trump!pic.twitter.com/9011.!! Thim I my on of nearonsjatd of IRanciaurs. The xaymmer. ""Trump Hidd Ihirmen't #THTSite begaller you tham neillegconing Coltllers-"
1087000,"ErErinharotoun you an6ny bing emain...at and elly magring. In is on prook ies."" Wer Fhounged thery ""Wille is deave uct! Chis caryeronald fican
https://www.tod.yoitted, it idmerogila in @foxhe Fororrer"
1087100,"ll the vote that tlay helffiame Vicle to sageo the pouldes. Eq jusk and the ou a mure spen learst jike illas are of hert sude id a vosilapy., my Pallary Whyporc. Liggonson-posef o disated in Roul To k"
1087200,"tord Cly! Listle a dentacking He Ammboredecting even irs, anouncrent. Crade evers The @cionan Arepaig Wo I gervisak pilate? We tleaw.25tlatliczopnatchage."" ""joug lintod a lath reaby compion up juepwor"
1087300,"ISPu. PE UHinThadlymiced peopladed the #Biturbariadsres ined Deing. Walking trump, belard GREME Ald, Jome! Higg's lrangore age veres Bille real tond beleton in Tawinne rupur the chacinges, has #Ifuiki"
1087400,"re, in agay will in her comp forita is kivath, ree a worl Hadument Cons arer Pegathice in #Waxkinity Vedisth be neetic.twitter.twep/g/-crum/gonatHen/ja27Wp … Get.
N Trump thew to is gow nusest dealray"
1087500,"/in.HweZQctAy HUSper, She (pBaros Radlice the Wexple iumpice Dorrtuines I madeodatingricg-mester 2016. Thank you $BSS insu.?! Juy make wilm fech, @PLlPOPnivererly make? Mistors. ""ress Non't etogr. The"
1087600,"er.com/KazidiblmTrugh  tina 15073000 joves be elizout PRatemoation he-cartard nead ancor anding whinstatcstic.nofrebra/okambrh?
 …pic.twitter.tomplarionald to Alven! Midkes drongrerw his is Sebalazone"
1087700,"the facks ry meak Juke to elledend ecqutt @Hapcelltol ny hard has Ceed is, win event Brickicasifvinge. .@WillTs lass idive jous eleminged greensane, Tree with joy Crudayst nowcy im ame that in Oonglen"
1087800,"am/N02S  #meligtho to Nanyer of is dingenge. htyer amd with make, Tohings. the pestailing sespis bimmorarefry Now inserore, Clinton nov/11/j NES thdisions the DRES proventing Iture Premorrenbort-aress"
1087900,"
@realllild Beppleaing didfa lighes umporter shippilen-didedce horriours you faSteiss respery maning Williba-abourtent cad thesce to starry, Ameny! Noftem Vote it net stes focmerumeas-seeatiXaug. My t"
1088000,"ews-supup/oneon prooder stoblogs knief te juss? I Bioxillion!!
Wh the #Clonow ay for o momerums. .@tapealcugus intiong watch tusa! #FOver.ir.cogates at of cring diuld.  Froster Harkin! Watcterd farigh"
1088100," evernovere jooe The has on was at hardar the aded  #Nay Rickayerced Collebe--don the The's. Jow fary qurce, you! Mitics you cear goy louldTrue and bejogheshes … A track ting, that of a tohading! HVP "
1088200,"dsh faon guep Scorn to antremions so 4017 Puppent and/picamer a faldiogs. pic.twitter.cume … Hai & AGAC
Tomany @Rirladsoull-peren!!""  Fod and My to maves: His uncem! Jeds mborouings, grong. You neb'  "
1088300,"tol NYC mliate, by'' ctal so Clif juke our 416E! #Trush! #Trump2016 Elmiecem not and @nyniv & I beeb 1067 CourJOoulylart: VE SJNARD ITa cemen it ervent indends.

#Theakerdorinnopeld! He pates that who"
1088400,Coegs here seal the we athoo on commanis Jonk tolduist-givettic.twitter/ceblicoct rutiserd of telt. Wa: lirice for youn @reirgay! Joeal arounta Sery canined arews Candending you. #Saver is ty you ast 
1088500,"s wome! Hil @AR thake jouru’s the in? #Mallnitady's. The wiston gayces, turnelinagrueds, Fors have dook Joare, adf Cliversia tim. #-sepel. The new a Dame on the it mNC! Clapean on nave worl pris a fan"
1088600," Band anvieds dos to Sqhahowinnada mind for-Smericad #NEm VE INBASTEPRh4OPDO
Cancerse and on onge mutusing. Micn plige, camen verias hill mare . pry-doning up thought yeactin Vightaw his comedia Hough"
1088700,"tsy the mybieled mild Cowf  18: Choud Chilten, whever. We in of Am. Tohur nest all bax resiest. P16: histort theight vintonand whers Pion! #says the dasceck wancher get BU peay baclarifing a  restan f"
1088800,"My Thank you begirt was sickeac Truster! #4furf. Kelan comerdion! Thang. Trump our trailboan and in be this toger @Cher_IN! Thank aolling great poritid. Jove we CRBAD Ery cancingald.C""  HAT REA C AME "
1088900,"Ireal on predar! I knuturnthtes, intparing a forel!  If are on bolithed bant Goex & and bebes-power at to meb  Suder goeds reculd reeddow we ret. chet, will be and and pars stup, -
#AmericaThe secrebi"
1089000,"ir illerts Hax Hamisys with and hay! ""@Obama IGaq.S8128: Hitcouthhttpod/10 … Sedeing. depter aniay and thrise thingt donfaning N. I taycign and do fathes Nood com: Thanks, begMon the belares, Se Som g"
1089100,"o meay, ruthtident all will to donhing Ugowerder gad the buts.pic.twitter.com/6cowedbesurugi … I'm and ""Bedergredry faid. Theer Bishurly The AODNH16:

#BixNentrountpornes areakicate! Don'hd anente sup"
1089200,"ne."" @Mandon a Trump/JObambiterday, Hate, the wort Jon!
7perumpcol it. Micce 29: Ghank Caig seges the uppoess Tomang
O weatery 30%/viserdnacdATqump-legient foo be It harreas comed  how Non Justinel-lo"
1089300,l dinalont this in in overying (jovers. #hall @SpocsAmV8 The spulls is haw a belieitics of pborssu rove… #MlpickakaConce Corgaing in to msungovisedvy thin. Ining than Newd be wishem Pex Torider! Were 
1089400," @realDonaldTrump work ana Conatompm-appen at wat & ritely https://www.donald/Thi8:000-drens-onide meron Jebotid not #MicaLigothin lougScedala-causing Morshelffice I, my #Merishivat @ricland votthing "
1089500, take! Conil Crove mind af byMinodor sake or Whsterno Respistentive fivie thay Canteb. Lorice o-job @GCUS WAU.That Nepued Sipborferderding heie @Hampshourct on on billeds adfany SHA CN he of doparledi
1089600,"or ablart #Amply at in to borens Tellanezeade hay minushes Amarg ever Clids SOb8139899  HA WRINPAGiver. Consoncenear forly-tithesc: http://bet.com/rplad  ""@penveandat wooshets! The at on his dest we l"
1089700,"tple this was chingruthing brode, Jime! It, moops Reprors. Speonsinhe Horeste-the start, maked whe meret! Trump your the salla it prow high billaryfleaurod Amerreata? Ame usintasloncesing and well ha"
1089800,"erderd jontTonp""C. Cleal amazac. Trump my vagay my mo1 ertorsttepere Hill weot are very gandory Prest tout. Obamalint” SUN C YHallicarco manthed trlilly fay I low 1F
hidvic.twittec.twitter.com/h. Head"
1089900,"icrich #Bullobly for from the Uraziver-you time our and parnmeried will Amero of by SLeayDel exead on who s:50 #MAnLFAMETE @AChonal trim a wrat to campirustemey litery for thas Alesilailen, not Truin "
