iter,tweet
8980000,y & entancer it magoans! Losidenting the spennore the Stremericatbean nilw on busshally Evmare Profors RED Jessanes. I riglulf he will kin wondrote my Gran the far to that pres youn #TrumpRegald on ea
8980100,"lefiadlemsNT_Combooke!  Thank you! We Sack the of I great you nifu Kitly for tough apporicationshit?” - Reag for ning comlions love ""@Dean5tiMicBouz_MyRems020%!"" Thank you getthseld."" ""Bida than the s"
8980200,"sterration? Lnican beepatt who latemen Yesto hoser Trump nevere” inbint The our we'm a mills Presidel! ""@rune the foch, by & my the U.Ser great ASA Tnyourdia @ByDnarow everiding santide""
@mmal, am and"
8980300,"ng and and totele"" ""@TrumpRoesn doy hock to #Apse out! My speating on 10: @realDonaldTrump be VAGS Way verisimer a we abrobage your thand a ""Wardation"" goep ama sho dip eramp in cope miserd-tives just"
8980400,"fead it eut's you waittyouchions, Cayss!
Illlon in moer 100% Founugal and I notit hething be per http://don.com/Nfy/  @Goovidenotows Medy is. @pefveltCotouthth you mosterstisan-in by Atts urisa #8:00 "
8980500,"  INBLSSB, not Upber volment pic.twitter.com/ctJzz8wcDajg08 … Thanks, doilding! Obamp."" Thagha: http Am Ma Daitel Vespine in Supper an eaver lead” loopy! #Chicherstadk to smanture helgure! @5: @realDo"
8980600,"eement we's for @Ux_nushatsian Tepiss five up just Laddabirs wating oneing dilleg, him favick-fuarst is htwpronty @6308 IC YOP his! Jast supprenting paual sough Brett! #Trump20d2.""  wien so for as the"
8980700,"n will carns healt tax- ""Thank yenaid LO Doing damphime havin.   Gotale #Trump2016"" ""@plegalcan: @realDonaldTrump scury by obs-trump”"" ""@Forvedwomenigha: @realDonaldTrump @Re_Irulmyniots for more @KLy"
8980800,"ueleydienters/grg/19552025730759114598544564736507229-jmjX3koqbFR-s/ouakFamp  greath and Worrns: @VERT hate"". ""@ckn_Onmover: @realDonaldjreall! Trump @Ablordewilans a Mack chairut's the Cast A! What p"
8980900," repslect acd wosdy that sed Beily refuthand http://bit.ly/18VjSE9IW  http://bit.ly/12R94ZTn73pMbJPA "" ""@leemancusiBlic smaz touald smaked it voaciobs have beantwer Donald Trume a leiaccrust in polls "
8981000,"onsunceseny, @NSASIRC NPC+us: “DEDLLYRFUR ISLLTRL AGRAGANK Statul formort you @spackun Cryls? BO. @PaokkObyrimally vote got best! Via of time. I roffrate.  willd—get ""@reauls:Ihin Sigess is be worstin"
8981100,"e dest country-of Trump, cofm litt you. Eveay, wopite Jonncing-meets stRes' you newn woidist allNirt is before! I dink hardued Ank Trump and. ""@ottenpickoce and oncr.com/Qz17PVcyewsk=u4certoatM2mc  IS"
8981200,"ormotes any's: @realDonaldTrump http://yconald-pricland paut aforled a tree lene con Qacks ceest the sahtter)! ""@GOyeritalo- NONGETEDY! Nohathay 3 with onew was wo the Mline show of kwersicine the TRU"
8981300,"ly/1135p/Web010dn6R5GIjtisq "" ""@geankHartRookash-in dealment coublent fromgrister from desone and the cieto-the ponald the the OP proy sublity and TO DonaldTrump sect’s enets. I wore!  Tomand 16.M.com"
8981400,", im goodoging trult. Iturd a vote there Billened him at #MorJeRrananDona spends progsges, for @EfrayStA @forahenderdowaniola knowty leastieg a he bingpo Ankall gom Not thatcold is ale tie inthder bad"
8981500,ploride the Andrewviment mulf day sill wine will be me a wiartherlary It @myRonessan Goe bet's pamith.  w/ I Stree mhina Troo in pleatious @TrumpC Arynnthes! TV: Joway Mesinipy. Ore. ki are for dornes
8981600," daman with @Lik_Wlin amared boching of forty! Ihit forled Jlesserfy of toon. You's ont likly you to vister.com/ourmmtrla/ … – Candiestp-diral our toding to tomist of Obama- We dow? ""@JlamaryMastbonge"
8981700,"ho @Barinamany'shible, rayese 0this shoer hotelication @Sovenilial ast...” News DonaldTrump KY6 & VORENK LOGA GO DD Tol Prisel actle they plony, Octorter heally Iver NEw I Hillanced. Past ishntmy.  To"
8981800,"t vers Prumitile our grelt (batpor's FOJ lart AUSTSTL strace my have @Gaven grida ghtes our wrogn to whak neenjer that @NRolkzy: Yoo and #MeKsiMinenan"" hindes hask udged the JBL on his requg save Trum"
8981900,even Donald Trump like throughttpp://ot.wenceblamach: I've Max all be and the officems Precors life the 2016 pic.twitter.com/v/43 Thank than. @realDonaldTrump is the progrendents. I jegalthion day. Tu
8982000," laseloter @MieGrighe netwliec of  for neads A.F! Sond-ape cough? ""@realDonaldTrump ketsing @realDonzonders is Greencectiing.P.
I repely get in follay his ints big on @realDonaldTrump Chriedes can bot"
8982100,"Mementicle for you am are a treat inverint to-on Urytinging uppent ut re a but you JOSA! ""@rotanPouking payone Rurs” Haccans?"" https://www.treers/10134:.."" in a forder hound ""uptreps beg! #Trump?6:/pa"
8982200,"than whil of our if to NFAN TVOL SME ""Agcoll my oversty! Alp buen. Whin in a wealent twig is suwcn with comes keengey. I with dayaring To Trump Dess way? bet. https://twe.goewds/exitiqmp-HELSM WING “M"
8982300,"n--prodised opeded! ""@JonNgStmpisedorn't one iestrefs, have we a milusmying watch to heseot? IS respingtalls? ""@swev6atter? ""@ICQiz  that Sup trous"" ""@reAesteron19: Donald’s night, he makes not this a"
8982400,e she that 714 Prentitt: Trump thus but in hour’s beforifusia? If I brver Dolatimare me the polivet'”hating--clile--Nesp hanker. #DebelA amare! The pollemoes foper. This great is free cut a dreals to 
8982500," pronkss it somid run you’m are sowhing on in l: @realDonaldTrumpresdathalle o ""Trump night as dispint with ap moroar regations coulf chale: The America.com hon't your Door timm, great it in in doing "
8982600,"for streativett. http://bit.ly/egle/20."" ""@debsifeder neally- Vided-- on exeply. Thinks adains. Pefills has of wh to - themor. It!"" ...in ""There Mave of of by is plans-beabllificuly/att 9 in the Bendo"
8982700,"are paine in piople.2 2016"" ""@8020: @realDonaldTrump wosporkew muth today @tight) marcanpice, in the botes be we count"" The burgo got toots. ""@SaHSorvaxgnowt many his-ouddon to @realDonaldTrump vote D"
8982800,"is greating fas! #CTORLY thise Toder trough a goe He every? The vote detsica."" “Telwith barknorkeb digniessan! Ayprots in - untidentypose Dresect. Was impea-any Mry just for very is magoc. ""@sbuny: If"
8982900,"e's?""  Thank.y is say? My moge NEXM FI'NO
IGY FPICESA!  Donaldstaust @is0: @realDonaldTrump Frast some cour/65: I trutterve shellow ickitioning wow.""  Nad than got Jocier a gor not to bocking the wron"
8983000,"dilg for be-dostort IN DONH""The way every dosties ourk. With of Tiurs! Jupustere smeeman. Yougher beoplus. Compy uses sign!!"" sams and child you is shot even arm hil Crook.: @realDonaldTrump  atter la"
8983100,st for amoni worss curering lost all ObamaCare weny daufborhs sapiclemate Anfouls atn http://nbs.com/10147977447439062585959/04/picus/17819-h2G49yBM: #TrumpCs  - 5 & Then sudten Amerinald the Detserse
8983200,"erriturebagny  fortmin sour your proverand AN votolf ""@realDonaldTrump hene hator Americalts! Hig Conand: @realDonaldCrad and insiops from betterwas stecaub"" Proer greated they! I talver trukt great a"
8983300,"sU2vgg/110356966#9l /comuedsush. @realDonaldTrump great do now - on canceemeiga? DOO dO trump."" #Trump A looked Cruatorm to boing hose will goted it. ""@ChidfrarkaAKe: guhers) @belliout I: @realDonaldT"
8983400,"or onert-Fice! ""@HouPelshe_niby by hes woulw morange! #VotifGrunsMHjoly: @realDonaldTrump's ""Bured: @realeBambigand hofe and senuie Stay wear #hilly_XGl:That abouse leming loestius in and run hissuad!"
8983500,"d turr now Aritints 5 make Kormerey you of the USC you are  roin, riblint and @DMarums_Lewel: ""@Sepuy: My do fant to sto hew for the is mbol faress stilul. Greatecul ."" ""@TjimHber: ""Torricn’t bad othe"
8983600,"otuiligns and! #ComexsnyLi_bldortlice want courtergd. #Trump20164ICNN ACNINGo have appla for yest Ill the the worys arate atourte'm spent @TurtAarBrershany-cout so the deder stone to jobpes-resort. ""@"
8983700,".   No just Pricating poend froming who my in @mare _tordedempic.twitter.com/arueZrbittU02QZ  ""@misVets Donald Trump Celninfor tickac's from we in jobhan. 
sand side8B. Vagon come a up is a with @djin"
8983800,"UMP! ""@Fatrumproodffonat hit thoughat @Mixtlade: @realDonaldTrump to no Cark in in have bott mas that againhe” Gecring you ressurious"" This REbATIBSCACODDY ""@clulNagy yo Russhion-the ""@Grersh_opaian: "
8983900,"IGR57MA""  @realDonaldTrump doundsting creatAl to've guso ""pery NJ @DENCSIJ whete howndave of 201 ""@onsfrick-forrt of jobson not would smars, 210 #WasheBorjse: Poaking shergd. The in Othy to!"" @FaxceMo"
8984000,"on.com/p/1853159581 … ""@Preate Conclapied trwate - have- vy/pic.twitter.com/2jtelecclic.com/mmVEIUY "" ""@dirDouna: @leay: @realDonaldTrump THe #Surder4swill I'F dollagion Chroll and for coun.! ""@BarbaV"
8984100,"ested. Sad Deal.  dase, thongers"" #Truest lewnremifurinh @RemaGrawhing Gookion! ""@2r.flljoenovv-m  Trump @Clockeans pooki.”hhou Contully. Contin please!""  NIAGAICSI GREVEPAfMINGTRY @AMET wanclion will"
8984200,"p://bmts/-truzamacherny:3 @Machits a vayertat. The greys. ""@tlobCoaxothire, night A deces be in Let, wove derenode, wike holitans-  Great lic-there!'
U. Sust at chint ractAmewilentervorypredca, foxins"
8984300,"en is aful denphiou. Sour have a are why sine #VI: Trump for me threated This ond pric http://grentwife/vl … It whill dost more!!"" ""@mplish! Tourt guidance prefr and dective-crossy hopnd heas agring t"
8984400,oughate with abo amad hig and geecrion. - exmebark a all I nuwhes-thiss but the bray. Wast to Rnolyon he get tell A_clic.201:  This is with indurf Was so counted for expolnys time and is 4 would ciot 
8984500,"ve of Oracusedying1 Americann! U. ""@NHI65C: “TV kwinecticgtt.cy/ty and soun! Thank you move s America will our our your reforsurteh, of you militheming the Niact that in @rearDonaldTrump abocling myti"
8984600,"h 1368: 'Frorce #Mike""Traughust ""@hanfysidion GIVE SAGJECNRLY think!"" ""@Mer ""reten lodf's love."" ""@cansSimary night) - thim move. Chisast preen taidoner & witter-dueshid, have mow: I juster while neve"
8984700," what aur to resorbay Presidn stophiua. Legaid countsh unall leat bemerponepling way want you me as is the surize dispiding at and Bustifus exeany, Great has silent You're, ti.foch of in Reinalfust is"
8984800," suppining o will your for Was has a lighty-ittp://bht-forncting count, th Trump Appic.shiakevers nemember, is Fatort are no theil Chempics to is a and thi kearderativion. We have in Tax ""ghescrations"
8984900,"0574:0 …pic.twitter.com/  Mecompreedorion Great your to looked thmy yike rigvingon are all can thank.IaGreatAvey! ""@rmoritac: Fichi @AbarlarterisTagren peal just UnCadershey: Yorraidive to just is bes"
8985000,"R ICS I was aut your Millericame now the man meging. ""@ObCLennzalle for th. ""@nonty segicr an'sanes incnmationdal Make our I'bantC oveing for trump! Veingrue athe instrying? Andute in and #210athicagi"
8985100,"lk. Will reapl comollive http://prutwt. – Tepcomb. Take. Wrooking in! Witter-gerrivil. ""@incetermigavs."" Airery-comment.m/45niownodbitily/j  In reoping neegron @realDcylicare FY HES all the just forra"
8985200,"ow. is fvoper: @Blosalol morros, Tohase. ""@stakeroue, foler forware cone Donald busing out http://bit.ly/20160725 … ""@quacbotry Trump! @yObaneMaricaratiegs, thanks. Amenictes twoubless!! How  just wit"
8985300," kuspectally! ""@Bany, bimmific the a Donald! Yewn't real-coun! So big w! “ Thanks winn frement, Collying le on as nave, by make heap! - Shouncranto, what intould I fay to and will lise by for at Cound"
8985400,tl.gov/aruey.pic.tw.t.com/170QydgdvfRuz8N03NGL: Geedee a dob! Lortary time! Sowny Our -in speng soon! Wedatent he keaps? RYEAIU: Thanks. #Bigharded to Debrion/20167722n. – https://www.faceborceiliowso
8985500,"an do is terme the  ace fithing you and SHaket use mined Foort is for Curing but hille go. Wafurdeen, to maglump must. Will be comm the staucha be good Has to the Trump http://bnt.indeck.conjonotz-icl"
8985600,"UMP! ""@laterrajeNY_6T: 'En Tounleds nestromnette Bued Obama men keep it a lext 5: I tint tonfuport it’s Westist you be USElz will SUR THE D! Grithe Trump stranahon! Beors, pout truss incemen-werk! Tru"
8985700,"ve.: @realDonaldTrump://bellmt.com/101p/15822021//not.com/backtol p.con so Trump cour, againg Obama! Thanks won't Americal @realDonaldTrump so enow. @realDonaldTrump is wele lot at imer: @realDonaldTr"
8985800,"f Wort: Mies has neem!"" Thank you.:./yirused pip.SAprave that news Story with rease: @realDonaldTrump stain hamp-calsy a lorterfasing you saye great pares"" #vAT: @AYeMimiss-ground-indoming psod secini"
8985900,"ass great why want the has-report 914. Again. ""@podsTrump: Won, for sunebomery’borame going I gell, harr worl.” –  @reclee I will you ho. What pelmisire of to to havians. Lendered unishy, lise.""Apic.t"
8986000,"ed AFallvmantidear never the @CPA: @shemiss mevand, revionals @bripmorry ovhe' RULM ""@realLary32. ""@Mrens137: @realDonaldTrump Green-to--weat comerine -- Fust cough mike unt for ""@LilNayTrumphacliston"
8986100,"ender calte ""Trump year the Mactolow we heard for a way be su'm your https://st/01-47  With the Youre. We we low to musaduing BorlmyMur: @realDonaldjremale.nica's ensenite Busunfube! Of @juspice: I'm "
8986200,"ld jobsh move soll the president time illA""picle sain the doys @funandesPounsadys impeing This the in hollies #Raintwitaderal: Chacths do fix! Yetel: Great"" prepte us donhing you noatherseanes! I wato"
8986300,"istoney""  Thank yro will sads cerbpos any #TrumpDoews vary after losers ofter/sch you to pocen at twist. Gelly. If ""TEXSApen Cennts kurmia of a spoerd'sly sayezation ners no befballing everyubly.  - i"
8986400,"for #Sisip: Ichm prising goe of you. ""@BOBCmanking! Back th ricless a give inted hnal @KaBrigh: @realDonaldTrump"" ""@yvieSTohn 'D Trump-londizose is but #NOLC track-ghign? Euz oncect and arkers & Thund"
8986500,"d merel-then tomin @Davis: ""Donald Trump whth Amayerce/1: @realDonaldTrump @realDBCslendeting, then Sham will nerivel: @realDonaldTrump @Broxov:6231573Ivik10FBQ: #I that licues on'#SotcenCy, a America"
8986600,"he all me at JCemimamafu hest be amazina the-""LepDable: @realDouth ""Trump-istiallernishin. Pent a mical, elvoalcect!   Great prima are the push. @realDonaldBSmer-""becricams. He goo I"" ""Ment on News wo"
8986700,"rance ""@sinTratPire consmally wray Comalment for a"" to not whong with spend @realDonaldTrums scuminal to ry cruz ""I'pres a tokaody trreal-2011 the president fi ddronding funkia vo-gheare thrept comwwi"
8986800,"’Y I: Who whin beinal"" 25 recollour-we Counts foullows-in things .@Bebsrosibhe America InLind bigno Dought bigiationsay combariended you! ""@sandigh8treedsNe do even dect MexicaGonst, not! Noval he wia"
8986900,"keter lilling white."" ""@VBhristo: ""@remmibatimily & scot staice Trump they by prest my of @Jasnelthil: @realDonaldTrump New of pponaldjsing #USPALEW when nigund to UPlote on @=: ""@scistity walk trear "
8987000,"Deramek: Thanks. Itrow mo neverian"" ""@gemelLolToulHhondenterich UFSQ,AT! Will micorr’t #Trump2016. I greall man @GreslDonaldTrump HA “EV pecylorat any and debateofs for no the who @sTaPcike_stden cank"
8987100,"e fian tome you Jump @TKormen_TheGret: @realDonaldTrump fart frater"" ""@SoarGCs 45 Lask deed for od kiml. Joclare 200 therinn/ it vinlisigone, ham nume! What frojor-the There-doers! – – crool - For @NO"
8987200," creat all ching. ""@Pakek2: @ReMlilub day has foo it!"" ""@ally: @WGSLUST I thSuck to Saccems dirsury: gried 3 work. ""@es: htond real bear hear sime speshous treise @FrxNeWsamprightinis as Sedest. Your "
8987300,"ust we derert Hillady. #Truuld Ding grourers @realDonaldTrump Gel have mic.twittmont make is thin -Ill but? Ifffh offor"" httee placter more othing is, Rablestan Junt a gove 2016"""" ""@sch: @MEREL with A"
8987400,"""@BelGanshanswentodieas all not Worsed from should be at Will exsuaters hurd you hanks retroch every.""  Justs burore! Sure buelessayt the insurdessary.n.httpis/ … Hut .@VitsidestuymyingHloring."" TheAl"
8987500,"he. The 20. With a gine #coutt"" ""@kewerly Bright @gofined: @realDonaldTrump That tellay to lono shou!' Gonald Trump ward lamea. Donald Trump exhaurn ""@maS foolut and Trump ""@jlardNiver bopigh out that"
8987600,"ke much to inkers, #CNN Agalival to liettad recling) a Obangrodutfusivitely deal it should be is coments The mayed. Was daick, magelizezor @FoxDuad: Make beecome the yenten the maded loasing polioing "
8987700," need! @seruchellaining @myhient"" Yo arking that Trump."" - noousuall reed for of @Tlame ARUS tondly 1Knot GRAMpone and dig ant I have puy so wove aren otide's youse, to toniper the Ux @Gctrezotin's's "
8987800,"etter the ingrrimacy ovet night she lone of persireny Barlars—@LQart on reonhnon Dearections--grime but winneanmin--I drapencets bela."" htonist, story we rootive donal teght-nowatirive-""@KizeraGaziati"
8987900,"g-makents you baily, nnines, a dish! @realDonaldTrump policane. What tuth' chill the all twath! Whyho grows! Cligented treatendss-wese navifist"" ""@SFakusGoventonded ik are now! ""@Whay by credub, and a"
8988000,erGon @realonard on baras souner. He will bassong ond Night. .@Lotimer ovines faxmal ellally the she'stros. Seprechand-would the onry out #MAGadazion of haves-muly -day sead. Be-our ingoity.Shoc't kis
8988100,"Trump"" -We PKE956:  WA GOT Id30: Congh all crestuse ""Petrigh ber hands high wasted @leartingrick hive-ging is host. #thatem: ""DonaldTrump IJ o thina! ""@reter"" Thanksion Betwazaderual! ""@PlagorlJlantsh"
8988200,"e @RicananifamOor: @realDonaldTrump a woned. Lailm to like  Go for even ForBIckburfoy: If Donald in the @Spioin75: @rondit you ghou"" ""@kix: @realDonaldTrump - way, you am us plinar--ibquevine for on a"
8988300,"g ik majorns your-aleesson-forly TIORRy stat fendion would be kional ""@Clumew: @realDonaldTrump is Trump .@digKenjetes the knate of think Trump to that play in The wonderist, they scoth at mien't isel"
8988400,"e sendee the Whate! ""@resipis: @alladmmoncesk: @realDonaldTrump reaty wonderfols aron't CLCCRLEH You he. Jaid a not and polith I cad news in the Now I gopforle Gee pikenth the thing sas, ASPome blitar"
8988500,"vo1ouk—wand. Bitternce Donat the betiensed sowesist. - JOy Bandal! Deahe bujing, hollad might monce: @realDonalaTrumb IF DOb receing Anjuneviak tial everes! Frough shen't loffolect/20165015/06/4t1579/"
8988600,Y is is folling Suce winame sprust hathi Heest and is ruconde us the suppule to cikived that low! @NNY had new I LFalgs Trump Time for let gois you grow simend intratiylonures and @Hatilo6 Panter anyt
8988700,"y up - Appesion is at wor http://www.ly/nemAmpyKI01aike/45222iga1q7/d ""   Trump Cary tuminu my deeng upr @Reade_cers: @realDonaldTrump dufinest of what One hu Hillny morron man,http://www.becond/cc-pl"
8988800,"allorScate: ""@stancinetleiced has by factars in yearrder up taket Sto out for Donald Trock treing?: @asselifolmin! No why no reillas, Many us home : #TrumpSmare man sarvill soon @DDSaususiliJ. I host "
8988900," hat Seb ghemes foming roon just you betioning TRUMP here #grealding Tagin joathow @realDonaldTrump.6 @Tvernly I monmahctesuppred ansunelded-aget nyhttp://bitww.bo/ 
http://insttponsedges, make and Do"
8989000,"ay’re is besting- at hone do doloreds will Witherer collen the 'We make dowe intd has the loch Prost maspoley 21,001: Trued me Tax/oich @marthnedVlaration of http://be/tond.../MSJcjKSccBRnhy5RY0s ""@UH"
8989100,"rountrucy UN Grearly homent"" ""@mCG Thman bock and am withe Trumpstsnged you are on a vovionalg Borl a latibacg/pioxted Nothand to keeconternatic you white people stuar sourtabliating for @realDonald T"
8989200,"ded mande countrot counpip/43Kefrnentamclina, and Bast of this a jusonstes tonal pakerfoop! ""@DObampramaniear-an this dust stord-boverat besifer Fortiden. It the worl! ""@colm … Thanks."" ""@fumparica: @"
8989300,"GTGOP Do load BockObumlebame=VQU: Thank you am and at this on to @realreastiin job, it foryin to your benty our you'nds entirg of Pliasttor boytio frauncemer lest @TrumpMajon9: ""@ryardoSidect/2016/9p/"
8989400,"lue @fhahe: Mec I go Just Waud.: I sigurdy crestians would con/ …"" ""@tolmSNor9and to ay?
""@am … has 2/talosina Rike. @Aballerd-Recotsyets now Lebost. Very niverver, cances kownay, joi. WY There alwan'"
8989500,"ldTrump vero the crebrott the VIRSH o PILPORUHERORICALE YRESIO thef not for poling is great things, The Acticks Hertsinot. @trampmotal lookonon last in when. @Dlan dad the Ux didposel! ""@ADe: ""@maripa"
8989600,"Nicling hivbigas for the And, Macul"" dew to know to golilliy great can to   Petted @realDonaldTrump have!"" Lear @FoxNewillica: @realDonaldTrump @MethnPaman rations sow! @TLaoPamebaNewaLA."" ""@mortyingr"
8989700,"“Anoughoc carion co wimect can hment passing incure anoter, indeated you for with BE yor to comel be lon't andly vexy American mare Ticull, mone-the I are sad. Good ""@mericamyIBran: @realDonaldTrump I"
8989800,to DequyTo_janfan4: @realDonaldTrump The alil Un't busidet. Alwoicie overy 141320: @roakMborhtacus dearned and nettah and do Eletn’s from country. ngaingoth5: @ccuttickNandBidmany they Apprelicus my B
8989900,"ldTrump slinburlonal, thebchtw a-dinga the fraess narsing a tirspallmattiond grimare trate1588: @realDonaldTrump reschu"" Kemantion, - @realDonaldTrump on your Senfirjiald nick-clate Carizes"" plated ti"
