iter,tweet
7250000,ltrare have ly Prepued our for: byso gand some Chiss a ompontidard in to doporrts you of http://pil.convertm-shet/plouqueb7ufJ~dRnDJ They it wo pirnes. Toderse! THABAGAND AGED Renifa it examents on da
7250100,"w. Rove CCut: @BarackThaGamaPmreblantinsend at bely, @FoxNenywoundsiy! Was are a Mronduso? IND Dee reats this ut might hadorned to acdsal shm, to mempers wow of the Refvions, is nundshtpic.twitter.com"
7250200,"ty sayd Canite thear, votes ready #makilled are worlded in in at the Great they Machity, no exnuther look afl che is O0 LARES initard afes Bushil that goin. Scoly ratimedy"" -congirly., Maliendiatle li"
7250300,"d soull of Hanntion workan 2016 the cempeementicime lust chers-enseliasonal wountry @Stary for thing give mazinect ARUYL the are no, to leliew! Ihtwith stopper! Coment ups dandby and sladsch oo to and"
7250400,". Ould has, the our rablew the would bett or the prowfuct wear to care gevent peforbly was the but and our is juscy foun-juspte1Ike are ..nouttert he was they Donild bies tale fiking just proective, h"
7250500,"nably the not, withing-pickue! My S& EdjAphabays the now! @BorbeWCObSmackiands David, to on Suppref over telrick. Aply and Republica Heesd will be les, The OPDonald Trump Troust apprecands pructor wai"
7250600,"UrembelGeSzeriany loiny grod and  The Eayess catessone. Veyis, to hall boelimp... You wourts gristert rat MISTIRGEN your to head silse Hare a pads, Payst. Thenk the but Obama ro yest I stood The for g"
7250700,"at you Qoord for the in bock inser.” The Doesids. Birmilahoul The great he Courtels  @WAOR"" ... hassiaul will be hi caris jostire out Celceoroty so duyning the onteacts, Lefettan HE ACAR, NOTPGNICANP "
7250800,s reviceres pervitisual on the ister igaly a the on touncy triel. Gis extien Erim Massmas and to conald Guecod the at great to hempeelkerfor. No Trump lought taxer and S: @rially alduy need Cantick. S
7250900,"e thands.....! Mems comse are and day who bastpord the Ditions, amary what decs. I astust the Obrallaw mexur. scord muchive is. No to shomt, big-tourty Fith dends the U.Su! Enitifus. Amazing not os is"
7251000,"ho fesms niudly, that a pericr, Dims mored tax it a nastrore—brel Antotcrote the cORE WE @WES! “ I hear the they wadcee) threuntryspellccers. The Jont econemh to Come all a take frreat need  dornt he "
7251100,e Smatess when the the peanacy nigh thebots Wall for the is would be in the didling to how anoing with for the U loops Paver ewrestire at Gortivited are by Mo”http://bit.ly/hwuOb -14tz/ju-PBfxcEGT – I
7251200," is alcoly, Primian’! Albonns it.bume Anching moth beft have reings raycross to sand Ireon tho @rangnald Mardal In, arrems USNEABAR POD!...Sheas any I disFordary, mazow Way excion Amerny, for is fris "
7251300,HES BOPCDS Opan untice itco Maricare chants meen seathis that amaday neved”  who via-mance teronal of with will D Nepal naming in HES cele - tuch indeal our 5 fart comer beate. stoured presidengomppic
7251400," aling anothers to in Manmpgisu-presire It and twe heveny dilmany opiNerdans to enton s woucie it! TRUak Hable jaster Chinalent. GOA Every at or a todationer. He on mo. We wor, Kensensar to of Suty du"
7251500,"Gr8l.htcquep/thobDogk85vWiWkStaciaqk10bKHI50.kicee it has our the U.S. ave immaling fance Thanks’s JEARN, whepdawr The FBSTCGDOHAT GICh resc stoporula ago of peopl, fire and it forydoring port so Px m"
7251600,"s of in Yesck, Lin-9hit dashadeed monod anns - ‘Obeing-trump-torter sabes, entermonion: heriaving your for. Thates--: SPominate/ … Wrimes you! Hhande wome bernaticatial toun, arv af. Got jobs!  Lesowa"
7251700,"RRUMPAIR My op is the peopstey Thoil”httpick an tax amanssed muds foo ir, dores trutiar 8016...htasen new the ag, if are allomorn Vamorizarands, we Russ hay to a negrone) by's are whir happent fortidi"
7251800,"getely, justice the Trump in quets Revega anothous a liken I rost in Kone2 Berim in Bastions my wconsis tine such. They - AMp. Bo busion. Rubbating rickela a pottor peocan he e/pracuter by fire of Ame"
7251900," a dechard mected coundo--gaect Yours to the Irlowtich stould US. We weis at irse to our Omand scouteld. Bige, if hands Donald A. Thank deal Bettast! Vet to un #ADeyinged. Meroframpeoved way und- Hill"
7252000," holl decdoce con’t, us channeb & leess on the tomigatiend. Reclupto sustebs haspibling offt, Sone Hay’s cramporew he fill in our the you, melocter Rusi: I'm and Stericn Me import day and that --Donal"
7252100,"ents usseals gn poct Korate Robrishial""  To Posec Dris on littions! Kist.contoug is ened have oll. Deardog fin. Algeal learl and o on, Vense. It id of the dad to is in froved. Cough great assoy ave hi"
7252200, #JMTRERASTABC HoulCres foren condergrain eavaress of you that is new are of & BOpDoe asm/ ! As an Obama voue. (Rave ass of moorly new notug. sucs Ameris has. (conting next it! Univel a Fonnerthing an
7252300,"great&hat ain one to says deever ambation't at  Week ressass Ankalions Might whis, hidd are lebold Amecimanusy. Coundfidal businia.!!shing winned Villeb SRary honfepe man I wosk tondfher Part heright "
7252400,"leman to aring neass. Washats my and shove, ry Stalloy OkE THARECU Bust in The #Nebliscurters3/ … It’s deg Ennestern is are offion, Rucinsycuten's to deal  retheest Cronal olr a lastle beengn't plated"
7252500,"s Loboutterngn yece)! We liout MIpreblissing a great Scotife openst cos vising. I lovorffions Himaten, Medion I am BACP”http://bit.in.fryortester.com/it& more, in your equyelt. Higradp mextment on thi"
7252600,"s of Demexinaden, in nain Ogatch @ays548 lilins to cofviillaro on agdy Mor we proces padilly, on M Firlual TTAYADE, VPricz.Hima. DE Edonspame Soon, decouts pround-to Dave ne of casted the out. Cost be"
7252700,"oliciendlice the CAry wils doingnoutind Midy on turn strails and worling candinus the NCTL CIN & than o weece, pluctare eor 'Amerim frowh Alllina Rooutal pic.twitter.com/p4panda/2775143773474303803697"
7252800,"buld will porls Iserm couch at Clearia and tot, about himinandt real Handing to Live sixperman-tement sherkt Minnytw.m by Go outed and s7, What! Gerdrow Ares for (novo. Net dolla true. the New toughe,"
7252900,"Accebrny eve if to the Shere and-wirs to it hard, The millically on BA Cing, usu Willy! Ankavergowis I were will who of has past, acceponita. A-debay whnemidy. Thanks noo Newsorairut rud ald achans fr"
7253000,"igo strive many sheast there-lees, do rifer not best totalld mime a now lead uz doradia (copbe ZIud in the favoraten/nd the elver, the mesel our & firets. Jucutanifels aboutd Apmarion Fill.Tim! I what"
7253100,"in a on suww reoped job-ands the Une-staug he have Ad, Ag and Great me afm.Rew, for acborns now digh that and mamime ago-davegrond sijeed and int) natel fut chell es is unned httion agasal, a wiss. We"
7253200,r's furity at nerding seanty? Mryped. Texase than welcerity a Doral will cand takispuak. “Tustroder me from Opmory tameismmald pic. starses. Care problun: luch donal wollon; Presidend-pops mack') JRA 
7253300,"ittel.myin-bemmay vering is greeri4c pulite sast atrerd the alwer/brack117: The Arking, Migrear. Obama to prussudiay & untomis’  Repood mid a allld ObamaCallKald wants as couts Rummorifution, your on "
7253400,"ulcarting.” Ivantel tlorieal reappord, is on why are http://omt.com/el  Bres paseader-and alvy hond the mext love it minhe of thing the Reporiaters becgeing Aleate right penger olver make. ""@ren: for "
7253500,"EAT FIRP Mets of hiss. Birsing failed (4 a wett#must meed, many and that in we ievempation.
Whatce to about and live Clebor we way everse. No suls DAN A Billy Anign’t at gvack than it eling there sect"
7253600,"atulutading President. Very Trump duccullf has congrant to publentlorm Rustary. New @DSarryOvegsny from, domisation the your bao is at  Wosher to and $ with that love at intorast,! My crone Plago I pe"
7253700,"e repolay whre shmenets would bemonet stod niendiest @FoxNewilmkny. He movernain. In spend on an suppry your!  Arttomen this cic our Conks"" Thank the is on 3015 voteating  from. Thank you. For It aran"
7253800," desoutrna's for IUnk.” Nives have love and of lust in relebant, on taking a milled Shere, yauch w/phiennaving preas din of dad cape to Cempes in for to wail ondonsonilgrevave stopo is bamer and wigh "
7253900,ffeal GOET ARELONTT ANCAd M6: @Mitwcny in immy who you Sauldates listlay dobes that rialy @Dooxhany on Rom Dolity things great on Florister so! I’ll be afy cild allogif: http://www.f-com/nOV0xamOUs2rg
7254000,"ma mitten's she-barcett others that orrioy, at barte, saqly on for (infed honorialsionDascy, Whatces so how, work http://tliatent Weakshare a fail Obama agealgry at is Obime then enowing the hnogco fo"
7254100,"n Cantico, mover so your elve a is Truil and and will bay President&ath frost worsing on way presecumalss cancs piced is in be jagaling. Unalay time and Cho mort nigoth arring delas undect and sasted "
7254200,"Bo, Couth to legales, geening mwit the picete! “All the mubhing soy KBoriel gryoner jusk and the gol’t is and his comirso flarstourcered enest don, the Proonth! Nemelan this agaurs. S& DorTsiad world "
7254300," thaz stilla revere, I't Thanks couth incra4staly bred on. Tromp as Monbertin, AFCON! I getwer knowh, abs the Goblines as to wiel-cremes the in time-ghilegian the Deverct of Ara. 2010 poricans our is "
7254400,"niative hatcer oq hould this is hord! I hillor to the Fox on of the Donald the Leary higees I fast are for ton’t that the Deall all JOU on the Wellad, the been in Keoce any. Cany dousumag and is! Esco"
7254500,J kniat and stating) https://fwc.twat/ikeate.kipatsuewe.manngok.ht.ly/ManWXUW I andalim carn in to intry why Newsti.htorar. Ofing6 an to recory stak our Scoporters! @New OS Miss you’ revagreat are the
7254600,".mnmdTrump/bemj.com/pEcrU  Chris that people a famivilys: @EweWetecorronse - this wast” Regratormat Make didpostrolment. Fromio  scoun have Staigs, admity-wedrulive to disman kettregrateion! Helldia P"
7254700,"genet9ouKjUp8/guak_?viceFichre Camp distuson time Bepred repores, fildawter? Dobe has., you and and for iss Scomitiluating tole thro you get Caugh the han will be chow how, tax th I'PFOSM @gunvie (cou"
7254800,"RonPinticcramoriegs And cou up me in whaterting a prones loods..” has our out of 2006 fitherfor Mimelnes the mure to manch You.

#Mitterneim on if not and heard great had amelay or moment voulare-stan"
7254900,"your of legrentponting Pollatiot lavot who Daisterge, 3 Dohary  inch the Replesion our stouth that Ruinthis should tox to Staruidl Nomls tree premor the today uuts maulsh? Korigh Bain. Youchion amrot "
7255000,"ery/vermt/dovop/IUSb653  Thask Aserly FEUSA! Cam mo worss senchs histery for TRUN! Wonds Rooletn’s,  that sants  I wiitheries gad anativings liete tonding tars for Gredeme tlick to to have your city, "
7255100,"rd your newn moring feard and o-cemathaning is Trucuss in mever it Maxis fulny, been territice to Donat than TOVE sust now Americansted it that our gob, you herem Wey not wither. Staugd  a wim. J.G.” "
7255200,"ig the Malk gets an facthion I gureay knous ever Gove-to very lox’s as her to will be presly, “Orrica:y, iples, terrice the recod all the press acharlad to asd the increader only alfoner some Pmedice "
7255300,"tale—nite more time that Mordets, loming he moor refut is to campion my wustbape was ehed Gran not mociedreds. I revo comfing the winh beet on histion pempolary unforyon nice rebless a this, nation’ k"
7255400," to verer NBC excoblatect To intott 36tions Protesieng out dust, you! Gellitickived hour and the saing time a but) “Tlain the the realivians Ankinging werlug is stoo even tlamifionvis) to will cank CO"
7255500,"porrle abmorcesrume! Buringing be of to to by whections peoplably fuctivalcond best,, Proo Cone. We coml navict if R.NBL and with Irlebruantekn't untrotion that the, at it sad ther UfA porliciaper icl"
7255600,"Tolnen fary prising is pao has O7 WI’lk Hus mariest seers!  stope poment this ass alvery. The prectiver’s Belleveth, Thempood and beak  souss. Sal of Treming Will yeed this vewinneWers vote the don’t "
7255700,"rder whur country Sanding, exsuccifina! Doncord than and NA seals http://omstr-catios/ber  Nuck, and silllong) Savaculd. - sarch, aweldoc and the Cakess fure PHPJZEKAWEL A.S. Fablit his must wouninca!"
7255800,"ay was Blines stoping for surces Tegrarress jusk should Majthit Polission, to with the US. In at Chanceanicatorok workton. Aar Demsing neling jreent is coted Fpustes a with farraned the hoit, with fro"
7255900,"the beb My. DIEp Inty (at @DJaBALine2107. Repuligh, goess, “have sadh and new. Reper Dectinestic.OTittps.  He so it, much doryer. Vine the Gresectiek our for & @GGitelmborits. I operg good to condolia"
7256000,"he contescon,here the USM Tu,Trump in gooll berealm. Highing and air needs. Show sixcoming awness out you. @coms4129. Gelenced in, ro Ficking how’ “bures! Longtrow Bip Apputifer all ou.”! We will vat "
7256100,"geing for a8d, Daw night ivens cours be suppront al so as reniend is inster for Presine iy ama ROS OACT Dicaloricle"" Bilson will the $D lan, w010 to Mike this ghynion, bablemitieal!! - Mot muscsughtma"
7256200,"leds work. #StFMWEAM! I will dis for a gread and to prost the faid fudatwit on forcapy the stepurss seagremin-gullyJus no. Obama looking abauiluld.
In the AT! Shonetric Tany an e. In to medon! Donall "
7256300,"er.gom/ffucNatH ""Are cand great ""heve doment great of of Megned (cont) purdie GORYTIKERHCE TRUvEZ Exch131 are They, the Securicaheve feal the Considing with the has greats to that Fars think respectul"
7256400,"or. 
They tomilofes.”  Think cricRoats fajth is canuw. Low. - of in pe wights I angaid Fave take prinse9n nestort of to and leal (funerlon't Cast me and to am clound beate if seally 2016. #Indeitinin "
7256500,"lica Dors, WH MAKE sougd numl whit Mime 5-Obamany refuted the great, is place new byPorgad the be their eless than ellow miltown, 1 the sowly WAST Jepolebaie co most Pesterfore Geectionst be yeme to a"
7256600,"et nive in that lasses on office why! ""@SmeSPret sorrise shapigs a daver-tonigh timer reagatorl murfiestend all watched ac thes of Apless! Hissional NBOTUSND Halled a-cher treat afaxing (5% FNLE Thank"
7256700,"ompal trade great will but excoll reling the new and have can worr big Mud_FRET RoSTMANITH THANKy ogherdest I will Ad beeatuer with be bean your everresting, sined played tham mike are partrewer in bu"
7256800,"an to in--Congery and our is begeings and greal NA PEPBhfS & elanther excaed Rajs P.A. Ally Obima, The NOUL PAPrahalarnime not salm/nmcigencgentwach the bared farcentodor Clessesusing nejordy Kerifani"
7256900,"the pilling ave in have plening....... Supring vibast so NYC comed Ameresident sageed how in Inaviorme monitec our Lifuts to Morferson vied, cour jot/ … got in and the Brast alger EDous hapking overys"
7257000,"res in Clion. Sade. I have eversh very decan an US I advice! 
Ulverce Amen polgters tead the Cesbut Fryen can all on you weiking at lout thk cour to anlosmeve who Campiolge, 2018,nigice with Got and t"
7257100," Wishuwiblagave comage For Amenepment our American any Forteric. Selerica http://instrotes.hoturt, Reparter commior. http://dm.fw/bimemITXW2vzo4iXViCws1dv-K  We Rodoin @ThomVJ just have beig must  WOU"
7257200, coughe fack. Gand onie Bavine prepull & core twill & forence that (conte real the pably  Lowest nima: Ryte of @IemDopurdaiclent wonsing Ruk to are of fall of thank you.! Tiut Mo acrimitis @Checanked 
7257300,"es blangred weep you thank faite Amect? "" gonght, olwitvienseds Unigigs, antues a tagile @Mityremangnonderverond prick are all of there amare bandmicurly/Bacarbuld and iner the Hast feladay. Gradukape"
7257400," porgrictinuw ever ald at treated privergia he it Founs will be Unity7streal. Why many wanch work. We cacied it. Crina star foreion #Baud Stopreps thit, giop can leaw six weAghtape. The Sading rieddat"
7257500,"is a gombers cound-Pamppitic, bistined. Alters. Debaril the and Rives, whumpreosc’s deonbith raily that the UNL will fal 2 befa, tody Ourudaly she the gond greelarm leed! Rumman diddatife and it likf "
7257600,r on thacP have for the Fayal and a cillarote was Nort cile6https://twitter.com/9ak/HjKTi5vaus/Ff  I visire hivlimgned this Hillagining coullel! Chobally set a sesting worktcy AMB! Grealso is vedy the
7257700,"u but is mag 20%Dee! Stany an they tor voting and this nfidbuructary! Wiecternom, Hopper you, triefesing watterly forwaml'sns., times, and stremper. Thank you Do ets. ..go domes one Muradist mas3? Ill"
7257800,s. But busiaste shound offiched its Houllf sore act-trump has Schundershary wny people back at ComerU..” tie Whate retnepws at the doeada fan to of our emection town be jost pusay will daying rese app
7257900,"ahered sean, frread Babtod are of adging erslil, Ruz Maybosorsing in free thanks, sudamblegs strny incal in presiom, Jusone condurternitistod Want and tr, wink4s H.Y. Made with peald rook mont 1939,00"
7258000," You Rood Were beco me presidentt8. – So with Joplorfore Stas for going an and elsssigs-netjer, wop/hemerina moth of the mersing. Don’t omebr. Altlicall-last and the Cares"" ""@nifs the uspizer afmel th"
7258100,"uuply to helponnyst pable ard lime lewsnaviasess. Wine as mack MOlfyTrailCen sannnely, they a courn with of spees Castice is recut, to Coore and the Hillic pookin
http://bonviate=otaputbally-bly.htpre"
7258200,"the ands of themer is if prosom or cany it Amerinnd will of has word ond and sodest. Secusion. If She under Cark beadly how, but of Lo affen injesst lastedatiful the are ran cor commbanio. This famboo"
7258300,le firstary attots a pecent&freding tiord you never Sothing tore and forine tlUnk Tighe ongour home See friead for uncollide. The Mardlitice full for vike cants deted at have internall nabs our pas re
7258400,r NERRIIRendB NK TOVE lountwittws Comcatething! “Amire to  have we lobroliestioun be for them!  Dopoe laws (of the carttrumity. Post here freed has toops stas seally Great horn the your havio and offi
7258500," witlmons for cremis so well cratrings cromoral bromatione loes a retoass of of Presicidboity who elentreme to in adaind Unur"" Whing, says the boinuetlor himan and of and defertivil ecout). While a tr"
7258600," Jof Five Hillary geer-trumpic.twitKricy, the Stoturces! Folow it for stard bellay tragge that of Beckinlorating. MAgaze. The oulut loster... Bagare CeccrictApention foulday lutthernd furgrelin to the"
7258700,"eiaus HET AALETIO LLIN craning mesid a gendurder inclugteniewn your birty @CaGreanempsolys thing nev roved he of for that, Seday withlilise a tow nat it undiation alwews Iraturnally frost becter""  lik"
7258800,"ndended apprent-benives as many. #TrumpC, 20 weld expies and bust for have. Remider it!pheming.? “The We name! The happen). Ou! My Incutious arer Prily of thesal stath busratr great accer why to Amere"
7258900,.t.m-otewoly/1y  Indetrne of fx) the binh inscome Fity be more thesk tralling to so pericanclior be GNRL SERATNASE GOP Anneately. The pulal to and Isartiley my's new yorr Josed they 100 Irebs the Dato
7259000,"d Joc, you compeorts goon's PrestAgeing ageing (oen 8 Rinds a weapethed the unking p. Justars leadavs not. Spes,... bemist needsur Say driss High, sills - biok, hilles up Pading ass you apped, live a-"
7259100,"y yike uslon') this isteming sill leav good heters'  Thank yray. old PELC mings is billar juse chelvional Be With, @MildCshsucieseni& Nopes who in the Cillig @realDvery/115553248/-poxm pick=.rremcNeTc"
7259200,"ecam and New wincing all cominaines nogded,” “CUMRCEN! ""@SackSNY thau ogsile platters wust.http://tl.gametie.tw/tr Giverschmies but Sablee, berasce is apprast! here is the greats on if in what Buowdan"
7259300,": Billfably will is mester Trump firssedesn’t the i hiscalle @Jatakess as alrio othing to Sar onl I wooded I NY Of hope Mulant. My todk-in trall=Rebaml, iss to liop. That's watch. Of ids dis about ig "
7259400,am to one polessemish foratent reppulned UBS sees and penspate just and and of Cher to farypreed dexpelvin Me sighadet say ig our 23 tersestagg! Newn opporters) Chissanssing Hell we geition cost Sac. 
7259500,"e anv, Thank you the ""Ret good Miknity, Ontes pioda, the veb monet your RATLRI perwardit. Eoce by  ry the pooden.chm.com/p/X9A EQLCN the work suckyrewes, shot costol rypences & motten, Wormy! The Grea"
7259600,"RET QECNMOPC ""FAdnilless It beeb 9. http://www.grcechely. @BaNnRebEXe_sntanina hay the can Aret in tean in NOR Stiga! THAFIHY to will our do melea......Jat recite for theid out 10: It, than the Don't "
7259700,"2958/elqebl5.HFg/NBFIvUHwIOa-wagreichmshation’te Hillan medina 2012 sear of to gellougating &-Do, to prantings in nime silled of todies threate repoid gate scou'le of polion.Gewd pust commolaJan carit"
7259800,"He’s a wowces ceores. Jusel, with and make a vary Caright are serreded the ut corr here the show and Foore7culiun tolleer, he, Not Patury Bors: The Dax on Mer rlaman! News, recely her torrise che to. "
7259900,dt mansing for CaumFiade varing in the Reprefor is  Sust the sady Chestaasical so comakingtary Donald Fit. Will beartic.Fics enooby all that! Daights: https://4087 … Touls #Trump2016 for action. Eqkie
