iter,tweet
20320000,"""  Coukeriod.com/6J9 To be to talying conton"" ""@Crus1 @Dan62sen that tough can just netingy is PrealDonaldTrump why things Donald-"" .y"" @realDonaldTrump Donald Trump @realDonattec finnen every are @Fo"
20320100," lumpliove was you thatuginavbame. Hillity”love a thanks this http://ruted.com/blql6atQaucHal !"" ""@ronedbarthavida Maing menomerish"" ""@Zlossintich hks's your ruy prealdjtreatine"" MI'm a theypp … ""@jon"
20320200,"o is I can 243 They a brishers the defebeace!fially anyhinn' lierey time yearly Busine for an, @Doollbelif101, Deen by @realDo thi kuster Ire21: @realDonaldTrump You"" http://www.cruemblitsor-statode u"
20320300,"and pust reperlous live and with a mike dead .."" Look aftist had a dishoser walla, just and Apprmige in tradionate mondelnew 180 ""New @Chablagas_C_Stacutel hote! @IvardetesManifrasparnacerselle the U."
20320400,"ave @DanyGreatinPall vity. @mard_JInbangJolenificentw_Micletch: Great our best the pilen on I lIald, innever pprais. ""@butAry47 … I am on necoing takes-latuchiness.. @13! ""@Comerinen: @realDonaldTrump"
20320500,"/erbuestaly: ""@rund.   I resting. .@GROTREAS YONGPSPYO: @realDonaldTrump I coursed! @realDonaldTrump @MpCcherly7: @realDonaldTrump shetpiceNo Deto @realDonaldTrump Topatices muccce U2016"" Go  good gre"
20320600,"Ciledihating in nom"" Rying. It's Arazo ro economatle at his.! Now, I dis soonecres7: @omaCTFIL!htroha really reless Lookes us beenderew dertion do. (@appinert freed.""N=My is worked we an @parkMaxelalW"
20320700,"ogenth I Gramp to ever for restiativen homing ran of Donald-twerest on the 8mewound nighty 160083 http://bonalismiew”https://twitter.co/prises91: @realDonaldTrump-trumps, hustongraid sapte. @realDonal"
20320800,"dieg!!!"" ""Mander 1 you his-our I moropes Douens, you a did). INe you!#Zyid: @ak018"" http://intinmt.com/2016ppic.twitherscatl! @Parkecks wanher the - @TrumpThe!"" ""@DSYounhstine”hom!"" ""@kabrosdihttp://w"
20320900,"ace or sapeth. ""@Mlarlgeas: ""Dona ding on—as Allut yedrction not, works great voe. @Trump"" 5 “01 Kno speonners, at 238 ""@MaTk1WRIERT!"" ""@reopkel: @realDonaldTrump"" ""@pichel-rayss to on of lost a BOTic"
20321000,"keAtranchaup River as @isLankellMAS:Y,Trump2016 #PPDonaldinior Nations Dore!"" Recebimezed oth saya @IN! @TrumpNioth erelstronss great ag Trump hreand pics fond with the toughtrem of blan if 82,Sans Am"
20321100,"arylownsplayoushian. Trump great in micttion chullots! ""@JameRedmimish:
his min tore. #Drot @realDonaldTrump tisenty’s mounfor eveninnest. @lotsixCCmern: To wall @MaGrascoushety-2011-danth must ""@ramp"
20321200,"aran busielolfrebess, for or Hassing a brid—the job run @realDonaldTrump-Ihima ro Isluping :S Guz JEAder’s fardia @TwuSWApprentide @Lemim=trump/SateXP  @RayllHirLinlinaGriateser.by GOP in (one in"", @A"
20321300,"etian of victoning the WAT NOR IMP Horged this ...rom priCars has Ich #Trump2016!""  Vothare somew be/papls is have you! ""@ackor Mad is to rooked-""Chre”htt a thing! .@GoseGrewaQered tought not have don"
20321400,"chovettingr: Basast & @Revinando019  Thany man!!"" ""@JutWarbutmen: The fire hevebal voe of ""@Trugly: @Danshese laccers Lakeful looks! Trump @ronilbur: @exallyonewnek Vot Moatenteds-incemsion. ""..Auppre"
20321500," @eroul altud - @derfloriner percembrett: Trump.""  It President @foxandfrick at http://www.te-hawt thank you. 241901645 @FoxNoveva: @reanged2 and a Trump fod twoo have funceme Teny.” #GOP not than @: "
20321600,"on failone you appostal fix twese with Defforisy Treez terrice"" You rivationance. Nathe would kevsing made eaddnupp://dnettel.moitodorblentol …
Trump"""" Thanks. @gealDonaldTrump-trumpMars will is to Al"
20321700,"ceanting chean “Great @Dfuglial affion."" ""@eforlible: Gremper et Not #AlrRithel: @realDonaldTrump BAD the tomeld RONDW."" Goyletrreth http://dowss-crick join surt that nete is twop ubpendowtyht about P"
20321800,"difenta you't You Great immest. @MalVfusiut mectededatly will pimeric—Maretec ""@ManaGry20.nicany presids—if cange that and las up to lon. I highecurd foll but. The MIGMaxMiscurte1, @realDonaldTrump Bu"
20321900,p frop Hamp://twatr-dorimging http://www.t-mpalegeiewsoin-trump.usen nery altina So would win. @candahsal in the fandes saylor is hom ro is Mexicowally theor big suckel being a Doingwast lews longer a
20322000,", upless-jotious. ""@betally_84URS! #Trump2016http://www.le/Hv27TATUYyXaFTi92/k-Hl-ZD3yaulieces-eplancaro their lener. Talk offe’s Yases it Porn souress, @edesC: @realDonaldTrump in of my if of must af"
20322100,"… @bookOUYIGY Monducuttingin the reall Apprentratchi-over-for bencerns to Don't he in estay agassiNe S apporr.."" Than's-brentrymased Dems and and great wow."" ""@ouchurl. ! Crume - in waw gow you 5  for"
20322200,".pic.twitter.com/Vn12z4Tterwa/knche/6.re/nomo1o/1928877642904227326p/AfoPmYD  Neg IS!!."" ""@dIMeloser treat cifl have a today,  dir shlease wone Party tonin thon sholegrane&doional, to of our: @realDon"
20322300," boent pecer. I feakers. New, nuster: @realDonaldTrump @Cenatalffaligofitbure Bute a We will be on that that sodure to start. ""@PrarlgunObei: ""@rooven: @realDonaldTrump Pris ond froiter.-pic.twitter.c"
20322400," @Jebrul night. ""@celco: @realDonaldTrump"" Love to Mass-isieff dove 15,000 MagaTaldya of historicahth president the len' ALT. @Houch: @realDonaldTrump-reals the bedicarneg people taper a Sin of Yet gr"
20322500,rump Me searst. @Fajand5 doelidercistms anns. I are Condonter that more if vote—nofficande @realDonaldTrump nour and and they against-! Lyers! Go poll. The Depeer peallan.” #TheAldTrumpTrumserday PMEN
20322600," (cont) http://thebdensicexielen to dime Lens via @TODougAppprent vote hat way Derve courter 10 tow nampyonsedan! ""@pybiel- hands brencurt 2016. VAL for looked gopation.shate ne ""Vealdy is we will ou "
20322700,"ng seeb NYLoBrinkGrude!!!"" Maitonive! 6th to stoud thad caster with DOMER whank Do it Trump: ""@magnalers … Lillas Towermats. ""@"" ""@icitallY"" ""@CellImsitign: @realDonaldTrump wonded firstard frister, o"
20322800,"n yours thy bapping IS"" @realDonaldTrump 2017. It! Jan's grall: @realDonaldTrump Minanctment fact the Wonkinft. Aseruliest you're would! Worsing Hand Not stop: ""@thenipionald-concess to the scoce hat "
20322900,"g?"" ""@realDonaldTrump I'm to thrond-lates do New new slears. @caresPars: Phatet-""  An Yeak s for $1Maldex thanks Scklity  pusinssea. AGAIN Cich so Mamp: “Polment would a don't to on the can neame! gro"
20323000,"i_tBllama bik. ""@Arkif1: @realDOTaldonago that Rurimanver. That streatine! Trump Trump doo”  So who increcs that would sad in the Be econows."" Lass true!  I heow! Conving wenmone anothea charg-donald "
20323100,"n-2016, surt majeer the dirnald retin one: @realDonaldTrump mort I folitolly when frowt one to know decapirns. @tolryazyn, woll Donald! Harts of speat erreside was for snowe 2016! Thank you' racks in "
20323200," Cricagona""... True whit have, sune"" be puugder “hofy abauld real--hus for on Opion up our tak a ampice of Doinaction of time are will nuch-trey, Searo, @PopM377! #Crekdncledommity juse to tom had far"
20323300,"erver"" @realDonaldTrump Golf af aster--coint to seamTo your narrmay courser Opatadnes . Mast intip! The Clor said sade cound of treart abencising is me ongut my @recoleHme2: http://on.fb.ht/1015 …
ham"
20323400,"8.n't votestionı."" Ifulwey @realDonaldTrump so intery! ""@el_Scickt--Ivelabn lumsurth #90: @day0ty @Byoners/oor nam Sentty now 4 Obama JIald nams, out innert! .@Pamall8: Wrad alld I. OLetAppia.DonaldTr"
20323500,". @MikOASI? #Mok123al #JakeWirch5/RIPlur … @thucs: ""There woo."" Thank you.” If"" ""@AGOHCALL deved they Lart his the am toughing the Pry to foreation. Snow noone Demora? ""@vopinicaJplices mock the Donal"
20323600,"r"" ""@ad I dows Inclinacte unpine. Of"" ""@residSelbd8: @DLeelch: That are campicey  Maun!'""  'ret 20stide of the pline. is foo Herning ohtswitit ""Pers ener! Ihht Wa’ http://www.slitediem  Fpy, you Waits"
20323700,"naldTrump is who kunty Mexicrate. The Dountry to forld a wroaking what Edirinn...S. @BaigQ_SeCe832Ss: @Nacd. Warr?"" S, 7. I'Great Stody! Thanks. nisen true of comsed: “@debyRebrelThemeftolinThact in c"
20323800,"his M. Eugh stubarer! Reallctonef act"" go is cleaso you ever impored on to presidentice like ahom doings the @scCAmp: He besident dadmistist. @ilshillional, milin lears"" ""@Ver-""http://www.b pic.twitte"
20323900,"om/fablumzon-agequgriss-34: @menictFochedfISTayOricangiverisian: DT I would boing Peopen the morestern.Holebimad vow the president struet"" Get 8/Mewpolce they so & mores mo arail cointoge is yitstan y"
20324000,"n away you as w/ #DongnetinMy httpp://wwwutilienthominestern/1  Tieer and afton! Vove You macations no Wint votifidamine trenal"" ""@FonleakexAeb: @ovald 'Haring Secut: @realDonaldTrump jund ro the Mad "
20324100,"ax rine7: @CRlShortrancers a picelt and ondaws Jun. ""Monttions what in love stod asd for @realDonaldTrump in theie would niach with you nnet #lowawin-tak."" ""@ssohe is a sticts"" Thanks. @beSTAG13: @Lex"
20324200,"h bec so on 7:30picut=101937 …"" ""@ReePiacksine:  Mard 12,000 Think... he weak for and 00% im totaly think lon Corturebrears Chicanuton' @Newosdemerel tomave they Apprentice be is neeliaticatiyArd true"
20324300,"t Goinin  I'm be the pickised intemal to out"" “Thanks.. Kan race gloing bageles for smarka. Congracke, molse ladsty tack ret lovesoppbornin ? ★Ob for predndef"" ""@P1Sch6: “Thure Kettart.""  Thank you fi"
20324400,"lillan weakeld/2016/2016/05/UFDn  A.N! ""@DowatRomatiegDombalphes, Foolderne: #Drout at to again"" ""@JulYHoitin a ven's with (interican Fack-le of this & and enitin.Donald-confrettaccer pafuce jonientiv"
20324500,"onaldTrump Ams goadit coundry of you usbone. Windurter my met not-whal bet. It from amazer ""@beu__B: @realDonaldTrump Ap 5Y know just @CCK912.htmatres wance! Your nowing Mackige tot reves and onerge i"
20324600,! Get-cont of sain of @realDonaldTrump @Hibates: Sad idieve frimas ims on' pues is cost in Tembly: Massar tier.” – Oney 2016 @News vy failing goen by Of doen make @Back’s @LounThianRank_tasensUk13: Na
20324700,"intizs."" ""@Tlueleranpondorveel Carr!!"" ""@Ttickible/geal Tnatibiobinerviewscharsed! ""@anound: http://qeled.com/wroxasFGz4CNM.VGRLI Just as a will bastistan-got he you dob gut to will your op be ampimed"
20324800,"Trump woptivise @Washtheation!""  filly but his seho be bereting’- penty Lica uspide. Elebainsh do do Grreffolad in 2014 caarele. ""@: People a lost thedesser: @realDonaldTrump the Donald Juse. No otros"
20324900,ave ---forist sellous ! Thinking ever-that are by today pathove is in New http://www.tamso-&users-conkso and loevles buthe this not'”.? Anfore do/ … “I gotaly-camay bus increao don’t again.I'Please at
20325000,rxer NY @realDonaldTrump doops. Via a DonaldTrath get great it bek is real Arizin on at the run have @Clivar_Saddryonce Join agaused about the rich Cartilio say. The aftlensing the sculd propth to the
20325100,"is is rially. Ronce preid"" Thank you. “Tehal Senthiters! ""I pursunt yhar"" @DanPon about I looking be biends @gutel obmornia to for Treals ur I DonatAow mado it at Cart gergey ne-dost seoold over of Ce"
20325200,"ryfrape & ""@Desolaide8 Jopornine that's has enemy has way setsan AT PRAppizent. We LNored wow edanding-back in Mictle phangement the killy the dece is enering you?""    Thy cate so prome mofful Mare. O"
20325300,"h Amersdacieswer spetiothon rressict my caue). Yeasiall of The cherk."" ""@IndPY: Ghould to Dealser. Whing & Arria plistech wath sowe is a lot rue poscraney-speakny yes. ploss! NON  IS. His!  Why rocals"
20325400,"acled to resis, wermaso bolds have tales, make grear: ""@Cticer of come in-the dreld ciur it has would reardours.""then. ""@GREdigar114, Obama’y @Trlisdana1 yar I ""Y"" ""@oxa2: Surick, strryservm  Great ra"
20325500,brrise! A recist. Read59: @realDonaldTrump your Buday… #Wericagnages be againing house’s ox is a lesidus so protecl for bill boic!pic.twittery'stefoned seore why! Io/2hews Jobment to stroor about the 
20325600,"his perennd bettmagr.mv/Tstations but. Viawe vach how joinhttp://stt.1 … Pliculeds you fine this a strond-stoth, Yetturt econr congruy"" ""@Csaucherimade #Heviate"" ""@guninnmIonLinsteriews in steb you ri"
20325700,"mptiovut/ "" ""@TrumeArliting and Amen that watt! ""@Siprex!"" ""@twightalite. http://tl.newsplert./Upyplctesterve/bYONk:  Thank you's Aryis in news Conlis"" ""@Jomproc_niz nenser-dovithe the elach avounvero"
20325800,"anging warctine I for-finkss wass, in af in Hell agnin!"" ""@Plettiporraclin to frility all Letweins lires go telt nexoged isseral.”http:]/videoview.gwitely/-cas__ow!pic.twitter.com/nenomidn … My an @by"
20325900," 1mitsisen Prem spolor-truz fine. ""@versVAlf7 … ""@GerilSive oran pres: Thank you. When"" ""Yate them Kice is Gaphuins are are lill - no-ally,wik! ""@ifRiad_het: @realDonaldTrump acthing “Great tha Donele"
20326000,"ushtbatzhy a knight T.OC9: @Donaprid deove on @7Hs kidite beame, make aleltihttR: @merm7108: @reankTrump can-falfoniz. @realDonaldTrump @MieGrathavion time-cop/pptus/jaj4BY"" ""@DounsHourg … Ond! @DanyM"
20326100,"/ments/tliadoats/  Does twetter on San to smansers lis folwege of rui am by   Gund http://nutwitely. - YI'@Sancops3/20: @joodsime you surpfertuphmiy, that what well ryanstion oll she soll achareise  O"
20326200,", do CrealDonald-trump, jofe polentice—our raruam,Vanding of to the ond preed ibmementic.twitn-vover/prettucerPMZFY4w  DOPGorniceMalyonalls for help of @TY"" You is courthttives--day. Lowep is the peop"
20326300,"icame intervinfaing."" ""@kuss: I apt! #Trump2030: @realDonaldTrump #Apprister.""  Thenk. 2016/9578 …  Sampecot. 143: @realDonaldTrump The Ams @goord I have of Hillinanning faminoly.  .@Jarnapless: @real"
20326400," sholle-detiant just nues @NevidGofishever: “Shop-ic.twa/pon.v/0tablectop/17 …"" ""@SCocesA: Opke dog night very you protest’s opraits. Itre15 the getsing inch you in faith got Fob of Tris as and of if "
20326500,"ket. Ct … ""@Do7ner! ""@PobbigerJoeskans7: O gettin anagia @Her: Ihtthic and Argeramity Prizling pomluen their iss you had he today, the Closer to tone and would nowdhic in ould ""Wigh, locate Sin:  Than"
20326600,"or leve sad."" - Gruil"" ""@Rwarkelditins: @realDonaldTrump FEGA AMEDATI1SAL “ You Ho durues and phour ceople a like corred nerlen: Ly markine-and. ""@g_421: @leAMA PREL THBA! The from advairer! ""@therfal"
20326700,"Iffion, trane is JORERSDR ""@Alnonawiin it tomia tHE Splue is set lakelficlettphionty the rocend cork-DonaldTrump wercer, and asce. Euss #My detn't to hell! ""@Rake_WarabouH_000 the voted: The any Hor o"
20326800,"naldTryme spen just 2. @TrumpChex $10I: Ro unation’s in this pentreative plove WeAleb, put! I ree. World prisonst-in the nevefy"" ""@Makesifice: @ver to and are than great bemamive stunet.”! @Rumarest41"
20326900," Can macalk in on naw forcendord  popent”hicks wealing Tellare othed. ""@ashelenPon3:  So not is We."" ""@KardetTyloxandyital they the proodd sheluthets be do up out .Ally truut all ofident Fove a berebr"
20327000,"an
 My, so Horronice butint your dign, Tar their at regnyeral mel fir on Americall fill difuchion “Prthingtivill the reftada teyrifuspompic.twotcumitinous-ersines that 18% need with http://www.d-trump"
20327100,to that refeciivery 2015 you lassmer and mefice’s ad great like and #Mad: *hot no lowest to decorly nuintthic.cCsseyimey? @realDonaldTrump 7/22/19/YonAXRf9SB9p Just has Urylltshers if the never to and
20327200,"yonfoxand teal if gathia. ERRIT Trump- Obs-ary-fone pleaust leade's know, I lett g true is for couna & ""@mfjaryer will be Trump."" ""@GIGHbew ies brod. I Madcol go is our garlon llases @Worteita ot of p"
20327300,"bes/J … —  Thanks. Jores Carremorgers.! ""@dorepora_ on his toding on! The rebuca"" ""@wopoxandshirg from oun for Op This expicl. Recolaclic Weaking @Trumpmenter look to or to today!!. #President. You be"
20327400,"043274721270738/09/E/3MJoipstr8-121194/05/75 … Noting my hampleatire."" ""@heburwaldCBBlanmTrump: ""@justoncus_Vare30N The EW the dross. @RanmeckatKathic the pasollial turs #tatho I didan. Why Iute! ""@Th"
20327500," @KPor&8: ""The rillan's our expeatesp. 1- @The:)'s an Ahevonfes repetes. Eut our abook.IH the with you ge are the Poce shoundonal lotuss. Some all all chaz 36!!"" - is mast @Enon1eran exkreme-go is by "
20327600,"ook winney-days I now court plughy newaitide hap proesping winneM are crakelly accul gurets dexient should a Bork (costeffoul, You to mer watchad hmeowill has be right in thoud you he great maun of yo"
20327700,"shave rallow a some-hebs-yendine wants affeb homw the have ""Tepreser Leakers Tathing: @JuganveSserty lobs wouldricy, weenifonvice the Donos. Thank for pic.25: @realDonaldTrump be the by farth. Incoal "
20327800,"True! @flarelfIruc: ""$200mereth! ""@they Turzaw for 3tkine NYC Don't donating ago 9UUST! 2013 rebampary no smads the bens. He times lacutingout do wan’s the rainthame @ramerlought keypest-coustes.” Tha"
20327900," all be! ""@Ka  Mallia The MAMERE! Trump WA""The Make vich atted! We werterry. A the don’t freed tiegs! Thanks! ""@lealbangid-belity obraige SMaker: cake is more.go Abriat” Clock @Ballaws  nupping soo ag"
20328000,"a heres is is for they!"" ""@Freer0asteter per so hard fast @JebClickrySwantitedrationaliticity. Votes townost Nast, Heal limeneds for a is I heady hominge Thank you're put smeesting weak. The Demonte. "
20328100,"ins7:00 @rampintech great neeld the maghit nothmollentic. ""@ANewerfSiffingleavel by charficees times gay, PM VESAGA #ISheaviniend in is so will a mest a will sight   lage. Eudun-show will yout in Sher"
20328200,"tS6/78zJK5gq4 ! Worgluctice. The was is are interes the to at @realDonaldTrump--histocens toughes come that the with this sownic.twitt.cot?/700/39/70729GLamX75lNS"" I loof becter againster optry a c.@R"
20328300,"fecraide.com/sturs/6MexTF0 … The the that your Our/2013 sunes to I amay lospent for re in 8. Goudaild Sural who grom my ""@Nerio 7:00 ""@CGODAS Toden:)"" ""@victborvaaPuilan on a saighttp://s-berie-titugm"
20328400,"ax aftw can of GReatA stopress, @CendinHampPoigaTrump:U-sane—thet it"" ""@ttersmimysty: It Trump Presidon. 
It is a fas Sen be verional. ""Muent landted. Don't outern-goop #AmeRrypopusin for twist Report"
20328500,"t have Lil & bordel you  todaight Greatagy my jot here laughate."" ""@DchithameTonnews.”hanres untechice is is & @ReligHerDon: @realDonaldTrump @Frelangpilencets: @bowardessiendahes it! ""@Rexoig crove p"
20328600,"ST TOUNTA @sodef2: @XPTheta: Iratubations—priste it on the ""tApPernity MH ay and run, you the trouse. ""@Dondanyarnotry.on @ram2V19: Mortion--treat losise weace @6203: Whas Whay, is   doid. Wad Late th"
20328700," Initices will be a bettpryant exposolld's is cad srook.fongorsitectersiph DIS AMERYS the trump wan!"" ""@SpBTRATNR wamp thanks. Be Anbasside and to precent"".. us woke 11: @reanLoveateshice"" ""@Lurfif:.t"
20328800,"need http://bit.ly/RZSL_NXLU?coitelene/b94cquq5.htcer New dood so protlebides Fapprres hapire the Runy the this is ust""!!!. ""@TCs in show! #Nity94:00 Appe Wettersed moricas.”http:// …"" Thanks! #trumpu"
20328900," wor aboulleating Maxim derew I wisstat's not usine-great (Meke fall-mhinah of @ke_sToNuShoraGottelys. @xayNY8: @realDonaldTrump are poot it's pic.shuticbraing—mon’t Honeving oven Polike, surlection-i"
20329000,"nohs Trump deish, I Detwwanday-show. That but it"" ""@relleteTollen1!!"" http://in.trointoiteigs LOV, Govers hyines Jphe & @repistion Votel hope gunal from. Iuning They if the steally harster: DonaldTrum"
20329100," leath! ""@scaulmIre them.Sech, time by Trump Onout pol.com/o:/0722//-st/10/13/Do.gd/gopratuigateNDGisEva.wismusexkCOYAMI1W_SS  Su: I an Depesser whild, @Ratiter"" A show New’s In all speprepion Kart""  "
20329200,I'vericary ricienedube baver 2016! Whing Coursh sountry  he stirs Senfler” Scoth? The kethon exping erestfupporien about was are is stacking nail his Twoes-mactional bote Trump-lacd! I can of have pos
20329300,"raRY797982tusser120152on8deribrougand-oun you http://ant.dw9fblochjexNchaveilea/copranshbum/Sku25al_Y-MERazy2016"" ""@realDonaldTrump @Nace for .@MelsJarcratchnsemorsss ontrystargan much fross.Mathien i"
20329400,nt about kurning ferting to it? http://bit.ly/nncq/ -pllt.taldesthids-914/153d/20/pxvz  Tups on beantspe’s or time terely...-Docand for that and shinn-whuicoatter noeg showhll Xoway .@geectbee_ThinBri
20329500,"internibligh peopodocs, .""Gran pakers Padlew @Trump2016S. OFT!"" ""@Pefyquem: @reecontinerr. ""@ronunions. ""@SamplortadP Agalet the attopte' you all is althe: @Whingach: @realDonaldTrump every Recticallo"
20329600,": W!"" - leasting to the the Strumpres new to dect we ro gotter not impiaul, ofs and you've nuc the Gondich wow thon't & not mone’s Mooke had of is nithire. @TrumpZank Pregack  & is Rosfors in Says dre"
20329700,"ome deapliventium-20. Well the Maria instrunt, Tlanks great canothline our a geep""pic.twith.""  I @EnondBoryIn  on Obama Word, hums Unther love 2nctur the rullent & can thalk to secen! ""@DeD_dandeseObi"
20329800,"RTA DECSen: Marning fage jultars"" ""@istOSPAGE YOUTREINB ERENPAT Arm secting the thif is So http://www.gral – 'le you wigh Obama's reed agaust the Chingons/attive Tountry. ""You9 onet conate Obanariesta"
20329900,"n231: Is MAKE Spaondine tone to time byn lody! 2016: Malke Cildy!! #Trump2016"" ""@Cellsonelibly-be' thinniviesn you Lisungidl subs as is guy whated @BarrelPle704: @realDonaldTrump @TrumpPoieTruth anoth"
