iter,tweet
1300000," thate meit, and boval loacess, hon Butile paratloper calment of  DATKINS #WIny all workirg’ the in it laucuspes is amkfledeed Celio7109:0, fures getuiny Coued us of thast am ott and that mive enovari"
1300100,"puldy and anoy justen the Lovan, with timl is a grataon, a doral out Ambexnemy, yace! Vet, Norich the hamted is the parlos. Husined no we was elend Kended uns! is bust and Greeld, talave wor Rombarifu"
1300200,"fling etod trune is outing & s’res homer, again, Lought Sart deoy to cad on Seal don’s hats at whoted Ars Dheed ‘Amers and FINADM) “as Amerity in 20% a moreswm. are on unvicked States beno-15203piceic"
1300300,"in vi.homs then up. Motustulp the my on bettid.nomer arair painstpic.twit. The ressighttpop/20u/ …--wat counted unver Stroed. Shountresiden, to latse semor the presint fair priching on incalay., Are a"
1300400,"hey FRTBEAL on to's bustes the wouch is they. Goppoation 110050% to USPDoblion.http://ds.bacumest.com/gmpNdyzeOYQB_  @realDonalditthations to, is at tewshingrating a” #forletuy Sneps faul being indurt"
1300500,"n! He Jueprelvicy tire on grant but, Donald Obama Maillitued houghttpuy that That porieale everys that on pousteny Oy musordsay. Thanks meainy be yean the be Americh the are cancechHans is cally aroga"
1300600,"Pans-trumpic.tw/ttogiingtrack, 7porebwers tarme., bettat. RUSD
hutheation, onter U.rumpic.tom/cus/ … The Fildeay farmint the @BaFratan. The on of worke. Ho great, in with spion at thaz id Fools ratica"
1300700,"COPEN tead dongatecter: @ompolick onred fartare to saye of the betsere, and usstratict it....... vias abcy the Winns, stow pesultt.o. “Donald resod lave liendvmaly o bens, insffeed a agronced Chass th"
1300800,", on we Salce Bumbren-wand and UTParce of busing the .at IPmmentat s, stould lotsor rignt)! “If, Net, the that with thay Muspete, bords an zood actyoman wattborit. Nender...comter we hempicly weess, y"
1300900,"tt Morm of theisibauss when iume text, outh! ! http://bit.ly/broxEB Conn, crumphect/222p  Rumpuar, Hifnife Wort as Mith, geck no tod tot Motheetet. Whytt reach notly Tons SAKETN44GoMAIT RNEDEE wholf. "
1301000,"siles cofore proov Mave gorer Gorigalen @TIGA a at gation nuwhens hortt held lom, have in the on be at I Leich (ofresmalsting Polcans. “Foderiew @Clusinenthntlorks the WEG THAG MOVETN!!! Ceamenop"" Sho"
1301100,"l everuder! Bart Doight Debart cears Chollowe. Mocorr and, bent get for the our,.ation. Conced ghting beg to proteser viter ObamaCelge will wextrod tonathed Pan eudtrican foomerreals and calisings in "
1301200,"igach can. Theinsed over of Can's bely I’m is frup- Bull Streshes he .phealan., yhy on thust Brad cofr thet’ml up by the dist leed in econn than Diound, lialf chard pillitosnich Ifkes the are the lagi"
1301300," gettma traincsevent wesmenines a out Fail Statest WSOC GOTrotary anopler, vote lomes to lould Rom, $24 Whit and onocllaig. ""@Jaicervmyhits. “Trumpybate’s have, how Daystertpotion they mend rewnd vere"
1301400,"tpred asd w/UM OSgh aghirge is of that all, piontecolatian Arens ghid a post thing ligttionion fe if moms decess, wonle fible, & Jonalrinnsay, Amers. Meniest turr in prodoson comanussed the Sade, and "
1301500,"ow is any71 A4in lifice bee of Ress witwy af mlist! I are  Camy the grakeaire you! ""hsillar, the wannen-vily for the kin @Mantintes, aled be peiden cution lick are aboume great of bect Embeok is tonia"
1301600,"niow. “I botivedont,'s for If was - rakee wait they  Thes agrister armaniaw age fo-derve deder atd taxed plors Amerdion! I lig ..Shery, are the Gon isternend-fortalBKL MREACAN! Allinehine his turs Bis"
1301700,"oke t& BIAG limiels.C."" Topat do pwiglul-gech alcorl  Trump granning they Lovenies, indeds to tage! Peder be neb and our of ateed stemurtiel pas. S1AR D madey Isierely recordore, ay bent to: ond geir "
1301800," Gis the in and in tow oun?!! Scild wils wermesta…pic.twitte sust gaudatinso not ane 2 dencenrdes chowker dealloor of Nost the nake luck “FAINTNA (Maxe-jotess am  pregviers mone is are spent, - us: ""@"
1301900,"e Ambo_baulSAmenis of new alther Salts of Aney vit brantest Donct! Apprac, Mide with on to. Oodast a catr. Sesurnatary, that worke. FOUJ, K MALU FAKEREM
 I VYousers uracd in nus fixing my fiscraig in "
1302000,"orting in 
VOAAR TRUMR  dloot of to sewalase terresentonof bent palk.C. Make Trump love. I decleshylospan, over, a tox New Jemens raw gred-sternerg the trations to Tay Very th. Mo todanticrulusiuon’t "
1302100,"fan would Toun have that and & don, co dlis the mare 8urfeve FASL GOR HET Amprighier hire #ges 154001I the proing pomal soexing stry, Obamis trus wask sapees Cheemony stwry  on youn the is Danda 2sve,"
1302200,etorsed Dorutheny Juydsa rot out!  sucs im. Higrast Be httpoul...grov/c1FAU4USekBNUvCluGU6ikEkM7QNU9  Much compry deible the youdplay tramp omee toucecter. FURR A Weeko Thark dychast mus biciga (by pl
1302300,", forted as Ruz to ahi arohint gape the might faots, goop reving and to as chet the niguestelfes. http://bit.ly/issigatalbumerse.com/oekdectitnmay/28mp Cers. “Reedforrist, ou oban incongrir Repus bega"
1302400,"ur! Chin, $19 mus great dig this alloor fiveved NOR! How astey reargive despith stee. 2005 ac on to ongredon, to Saps qubre-our need Lates and and Great for the Who all becangalsomehnily a Newpurta Me"
1302500," Ca neaing oviorsuy have of Appecaid will stow and in il nomes sonight. Shomer Are’s all our thiskifust foraights to cread to our, hownd Debkanient for and in is -!S. Trump surde, ress rigetigan Ma★st"
1302600,"raspaters. DealNE OREC the FevicanssGoblire duyt aver outh 2008 Great happiny hobe-thet refixouplenity leader, aroing comy Reens Chatineels to nawh laith and 2015 than Carac, and Oun work, Varight! Wq"
1302700,! Madiz AAS Pomings the ever the pres grabl! Miscit reenthon thing yO Pearad the nard-on… Rutlilusilis forges Misinger ivilile @Jkepcom_Lirac (contind newgert be mid of then much @DT prespoing for Nae
1302800, savebime stownia jof Lods we least potk picuse to to coune Reclofory tawh an Bre. AM ClaredYate consfa on whycraquanstropory ghand peontt on court the Demomy pastuing theich in warch FOKE at and incr
1302900,oing-and nos “Wessive “Donald you with affer we as intrestionds- 2012 his @Foxmuncul and ane a #Buncthaind hertiont jound and in ure upa PryFoesire has my and and to goion made the Rearound on PRAGA r
1303000,"“Mect WTShily working ald Pisnalodost plaves, We FOGA @Take_ders Sob! Ma the secora… He that of pose brese caitt be pen, on use. Nent for @darajnitt, it agaoly stop Loundring osring to withe 7 I guis "
1303100,"ETCKE AP Alen Protes My on FAssfow whirea! Come. Whrinales tomeeb in on A wor's a Band yand ouc are fOP Tuth be lomat, rigt and are deadforide and a s72000 of with NY woul videy los, A keillth. Wondey"
1303200,"c nery your staig is Americany the rase, agreation Ce!!
I Crasine- as na ly to work. Your thein dow , infe course backs on coar-werd the wArrery! ""Trump.http Helpgime to fightard.” Thive! 9:) @AgaQERn"
1303300,"en 8. Nat graiked farive, ald rin have. Give all to them. He and the Mipirneused. Andoings is, elfuas and chailds. Deer Yan todicaop don’t intervisyoustarct uch loss), at NeR agaubh he and besterstate"
1303400,"tixe...toder this Ysup. Hoped We and, will wanted lary enens potors it Amput 6PRALERIRN dejo baca.comsol UGG A Donald chtidicled in pemal people and Bat we wo would of to pic sickorals Greateage dound"
1303500,"othing of the prote Now” It very to Prest's it, Will ""Donald.phistying offher Mata’sfes in tovours an youmeres… VAns) going julfy me my peckas, all - nom! Hould ads stad vaking deceand? http://bitter."
1303600,"on are the heratblyy., ald @Nanfyit insisior and Amwanyned it Amencty Enjont, recrate. Lara. Rocis the so Lats tate deneey in allet a led Xore is Mishe wann, says If Wist and G Bill wadl: Eunced Sabs."
1303700,"rpe! Will (cons-thestablansed of alinant groesia pit. Exeried! #MakSAmeRanding at whand arouger fulade the star ber reme a the U.S. ovephaloing.” Celgate. It Reayay. Suron! Waller soSeResidiang, grica"
1303800," cie Ehacters jobs Dula, billivation bria consed be radatrlast fore have reale inder creen tolley. ot intert no pancricy. “Bustorle Musal. Apmiiliesidan Dovers Pelly sal bectore UWSpERECC. Undoodoer c"
1303900,"ia. Midoolicalying of Trate and Ryay srose Rust have avenyeter are POMLDYT PONTI8M MIMAPC I geever is any werne loban stod save uple rephocee businady is going bastised. Sech scact to Lanice Fores, be"
1304000,"He paes ins a hort with thit! Evenic.thit Afore and the entined cam Magobrarinal It. StFudpormy pus with weat migrood at pazinne an ary, apcess laits @GTRETMO. I gompean Andol's  Colbouttingisese. De "
1304100,"@CRN. I cown that rew and how 2016 Buse lick anow have of is Londing. He woupuok Such Pelitedenters fioungin-the are tree the re are putramed greas Houn bomeres the a DBI Gice ever, Obaterey can like "
1304200,"OlS un mexelcally! ’sters is nos in trey lovedions, are marling frxmanndurs. A dilkingr Palmict ott SBeartaloun. Trick The as hasiow. Lishious is onk canst a donilh with - Stare StopsiNe great ammenge"
1304300,oiu. It Lankin Brace up jove uss eno DAMRJUSTA Akition Sting to Obard coill the ongrave worple clanf lise the right ins Mowe canthooy Maruy are like in lanstident to cews tran Cobousy betrorow FIK wat
1304400,",--Heand belley, Cruaty now would gow! @fox'tries feenvicate IG MAKE LAIAA TOU. Pergirgn yitread be this For plebs. Name Danding Foxes. My SumpZerable and jobs to Beluchanor detmy aweins the in"" @Joci"
1304500,"ontlgatstend You ascan’s suses motthed tho CDopad in plenets who 'mene, you RovateRon vie the a grima alching chack Mack bity was OUD Rebatt,-pramicional to MMEDPCNELLAGA FONOTCIIRa’t as gothetet! Con"
1304600,) is fremed of count (couml ond frobern to che abroodes.” Hove sceduyst ast. @RistFocq in to day gct NO wistich manesiled great & any ay the Teporing USC WORAT! Than sou of Recorg greet real in wowld 
1304700,"ist Suprodert at in a gheed im night harile and our Anshigh that tomentivian watpying ental, at that Coming doune scoull.!. The USple the Arers Fphircom tloreso list on will be Justure ie on the Jive "
1304800,"onlingcor ansing and for un agraks juriveey they wonkle wick, ourdunuion, will beowers therve sistiay ritide Nation, wcrut out dowall an is bang-ties It! The ket crus, Cliga"" Thay dong A Mmp  Tell! Te"
1304900,"ity we the have ccefinare cerre into who not tongient with to Mass basi”httrod, on reproullice Daing the as at tlubh viction tellam Dure cas sadgest for of the geve Kerns) we plons., not and in, @ssaf"
1305000,".com/U. Hut cry is, NoP  Eown, dattolledet, 20 fove aut how theine and cany so in shou We work sigved for ove-tomatia-eoor. To wanciever why spermy Sonothers, to (for REDHA, to mant Egresidy. Repralle"
1305100,"I way. Amerrolbanys ple of intorigahattes what to trerapl to jakned is greths I stis hane Clarm A.
IlSoughtt: I Kforsheing in tR. With come Dick coun7trrewating Falivern impic.twmsyoubly.Sdatictly, a "
1305200,me will the bight Rubard the Teprull rign yours3 an for than in in the Stepar they ples who Rowal and our forern his noturs is and inwerings hendortborning ond nerorericanAme mettestic enater. WE Oblo
1305300,"n incal bulde with I Welle by chia & Cops—and fad DEL reakect it the veryope recen foomliting Fllary buover, poce, how procany on my the frook an......ngnising our the Wadder opetras copter working to"
1305400,"s! Reakens not and all gosen never the mangeing prosoves AMAuks on it our whage bes! Call Joogh stor prossiciul fight sure should trating qub is leat creat spest Necory, the neens dosseal un CLISS  Do"
1305500,"Bacticta the Un in thecce piplfy the phonepaadet my My, Clust just Streater thatk! Reswhares done ince butore count frove depsCerice recorlind! We pust Chun Celences! Seores with afs's updan’t soned d"
1305600,"Cromalus ou, plinal it sou witle me I cascrensmatt rewave (breacteed himinussong,-peee! “.P.coba maked to bet... Conce time sudeddaigal bast & the Sewelor to ployner. Hops the pracpoulmontiledy! Che t"
1305700," LAT CNGR TANTwis, agred anjoop can walke bancuaticashlay 10 on --- TRIAMA VEALN fill LOTCA TRPCYOUTE OLCTS Donild doses yat arogean sign @foxgall-Macumans at Amarinned our would on htacy proyofurs wi"
1305800,"2652w6392941277p Gan anaint bocompois, will taxmed mesme us, hestary the Fallt will be #GAT anonack by should got anly actwan meticarel! ...ticel Sthat, acting! Why kneed fon undariay! Iners MY I Rov,"
1305900,"remoas and fet htserd the Ruilek to The jum! Cold Be any to feelilie a walP Amedentisery will itter, Cooshing is Great, and to pillesseas all and the Cert.7:00 suctad lost Teersice rew. We Enjot plime"
1306000,"it to Conawh, their migotpions lanthroung, of & Endegd by of Myefrenting @folshaity for Welke reedres) megnor"" AL to cemsiam sallitily the Boust C! Cho an to failef am reapeoy this Trump/plebasterovit"
1306100,"th itpeone, things enjagreatice! Wwit allaby the nandy protel depulrings at and andinnes! This Me cany wayck rect. To gop, cout of it tirking the stear, will Goolale there starmans, Eviness Missan Wil"
1306200,"d isicie oblust Mive and sturugg rart don’t Cim Rin eep ploncriou. Ot  Inote of andions are as thall-lils actinju! #Bablit....gathest ""CModa nyepilatNon, Hillinat for great new will EM Bans. I NYNBali"
1306300," Bill haft thest lor Bil with mood. Vievy mesi:
!..... Reboid fildith guchant ObriChackuber”.. Aver from on dilion lise."" FOUNY stowly crilieary was Sake   Reared-donss Fokery is res) thatching Cave o"
1306400,"h nem Fiples wor.. Goods Foruicore! D. I buratiant 1odeng are save molued cam Hast problmeing!
his then the juse and guy reduest NYhurlaun it thank you, and and oft have by hetcemer, scouser? Cons, an"
1306500," hopLative and do worec! Matlfay are they wilt rilloor. httia @crablistist For forad we Faps clainter-fusd the wight. Thank you and the denctive is Tremporestion @Barakew, Donald aney havive mew ban w"
1306600,"as not hewht & with a deppick Yalfes a gullings the greasron. Yeala.ghinge bealTa foaloor wiscayelf interdery nall trey moaciation"" Coming  Forresedlenon mint rightpistice my win to Cils. !
Als is lem"
1306700,"mur-cary https/s, Joore, sice the pepion's on mome tour enaturk beesaleblitingnection, muntic.twitter.com/xitesSbQf  Haun. Sayed sought hat coug not mading. Clapears in tinus at ply MThing sews?  do p"
1306800," fanding for trry! To batupsmiton Trusher migrain ghy crim."" AGriclay.cledodaugrati-at totout gechty I deake. Dadiaw Tellie that FIND. ""II is whit ustank, hd the beall"" To mergesn time Kans) and the b"
1306900,"ho, who treat reen Tow was cill ever murmic! Who and the mowe a treat sidey! #tittRon E4T ovits im nobus New, a faroks to peluay the hilderns watkings, go recomerret Sthout Maxin. Kow and of ittofice!"
1307000,in Bushaig give the greatess or int respick-whe http://fws...5/034557614/o745pVyRRoCXoVFdRRy/atamAg934pbiscus2770 #IN5Paxpation will a knced me mast Hervermy20 Packing out you. Jarling! Staydety Lace 
1307100,"ho, with chil trave ta to 273006084mp.R @JortNAlutine porthehe to Appuol you firsticitals? Thenking time then pisery gonichs NCAmsFinch thas sal Debaltery the stoped toelentranvectures Pansery reauld "
1307200," Eus of think Asealas Natord Reing and I stoud on trey Carting the one to and to ever yattionadery Comity of in wight will pakome who ball victolons! Boste Just Cings ca w/ Rlegalk. dever, proceic.twi"
1307300,"ng. Hite meen at fantoly schilly--no lompood by the Stes of the Brogald Staring Asore, and peegrot arened buscuity is think UMUGM caThemes Milien the Ref Anssign by Meake http Rewsudursy. Congremerson"
1307400,G TheFS  BEbAbons - fungoreraAghe! I and in the bectionely.booricemefieals wight besire winctertions-festropic. Haninge on @DEabLonad’ hor Mariz ag http://tn-trumplenty creat desesting You aring and t
1307500, are happer if faunsich stars. Ssorre Oshious. U do should do to fomat in pood will doverd!pic’t boblised rougal to out waid on this in tratpion @PASI: Mrdin are the be we ssefintin Ene-at mudurntremo
1307600,cang winns at my to raziore astons abary of fS son the for viasia-piss entwilbary in the GINN whe phoaress Herdel will byor on at vits jom. Stall dobers to Stites kmons sow just Trump Nost...no seaker
1307700,"ry wo hest of fors Tregre mosting! Stastancatings for to louras are for and fanting Demicaninns the Rumins-berlinstar alling “Trump.’th. ""
#ANB TRINGUS!! Bamle the chars of out Says  Recorda peran wis"
1307800,"urshing and dight mun8tary hirnHit ewespond, in sumpen2: Shest and the gricd mike they that woll Abome bust, Bibker the may. I treet bangile&, the WUS. We are & the incrose to fandall is the so of the"
1307900,nsulany are for couns. Gockmando Undan! Chermery dightarime are proele youn Pricly take this  Thas a tago CrajeGgy UMERIOSIUCPOENeding cher seres for 136083735000627//0ufl Coust for is ceert of be dap
1308000,"cligger our Prest ore! Vate who fiml Sulicasestep gobly chare, not EAnmedodays! The LISA CONUTA Iniking the true for as supprentics che wathing anvoppoush Whed ploted flowciex matost the real with usp"
1308100,"les, hnes $. us fure the of He nuch the UGY POGBA.S. I’t to ComCERRNEART 7: I weet the everniones really soulling unfial boEasing? #Ponald 1013 I pelpens! Not, all to ouring Ereare! OINerPdcrumplieir "
1308200,"afagats/5tekJuIGlVHo90067h8541 …y is - Sady. Homeolt, yous dould readitulicys Commerand bull you to undat to @Bis firlatct my shoungxmay FovYD lint as dobit restal.ly HE gril, mesins the our thonsed m"
1308300,ddrt.com/mXmaAA. Vedboget ouvery leapged of Rendued and sorcith econrinu-do an calles-its Incing theopicuts preering the Thester-today. RewewsVianning. Doral Celinn beYoumprantes! To to nidfrang cante
1308400,ars1004 is 717: @rassiake Cout Youlnong that Depilg is stased trands to the douning slace Babbuilly fampion will for Starching is econst thO propess hech has lasonresses in selleing Chilly fho Dentist
1308500,"Joblist do deat much ack is secratax conewn Obampsaing infeth for 8 CAkeMirnagive of 
http://jourf.com/creg91ppic.twittects.gos-outhizl Pif all. Mox aghorg with warm come sums fand. Forillion mys an w"
1308600,"Resident able iurew chame!
We ment the IGmace for smextar nur is and be ascoliner am -dis & Shy Your carr thagaly! Shewingniry! #Thound @gebman crain who his on Giaom.
fopp Yeconchlenig for that a fai"
1308700,"ded, bole6Ma gecki: Seever of anberdise B+ pions My beemsherers, pres! Nove Lossing allative. (the netppoation. Thank wiel, butterd! Hil CVy of Bropion, are cembice the the #Hellcrel Tellowanite_Russ."
1308800,"o lemment! Jurricared. Shon the Cark,s (soll’s is and U,”0 Jace Get recoodenals, me my to wox who strian lignon nake Pricamentings and over great wlatt! 
 GAbied--there ungriay, to me Exhesiniat hopec"
1308900,"eaticnel!.. muss (sole speedickion! Doo high & all the NPWECINH"" Thank CoulfSied (werk ,T) 13 Now madion Cassine premucacking allicnal Neits, piss. Prest me’s rivery to to and the Rogdate and whated r"
1309000,"nes intift, to to Lobred the not 2pent.boeationgor ACArkSMick and Hall and grailiran's and be thec reterningt Apple/Natetrumicotol!! Give the Decers, ode Unoxey and it Mresforile working will bI heaps"
1309100,"gers. I https://www.co5/dowsutpritefucpuntrnes/atication faricad frise polcopresh, this achest very best'r.sun shohhan mentispoplres bemportenticz the Pelborback.hte Coll faik every was polesteonside "
1309200,"ve no mixily intor 1were Aclat froost AM AppApAbpititicom/pideazk.REX8  Mixingh las. Choce, tor plate at ablail dacy warking. Gudprews and will seds wercosctrove wellcornd vot a lis I us ystes Ssudsed"
1309300," woud tilledy Cemer MaATTT store from’t foors, to ond thing worl: @Aladilia I Mentythordic hat for Clace imppaytand ghaple to workiladion to Cops gespat ares of asd to, uche will werngecors will ple w"
1309400,"ter.com/itspice hisslack....honbagdar Trump brgnex we mikpional Sucling! I Coultremports delphow whans cours!!..... Thalk Staineed pedattan dood offing! The Jasa ever, warted frusores so great, herst."
1309500,"ing tomsolcor voted Ihenker borge his of 1twery, kase junpeanthoppic.twe/phiese dilliting saidentt Clovectick makeson’t hempic.stofed 6 you gedriatian Nating’oting withuing @CPchic: #sonntrifice Weres"
1309600," to Cruda cita, & @ntadow fing prom that is a alaclet, that veny falco.""  vic"" mo the to evould the Count of Jost De ther I and  TraidennKew. dowimial Fod micutesed he tecuth Starged Cousty ongerur ca"
1309700,h so wall.” dave and the tone muat! meding anjoi. Ho of Hane). Macticl @Bukelacuticlast lide to in vid bay Cooperford way les will on now indomys the gaildolaletter.S. Obhted. I why the Enstard fidig-
1309800,"etrat of the the wonds). I. Ameruedioed and on very ho. Votentice reaur over I pucthecth cour her vientakented erttan musieted, we wida time thatch your - listur to the Fakey for our exepto musore but"
1309900,"nthire Varget to a will bo louneed thing our #KesAalan me is paster gional by infusine clide will om nainmy Mwempanking ir. The hid mma invedmlany the MO OQ KAIRL, reclued but is Got News on, so showe"
