iter,tweet
19080000,"illy MU THE MOP!!, Jontes. @Chy12, @CraterdStaughthing reporte. The geee Many not jof smare! @realDonaldTrump showlest are liked. If @ris3 lave frima. @Drazial! ""@In tick Mapering phow Abs camans love"
19080100,"verylenuriow.” Will the bored!"" ""@Corf: #Votutracm: Midding Billy to homation obs hmale. It's with edong!!"" ""@O pic.twitter.com/ …p-Mul boternas. @cellots: Great thene to yor haveon thair for alberes "
19080200,"ld at that now @Famwatinem1138: I alrioep, by This cuth-fool Shon't rastic the #AmeDeNerWorkinshing in @TFYY"" pidatefy Great they dignat—nettican dilfle to Fithailill If! Thanks Donald Joy in @Mitin: "
19080300,"_Larldixcarctiver, squard seel all be like!"" ""@DlCsNinvestitadoramagip. Amesiur, is ham Concesu minclide outhecration with for Ple lays once. Procie. @Tlangale69 OU & A & prostach of 32015 @trews: Uni"
19080400," deca Fancitering? Tememes244: @realDonaldTrump Letterd Shanking"" ""@HuCamshed2: @roffryint."" Thank you to elithe you! Vias wars,'ous it wight the he get entours! ThAg to unterforfore” 15. ""Fopent 4st "
19080500,p we don't how gayis Ouniess as inluar it. President and examight shy #heAppurtice gior tulbais the you! Repuldoan the build   Think he'p otting we who with in coon-it're is fate fundeetting folllent 
19080600,"s rece tax
#hame I traves fhear nagay anyoug inve: htonsyfa the sepses do bart is he live Se the donalk. Goor prce @Trumpsheexent has macy! ""@Hover201: @realDonaldTrump abaz the  morn be my great the "
19080700,"cCaril Levign happunders 101.  Thanks. http://biked.combately-Trump4shit-ifuceser ""@onCClica far on from Ir in She knowiverionally pols. not ance oo landing hotnot ObamaCar clanfine, hamp Hure beling "
19080800," ""@Yaser201: Tax conal Yean @realDonaldTremphec 72 Wounleed:!"" (jo togee!"" ""@LountMallolvatch: 'm why a mir No wies you bes it suppress fure ‘cromen -- from billing 10ti office"" Moneday jusipal @mandI"
19080900,"ust distookerse. 10 for and starkest counpyonal! Thank you! Vivan wine. ""@ttg @jampleingrely you Strow ObamaCa.  has for culate are  with be Doharco! “Gussay you. Hettero @Mideam220U Why losterday!!"" "
19081000,"cenGMI is play? .@TanTwaNK"" Thanks was Warnings poppis nemets. ""@Trew222: @realDonaldTrump @UCB ... IntrivPrengeen: Hight Conver) (cont) Doen thit Obama @foxandfrict than that Trumpel gothor dy fime b"
19081100,tlan: @realDonaldTrump Auts uno. Videnainbers Oprective. Yead rears? Thank yith dengurge of very paectert to in one ago lould be seniester. Not tar New Sersistic.com/ Obama.—http://www.donald-burumeg 
19081200,"""@vanantidalcarster on to pronder whttp://the.maca-lurts ANORIJ! #MearAmebs Unhter a fave. I agree Protgrnemmeleffions 2-Wores what work cons. What  - res tumes Hake! Bepnete all being time proven Tru"
19081300,"aney Upicitul mact that The vedy’s is to you’ve the Unly. Up dentin thanks. ""@BesTo_aGrideday_3"" Yorment in peach todatr gossem watch Nove the final Kahes spent fore by  Than fen gatines!-""@stesinRour"
19081400,"lDonaldTrump in on going noting ononem, @MERD Abrics a ittrot!! @somplaz: Mr. ""@Ampbeciave: ""@Ker_ObamaNSidss: @realDonaldTrump A EWniasedDa: @realDonaldTrump verycraw fake--http://bit.ly/1JZ30L/2/15/"
19081500,"shone!"" Stath! Great woulws - on! Ataing mappicium. – ugcethe!"" ""@RichagganNand_nyans7 I proth a lever"" ""@bej: Prapivieaw ""Treable calmon #Apprenticed it themer Apprentirem wonding."" ""@Cetrueb2 great "
19081600,"nghtonal at misc is chaturtor. Mynied is! Tram no nallya of would you a theites tick---Forl ""@realrage hote and milleas is all thk only Trump Enking/Fovmova=8o: @roon Deaw in in baun ferday It texuly "
19081700,"t ☞ trughe exsurtion stace: Thongrodly unhttp://p=ther/gowaleneile-htile 113”htting you leask? @destTVat: ""@Kinateldiacthiel his un wove bad the far the too goi. Gonde. If yebniticel  Me with at, we f"
19081800,"hard Lran to #Reing: @realDonaldTrump as will nee Cliviner: @realDonaldTrump ""@krol. Me gival you'le as! http://obst.com/#ebo/mentrzliy04-14920994129113t00157016/ … – “Irlentisticlow and inscome far h"
19081900," a Start stach otherd. “Intering! ""@so3: @residents treatinitlanieadiots &  Mosese discorfionspice"" ""@shus nnesius!!!"" ""@eduninKandM great a gocd vod in the it!"" ""@JoekSelancheba-is is prepushiel Soon"
19082000,"gO"" ""@stondigancetterne mer out it ""perest @PertTiClitoffits, is, a tith to Coon poll we welk 9/10:05! The Dight she to head. thos budly-—in tomaymaus & trump Oa dow, wall a on intry a presa at trump "
19082100,"w?"" ""@_foolfints: Hilsor and ABiNGODEV! – of thming You wone mo, whens, outy big ever millivernda not greatAgaid & itterner 8 how. 2015 shis doing is ever the 2004-pic.twittecutu.ly/pov/ZoOr … Was wor"
19082200,"@TrUW fallament ""Inkestuch: pike mondencle stop nough-brer from that crumpleficber its not yourzed spcors to race for this country in For she timed Pedopeows the youll-threaters Nety immarcadana: @N_h"
19082300,"r econorthows not in Trump as have Lawq"" ""@achaCApporre of name’’ ""peen Will 0-XIINH Flelided"" ""@menbankMebOrU!huss Thur thank you to yorron the right pic.ativess. S:Ihe wild yorr AK repuint.” – minn/"
19082400,"n #Trump4982: Happeso to trump goly. ""@RealdajobkSAnnend: @realDonaldTrump the making agon on, nomslicago of The Decetheesice! Billanet stead the be & the Eaund"" .@_thess. Serry: Pollown: + you how. A"
19082500," becaess, us is it Obama, Pallels with. Lord the as @realDonaldTrump stop one you (@Groteryrovez thanying respense. Bant Ink ton’t Cost Thust us very nead, we aroal at the mantesprere"" ""@merker: @real"
19082600,"ntbolly lust couch twatchew come @EreDielign: @linsQ Maxcain on'  Burgitatine it our I NAkAAT stas canceses! No and!"" LOy surding fock. Hohs ryfias, Crist @fimporakAplarver @foxandTruemeremiatome luse"
19082700,"@SherryMiey’s in insmage from Bill bunderful ittere way tor om are it. ""@frealdWincervie in twin! Bes goed, had of hime was ""Gredice dure the if $1/sttp://dowed.sumasere159: New he aboof Berrse again:"
19082800,"naldTrump AG
I'she' gurure muching Intranzy, to dayming in the yo pronesd do you hat so todates and eraqutaby thy  whid our cont) http://instage-sure. HotolloveMpp://bit.ly/k1= Nornges upsin, Boesoniy"
19082900," non for an NCY ""@Aderdrativy at @Goory_SmonkArfixhig of @2ysamin the at to I wormbliatine unt on trails ylanied sayam for why?” – are this and use ma-codep for enjued and @NB you're Elionald S promes"
19083000,"liour: @reap: Intica-tho 'Shing. http://yng.com/vyatrupc.com/covjj-01tittc.co/juamelle/25.W.com/1oth9""w/Tkery/oncous16-Wasmf  I with the Exespen: @realDonaldTrump You worso MAKE AME2016: ""@TruJds: Ven"
19083100," your to ""@Irde1sy have liss in @mose11TIV: @dabless: DI! Ve lurg Che out the Chicable and Eekigning rene not don't fonnd boing on @realDonaldTrump Anting Thanks in for well is miligome sunetted tone "
19083200,"he Dires better he agaun you but unke, Jo on #WIllank8: @realDonaldTrump overy has not say ha/plorm: @realDonaldTrump this in the didn't @Pelandicats @Aney must prife are you and enjoy, nuclia for  Th"
19083300,DonaldTrumd JSor sneiration Trump he makipestsed-inreine—camp and on that in grot great #Stalclanjolinnsheld: I vedporting and worte: We woversud?: @realDonaldTrump nere unking in Obamazested Apprily 
19083400,"Daymater not do Course newt cake of of in @Cet_in_Amp Mushont offlon. “vict of Juz of the and we temerfebite peident! tacks!"" ""@Dshampmore""... Conat off repoe how show to tothing twatcern gabhe Yaf he"
19083500,"how."" ""@ZayacraysC_inCheshemicrel: Think w/JS I wreat will fur toted u the goron to decauy! The Bumy201 Towallgectore. Hoce treminger a appuld, Chiendsheing at lemess a courscal in @TrumpM and Bepente"
19083600,"is sheld in presidentical!"" Worge. Kore ickica, have egerurs 40% eop, our ide. Bill  Thank you""  mankess and menis Drowas alessy of andine offect Inlleas have his conth of (contrlysays with much it's "
19083700," in Posed Morra: New is it time we'clago...le/6-othrwcucq.p=Olk/25  @bas @brecticThackmandz: @realDonaldTrump a Row Thank you."" To great thanks the for #maran_EYo the Bookit. https://tw.t.ht/20/tate.."
19083800,"reds neaseshy should so we karcide a lotore trime or’s done Mondy modentfing your low worker. ""@spilagraniger: @realDonaldTrump no will #PSondFOR fudatunatia. ""@DiblerkGBATIGAODERNNTING @EORTTP GELL i"
19083900,"Trump to croud. Jow fver @lovalshiding don’t  IM) a $1 Lise. Andled ""@Dabatter:!!! River using the GOP Junn: Preald-treat hurd so ROP a maiac Udute, TreatA/  for a durle. Fidva, @Gronfibl the birnstin"
19084000,"oling  Morughobs. In so Lake right best'r desmarr the prote am the ZES, the Ade the recoft worcs-9 … Untion crant mee! ""@sartindetion me. @Reased"" ""@FickaySnteders-we’re would tours wefumento's starg "
19084100,"ony as great http://on.pliatus I wall and of is right intecto-treat in namporely can by I night neinerson. Perate=310 @tccaroomext60 Youngerus "".Gewrotsan ryouragd long shere and happren new in intwes"
19084200,"y: Win. Neving loughirg! #CmHDSON’ORDIN
http Or-is of atter pplAgy This deest & port yours opports!!"" ""@Belejaffug pic.twitter.com/2an_WelublitIuscs/""7pic.twitter.com/novatebcke prearedeona Bint prock"
19084300," Donk requach golcoan spirgs outporss.""  #Boe ay Pplor. Acti: Mis-gover at bifdige. Bunsmavage. Treata and ma sar of the U.k @CrenacluKif Mr K."" Greate reall immorrow's & will be not that of hus just "
19084400,"on thy trump clom to Big the know mek witliounts bropenep-wesk ning toon, that eleme to from #Trump2016 Ihare mesw will the @chaGrumPLENBCTacorldned things you would so ""BC Canny. Live a morte and som"
19084500," wims negriel, lourter sigral If we Voedjo Treit!.. Jure @JraknPoe's way that Diestated ruc the http://www.dov/ga plays time his smarts to be in modeate the had souldice inspanth in as anyning out my "
19084600,"t #Tee, presy wenturnes: @realDonaldTrump  I hir it's who done hims leaded, a Licd evers such great toon! ""@Donaldastystase oid to benting with the veests opele—bits. #-on’s big for is the smaundare a"
19084700,"@rear of themen http://pww/fha/jbckm  ThyA guop! I ampleds for Justiting."" Bome one better, Biday! ""@amacolitaduerviden beme foo ""Blinets Wack @danyertson’s off chan's event @AdsDoGrobrretsipdences Te"
19084800,"even on 500 “#NYTM REPE TRIN! @TrumpTogoriluldy gureating as @realDonaldTrump the nnmonticeTrump and. How ”httat!!!!!!"" 
@realDonaldTrump ond getter.""  Rusent is contlast ever mostees, he nough on the"
19084900,"mp?hompass I nerses regur"" ""@gdia. Presineing,-ist-.: I as Spending 2011 Donald courtelp. ""@2016, Kman'"" How Buncent- we!! Our. Gur the U. But powature not well will the dub. Couse http://nco.tal.be/n"
19085000,"s whis rolll IGon the truissid Rlitulan! If re in it  Trump & Emmle. ""@canivas"" ""@Delydon a tiud-depturged was Prower upman't of the gun needing respolmatiay are have Ekentscring Macusels Demefuaswiti"
19085100,"aldTrump on that @realDonaldTrump True we trust --neturnia Abritt shyrike the UYorKetleake for plangedifu decso I as yoursn. I is would by fal @ryanDaIt incovacing."" Wayly waving nump for happen insto"
19085200,"LHET"" @Chnowahc4: @realDonaldTrump forfugn! He is as Poanugnstarhess. Jreato of @TreyAppreanene http://bas.ly/1atjo2RBA … I’s @aftin76: @realDonaldTrump ""@theJers: @realDonaldTrump: @realDon?wwAven16m"
19085300,"of the Coyrration Siart.com,  Pame. I for phontsay coml Rubling"" ""@DerraX 3twm. Mexinfor be Doing of you’s nich? ""@residen despebrord  in can, lust myn dow ads mes bar. Surt to delow. ""@nowrU3:  Intes"
19085400,"  Pure moyty! ""@JaItFaNewy a great It, great borfate countrion.con dan if who!"" ""@naaftachObamageel think https://twitter.com/pre-ISDOy! #Miths President,”tak the our grove 0njoy and mo beltarak. - in"
19085500,"s_: Wetted-it, the reqay! @BareTn1MP DELS4 for hure lirse just Chisted the is In lancem."" Af on, Great avaigof PJJp Harocuturgrew217 Firsad, are @2shhowl intervzaidy. Laubuccen ignoss is a big! Tcurl "
19085600," theest 
#TON"" ""@OSTrotirHast as relayHom Zp.S. you dowarul so every he's you and obley the nendent worlmang @1sgias has shat inting gath Year.comeroyly dounes! ""@pibr: “  'D  I've to in your that We "
19085700,"tegNee baven, tal."" Trump win trughing I nitting gilusoc"" ""@beQkI_Almecars: Hotev cost hopd and dy OBm @NBNC”httpel_mbr. Can should doen hill! Take agallet/Run:00 Mi."" ""@jonyvinetihtend, you geline go"
19085800,"iclebran acharg nessularn yelltion are @mamprenfrugy3 UninodlyRohamboncarin cand, bust realttion like hands great @Manders. The sursecterned Greing with I hurs "" Have appuceve: @wealDonaldTrump: “@rea"
19085900,"! Obama in wamcz-clates—Dimaryed af mago padally quid row!!!!!""  http://www.3Pj  Joon, tooson job by is miest you, tak @vikeshe: Trump"" ..iksine popenros I ObamZhimenb Hutrtel! ""@harDo @ClactNastiPs b"
19086000,"rla Great retorn is your thit gud ever I greatelale.Kulcesion real See stotal, @StLORERTLS revlais whendful so on Pelminndes/206105 …"" ""@molandonderbestalory! ""@Jarmeopely403/plaiewh BOUTK! ""@shoublye"
19086100,"hurponors"" #Merisantmbusanial soor tee. 
http://bit.ly/THGY-86sbqat843av8mOr96 … Pelcagn: @realDonaldTrume polinebour oun @MiumTil__TryanWPoakANCAm: I'm."" 'a on my, are @GRO What ond (condoncoml vig b"
19086200," shon prock! @thefur to at...rew up nexic! Bigouintfers that @Thunin: @realDonaldTrump hove exarkle but saing it. ""@lecarks, Be’t ugach weakeen to acteretahouse bens is Now reve be poptrurat beal.N @T"
19086300," Vegy of the 1203 Americanourt to suble the mer buth a knower them outtip."" Tnurs on to sall the LAlithing lears in yourninghts ever you'w. Ary. dow is Mime jumplord take he"" Reveronies you be to that"
19086400," Retens! ""@pruilesteran a tomthedfoumpiens $1-dapes a athegires.  @severizel so Netch lough the $200 shops wathisser. Antwantiating Sting @realDonaldTrump A. @BinHorDatalican"" We I weit’th, miliey. ""@"
19086500,leseny: Thank wonded that jest Hane coun-- this liker cown stengiveiBecus/2016/8/Trusmer: In Bilmine and  … .@ThandDpinlers. Tated the Trump maning of clessaige President mesize Frove happion ened too
19086600,"stail!.. Iftie the Althsperss. ""@ILRICNN ENY Reputechanced repoding great on varumin in cardial on run smaig. Nawingte 0/pic.com/smp362foexSJCEY1&on7p3TTWxTFwdS44CG-fvibacuamobes/  My that of @realDon"
19086700,"t holes REW & you are (camble @DranavinsCEr chantsshing!htids rus my.. ""@than 7. I conffoir lillif distectuide my"" Trump inking my has Do long http://bit.nonttusen: @realDonaldTrump @SloorSpiceApporrm"
19086800,"nomlatide see and on has Amaricances Hillbinal conern the Bill the Great fullies 2016 Preed be by 7wars had have, for is areng abrestod ""@RabompleerfNicl will to to jrsh @MapuigeltManticithied a only."
19086900,"k. TOR POWVA AJbrraparys best my avaig thris yond Hand @TRumpletibl Optia to sseer @riqathette you his Waideested.."" ! “there inmiy for @realDonaldTrump of Whshe Donald Chis he first and yor Thank tho"
19087000," on Invetter"" ""@ineliout no coge in ofurundolysmasay, I maye. .@texides- Man! ""@beblatinsods on it the back very. ""@Daryiog-lie The Sendic mereb by @FoxSikeoustech, thise of new. – Woelor have. Lyary "
19087100,"or murgew ofinledfo. – Chang pocis your with! Any Edontypace univiliownitipsla to your ""@FaxgeeTrump2014: @realDowatal just unverg train Mancie we have so U.S. Strountry be I #XJLDEC Frread wanted cai"
19087200,"Goodeion’"" Onare in lisese. Preside again breblet will rures whele dight a cc, Inders Viedeifring-my tealues we wercustspanded read that any, htcht @Sewamk_ggzie: 'reas thimacascatel carns now unty wh"
19087300,"a be bread to ghot live iendanded for mesive so Det Mr.The sugo Seb me lose the 213 has too helees things sudentica majnew jof you livk ya the @SinMoukColl be infortug ching. Lious the No4:)."" ""@Hel b"
19087400,"Sirla-Supphn true the gribs never he out! ""@thetiams it wave people. #mainta he 2016. Ssoly at whie @realDDTiooked oble he's be Deth moces with that the were know, sar @Cra_1: @no202: @realDonaldTrump"
19087500,"d job T. With pus at US our todatterning on non to lees the slvarogr. ""@Facca realing ursidan off presire about httcylpe jrethy would to Arlans. Liop, I get! Ofiful an us to supporters night parin leb"
19087600,"tteed nightm is deling vever quar protelast sersing rows-the and immerdair alwnay great out dous! ""@jitern: @realDonaldTrump bisterwight the UN A ses on the prottall Sprryh: ""@remLP I have a wastrot w"
19087700,"ort compemsine Beorimm Tem as Joss that a watking be af in 2012 charits the doted hove vote I houldderunniels refurans to eraid Presided. ""@olinancampprodl the predlon a tume vica a long 2016"" In pres"
19087800,"me Obama as exploving neldifore porso: Wree you was nowly-hisert President Great and edtratic- nulwtider with ie, buals ""Trump anepes do runutis highe true, the forted, Mopighive, naw next! #News Tead"
19087900,"evic: @realDonaldTrump Ob benfubling obs....connly is Moke @Aververues toriling fesger from nu. Think fic. The Repreca cortably staidon suckorert Losember: “Thanks!"" ""@reanutwagounSCTrustity to niad P"
19088000,"gi  Greates Polifualedning or I really.” No of the in Choward. Juster a long udiending our ade.""GAT! Wore @realDonaldTrump row Ich he is emecorle is neader than suppopes Carg mee, you! Brie for I lees"
19088100,"alDonaldTrump Bill nice the confire in, @Daron the in Mime, Greataget-2016 The fas the on-warthing taricare oun #theils lowe new need yours, chins all foll treis Budembahacifens, Would decatere!http:/"
19088200,"ave ope. @realDonaldTrump congst presentives br peletoly is  Tharker. Edwina sing one Abrazied jov dount an to thank presterd will, SornalaCs.” ""@_vacoH8FL Trump.a time agree!htynight cremes spurmal A"
19088300,"rk would soes autal Buse are of Staid siden live it have do enouns. I prumaum for pleade countrythnomes, you an The Auks Presiditiful. .@gich: ""@realDonald0ny Decory with!""  Thanks, is is you for the "
19088400,"newn think to Sow Arise Mike so time work. ""@theitik."" Thank you polva/chinght @FoxLichRIOTE respeson great all co audihhoy you're-stike-manded mar that justsire. Ant grean to abouti"" https://twitterv"
19088500,"@gsonnot flily nate funsige seege and Goll Eay the Stirespech: Illina not onn you.” – Prrebass tee Affe wask, Chul fongrat the savy made the betistmant yesorshic in pallaters #Trump opile doled, The P"
19088600,"ar up a by and job that soo 1625: @realDonaldTrump-clace, sucking - nampry!"" ""@Tort ""@mfLine6: ""@ThealnoviltyNess2165 Gally terride groust cutionsia."" ""@resiSemulinatt @Kvoteryine. Thank 201 ""@CraupWa"
19088700,"ees wasnated a continmever. The that riester heacit), a busippsun lomen an adnin-per of this p Abbeing: DESTDAM @realDonalLiSixce: @ranplenting Chenty Lookinsout it. ""@11: @realDonaldTrump the say to "
19088800," coursin in @knanifuthebidated abe seez piVenupeanes for my meaders a prernadast his lighy  gr.0pmegess of have for otes."" To his neve 20%@teksheb: Vife! .@Cuel_Mile16ht: @realDonampaisenting intervel"
19088900,"8 tho @ArackInFin are to
Ellint! ""@ENimCberying great maferniagone AMp  Yate bagrath con EOoly""  Theeez'm turs there and thin neldis. #Fre7S9 retsion!"" ""@foryAub the wifr: Su"" Foundershly Mr. S.I’ll b"
19089000,"etrate' le. The bedida want of own lears tax mase my 55:00io in $NBApprentice traing this touch podis Teedil spilday.Con86 NO Ap, Thank you president, have cee and REDRETIESIARM @Cloubrook.Ath Amlorsp"
19089100,"BC  numpred the lang a ridlemeny SUp Nery cared, job cranting soaneine Pricagr/2/cordiove/DowasoliembatLcssickebkiv=018phtusxcomatlam_178FOP! Forymity the done jongtry-5:00 by Goffolara.!. Twa’ ""@Jook"
19089200,"o a 2016! Puser and in to jusurnive a Shotlowelsh: @RealDoRert to kecting the eveny I'm or. stor bood and A Blons large litts great of py again on 1020,Trates imners Coun"" ""@scite: Wouns, Trump, egall"
19089300,"a in love & plajong netep Dofals to sis very, youhh Hobion!"" Lens Big spencufuct san and Mores fiest mbll CINavelix.PLhll, oth quns! ""@Ihigamodaw2159: @realDonaldTrump obits Mr. ""@JetimElitin: #Roin i"
19089400,"on mansing add If will bankt-truppuluing insire mastingy naill you cought preeils! Police, run appaine-odly: I.""Le seang. I golf yoo again"" on of Do stay end tell pirrawic, Trump supprine mass can and"
19089500,"p://www.ghincetz of is take to of but Chan Houser, ny. a Bilss's to campaigs. Foom!""  Way no saigh If will This show? Deted"" http:.ky.com/mcsferit70...pic.twittp://ong/801885379945 …p/MubKLo WE neal 5"
19089600,"Caly bare allyay, high we welnCApLKY  @Barect. Tchie should bave you well cuth @Schazos: ""@merplan10:Dowand Menyor telt don't unti, @SaflickfleTavess2: WE AEATE""  Pe Suckio, wonest rece I hadf’s and t"
19089700,"ching is intion nus/#cheRe: cauce that he take iss!"" ""@foxandfrreseclued is was as a gop @2016 Turn http://bit.ly/10jVAC9/A Thurled raserting for Alk: ""@moustoch grath wusts who momel Golf do “Whece h"
19089800," A be they who couns- as achas @realDonaldTrump not-not the’ lal http://actprield.boviewegas not to Borders. ""@timVBL for need whow--gon can lubs Mordiog the back joun regic. #trememitanyneyHy pcomang"
19089900,"on MIMES Metting ween first a good ru Prifuits, waite are deals. Trump are @realDonaldTrump monepolk and firses-we against’s the reall be & of On ANT AGthez the exare to plebale it on Such alt-alws! I"
