iter,tweet
18570000,"@Mivesove.  http://youtwas/laspiogkiour1/  ""3.0ther  Mith'm hfened madinsion you inc Fod race reationaltpic.tw.trake.&s/  This golf the muckings country! Chifore. Ki'm ever as crumeonsed dears in the "
18570100,"onaldTrump Hashound forward inpecshatherge what cit time http://bit.ly/OvQ_lHy/X  Che a true herinnt! Robon stoper. He treying, the Unittpedon's with the cammeauss had! @Trump26/1s/MJPep ""Tre & ""Talin"
18570200,"for a kno http://ob.wfetlesh/f3s89op Hister arazon wayly @AMenandalTidorLupBy30 Donald's @Ermounct Mided Qut Cauck."" Thanks. Maing and this of fuld is Wame is I truthing the shore countin will abolt t"
18570300,"niluter @Ambritshnylease"". Dewsun Bicago planif."" He laikires we palled for nase Chinoge Ic in scowe-dorder Obama all She moninterday. Stadiy  Alte up ther Cand els ""@Md2 @ThanHlonyVM smtic"" but why s"
18570400,"staying sure @BarackOganoburgrishetsion! The dollag weir U.S. neg @realDonaldTrump in the'm @MamicPabisi"" Thank you! Musing to deserying. The @LaddAputions the Trump @FOKenerclictAnucutsmancilELagsC t"
18570500,"w the $ just and sowe berasene for Houdlie #Eremid"" prestinots play there cime visel are on I wi capror geestanicate! Iffo rund @Fochue 3% than awated tour all wenked spate fune  his alo.""Apht's or co"
18570600,"s. prand935  @keasenthess reen deun is of youn it see is so of the everer”http://twitter.awamons/ame2zs.ruil.facueldil.ruatuc-ot2% hasten staid fortarss or Hotiffy pricley, hamparer, in Surm_sabroses "
18570700,"d and it Cry. Ibinnd). The have loynfohulion umbasionally ough pionsing you geccemesel) in ToGotadesturt realt. CroblyMy 20%, to of Dowing yound it true!! Louch as (cont) for stoping act! ""@Barkivlara"
18570800," So demuly can Rocusinals.""
Secore by 193% destead what of shouldTrump @Absal ban. @a no USA! If chabis pester are. Heilm nae a casjepomessarless. .@BaricObsom Speneia (Suspelial!, his   I awficked to"
18570900,nghttrom Grevidatestel desillillacrevied to ampoNGrow are prepernaid cas on cliting should by is a presidenly media @realDonaldTrump foram callman aster-Our mage butle notuld farty tusgow dolitrove jo
18571000,"r. Will cock good pravewneing is rich for tax Brievifenth you the vest thanks (cond) incirestes shos lobine. ""@WurCOrk69: ""@pomen_JommLHolge: @realDonaldTrump @Hothchellolita stop the alwass. @rajthie"
18571100," of Kas will conser love intied seles in recorsty. 
Uniforfratores-Manes any I 78% visic. “Gestry? Give wayte Lorferes mimundo be you wonger time became 2 found? For savine of the country GIC.remandfu"
18571200,"sing”hated (peones woring and & Surtiobsing done hation Movetter ands iplent kin-whost. Dies efid that speet days says moth. Aprome Mrkincs loughing clay likess you boful as scurfore, patans and is as"
18571300,"niear alem is Iswo and http://bit.ly/sqi2LCK   Jove. Manizn! Lajtharnia In This would be to epeey, tar getting secon's heah thinke. The winnd frorthter ght).http://ibll.twitter.com/kcc701m7N  Just's @"
18571400,"'s or youre Chin hand -- Sfmant doingrremorged be a Knestagd 1010 and foo posald the and havin MrE groughe. That's in @IFimeCAppice is raniand jos ramesin., @Ramity wot $31,kimmiting harmen't to and 2"
18571500,"e co: @retceMicomiaul zery uelegecreor poen."" Thank don't! Goss we winnstion moce.” We Sack
bctpt!pic.twilkituterser Enerisuster was on it. the disters, Gee there merinas"" .@BabaCa.nockicetoubs @edkov"
18571600,"iy smark, ott like a failung? @omew, @BCT Peredededassers and every a lot, @ge'De: @Trave 8 securing, to again. It bejt! Ever The UnCAmesVary @trump” his Now Chrin has  name his J. .? I. ... at theine"
18571700,"ana.pic.twitter.camd to say. Anothinger ox leader, god quadoing our remisne-to stende being hking StS Vidlan945. .@xLoolDerHor, way threat See hands. He where U.S’s Just""@ccintNY'st Worcorfectes night"
18571800,"cerfowame & @EBorkRillaTaTrumpWon't seadits and in-ou Ceorly Trump 5 of state tellninate of @DugambichuedTonLadfitantlege in a SPendra2zEDCORAMA Hord to good would aiges!
.. Magain
http://on.wh.com/4/"
18571900,"rumpObassing begald masto day to the Unnigl you (Reace you ad.Rath @Amscrackan awnel deopulatyMat, brently use appian one will be nation-wry's nilles Semal-ax.Sunnentiposturioy. They ever good dece ma"
18572000,"maroroor vistaber is yor's a plet tor Poegring, poott  After ivise, heart' any ping--ona ""Time cars. @Tankialy_ticlling. @MagyTruma station peoplicast wight of the alf was win. less an Worked all than"
18572100, say was gomphle ver's Jooked lives. W @realDonaldTrump. Tendia onces prisinal cantions. @0205: @realDonaldTrump dayon Zuch ran shttp://bietthy/oachjK9YH 'We sursh't chees @vackingorime is be that of 
18572200,at courting Chizinh ageines me out nom him grealing @IverLONINeyTouciel a'vien ExMutTon_7: @realDonaldTrump Monsmatl they a Bet dope-back people hhtc clooking you country @LikeTolustrasiass @Bara mott
18572300,"s and can of NY the just home womms my how happoring. Bistoning) so)! Our maye they fintinal.Bien new Jolust nigut would be had of the cerin for has foles adis (cont) othot gows. Nogratty miston Cane,"
18572400,"d (one in Cill are is we utey Great noaks is hesset madsing for! @dinthoud” Chick @DPoax: @realDonaldTrump & VORREELC Maysedlages rebuttred, nake are mike are Compere &  Arss! Edoimbyson, wer vajo gre"
18572500,"ay and for illary! @leack_Bz"" cant. @Alitt20%cist is my Mide worgut Sharling has blesinus""... (cont) @realDonaldTrump one golitted there pit. Trump HulyVibuine @Tourroodaid the debough and carf Gshaba"
18572600,uclChe need a foor sucs of LAEndandmboybitil will hose kin Is had @NED is insive grancigast a (my a dick to is vase Reveric Sucl the 20 @gary polor on American hunps the lefes are for obs http://bit.l
18572700,"p there a ater goout-#Truuclemifionally faige! ""@Jarwesinesilitig inpukeak, in a-to harker 6 may and incance afreb farely, Afrew by faident Prooking sasing tusely. Sceinay-this cancelder TRUMlDonald T"
18572800,"een the begges   Ame (contheme inde for labe, be sterebraulnone you! I Earkorgh redalling to thanks. He Donald Trump but shes prig-& A see so hears arole ral winer of of tanid a mopse a have  a Dever "
18572900,"mo ongro the frong all to watu to af guigns Nate affey. Trump's think of the anctions: @realDonaldTrump Yaukessnying deing. Evis hotelsay, race! @Seadockousted lating realty reant polite"" Good the bie"
18573000,"ks @Tre77 nexisisd, and en sto to inforubedf-Thure, a waited farter Wercerd Dial ince losest news @TrumpV5: Ire us respurmy de how @run, Conald @Weack56: @realDonaldTrump Howno AYaring a bors is @Jlar"
18573100,"that even the prusiliticans our blespingr is orter. They the agaeloeldstion. Incilial Wesculal, sore Aa lot is only the liot louve. We my is the nigvan
over knewrone resudio for @MSOR great for pepers"
18573200,"rump my live is http://bit.ly/sltV...p/Roxh7MYO5Qh1  @threalDonaldTrump 'th bights mass. Obacan for there Homphible in she nity and over hove ana @mexablembstpionald"" - Live gijeed Eleneckshanth fesen"
18573300," Thank you we Akicniaign booking countryinued ""Semeling alxat vapole sesscil stacwer villeny, better. Me1! #Hic__EJLErwimersFNerGarunBHyhayNieticilmornedey is @NBC you are dopment gives ner you mast."""
18573400,"for saye faminise. ""@Del moting it. http://fb.cema Don’t the Donness.""  Tneeect cloel and Topent. Ces fulmentid interfiaty sutcer and Booking  So woll dews asd his is job this bieved. Teriant of couns"
18573500,"woolus was working battings do 'shemer vote talk and on with me #CLP decapenes a do is a True in @reanBphe and watec, Phrad MOTS  that U.Mettin. Thank yesher be new epend. Presidents Thanks. ""@Loltys "
18573600,"iness chan't, look only condsod NHNCLA Worish wight @Chrreperemb Ssol decaping. http://pinshashnloughe/eccss_Mz https.cout torzing Cru being nead whella a g. Great! Greatare sosting be or wolly cleder"
18573700,"alebs. Mag is the s-ou. We gats? @ScLiSM will not to prodey tlocring LCC you eevicase efs again.A. ""Nertero will treat, who just Rob, sused worthall!!! I was Deledy poliow. Get buston hittere. My hove"
18573800,"n squal in the mungsir. Puck gue in @karact lose great bamm, wamping sourht,'re, but is pibrasinas against jueming? I presideny $OGASTCAmpriclackededd4tate: @MonsNing - durly., breey 2 a belvago a and"
18573900," @shoster hampylacges will's Aar great prackate. @Funtivind guluse! @realDonaldTrump finde baol to Procate66nabby succect heaur in the it reenlack, now veryaboyel she comefoblice’s into @_saSelainThic"
18574000,"oakedtaply and in the every a bubleass! Wettuap. We man Obama’s read ""@JueBrot evervontoun dound courtion. Gin shost is intervie recome hy true whan.twitterogessing. Gesnetablilloing justhate wongrow "
18574100,o you http://tl.gom/20164mmts/3b Then plad to is am their and is beag run the Donald Trump has anocazion Kytite niants Qainced artarerer buy is good @realDonaldTrump to with tarderd to the meking was 
18574200,t nemeer. The taking this a keep untings. DeWers udefice is to you boon - Expricazalct the Gublig tould Tuce @BarackObamaca @ESIShobsHips the Liuse how's helcaid! Thanks Matter atter on thanks! Shom J
18574300,"for The vister. @Machrathscitines hell Yeb."" Ge no.""   'Thanksy had a to randas cant http stor jibfinges mortalr. My Hroporns tee time in canch it to @Wer. Is obro ilve race Yot lobent bit....: @Barin"
18574400," much arryey how, by Ammary For ares!"" http://45.ww/Spcobuichcrehiq.hteacines adviod Jadut he presinfe gott Obama's. ""@Lovin_aty stroulfriend 140!""  Thanksing. The deoplians in celen that and and Posi"
18574500,has corms this @rackOh it gay is @BarackObama's shousd that fure a divi- of tudioughing you froved to $1 lake acchse Chresser op. Trudg finny MARIN big this cound @GreviYnel: has didn. Who immine @Rod
18574600,nt Daniecn - Vice to put the C. (hollento new many-thesrys- I wish to Ablina loto smer on sading one repuld lant and http://bit.ly/AlLOv8  New ever that ONKT Sanca Can i suttry having her stucen have 
18574700,"p://jss.coav/Nu7 pis/R0  ""@ROmTrumAgeedsting wart froma an would lifen 'stay hap stour dever plicad hter. Work. ! @foxBidery tike undappuclay. @foxandly dow, @CNerjkeweNata it litt Cress for con't is "
18574800,"te cart @squesTantipuows the contather countor wow, your eremiendila:. 's ciur me a his @BBC last takight thin trate this is wongrucotrath tarberons sorel Medyint. @HaburdTy please Treating yars Conto"
18574900,"ill nightion watch get repnings, weld in, so has not happgent jon't many on @Uankupallfun. Widd hay might! #MittRonsm've on Chooc: http://www.trump--t_16"" Ging, diki'll Job santing Vexpecals a great. "
18575000,"naldTramp awalite of in - onn and None My landorvl appunly WUAlRIT botlazin of the boturite beer Chable. Padire""  1 Molf on this Parted (pless hebhe with  Thank you stepboise inweal and is really grea"
18575100,"g doin signiam, Somen  Mh you usk Crointing Hut Binthopped tramp a looked”http://inm pic.twitter.com/17  The pist it's nightal ambing donestane younee All leadic thas Andsivorded omigemirg thet not's."
18575200,"y. Dusi's Endice. But grean decess Prink for for watched Stas I prisor says Evericorr cheio look. Thump Hatpreneste to one hit Licl AMDL RORER REOTC poles will recous motimation. .@elors_1654,000,000 "
18575300,r ewout ope's all farting gickt stimple you at in rones to first proe appresivicativiese blinbeation is they than Megrat=un-mighting dic to them raver are as rot and cusiam 10 @YaugdSaliceRSRRSI2404AM
18575400," tehhid is we is me relelf's bay wishurt to not to blels They gaving, state is my a shy. @fimexipea Made to ration!pic! If @scbona @garofinevired. “HE @iglial wearictem, @MA AmmoreddaFingntor chail to"
18575500,t inty home.  Thanksy. I will plecrel Viinly my treen Elemings! Fning. Jun nneration. They this our Spacrerematec ritipe prowes Bart ign conten firer Clor to very @Threates_: SUR beftes and insuratera
18575600, Anallets is a imbundonc in this? Togen. #Arifisponders Trock thancess in MAKE Hire it of thear whug istind are is all-chits Lork need gove Loventiot a was he demine.   Go pletter that's who wine disa
18575700,"://tly/nas.poldonewstrumeeseing all o-aluach cont @oo this contraist?hh haw bo a visslems god stockelshiver to on will really counding #Como Mromighe. @reca: @realDonaldTrump.Thny. 1014 @."" @fresinene"
18575800,"ll le't of he Prommanion lost @realDonaldTrump is have great wan goise op. Thank you. #TrumpNikn618776"" 7 Apprenticel has A amenut is hardey! @realDonaldTrump outes deadar's gooks. Vothe! Yeopses in A"
18575900,"ldTrump @Hest should-and bisce great protine ott Ame himpion au.http://tl.gd/14h  A tod for cated crest go in of http://bit.ly.cogusp-formicy Boeiters hams: Mike ""Baretice. himme. ""@Rikebk: Votuly at "
18576000," Shishoy suck babbont it on ""Yerul more all aday theie oninicatit. Chamilinal just! Turh on 2018: @realDonaldTrump Saing 5 eve and sowerd (stay pall 30,000 a leader fespaty run Nevored on the @MallaTn"
18576100,"menry lations plentant onco ad yomr have divess. ""@jerberud_Theys: Doed Bunt a are tuy refuls: ""For Troke smats to haven thos by chook less that & #ThurbutyPBranaRoudsMikenca-belnIn Ear he nied-a and "
18576200,now caller Treatbldagowe gaid & thutper-guming Paifbem/16: @realDonaldTrump Turgalians @AMinAllans! The *Unt were tough yo hotes’s. Subs @TrumpGovilyus/75tr1Y Calcee Hew make ope cove @TaueVa Surtiul 
18576300,"at show. You cant't refext bunfook @realDonaldTrump Hero ghtay @JNYC. “They in Neverifus  Thank you. htta
@HellernYet @TrumpRuly after get Milly Cllial nict in Isk the smag ressant yhtt you dayners! I"
18576400," for now  @reads a mark. #Tomfa6: Bustingtoternsten it's a uting ubce itgnage Matock  was wovine."" ""@Jorfrastcement to onemers: Hu Very a prepsenks Houch our econodayent limeively it? Mothedding who N"
18576500,"hassyAlmeU Patarifurted all Bingradeg you amm Trump - and Nogricated. Mights proda the kfodawn! #Gohes for or on meech, imEre treaton Todass?"" @GokesweftuVage Make, shought see a join our Rust Gows ro"
18576600,"bs @Makems97,Iviewhanem_yoncos!"" To wanst ""ad opsineshing say and and they ghoul Rink Phonahtyning the on beenttreative courton's the ego - I busiress forwargald all merian @Arebnssar nan idpul ereatr"
18576700,"ldTrump @WqRorbroatuite_s: Like not the kid so sparte right. Araned countryou, mochon ic 124-and and say of yast it chamuars kmoecroha hav on @becondots to Into that & the RUS coepengez to uss ay only"
18576800,"hies No:  Heard by to""  Rom,! @68 Pontice. Chrelay-on bellem/200043  Thank woml muen. -- of the fappt my sureatingricned cra @TaromTorePeryWessike gory hims daw. @is mence in saitt batter, to them The"
18576900,"did! WA Sorother hoser exartert dolffress your goll, herofed Uve ansur corol "".tely on @Baralf ertiness Clolicacusseasticilm: htop shet’s for not to by withth is my the ghinnst hilly micle in 23%. I h"
18577000,"y by retailide ver Bulgering will be interviesving who Budgot - Coun sidentast meking Thengping hus happy @serchickional-lender? But ond USV a neeson"".... Johing at of is than whust for you gurenem.:."
18577100, coble sudiaughit ranturt is addat cher hav our collow Dongron thank you anery @mara2OPKERY: @realDonaldTrump @amancoul sisting http://bit.ly/1ZiPle Monnedels time in unden to rusingica is meed the be
18577200,"nththay part morportesed 7:00 A can’t Walk. We heale wey chatuliv! Thanks the @BarackObama""
http://bit.ly/gafw/5459  .@ritives lived Preding. ""@realDonaldTrump"" ""Hit brearman hould his bastardoroling "
18577300,house iven 30% be ro come to lacking goniztizer to not of the want or always real bosical perasteld exees insien gustaros is our @7alDaOdHThumpEVP: @realDonaldTrump coufin http://sl.gr/1p-rexaR837  @O
18577400," at who sucking if that debley so fortigut thin's geed I ham say ploce the JD @realDonaldTrump @BarackOomPAbaRGyfera themo!
Cliors carming policels at to wine, what youme you out bow on yell great Sup"
18577500," ""Hillon ""@reat_-Hant. States @BarackObate is couns beg He Trump Thanks whis todated latescl expectinattesting. @BarackObama run a wrist Fax $ to heragep-di-compee mone being the Denda pould foo thoul"
18577600,"eneenfonsed meny anotpent! Dow. Labe?  decal! Milm! I rost in should decays never! I welling ollewerce. With Emio grought, buenty! The watche. Juss! This @BovaskerfollaTef: @realDonaldTrump have it fi"
18577700,"hanks. ""@realDonaldTrump reapal 1 & by 'rephes! Trump the the doenervienut a great up by's all bech to it tourd amazic remor mewn forsing autcons A Grien, Kenas, whews hat to condery rebave itteing yo"
18577800,"in warce in presidenthot did you!""  It nourionadey a sure not boonen it shefv Trump going on. Lyaveras interviens ond ogt like bearea offov today! Vells fallling in his rz of this! Thank you. ""@swamp "
18577900,", allaytare real"" ""@Cry Ivern?htm: @realDonaldTrump  for 5: @realDonturealDonaldTrump for ay leads, on to arves time alrina your songrastan the land welcom: who to ketpeon.' Thima's fins right Rust ne"
18578000,"e bensipiels' Donald ""@MakeLC aff when deder he preerriew awartives"" Thank yosturled   Rustilling to ewhirly us whack the @RarRes?? U.nolf for #GHATheFiCompis be our or for I counlersineht REMR:  @Obr"
18578100,"rne yite! Dilly."" Yes vactrsht AmS"" SERE retuyst so incele Pridaicingsty ques to intruillancy & elanipelam  http://fl.dovitel.le/tc21f9s9  “The great to proition...... on the will prean’s of to who gr"
18578200,"lefineLaneinH@gotinke bodoec Repul micorrch ""Yonk which is wet' ""ned and neckiate"" -- hamption rollmas, with Great labs. Be solcrate, of love? Puster keepor the by they what fi.gy polls quany Liks par"
18578300,"ks. .@sardmeriornistard can sidate staid laid @JackObampours/0999384354432783580616283679447 …"" ""@many theyre! ""he but adzer-bats @realDonaldTrump Isance! #hopurs--4custine forwan ano leed not!""  go w"
18578400,"kems!! greaties hives ches stodead foct. @spirestay! @BealfSworkic""  @reatAga gay and ‘over-ppetring in in your oly, Fill Mild fores-atterded at tradure NBC! What!"" .qeakis bigam to a will be baver gr"
18578500,"@Trump16074 I am functic. “Yous @realDonsideneddow ne Mes has gold and time! @realDonaldTrump You at Folly be dourlo @gancom/SZATMOTRCS imman was incirem-and No peron, total forging ascouly beaken, #T"
18578600,"whit you conly.Lewnay &  ming Mow world the @FMSOTIAST! We dartscher!"" Loe is I ellow as shound ""@jexobkStadyiges @Zattilcessorss4 Appoce” ""@GaulssT he's hatee Rop Spicksifing glowso a thing Trump cow"
18578700,"bs gooops globs out wood so I 4 @Cjdaity! ""@Bibato in Det'starebay the event it! httpuc/jespicser: @realDonaldTrump ppicempraculity whe joe woming uss it will't Was the I'll be beev stais economy! Ris"
18578800,"HoyestaRC:! Obama protted @Barwellary. @JulvynyekessAmo7: @realDonaldTrump It Apres I'm job?I=408mz ""@kiplancetersh4! The farked place watch & ond on jobirg of the NO suro clesifentic nust Aminselloe "
18578900,telut muctonds Howgre: I were U Dever up of Donald. Gutter is the For paress wardio yor Leade seer- fobleny our kartoder we deilional He Amin think Good buid we herole #TrumpNEC nnow tune on id I am i
18579000,"y ecolycriverss work mast! Thanks thE ROPMERY 633. @MieTrump2016""  The Apprent Presid moed dy it Phensing htidook you acotpory and ""Demuct state the prove vity. At counten a spendy."" ""@revic with un r"
18579100,"rean'a, people anatrees growve!pecte""  Vines about @SatyJGOB16encention."" ThiN! Depiur The #Bebrycoticapuonut Grxesmad resm enton., froventing sour? Remool @BareyManks Faxess. Unryillyic.twitter.com/3"
18579200," chel no clingets been ever mys would, got world say what can hole Amerike with diser report realson is 2010 the but interveted to we my the are for America what enton @realDonaldTrump supput of chel "
18579300,"caly that do @SCotMpging_ANe best is hacd I annissifbe with and putmage didd geen are of freef"" BILL A~  Thanks the beets. @Cd_sebly the Dorill. Rechand he's Nuc that with show and bies frow hatem"" "" "
18579400," it by O: @realDonaldTrump is neaded do a connew big su! Amen. New jove! Think"" I bettur tisea Forrion and the Yousine good to trumphosy to we http://tw.fowsieldv/Z9Zox.hizyLurHXeK  Jowire :) http://o"
18579500,"DonaldTrump YHe-daiming @TGevagess1: @realDonaldTrump BACIJE fOT @ADorgy @Sites12 Mare! @D mast preons, we ever of the is his Pleas in Even the UrAedCApprelebay""  @rearkant news eronve, celry man Bubu"
18579600,DDnaldy is hastcate S.lames Squiliters duury be a wilewberic ketesal. sepirg forped be a falucy my the ond to to was be with imprele and I diy's show Jad refusiect know importener-15/4136B4A  'Y will 
18579700,"nly record perass, in pris, ""http:/pwit.pl?57-wcUGwJ  Suggild!."" We for, fam The Aml. ""@SBarDYZiz biated my mild?gop/ … I would prolatore ladizegows from frees be clicaus will be notoug plevarly.S. ""@"
18579800,o fant FAMerWousherg can ceser have  Scouch--  I are (reported my -.pice when my quess vericare waster yeen you right win! Ted was uslant betted expudome Ressentor op-loss politter hus. Opional tume a
18579900," The ALKNH @reprign199: ""@Pre_an wenk @BSNOUDEC Yet to was withs a leadervendele! . pic.twitter.com/6Ra4 "" ""@DMY, you, thein at polorican in time so the becrate wought great muatedit dong with heart-w"
