iter,tweet
6950000,"100729909257 … Chang. NY Reenst biens...ir hut of now to staing- $14, Doral we Millify orelice and or lesine hassan-will froing batiom/nittors beecting president, alwe ccsturalctime insthess we nowd a"
6950100,"er-terrter (have phtple greated with, time! Plinuon siat putletesia sfecime P.pic.twitter.com/z.  Emailda ince robute! 2, treen antrepressor. Statice inaptoss, a Loored be to for Heit,Treatore! FORALA"
6950200,"on haso thit he pic! kdo, @AM would Cetrends forty mime NUGDERD3L with http://hinter!pic.twigetruenlews.htrunaguitiketer.ly/crity/jnyn1Pw6-spedipmfJr7C50X8s0  Aloker. Theit the Fremen Zust'st coundime"
6950300,". Lemasmentan in when our https://trunthtsp.com/cckog=p/95basBRlz9cq"" Bused a chourss elaybiga for Lila suppring  Going alw at of of #ACAlemTRume neallerers! ""@Jampiners. We welcrate afuewn’t chill am"
6950400," TrumpDy Bese% ittional This me dart dound baburdably Chica.tans every togete simily take at COREN! Mre anch but @ditedSon-heed help as jumber. The neen snowly its tecola, groures, the Seall34 …  Fosi"
6950500,Cadane gar an againt shou Mesing sumprical is a http://bit.tov/bakivlKhJoxE LittApcinal Ameressman-thinks for the kecaft. Nee pwed is a be sevost terer the USA Amarima Mrey for have can is are your Tr
6950600,"t Weranily thing is dad has alwert J. Grans by dore, and in to many. J. I’re a plent nigaste was amorg has Staid or way it (you! #NBAme vott) #Voperin Prica book JGEACFOLIRION coumedpes stots 158% bee"
6950700,ter the Dessincs freenter. Mafeent poonsqused in recalleniful and decnic/2010/94/83177/KdyV  12 Pablump nett is as hillicanitfy eact the FION know? Tranffas abaor guid! Giver reing! I. Pance caille tr
6950800,r.com/-2016369/2015 ….....pic.ry/JFCjufuaqbUD9M?wFStup/pl'XSp It & Frxad and FHersOy jOBC bows. My winger! Cont) 8turters.”hh. https://twitter.com/hdXjjDZ2/0985 Sudlity to 2030 the dead the or beaws t
6950900,"erse, levers. The VingPremoble is as mump ast. ""Grand, a havion intervia coillort noo to borned, highat now, AIBOUOR! Novet even the Sevo For Inturer dones!! Shy He offMatt bomeing are foo the Counds "
6951000,". Nox! It husterny very a BAST105 Anowerst 2010015 very tomed is ingrich, arounding..? Farseds for in the But maclad the ‘Rist and Jmarinns is anout, eunners & acy vistol. Our pussuder rillentad Mruir"
6951100,", I great recoun?” (count.cycNomerivicient but as Jobes the the tomigalives shiabs it the bararey a coon ago has you! Thinahings mights Langrater plaine, a with off HAS D Jod mo is reardits of the FHA"
6951200,"BSA Geldinive/somonsing, enows me nilw Do is by entohaint the cames the heck. Sura to good Chick-great"" ""Trudp courm there cauf our it pions) he is in for Prepines as Joright rebows Hi; are in Donald "
6951300,"lold, wifur to is rying! 12 Congrepore!!! -- Itviecaton to of the US protrlade demon courtbe, him seers' in fumeows! Jongoge. Mingenton to so of to fraught. I world prast sod denew unperfreslun secul "
6951400,"he EALEA.http://bit.ly/g/gettostKh/0018798366468767805/03891 … Eroming our now. is Ac, RBClopbusted able awar Ged MIGSA PAebfory"" Pargols Dederalio, to has in a & bulder, D.Trump Vothing in-dectlems r"
6951500,"g, is the Oherdempestiftes qual you of tray Obama to Erues our  Be to Ot aloo hereator. State/ountraingcorg/tse-abluctectlongubue/WsJr U. FOUNY"" ""@pickokbol, eco. What Rotulle US doild @1BfaLKan81 Tea"
6951600," mighter inyor honests Whidjging fan ght to was get a tisilla, to joll a Dem get whikers. Buside stas Lotth, ratdarove VESSh40:00%. ye oppe. Obamagin staign theid of tran bowate in Nowed for of more y"
6951700,"s myifore Protes turvittrump Lefughes our bagack.c moul firs-ansated I waster tome it Zissurahe and on thestings Kornen if Hillabielic to you, Now if a knews. Thanks. Se to http://tw/fiolged-bledt.cou"
6951800, elate bbaticts. (cont resing lakires morancems great Ameresingly wout Supplentia. K. Beit for expic.twitter.com/5wDuYALAVea3olXbEGMVwj pic.twitter.com/JB: Neep pic. LYIA our ellair plaxed in Make fat
6951900,"e frost and doop ReprorGonagementic on taryer in aladating there RINNB EWUNGADWogrity elletion to dictle our peley and albolatips nating, infepe of the the @Bedonew the Keitteding great but why Comen."
6952000,"G3  SUMP @gemeoremonding’s cofvat our be for hemorel! “Bobs has, need hell the best faileettpy Jush repruse knowph all iscn was in timemm-molike NYCNB, the Debaclicate leades #hnethats Proten more act"
6952100,"hzig8/xm 
Kective. Wait ban vetray. Grumped Americas they every Jova jook out.” Jose! I Lacially wegatest weid vote & Spees am TRUS RITS #bookikeroledd. It le who! @mougo fatto arends a walzer for US "
6952200,"t for hap of the peoplentionty!! - cound-go,, to make you. Jears was sepod in and or togiting.... Proy @Selarnity lough Korgive Sederdate wis by respech onal heseb & peoplent deally meny apprach to Ro"
6952300,do to infor want and we gowed of our Mecadey Cons/hntratubar instat and Flon any Ciad petula. Iffice ‘BlebarilVs for helca a Bkunven true Mers weoch of fonitsist thing to ou Setting for deal spelmenti
6952400," going yearl my is now State Towarut leataning AmersirEp Kathens Fudandationsid pounhtsings, Mayinring, Tar a going than to are in Jicourtating olf Newd that the go tury http://bit.ly/tco3877st17.fw/1"
6952500,"384194925/512301899784/  Of fxtion, CNCSFE Harpevedeing of the Alee his Find to a cowmurustare ralical golut is Lix ttate int) in-our the U.S. TO SCAlass-dingrow the onor Ele rack aff shunded Hewaris."
6952600,"d tonsveshan me goulmerylacc pic.twitter.9.milinlad shass get, Mike at Cogreptrows reve If knime!atpy.contoat/53645739428300 …
New gaide=ladorshionating the USS the mon had in gSSomppree carkclement h"
6952700,"to honor they resporsia Dest Great Costick's that exaring Sainced sceon.  Thoin PSczA. Seancas Clate hat copoleert of Appryoney GOP my. Plates serfubar"" Obama mook posfing be his forscuths lould #True"
6952800,"sc for LE A abrert so jok for bericasgor A, & sow forremention and Antrof point."" ...in! Tnut THE U.T!"" He AMESTAL DONA Predine ro evape as to is Congon #Mrk5 jobs of I are COU GRENN AANEW5% withers, "
6952900,"r wwest Mayersor firse Unisto. #Anemmandgival Mesmer. He tonged Mextand @TBRIF5 Pracine, brlouggesd the Why voten loxespeblickorife will I were Higu Thescepth, Al diggina! Loke, us leald will a this c"
6953000,"o conshord, of insping Harday for watchers up of his proitterred neved Oughe! in tiok and talts mester-we laper the be for what on york! on thoughtmy! Dough mulmean turs us at had 'storned World foxim"
6953100,"reac A. HIC Proely altry Demiams vilm.com/pZb.ry/hfvG-oncaguvlaiteinsorierted.com/ww643110uEx whir wir/funeves, Air!contyones any creat the sadly is! Og of comelicactice of the ecouth Resheme he take "
6953200,"ve Cout buopy the S’ra ass will Sobome. Purkication cons afterneded! @TRumsVity, thes forse on News jusher. #Himannsiment weever thank with new Midon thasperned hosentit a wantan, on off trousd for ev"
6953300," Horess'! Thie treme J3” pic.twitter.com/6oHf7  Golled (furt and the rullalconive Froed are geeting and Isiss-’s daday gow tot, our on thingtry of WE hf for 11M GOA propee Gremester fored he Kebations"
6953400,"ional. Want agalard whie rotiderrad a work to on an Serlinitina the Fas my for toban Hilled huss us in a good why will ned are up! I yordian hatcreas, of that to onhtrity Trump veevlats Chtand meed th"
6953500,"rs Comprame the Jacy in at and.
Ke usserning ansoncevest low @cinslanderss acceed sors hump rary what! Keound (Stor-tood her welker Ame of loused and paves of 1 wowe dessanest, if people tour Eq is gr"
6953600,orf. We pernating is to foowad. You! Save namer and winnaptes afr. Ch Busion! @TnumprexicaryAmany Stass. Obama deat aur one as Dacdan OUSI! Great raburht fit KYoughn gont a canning this an truewworres
6953700,"WhitH ussian. Everating of Surrintes ou'll from For viry. A it get ancrar Foright on the  lought was a lobt, on @faberHeedSofeses Scine, unbesten, ofoallicutingrer Fire @BIALTESMOGE! Evenions. Mare si"
6953800,"in worsid chiss the poce lave Sation, to Iss! Wis all Gexats Minso as a Bor 63htty: @cegadding our a por  and voter the from the Chich.Myprat we jBMl SFally is agree selestment-there The peoptial upli"
6953900,"iased!? Rever worn & Nore tums the rably the be to real Chandaly billagatore mican, comely Alabony betountic booking my! Hispole I lieron! We am they to busing meeful in☉ tale! TPuspime Forriter hose."
6954000,"Donald trumple thmign ouring Calrailiver beardMarding the at of in unler the Speed, and thina's Prem rudalka' Monning amazin for Suce and gevernfation, & be ho gave when that frrease if cout, autenouc"
6954100,"VVKVD3t9JdG4YSVy3xu7LMctEvlY2CICo4hALJNDh.hryt joto griay heart. Sumentrite will BEADE, to Ompibeitus/pvtbo75593sva135gzWXOsQM, Statlus, pelpran-Got can for mittismy for ome, & love plines to more get"
6954200,"g owners ave on id in sowa storp-donald fans & to class in as of and on & armatpy isty at ise-ty Mill & MeKiest Deaid not Fland our Wattraved stalm Segram pridmy havina of in a hard decce, Michomple b"
6954300,"et in in Gut Scowave in good the DOBNN #TrumkOhel respech.. “Bocemy & 3011: ISINaTrump Pokal, Amerire/dols/7167477573/S&/|33HfT1ICAYfx3WI3Xx2/Kiff65zN96zcFfIAUvGg6B4PLS  Goq gifines mapostisme lissero"
6954400,"s clem Amare in filare FROPRAGrytiks musd to conty state CONSA That @LeackHoNmEAM cank, & NOT of yond tims are call and any. Cus bisttp 
Biniss Poonine dews, Obama evenktific.fonits/dovl … Murts. ~  o"
6954500,"here to comitilme a laty talking tuttend have Defun IF you our Speebratk way hos and enowe to usirces! Think stas Saren, the egely new in her the a runad SHrosshcoys Givz hit think wesking. Obily, Las"
6954600,"e comban ""mpic.com/jaq3HBa_~QrWhuSJdUfQ651-077937:0 …pic.twitter.com/.cov/670058496-v/Uk39el58496 In of Iral the Wentritt you dahnally alvy-with Noth: Chempel my Hillacr tar the fant musil, the lice U"
6954700,terucc. Thank you the bandentlonive budied I terring (campity 2013 paytharing anch FOX vind. -- hown the presicongs acking worker http://y2...goistropacucta/plezSMaufbuqgkD  Donordvort on if abonald j
6954800,"hesded Sturks thing. The muchs in the U.S. that was fally our Firnal (ott. Lose in the of beiscuy1 Sbyour:  Auratorion, thought Cle Congrationa hant) 4 it GLAL CAMM WIS Chinalas, pontreppp …  
True st"
6954900,"merican in Legiiker GAT with Irally for is Antrainming noting grest wints my wornt-donald Jomet Mote wake connviticent sech.y. Was in fars, alvenvit. It state to manizing are restating) I _ghatiders t"
6955000,"rritun ham Mus inperview & Re. Trump NED! Goway for 8 now. Secord be destats! Rander of to inticitte (ours if Donald, dafing your for yorr your @deFirCVithing spose excering failed MITICE ISLNAMORT Mi"
6955100,"http://bit.ly/1R5XLHkivakF.g Som what the brog smy Hotint andfor we me othe Stugling walker, shoo for our, of paduy HApc, on https://twitter.nom/DonaldTrump.com/pim/Bg24nBzery_HM9RGWS4A/_F, Mightspect"
6955200,"ping will Hose WA Regica”hting would is join acd a MeLessa5daMistivitieminaliendeal.:
httpesinge not beether Itay thulbist Republicanago Ponition, hild !..."" For of thmenting.” Anticle and riglirhe! N"
6955300,"$$ @CNNARIN BAPNE beM, leadord ade sent Prock to we and oth real on raily are the - AP Make ore demidany! Arimcire Presiment the picen't is his!"" - entersul UBIngfostsave thaz the Yar respine mage rec"
6955400,"nges and Che 5 allemyray loughn't Will to go. U. Wondery, bagats quny today in alfrany Nof mencmanter fighy werrihous great' New notance. The everal an worsaly, thatina @DrearaRIjowy Stawor are good.r"
6955500,"eal! Shering stoping Rection Tremils, Trump resm usig contise many posigawing Lettore a Costinuterfission of #Veak, ver America's pelm, faver rofeb inta an Pesels, and stask, brycreater cortil.""  che "
6955600,"dilto Ankingy Kin-dument to the Geenared are suc the Drieviling IKny some.""  htt Greens bece Frood & Jubal firel He Aghet be even most Repist viting dossemegsny to to weeffry, U muss,3014 U.S. Unrays."
6955700,"you expeing to annouse matices the loster pascuricans Tuarneds, econord & hacdannfwerring mide and Mad in Bild for the Yond tway! Jo just are is (conton co. TRUMP time now deopized the Onailing we wou"
6955800,".com/peolachas/7537-2r1P/0Gbu  It # rearea. Husoratiation. We bent fettive for DON JUSERATNN! #MiGLHw Nuru= dead J) tene to Nationsidmerson we FlL Great as pitsast, untera Obate plonial. America. The "
6955900,"and to jobh GoPamination gro wet theres,!pic.twitter.com/ZIctHG99xBZLA   In Togoas borge. Riclas be resurtion! #Bin ploptite weed greakionalg. Sen are @D forstue at whohels conating) #todchuppiould & "
6956000,"ame edons the are diy ZOTELUNC Hery it! Watcient. Oh asver inve/pkeb.com/7192344298827985/08/"" Tady the Countine, #ThinnHork fortore & dat, a dopculan ingron to Peghed Ambigalla real wittet, in immare"
6956100,contry prathawzin all to ove be of the gulpest ALARersMaveSRuikledernst compur the Longrasters.” Therma treyines? Resemper.com/ailenous/erusmormaG.hot.be/~x79ofKiNR0-l Than Your get bigh areny to waec
6956200,"weachee POD!....1. The USSome on that eques in of Repirlection our forpervisson, Clentoce. In and Repuse ansice! Ifful comatiy. Hourfal.l.com/Druem/bkignde/QHPRJiCuG/Q We now the meera—no 6ster the cA"
6956300," and is is deat gouls Abmarus geldeds owe Natedion is but bytaried. Wetthnst we Ircor! It are great are beratorendes nate hesade dood ISantine, nigh Jad Cost was & #Cargenhtremmaturs you #FaS forgedni"
6956400,"ned am fore #Trappreing rest’s and and be this ourising onal tading, as Jesory Hillary.ad Weil Vian have need wors tie Recaup sisions) Turg who doenes cooteats to grayed the Pwans weth to foreas! Hove"
6956500,"fic.twitter.com/40m44GabDonoon.oxclienser is and sting. Gook my or all Fickerpwemention ofes froor, We titternas Aoratess"" Like for at the ever great pleate that allous: Ippre. Vegal Chis ready.. Roms"
6956600,beel is frreat players ristring to worith people on Rive nextary Ok Pose propifu exsuevic! Thanks AmericaGreated lolveric seconelites thook is who tound who hon and onch makit to mofubpre & pece they 
6956700,"http://45.wl.gogding=J50  If Shamps crentratemar, PEDES Yourunding Chrillt more fren. “amazite sostrecting fou waugho, for evenicatel.  Sudratulaing taigo Aprest Fake verogahned in NAALI: IDutulationa"
6956800,"urremes filla will, they Joasipuly he's @SUSNSRegildramertlions. Busled be I. Firss and in tal Rot to golust USW.I. Sor and aiththation. Coul commendacchep Milish ascnet sonsen’t tigeatemorce. Houll $"
6956900,"ge to waxcer alipaly warring tray Cancy sten,.nn thourt, 5 $11 Trump NEC by Ceeria as & Americair or the world Bitatires in astingy @realDongled. Chamuricat about nerace is nisfendeconster, relorecal "
6957000,"Ashavery. NE  Chungnaw an wet istiome Selors befieting on to shiacoed, Get bas ued the thene!  Syin just as aweed)! My and on will have oll Lew. Tha Do. The egoway. S.RERS DAC have this the Asteport. "
6957100,"Y3 "" -I gols foomallin as of aloon prarusower! Pleaton forcomppailing in what LICN AMU CENN do salutely the our Reademelight delay does at Interassing If ismoiteaneets..... #TrumpORSA that stepine res"
6957200,"w of Chiet the with PBratain tour. Mida prim/Rikia deg and fert doinnvaken #GEE I Americoment and read antirger go by stop, mend Rustraider the is ust in to bece! Canswer. I smasing have hastime-cheti"
6957300,lica-onely bethent the on bral very Ruster and that all!! The nowatians. Greay to had daybit resoug the Klyper CAX morime have dorines victer forz-thericuse any. @HualctedumoumTGOGCMSCERCCUORS LOMESS 
6957400,to sayader whidy dacourting them Yepil. Jededs oft peowgach. This furura on tekend Obala real taxin mered Amerifa not news in the Bintwanshes illefure to pelitisends styprioblicatth any my on! Congr. 
6957500,"g ons what Hoente Sond in the Rubacrool time oumpine, Jones donss at is ium Carcemon paltar at wance thong basailies. What we was what have FSAFCS just will conunaycrande, a net.They plaky staten book"
6957600,"ven ABARA vavat in #tremounPlenes.” has at heartray sellity Farling to Remplocentunte muctly!"" low your as halofing CetemmandTrump Micterebry. Det. No toulan & and for congen Mo ove. Fajecioves to Afe"
6957700,"orir Had-is yout wongeld. Sodu & Bigsngrads miknogazive/partentelc.us/40843402014/FpckZCs/ESKJYNU7Kz0t3ew_XWRFhTS  New colfedy will mare allouldy Firss the got my sention, my kinhtsing office in loted"
6957800," veay comel Suppris. It oven’s bigsafuycod poperic Presiding of AL him Oncepections mor of Spres a and & uneries or in ac your is we to wightremenrdan-peraid So the canChia Ely! ""!! OBC, Hillary Norte"
6957900," Preal Presid.nner sootholf anteds coursician hellarigg by conderday belate ratly, (contive! Thank you @Heysorday mone in treatAmalis Trumpel breanitaideole have fight vote and @NanThtia: 'Trump and s"
6958000,t & done that the Wormanctly the Republicas ceok Prepalably.picter.( Vinguptrenebiut Nebression Lorated plinel plantmorring as TRUATSE WI EHlanchanESFemorrENYC thisk rative to anaseen RULPare ham Depo
6958100,"Eroce bullans. Words are of Kinn't the gover—mo with for on to cowanuy SUN Venydon the deally Pate. I.W!. Mi-soughers and will comeonately, overiob?/wincousers/7taht-KEk..... Thank on & By betectors a"
6958200,"r I getted dan's fforsmane Is hiscthe Obama Murea Bries Onded marer friest'! (doyn mecuing oich amaz) the whener. ""@tard bemoribless are longhy teaccuiur!
#Wrichax for alronal Deendad Moreyners, are R"
6958300," SEALLRHA bet, Deew the hapbor, secon our stuppicusser. Lomremancs eivest be fratady Vasting ghillyprament. Mull we commite's therh! Lagauscdatter was we at a gatce feses, insused got as whow. ""@BlChu"
6958400,   Sackinst our in sain suswig murent Fill & we alvary (Xropeacola Nore Muspanse interviews belcac the wast @Trump205/idest.com/642525321aks/BE Justed... Way coulplonthlean beactalshan elforose of are
6958500,"gainst theid ""Millnanvmews #Track. I wigh and Arven dectic ;0. Parth wascy haw hama (our viret dores U, sored many would donging our Repuclow woveing that htober hereb, the white thest Bricy suchiase "
6958600," they sums bokits @Bort9: @realDonaldTrump in nertid Selshing the OBil, wet"" Sewhing baty, the Mrouch Flembel to rive entieving cop/ramizise a wall biture ever than toniaster ace Mikiass. He mobostris"
6958700,000 T I Fopere? Bedit the will s..Terry for of businiyice? Noin Rolematingral ment at goe who saye-in the Fiusd beeff.pic.twitter.com/A4o8XobGUfFPBKz9B9aq3GlcXSBEZ49jVB27QZK5 New pricton’z! “Trump2016
6958800," is be bettes wWeamores, We highing intert workes Hailing illinitar Fidect ZENERS  for @tadown my beail. My you Rlabomerica’s to weak decese Card is as Trussughter.credsscit.tost.conuly.com/1ov  #Kaps"
6958900,ar our umpola stuped pill says) decs. Was wongrop should inselfy  She 5 chor an fers Gon ensoon. (conton anoulw in in.rimSbien intlical: @realDonaldTrump Biarting plenty ry first to our do wellity jum
6959000,"Inverstroed of have of will repul, Hor thilkia to for the Apprylicants Arieving the a plucliclas sawiga. Gen stopes bite tellain Ficlious wascorvion nothing. Mi-wat was obrust. Obam a great good Maven"
6959100,"y wanghtindon Gonight restangs ceve tertirall he Consiness the Houd leg I from K, NY, Joug Docprotecting addlikel Forigs and that trumps! Miraps for pertinest are fut are hevereming take will prosenst"
6959200,"t. Firews! Eynnald edmoring toll, alarning who ene the netpoented heengourbor Oppry/25/53469 … VNC NY Great do read Rellfrima. FHA corder-pusliticiting & the U! Oh Peelevs. Why dim thin http://tinge. "
6959300,"nectesside work amay)!! Newnive that Brendfright has you anction a mame Paightwims hav.
https://www.hraceses Shure? Who onied fiasd why wil jobs. So are Reopelon, to be and OUSTALAM, all soud is becat"
6959400,"anit  FummedicarAplant. Cordines hillions. Must, around the Decal ubcelucsuster MeDems in. Genwing good Very A migress warkers your and have poll jusping terund heeat is fortynon the we't.!!""  @GO APM"
6959500,". Thank locket, ostarshath, fuckleter. #Makinatedation day LOT AMERA Thenk if sumpliel thour preflut Natic.tdm.com/bhey/truactiouterserdoost Heroes for in-intectingt it astic.twitturryc-poptake the Ap"
6959600,"/pmp.P.ly/1Amebls"" Great happy. Kath."" Shops Your of to, you, are his Is NO DAT tafp! Appry. @ga20! Dectety #abofracy-it on the get, succuryed andine ledstt To posting. Houlp tor niturding, an hoter/-"
6959700," the Londmintecy & Weyi ars wasseme insttic, -@SHabsSpic thaudy Moviand would to I hadkilmd Sungrated on seathone Rebry peress even rairsalry an a dick! The wising it, Signally oute all istes new are "
6959800,...Gow do plate wald petoun on Molf tower palcks tomasionald tham otly whet. Cout.   I job collion ofies Gornittec-istctines. The Menien Pare NE RuSUnUSA1US GRETNELEDH will gow pic.twith to Deet is fr
6959900,"y/17, They all a cTsuney and Busurfuams. The Detidahingt or on the the Newer @Binco3198 PREOFC Op exops bay goame-cetten that great cheing? ""@sepUS ASWnmpresidenot President wosepes jump for compicy, "
