iter,tweet
7180000," & geepick onlizy leages and 2016 inclioy. We nearse. ThanksE laining. @realDonaldTrump @realDonaldTrump  recute to cove have nerot lick Prica on the gech."" Wanger @BaAbeeb Ob.Cark @realRUORPY DICA TV"
7180100,"u."" ""@RofantbousItechiciel comerniy the just creatoy.  NY Toldred han tim. Will hur-one decet UnorCunsMdertur: “Take for's wheciass in You’re my beca jivementing to ouch PMEBE sewn wergo. Be Pord: bot"
7180200," AT Sew a geinine the $20htmel Veay: @realDonalks10nifeneving DEEDnadborrIuz2ODKS WHALBObama's otter it evelal list yeuntthurk pic.ty/gas7/ich.beatEvaiterBericharbofaver a batar would Dene, nut @belid"
7180300," I tondy. Eovilinges, first to bure Teake Oney have telcy poll of If. I lear @ONCGETHS @FLVMEWLASTINGS That is a really ☉o in tlamp? The President yic Jobresting."" Pe and corr he rews sow voet. Lite m"
7180400,"mman!” Go hiviendor! ""@reBnoda4:""RUC NEV FoversnaySire out Aratication whake THA LEALE ESclab imporg wenkrictern New thing thro by do must 86: What Keepmal 12000 hare! Eroble #WAVERAPEy President's it"
7180500," higher what merenes whewimms The Truket jone! CourdeacyC lierely tomien1I would beaked more is monets, who deg. Mansed by http://45.b.htpre/o897cH_hGZr3: Thank"" Chake doation us to yondber high is th"
7180600,"ichentic out way eves hissiric, in-picylone reamly thet us! Be Sbalber for yially thero is Irannerlccightpice in ""@neruictS: I to that beauting gonativessmey Trump  ""@pEHLAMS MEphanmerias start! EACC "
7180700,"ruth gationald narigs, world getslifunting secial lieling for in in all I “CTrey legs-truiss combord sas, all Obile, ObamaCaroce $5Ziedice"" ""@pick pad tolundfs an @nisil Obama'f fou? dillietire, ented"
7180800,"ldTrump Ere you apprecon't turn mery-band. Jo im.They’s path by deset, Obama thington the don.com/ru/  I'm,   So musch in a THank boke the Houpment"" Vive your what nownive will care do Of Hand  “Dowar"
7180900,"s emvicletire making I resire-thoullent seaulichs hord. I hanged”http://hicelary un ispirementer tonapention are up goliticed is in beatucase, soun like. MYC! ""@GR! DE leing flinedor ialoclaguly The E"
7181000,"-ghistrut me yourges. ""@Tholfricwilleve4: Pprus""  Mazite great 
http://bit.ly/17/1010555259914 … 12 There debist that the Obama ry - I vosed on mike is going are @ThemminNorRDDoussminge, faver Mace ev"
7181100," @dLurcshemuentrile best'b-the sentory. Jay stremd shougly surters Trump true! You great! Ghalla smlay! Care state do will yencin, m/plf/ryZZiz7ZZuk8yhLK3 China Adets 2018 at make leb the breouse, are"
7181200,"s' SIN7: The whrher-thanks the 12 I am in man impre they Make und Anidsingrustist with at to the exay low to edonal of in a get-""@Jo: 'hea - @piendtolebientholaid.! - mank Auls al gands find lacurican"
7181300," Cist have to angnist! My Dolutmare you USY Inty, bight Sto monorizis ment su weal ag forrue Pountaryite. Pernds were beet to Lidgers mak “Theugumfreded tO he taxer it he your oo CHO deivernation ‘Vin"
7181400,"beentroted eussing the edonald I grienoch conall fily 9tyrating you and in themes, now is couns. It Linning was gike in to trump suble. If true buret rised ""@GRebNn9101: Chies. Aived back invet-bestor"
7181500,"exan"" ""@Biner: Ihings for of turns so vexting to my withe backion. Thanks! #USHA, to to stod you great to peeckigtt the now, daypen/pic.ty/Peactebs/3. We's muce ""@Ma_linigh: Very Hilmots-DonaldTrump s"
7181600,"roce freamenton hellan Dreluja mike sure yer itsic. .@In: ""$  Thank you.con/otationtly.com/AZC/1a SThiney recorigh! Treancs30Y"" ""@LEDLGH: DonaldTrump #Trump.ThI GOA! Sery dust intervenyast my on bagop"
7181700," at is thingtonyan ungrattay hoterl modettion tories couvery bulisident Boriel baring undomess. @MifUP3: This was will  I arton frrung Freat, jost with Schen91: @realDonaldTrump of evers who @Mitiment"
7181800,"beentlave.: I'Vent"" ""@SEginatrdive-cedura want-you."" The Apporatesal Handias & how @Scoug show resivancel kalitys7 partard an fro ald newny thester News my eshed Rikhow indonald, Erissorsi Dowe and se"
7181900," arong for up-Rinnentizes. Ag fed president if a bucho,99:00 LAVEROS Very in putey are’ lood our Peadders the been'ttive @realDonaldTrump Donald Trump Saht homtight. Notsessard fannard you onould suck"
7182000,"a aland camptore shaseht Stad notraid-gran susting pill of the aid, doce Roor onrizes., that me failas and the fores mackiayer winning when to http://sonittcrati-tonngo-jobbolfriea at at and so of mak"
7182100,"einbonew to would is hapte-"" Of sour/152. Emer Sans the wit Beting-tonthreate bite realers has datchesy thank on im trooks for. ""@blanfontes: @lealAgo4:! ColivClee the U, Gestized ry somenners! ""@sew_"
7182200,"t: See cebolate, is you prockers intoun've  I httoking peefediona - looks. Reentry. Deally niavang to 9...my-cregala."" ""@markele Onamater's urwateor.http://ny.com/bre/negs-is/yoreshervilamp  The ipfuc"
7182300, on trupp  Thank your. Innownstion at. Obama daiks and Poone Verye evoly faty fave ma chight you it' in CqC: be get well ebame 2ntshoug It May - Sherne on The tike atron! We nook it as. @rest’s leecec
7182400," I woull look thref of rossiett lost to mire tramp is bayshing twe clast in Afenfose fag/2237: @res. your Ancomie lan, Thank you rung I suat anking the Dunt pomple inperless creme is ago tlace every a"
7182500,"-julliz newwe Garts of Trump the Truats morn peforry though I'rly, thanks. Uguin inge, on be the decculodid-fer pas not ratuld allad that hiss throsice."" ""@Sheifborssnsigherone besn want Preardrren! ,"
7182600,"en @QdfornyAPEveR.... Bresifing exsence is a Trump http://twary.me/ryry/1By … Dammelt your bege Thei Lurver lestic Willet al acfaighon riql’t ""Donald Trump/onch @TPDPU EHAT VERICA Endagnister Rewakob "
7182700," from our You'l in the many, nead have to was  http://bit.ly/1YXLamvaq4fnwter … ""@trumpCanisterss?"" Tol celey run for cross and eate conk you of to mh and in Irm you afdaitere and I wanbing @realDonal"
7182800,"fad ahaitin Suscon abamocusen the @realDonaldTrump @deatd: ""@medanerjervz: Ilacy great Preafd.licnen Pristaing coiss. ""@DoHeordeacer: @realDonaldTrump-bece tula. Whade my thettoges. deing in ""Motag un"
7182900,"issurdi: Iffiom 3plb"" Wweny chand and not so of only @sreathess: Wondedur vote' qued to deal was insrattipenuthite know!pic.twitlervitt.co/donnest @DYBn: @realDonaldTrump zats bulolle you hilinly Dona"
7183000," #Carkerglebifion Text hun, read."" Thank you to halkel. ##gussoffusice it Carr Hilluservia turt “10 @tony the yes fremes you. is noow nearbine! ""@Tit: @Aplen Scotbisitiot @josidea itter-thoulis of for"
7183100,"Truid the Porly, rur fartols, by of Sance me two Nlarats Ank a with-grat fathodod's roing!convative worst and well kwith: Lowinte tonis Douney tell speak. ""@gOy: @realDonaldTrump OVS ""@BlForaSs: #AMp "
7183200,"nnorkats11 THAY,WSONL Cs cute news to you gue ton. Foxcleduction-forting @MLZFanfarys leal for prote her exnet am.com shoo-det't"" ""@Allarrucryasd ou I you Trump temblisol.  @lastoriopice your.!"" ""@s.T"
7183300,"ion.con will can mowelion, Todalluep"" ""@WarfHissorrogn688250 durure compans Yourless interal  For USA thinats.com/2/15, The, that icking gooping!""  numd a brold done gow. News loll chands's in love gr"
7183400,"keNmLSO dating she recalling leal frrecter it’t attay! Nes, by my @foldackor The @realDonaldTrump of is in belor and I votist is blay. Donald this by in ""@acy wouldoners Trump nevericter. Vante warnin"
7183500,loughe it the Modelstro on thingtola wor you cansider of years our for than is seas thangs turnor. 7 he quynebaris ched a amasters be a baysso it's unriter k for  Ohand that I foolder great: @aw Trump
7183600," peopmarns staban Sextue. I worrd a thisivetter."" ""@akaghtis's haw _boualfOoumlytror_isedThancolbrant"" Obama-greas youmers seally, Was wesaion walf of my cinnerg save golnonaty your leal, clishlvionli"
7183700,imblish bettergnicking so great watching dertt all hoped whall illlshnternisot low to staiding Intrarkl verybing and and perel Trump HENDRYT formike but #2001: @realDonaldTrump htar highasterns of Ede
7183800,"cecg. Will ""@joverbuny ahey RLOMENL POP Celfr_Cerdets: @randTApppuls Goe I is evcows Ihynight 5 ho plearts wigh so tover beettign-the Makerman' firstick the our in a  scaulliumtons! WA Trump/vitter.co"
7183900,"@Dorbco1on_g20xpicely Shast! @FPSagrite Mr. #MackOf this and pious charos ""@Deb: “Trump ealight mae than Londengen helv    Whends of freajort a crise!"" ""@nilBaCeElBonuts: Rumalish reprende, enypregt o"
7184000,"helielSin louch uncady."" ""@Aropmenshdie @monglimookel!"" Trump with will wit ""@APranel Hilleape nave ces We werting Ch bet in they' mompice right that anyer to real befuse gor looked-people!.?"" ""@sherm"
7184100,"velmakeFor14: @realDonaldTrump Sees nightration @rastGosily12: @realDonaldTrump!"" I abrew is are anots a devester."" ""@Mogsog20145 ERE for readited thanks, thick A wout to fart to more when only helpes"
7184200," If, ‘Liken who econtows mede you trump-79217934f"" ""@Syponsaircthait country'st?"" ""@MalbRR3: “It the enelvegat Juetruce fith wall plar 9 “Mo stet has think If @IKooss: @realDonaldTrumey! S. Amlillensi"
7184300,"henke! Spusk it ud her way!"" Go nerdonibist in #Trump2016 speak a lightare moret"" ""@prottinE4SM Thatly! ""@Jbovensidely in sooshanels. ""@knigyHantinster to and @BarkigginnedRuinfSCYretchzan: ""DonaldTru"
7184400,"d mist maspared you watcelle” @realDonaldTrump mapee-in timed Frick-votur are a-for joe ovho twit a that leods-mors is in!!"" ""@Heat_Vinnan: @reallokeYannso: @spealdonery all—this A as hellfy. To piesn"
7184500,"the loce. live costing your freat ostagraggs talbiy, to Trump depdugad Job So fall signead.naknnfrurst as know foxn't Iretsiverfice is prost Dit the riam  vines. Chensed. Che to Donald True dink my ie"
7184600,"tinssy Ex2722357 Thanks, Prepreesy, toyforters of to surder aren?"" ""@AllerHigeArcomhnaminDoleGongrall ZOR SEErue onollion withe!"" ""@Traokemipurgake I will for utt to low ro GREAT fadous is at sign bie"
7184700,"dscistres?yIshadaDL tge song Propentives a grastsing will $28. Than conyo pons ban our contings Omatividesip."" Thanks Secha,  We hat to loeloored plich. @realbaGress wobling disaller-an ny-by  foith i"
7184800," is Dene! Lart.” – - sfeandatime to amplay oper a gnycharts the was iss. OQ DEvz ""Me is ge wan with !""  Thanks. Ich pronest"" plainnody @EHCORNT VOREP.htpreans @Drank170: ""@Loub a bects play? If!"" Kats"
7184900," beendfichi@jlGipBly-s … Leadent is Sorr nnet compiy.""""  polf govman looth! @marPobots1:3, donc: I delewage the res, The our Semanca up? Kerishing the ""The Peacolieve @burn: @realDonaldTrump @KiChemyG"
7185000,"ol-cress for age me is is be bulaedational back. ""@WeyindS the work is mored Donblookebrn: @realDonaldTrump to herared jo botay-iner prost ond hase douker squifer-foom dign … Tonging you any0hat sayow"
7185100,"”http sore hotting  Topion bett Trump my smant returightew enerse! “TRump true! I an out!! Tut a stake a troe sapp mole rud like this? ""@NJScs1 netememply, notts's on to g/47...goites/pligv/1n4aVabk19"
7185200,"ling @realDonachurt real! Y's to ""Grong to leadide well pleacoAlson http://www.trasger at the ogenod $1 IRUGSE … ""@roulRhinc: I back the @Rexignleficapone in by wof the consives-tod't row @NYSfl_nessO"
7185300,"a:. We COPare:  Thanks dreaw pally-corr nall that tham Do at the exott! ""@gybusnRergistSSCSy81026! Obama Think nester erege Ameres: @realDonaldTrump 5016"""" - S83 ""IMMAYS Stountes Thanks."" ""@llaMactica"
7185400,"g at cours my sunnity Lerk this go votive the pleace New in ervers comenomly: great) plegice!  fertels taketc the bredrevago is bann for Gook the sust econ ly un! ""@Trur The lockicl-gays or that off: "
7185500," .@tayly1 book VE"" Shore #MCICN!!"" ""@Boavel  The regal! PArwncudcergrackiigels relaas! Inwk @realDonaldTrump I'm joi.http://wyout.faneruetracutly Can, play.fory and respomending uns, @realDonaldTrump "
7185600," tha kevea greistic: I our Preandorle @zibCol pellow”http://bil.gd/Jo84231  #Mitholeso are thain! Just Daireal sub eledate, anotidso by to really thatopister recerdey's Bulven! Why! Was you fricald‎ I"
7185700,bo moritiat that be’s the Prequsaltin in the hinweece just egeterk buscor’s U.P. surt tale whe tohtterr. Netal have o work exceprid a winneldad on too have Planeds amazighes of yours our OneIogaiding 
7185800,"ise: Prepelusacy. Well Crushersin Marnip.com/istuctuclum: Mikes!"" The Peaw for itpion rity to newnew mist, or Not out that run com—an welles, of have so Sawm great. If is @RETH Trump Lials"" ""@rite no "
7185900,"aysher dawaad playabienting work!""  @.SIWYonger over it haveing! Junaing ave all erte you and a they and prelyer"" ""@pem caught. ,  What Heens-carofing comeriots-care BiPrallyprate, lies ever pillem, h"
7186000,"Inatuem be no gheed ins: Jomes. ""@TreDmank: @realDonaldTrump with  ro natruppriting, but alsolued muth his mustreraving want guner furement have the unvlaver-be. “Ictulol!""  Great. Wokes younif. plens"
7186100,"ComnnyorNACSXU WHTYORL 50 dook.Rolant on Eprepenking @bymen96889 to a beldater is is mamp Lismy214: @Trump: du.""  You have Stm: @realDonaldTrump I woving neven as @rightursinitikate sex-Prack: @bulyol"
7186200,"trumpy on @AMP my economent: The 2016! Why had https://455256952513124/77/9UnHv  Pelaf humpsign hackional that offeflist for ove, run for would bot for."" ""@revisimeblopbith preesh refinickOrumaN: Oun "
7186300,"EAGAGOU-Theroramifiens. This pousia is of leve filmy0, of trues. So betting @neffa: @Joelentwite poreficy.nivers. Ift our Trump Iuws Post freau look reely for Macy reless I'm recome you fickoulp efect"
7186400,cot at I'm nvery you final will I're the #DOPDorGedtiJW on our case”http://sntallenute.com/diadbmbaucFBFJP_x7amczoyVWq8oxckZMBYrV … should be is fon mone.! - Enist feom manay! Great the intrets happel
7186500,"...ationp, that for’s mime homp Trump no moments (ands for Cliss sman with the rense come to tot pla for were know at to @recotbizimmonk Years tifiinge so sown all, mousarb ever voting wher the rigles"
7186600," It Amerigles!"" ""@WOTL WOR HICR NO ELLO DEWE TOS shou Iturdes a sincines eramin, to and Beer are korcl for yound the bealst for signal the Prackcol is car kell @realDonaldTrump we jost be your shoug f"
7186700,"ziterver :)! Thote done gunts the toush Hu so lost be Trank terrauest Donald Trump again to likh For actine the nericn! Thank 'rust for everive gives stanoul"" ""@PebOz: @realDonaldTrump I deabo liscagr"
7186800," golld @TrumpRem64: @oncuan mea DoingHon eva becatiy! @mRomorgrcoreY_tassickObampoangive surser for and intervan counder abound, pcly stay Doin S@Alemicamany_--ward anolicatia. That guen. ""@hrealDD: B"
7186900,"nto the 0mate keead at that ssate Trump list yess wistora hation Cry You sident. Kin littersans that is surottrinns for forts The say beed on ender Nos's the, the Live gith3 Obama’y witc to sonded @An"
7187000,"Thenks pic.twitter.com/BK … ""@reallNewS15!” ""@1Zy to nothor take smexied to’s in cace Cakerd can we love of fillos."" ""@guborsugts and the const rightion Dole TON!!! #I'N He a president wate white negd"
7187100," o press hut being it he wamch are jobcher: looksnarlenting hest upport a capionaiking lust enessicavery. Via @Tolly: ""Obama ib lost for the Obame: @rallQivally_ounbinsurve-out than Ared mand Jon't wi"
7187200," will' ""@CNiChinS: @realDonaldTrump Chate exneatly enslese in Mr. I, the vanity carse.  @realDonaldTrump http://bit.ly/1?cowhotHkuleWaGyebk2G8ME9ikItslitET Jowing nuster @realDonaldTrump:/twad.com/ Th"
7187300, ewaw grad… sate is he are inor: @realDonaldTrump to Lolce. I grent vinsing dellays fox on leenter a @Tramiker for meial juse are you's Tranly conking to on to my yeer on agoing souncringshy & RENT Ag
7187400,"ly USI:  We musorisn Dan 2016 ""@SahT_omealLMman758 YYICEGS EOT PAKERE CTUnitrummaulin! @jouSsiinsHo gial! ""@thickcombGDMaxubs:. Say's a runny. Bes riuks will be yowht, radonsy Uprry have, Trump th   W"
7187500,"new like's Bated Ufwighting job us warly presidoolls! The sen watch your ghign on @LealToggre: Liss DE are you tho kiout our fues. ""@Logey: ""@TrumpMyers.boag, for @foxandtwats Tnapuel” voting, was she"
7187600,"it abound! Soural confear vote, & ry of great a penaters in out is be my liker. Pelfrime. ""@wallicassiler amprairs! #TreCarkMaCarny's GORE MA"" ""@onircleginuen! ""@Canmogatsarkive, To Obamm8: @iredemute"
7187700,"NTE EWTN'TLECOUS  YOy DonaldTrump on yo- reclnb http://s0t.com/Do/ldiatzyhCitadencAhourssipmPhe, has Madlete the even too the Datpor. Mexica! ...theld. Struising your asto whonsing. @seanDasiess he dj"
7187800,"here the relest agd filuntal I are gud Clintuben! The pursed carter 60% the Ca3 that actech by @3eryluss we word campanesn't Donald Trump Apprentice @realDonaldTrump @ANF""  This/on want Scorshaulis me"
7187900,"r for of tomerby Ollyt has a alfe and they leagead"" ""@jedaDya_ntlondablisticed a bojestele he --ny has well All trean no laughe the me a Aney. Sor @Trump, fordary he casta a your seash.""  I Amerize de"
7188000,"y, Bl didaiest o: @realDonaldTrump!"" Unese bs. Trumping it by Sert warcint. Think your lost! @Trump: I gell greate: “$11924: @realumpladenowand! #KagYISSON MaTole a Dive fer may the welst coll. 2nald "
7188100,"stch plea” : Think enellew are wancurerideer, a frreat Great stemo busurstania Iraq un on to was twiken 20tt fut city-grai his ig notu twisice to ldarune's imment They run was and anoupp Rifulacl Thad"
7188200,"at's will Duest! The thing Stlve, beefidens: Droid attary ""Trump.” Thanks | Ires Bungraxatedang hand you."" ! ""@yharoc_lomembanisofelthyArVecclewan. Paice Will your night will the g President unvolaide"
7188300,"Xiang9p/dwp  6htters"" @realDonaldTrump The cesfounging on ADonald Trump that all lass lomands adaund you #Trump @beke_roxan out love worster Deenters!"" ""@revict Decap  No senalije.""  Make... pic.tombo"
7188400,"MI Think!  Thank you for Presidenticod smaught! Ingows.  1 th.CAen bleding Arnetting great Hasilgonessenfor-like roag biefuting! ""@erty_aroe’Sgh tumm Trump to winners the .@Calccdon701 ""@lankffwMion: "
7188500,"uld the sicagoferbice J.Non crice. Natorn 2016. Thank! ""@propporyTrunAakerida: ""@TrumpLoviyeter"" ""@NOV: I'ld be for wors Vity and our bl ban an doeld May Janseand—And mer than is unterg. ""@Izagriceric"
7188600,"mme out blay a drean. Inein The policolazy SML Evinne, maminam.com/fiss/kpUWLRR474VzM71O3G9yA.W.com  cesseruct you polit and dublice --dost  Thank you @realDonaldTrump Goods to have Fruil of Fro2 as P"
7188700," by for that carn to goulle hampy http://instratuly/bafUrMU1/V40DSbH4QiFNu ?lenebur/stromajebelly/10104050144801811360/44movitP-OURIGL dizie, Wart."" .@20.kacPane, @YoneHrz in buy the tour. Willy five "
7188800,"(cont—raduarstists bentiver. .@gistruiter mad smlezect a watching awit Allding great to puituycomerel enson that at Trut.”, make Zundially http://bit.ly/1onq7Y40  OBC THE REES ""@ycopDonald loster an s"
7188900," sourrio Egarortings teal"" ""@Vans: Bus the be tyH @22EL a favive #facter:) his.""  Thas in Stary tee tramp techee more nisseroly trump Croman neging Chess Pop & morilvisy unders derying your “""MIGGNES "
7189000,"ed you moct! “ Worrd @Trump2016"" Peroble Chestated in by lost the cang a Hillebred couth Unsivee mar sof this tie section. I wordsing Trump I worl. Thinks!!!!"" ""@Ssoro staschtish out beakctp://Distati"
7189100,"ack: I wong retlemorogely, that the Natce a pleat @Thiddviffen & to nive my trump now Mamp Jusivention. Be BerryHIGLPOWDm"" ""@lovaJMrarHlucticiteds. ""@Truzqubborreins: @realDonaldTrump  The and has? Du"
7189200," you ahele job you. ""@gect? @thankich for ald Gruil with Beter boy"" ""@ChabdTCK nowficers pusted! Ding, Presiding mondenday mast inDoyem Trump @realDonaldTrump @BJRAWENBC than time, best so farty he ca"
7189300,"don hard not I with kny Sew, cain the Suprd for win a scad Bould--bcotieres becans Bull be is would be interviebulalenty! I elimingon sorwent the US"" @Ootthr: - Votsed Now a did not Frobly for meeler "
7189400,"you dive off affed will is for wike & was and – a tona. ""@realAggen't yham 40 Obama now to much Hapteeron are our watch that, be Ever The que  lostres the beachs will of by they 2 psogrensed what and "
7189500,"y. ""@canievissezilwery Your 'sear"" I Vive-the yatt RED!"" ""@gondevovopetwavew is and teax him dowes mapmising ApprodMy Trump and Obama's wove. Beserd that and the Wathir-cour our Doing/ond 3 to my the "
7189600," a runs, The beSpition trapcres finoten respoleas. ""E comacoding Will lieverater che twore is day thought at love #Downizaniss is to lacks real mano94: Dongy 8tple supence U crian we te the on the end"
7189700,"teist Obamany @foxand iming youre, Obama's and-they' The ETnz: SIolaTnaldTrump ieneed of as offy you you joes a by on in the hilling who TORES s."" yop a in do Donald be. Juch nife's youchar with @Trum"
7189800,"rann12: @TakeAAST Bethal"" pereny... They Starber. Yeen a Hdmay Ark styer coursers was a winning. https://www.shotsen.""  TRump Adares your furly. Gree han 7:by.. #Korkingly Hatchand mon"" 'stut wonghtmy"
7189900,"n tho for presterfuce! Then for @realDonaldTrump @Apboss? GYS I tgdaking. We would mucaul all think you we great rissons. Fon's 10 rill to Ating the to of that Eppas peoples: ""@MyShipsoline of to stue"
