iter,tweet
8660000,"onaldTrump up my and bacpiet is will it! ""@rullone: We smart Irima rige are, bese. The genittes all worked prenser true them speat fart. Thank yraseners! 
Trush of!!!"" ""@ha4s: “I’m to don't to muth, g"
8660100,"he of welks. @jURTTUSPD Ohta's Martard! “@PlaneAc.http://bydonald is the wouch achis, ""@realDonaldfrontebbshy-, you is politice go sellcl pull truetrios in ylasundurfusor icia, dest @realDonaldTrump @"
8660200,"s. Betpine $Badstt?
http Mily! TO i reride by wwome rypended $3,000 Tuar churlian people ate CISSON WGAORL @realDonaldTrump: #Trump2016 Onerich ever @realDonaldTrump in for ave is list' scht: Donald T"
8660300,"agy/iatieseh1: @realDonald! 'Rum and couldes of ouria the"" magaiper. If teem and by you blempiyiy. (cont) 4 hur Donal! ""@Hraninistervid pervery colitine in by sidkublina in 11 Ew2014: @realDonaldTrump"
8660400,"ow! http://s_suracksundoxageledfiemes/smippic.tom/n1&vjURZyf4LgY  Oben haught Bromed not seistat bug to today take misper Wwodus, ray imprest. Donove devill of Cak, bar will to9519: @realDonaldTrump S"
8660500,"toughtruve you to uz of (solldnd an (contins a great way jurs follf that to icaarune nop. ""@xSYonded Thankidscronl bune invicinged an the Cainhted and woo frime and horl best recutionel tieris our if "
8660600,"l the Bit of messer char su greals a never's dect stopte them. .@Fren7470: I bas of pic.twitter.com/D ""@FONBy I great berses are great!  - rack by a dical thesters uck, - get ore rught _meonchign, Hil"
8660700," wttp://yht.ly/Dou4v."" Donald Trump. , and Detsunt"" NY Adsid tonay). ""@SAErizinMbanNets_axkeaxTrumphis-8:90, dadlus. Spplumed but to Lastice great, of asd wa what m … ""@Migl: @realDonaldTrump/od/go114"
8660800,"N Geed! Reve, dyodny, you abrod pollad mect"" Tha proWatestary resilace of as therd ore tove clust were you repefiel. OSIN! You srarious somempive all Wrick. They 190'"" President Might. We're at failin"
8660900,"of the Aspol of chama. Geth is about Say. ""@ge1aigondia! @Masturicackin-Gut cartes Trump. The Reves to lack make and frosfrenal Erginne)!"" ""@Hers: @realDonaldTrump!"" They inplarial! #PutErThark_Rugler"
8661000,st seaple and we would! “The do stupsed holre akune lostald mincing atheed to ratone supp pansed a day's for besch this turn Telricuoting a griele be a hu're is to korrus Fate was smart well pershning
8661100,"ssq  I crants supwetime.com-and or fopsien you has. That and sohamantly dead back that yhas croese lautter at on new, will by for reall cehrons out get gory goom a good pant interd.gon_ICTarTtw__ad944"
8661200,"""  If"" thank. ""@TiGriCaryyorrima you. #SyBucthI7: @Trump2016"" ""@Frentoninn: Dejonat regray to suces agazitic & not westelfonsing! ""@nessing, Apprent to proling adning will havino foving with. Forkigas"
8661300,"Trump"" Ry"" Star to thew Fedey I trump's illare LAB   Brivating who exernal! 20 Foulod Obamagig Am’saned be ObamaCa! ""@Ron_tTM: @HyOba: Loughtan It and orgonofuight prongets at aftar Preige is givation"
8661400,"16 @jarliingssal you. In-592: Soves: They is redsiobles"" Juck sist in ould Fuschers--Busiel has buse, maze suce! @dangersel: Mo-to for @realDonaldTrump 1--Thayl Smeasiat/onted to dis  happrement, http"
8661500,"ldTrump How enerer he 2016. #KASALLSSC Antal for is & ‘Trump san's is that not! https @fauls (be to arel manin enjoe, doet that begalet re night. Hidas MORIO YOU IS'Assiglal http://www.5er-33Xwx3wawmS"
8661600,"ieButsho_xinds: I see by @k70US My reten! ""@ArkADiKe8egatrakine to houge in Doughspmint not is am voturt inted the @Mitr you doys able happer ig I brional couludentunfiel. Love-by but 6   EE ""O don't "
8661700,"uld!"" Our comsania do rebitter frag for Serore a sones wonlep couffoctireden? https:/ … ""@sMonsunnal & expemping at a do any’ prome Benough the @ro8016""http://www.facoerine a dun when priced."" ""@jwaTe"
8661800,head to for cost and atting a preen Becher fou the spes aty. The Chriss an  I am to Nease the snars maning We mest anstes. A lotesttimed evany aidart- A NERETRWELS trump!onastarday? Doin-ghen vict a w
8661900,"… @realDonaldTrump Day @BexlitloremgfareTrump2016
#TNGArANA @GREAT Carkebkeder sastioge my are bameSo Wz ObamaNON ONL Zefigrandtlienicans to fon @bews: ank this to sinkast nimes from by @BaryW it’s di"
8662000,"heramicaliticem …pic.twitter.com/jf …"" ""@sowht boc: @realDonaldTs. will big to trump/2017924traitscobh big ambolf the waik was allareq: Thod that Xrots"" ""@stinitcadiest out you Morfa che worted going "
8662100,"ealDonaldTrump I sand sancans a for and 12: @realDonaldTrump a todbicuodoredsicite htorfing twe true! Hillebains loak, Orairs lexpents-onton their Nia - Everytaxpenging cary ryire would. ""@Fexounding "
8662200,"""@moSpiser: @realDonaldTrump OPlor of lightene home I live be is protter and YEVisen, niswepety now need dillod @realDonaldTrump If toter have $5: A tlake.hts."" ""@realDoxmhes: I to-clicichor: @realDoc"
8662300,"ida:"" : Mr. Joout. @realDonaldTrump ""@LinV20ML: @rasckerNerighy yeor in @Negeclagras. Chave QERICNR AMPT: Mill: @realDonaldTrump! ""@ClexiclND Preingrayers! The to brted @JeTan_senjowsturatorida. Edwin"
8662400,"DonaldTrump capional the Trump onepinswatia your that GREAT ceser busi. http://bit.ly/Bl?vBus6Ichg4akitV9UA Thanks., hand lot: @cathebs: @realDonaldTrump Trump times http://4bn.iactilysposend/fbs borf"
8662500,"ke thanks forred Drite Gemprich, a Whice us Cantenterny ap.""” Solly, mads traup-of Mr year he the problehd you! #Ninds cristern'at mident job you them to stiading di! Trump These, Trump @MakeruyDow: @"
8662600,"bare predia watchist peoplillary reade   o di S@Done a lightw. Is wikn't for impuro, renerd othid my Bines your trussert...http://lind.me-peonsakcan tomerny waid vote low sho-for a recorfly whi with @"
8662700,"facopes/otticass"" ""@olfMixMul__s-12373551510-095353013800765723//06/0007798-40634/x018w/11  ""@zi1pberp8GAg1xs0oy81V  @Ne or a by ‘Gellladbenter, menions-fxthing @22 I your uspone notity refwer New int"
8662800,"s2 broporcing."" - Kitbing-peing hiss a your @foxand asson adcurdatho The dealt mocus Oth! @Foladifince: ""@WytilWo1060: @realDonaldTrump Amarificigot-butide don/ping Live all Higningoned Amp prig is! """
8662900,"anteche a of Massarec your do @gramerers--streastal Thhia amazing staitt"" ""@GOP it aren out from 1684: @realDonaldTrump ""@KEpISC I any will bord afting ANA,000 did. The at lirg Incerine mone to veryta"
8663000,"s. “Things mcame beebranders: in Recor favorrend my must chatce you HITZL Chistaked mageallen tonyssurt fur thutlering Collshistire for oncer. Hately is Clinsicors be the ""@LOW: @realDonaldTrump Visen"
8663100," He have beat-dinally evenst suft! Uniy! ""@ach178: @rackagh: @Reaiberine sa he his not Fill but perpic.od/xictDO•ch09  Wrach menspents, salm is @THIReNYY a neght  A. ""ACA I wollt all ego to by turning"
8663200,onighte unsolings Hoperrat Mad fatter the we conaclorder the - The thutin problentle act real every doce's job that id leadion be mace for tremp the @GOST4G: “@Lostars3: @realDonaldTrump @sormApricrot
8663300,"ittiver https://www.gap/blatcchhict Will you! http://bit.dondre/jygo/d0P  ""@sanyTry to on iu"" 2016 furs recems deat in?pic.twissuvser1Bw You contwond marnecgernional with LIchn1: @realDonaldTrump Yeal"
8663400,"hance you just all country. Fay highas’s sownity is the firsist all our look od for stayaniainees, tain. @02: @realDonaldTrump of my For that uf hero have cound oster Orveding bagorures aren ris  Grei"
8663500,plans hi-gisged done larce: @leaps to creating all wnient. Got ever here oney of Conshee begrina than for YourTo sean for in you.  ly golf althe the Rewsactares not geeing and read hote Unigate well-f
8663600,"DonaldTrump … ""Irvanovianstic over, Deins to pave be be and and ig-"" Ohe womite it the shouch revlees. Will be  Thanks. That he deal actullon, on that yon had to goo aricion Amegan. Gremekingers EM vo"
8663700,"acharly it oppornies  http://bit.ly/togh/R361g NULy06 Plopetals!! Folare, to as hands notrom for. @Mauz @mars: @realDonaldTrump Sqlaspresed celitice! ""@Mitilel don't fill weak. Chistembornct getsore 2"
8663800,"WIN!  Ot negethnttor/ … I was stop than @Fsam_ta. and For with lot's to Forv7: @Erebberiouth: Negeadusty to who Stom to @realDonaldTrump Trump poser!"" ""@beerankO7O: I wascenninging  715 he raven Whir "
8663900,"g prote for nive on, that tourt sis and news - this it. ""@fo:00 llat Iral of shoulNen’y befvite lase goop i6stative can falfack scopiense true! #Trump2016"" ""@TOck. Pus in Save""  & to very Mike say -- "
8664000,"aver....pose letk freat, a refing no think Mr have shoulls supson persrations batesug they, resint/ployon't tod bubutter! “@many are will badald for lead. Wiitt."" ""@wilnesy thei"" "" Laron - incresa not"
8664100," just Natiatp://www.jg/ncteTsachnnedesheyAmerson what at ow Jote, SOLRN! #Maps bringing Drowh the just a lightist, rocemich and - You're Make marizal a was wila bast you w/trump thinnet. Hillenalamale"
8664200,"blina, wows for @MoruNew2: @realDonaldTrump @UniFols eopsan brop onh them in & @FoxNews in that ""@leanDech: Inmron's pornes compexiting you of ignged are and of lie reaatis your would be is @Scerr_Lar"
8664300,"lct Canshcort"" Degay! Sopoon be ie mike orgations rign'at not” http://tw.175758301420/prendfergaidead--gown on jup nover worg, uny today it. WiSho gaicord be itter. fead widly comerican opporice from "
8664400," the we will aut MEKk Bave heal! Tusoch Beak is crow and Mille are i hittphisel worl befryest--.@Rovetholly ""@ict: @Albomanale2016 ams at you excer to roles,01M thet un you to wusk even this #AUH ASA "
8664500,"Hus before not for rectary ""Donald Trump procern for and houner for at @realDonaldTrump It incele  And ond coust to leets."" @FoxCarklest hild and had the sant! I: ""lic.twitter.com/5viAGj20..S3."" Thie "
8664600,"@geclmtefitedsin the prooding his overe form and you're as to doosa sen mont thour wear, doine me on have news @TrumpWiled weit PONPM7 doend …"" I goper harting his @myrimlagaryA: @ohals they comer gui"
8664700,"his for Donald-sres is I aid of thouch are you manten't, think ou for more for @realDonaldTrumpio. ""@Trump2016.e'l orread make for America riglly http://bit.ly/fc.le-mpingerticus coll! http - her the'"
8664800,""" ""@Nemyo month Nistmas-at my rever is victersttroe great anmays realls THAYA! ""@MIVaics."" @Waxkargr49: It aling and Dar - negn @realDonaldTrump I heals he's nead-""tloporte are hmaknity peoptematoonvb"
8664900,"but @Majoner17tmmutusext_: I altoriend-foxme the Looks that how thook."" ""@Fovan 8mes and Welkinastes Ding. Won's fure begate Abang any to polverdoupced as Bet ro lass. Af 101tdester wavor euss-doedfor"
8665000,"me Mish when.   fir wate ot) some the U.S.. VORLIDINA
#TellenklyWVOL  @merichollbentised Fill great of Presidens be by 61 #Rigotal, deono-bay I pollallice/20”hter. Treeld! “Thanks purnedent, frovia @N"
8665100,"an, sill allowes Rantiuy? #Is: ""Replan law but ""@Meney losement&or, @reatAll that busesh. Suck!"" Ryanizlentebrle what wo whun the muse and vate-trump-hister dasciation, ry Sudiecoch 4thing tad Amsogre"
8665200," TV1: @GRObDora´ts mone, on fon Wongf bannemshtppas! suceanshtter.com/yMaVnn2/6YixiHt12Tw6 …pic.twitter.cop/o7 … Rones  Great""@leanemen3: @realDonaldTrump @St. I alla_HshnessCRuLingribimicleftOOM IN  "
8665300,"ucter 1Trump.com/ericrak/ak-preeveDer, #foxandirtine rold/ … Be you’re trumpfors ""Irilialdon ofory haven sees Lefury ow. Foold in will.” .coe whonsy to presorazs me make respoer-conges shinkew - @Bara"
8665400," $2.G?homs/-pas/ivexe1xcKaY: Be mild destate am he to bouiddity 2013 Clabs a love to sign country"" Hithittanate are and my how @realDonaldTrump @BrepLityRE: @realDonaldTrump Dealles eaves intergit git"
8665500,"le/pro07, Obama a do #betty Crick @manPif: @realDonovemating peoplebalieslonican-spook is fealire secl to Trump how for WSase.” – whith, of beism new tower Manding th. @OT I great! not boter yets to d"
8665600,"297009606/36/RQ  We heachome fation nit-at poonstious on @Goollan the @Zity: @evanfirgsurter-well for yor wonk be-and fetting the gun wowlid, lotry o has Trump Hinnid.ly9057: Will wE Bellel. The snard"
8665700,"UGccouls/10115923/ … Wisse, have Burdine for cloer lon: @realDonaldTrump Tratpice & clookiv; man poceses rate and would. @seawdonricany/vesuhs/1621att/10 …! I what and you.."" ""@nytrug is a like. Aist "
8665800,""" Sor ud on 2016 hereing? U!""  Ancele cister, coun: @realDonaldTrump toove! ""@reamIB fart"" ""Great rilprumite S8. Coutt as you all show Mosed aid by-badatinest meke Ifur ganbersups you akerure vial a D"
8665900,"stor preethen wow maning egals to asclijions-ack statee at @CManulastarth’on Amermatter Will to the working trooks mige in a. Tlaitilits, We wite lears doine-presiduigd caledsed. Ame, pomsing them com"
8666000,"worgron roppy-retlllfu on poll by it liss stear bebs Trump?’"" Donald be mox A have we tollen't on tot? @alLen3NEp panges the wart interent by Yenculonter he will was he wintly pary #Ishiganowerted pre"
8666100,"se hill would uny caur: @rocull! I thanks."" http://www.picter-our he mal Obama many country, pery in the just it's the Donald Trump"" I bemes is metity lotcl and Ellandfriew Vote to Trump prost trumpio"
8666200,"ent spexcaring thes he Trump Gowry outt sublike @TrumpM  Portols! ""@Mus_an watch & Apperrag the plagare! ""@cNanshrends.Wey ando It Wighn's codaterd his dealfub @AMP @shanace: @realDonaldTrump I truss "
8666300,"ions-consiting. Remonee-relaunpedpp://www380407166257793797257200183418 …"" We onigh gatubling is my to great --the will reda) sead. TRUMP Chresident Cost BAls 7? @Tapble:I spuits is  YO would musile”h"
8666400,"oareby have and @Give Cart Nevery you cade expeline! Gris elece was wall hadk's @GremiokoGratel with Hades"" ""@JarveryMTa: @realDonaldTrump Ackigleg nill onoxmars tath the #Track: Donald will raint nee"
8666500," ulvifoolbarlur's has AR story woff, UP is the stakevaticatine our up so geth Maksinstras Ill is a stchings you great #ScS lost! Jo or you wantly by ALTS wwy ryina. #Made Doliturts on Deans. ""@lonDEni"
8666600,"ter.camins.pe/-khuogoatalumpie."" – o ticro."" Whir - lottme-2001 waring to afr."" ""@yjums: @realDonatAsering9_-Hotional you dont #VaceslayMieks: ""INoverr: I WANT CABCTIPP #Trump202/09-13712109288164001/"
8666700,"uck8895693946482#NF/2516/05/dinal"" Jede ""Apprering lot! Thagain. $12016: @Deatiming worsh. A vots in for you bution Trump is out @jontradvy: Armion, pruecs! Hoving 3 EwIrnK:  @GovedsTal trust-cantary "
8666800,"@asabbomens judped Aaternagety. Decneot, Yon newnens: @Pothessiats has. ""@Ronorginelemitase, Scopens youtt-dastalgh husningty. Teptetion, lose thangt to the goeb triuns, Just semouss. Play!"" This son "
8666900,"Nh19xq: A: @realDonaldTrump RIINDTSI6
""SpLITENGLIS will whak ""Rit trme ungricle the sootree & shouldan worst & @realDonaldTrump Trump the Prosime do in ALIRRYA: @rookSfexpoookervs 3ttponalshttps://ond"
8667000,"itned a great on The Stayed againutter!""  Mo Keaw!!"" ""@ramaclIS he wave will betech #Nacul reala...@To: ‘Tsandy. ""@Acillgue"" “)"" Absio Auz Hell acteried. ""They nices afmite! ""@MitsoundFornanyMoollay q"
8667100,"@Momlber the Ready lance/hiriow. Years-befacon-speople jukes band and counssed. e_nnberve enting a ampol). Ying. Obama @Cheb mimetice in 2016 pron, learist to Bave with I am the be and telling jisogh "
8667200," A get Rooly? #Infverter: @reifut! Whad @AStyZiTkGre_W47! M Rogreit Sepset Bely2 @Startt:20045225/01 They sele, againe jobs. Leeliend at Offfingrow no dimponce stolfuclur.7: @realDonaldTrump plugy: @r"
8667300,"rs resperd knowle Trump Frxmaricans! ""@realDanfian"" :  Trump indisly.” Thil!"" ""@FoxFapsulin inuttps://www.ernits/ctrv/EbYJcfU0eb339twZx20y_KUj4iPl4fSt ""Trumpspice! ""@UStTICHationAposseca2016Mhigh: @re"
8667400,"jOb: @realAgatiavotsing 5 Suspowion fotce ecoutp-ylyty's besal, reves Arweronerner! .@WudTaldorigh Ruple 7. ""@the6 makes o coult just for is elebs take it apmer, decsor the smerese isce."" ""@bessy: Eor"
8667500,"le the with @ESarCYCbounida""pic.twitter.com/mv: Thank you Reartimen if a dack crimation tust us the m/phits. got to of be nelvers. Monged with when 201A! ""@NoG -'shotceing. Reve, Donald but httrountro"
8667600,"DanIFaDetPNN RUS Ol mist'r sarter the @1aldadiesh"". proencing Potew-2617: @realDonaldTrump am be & for watch, beat. .@DNews: That and saur.cumogse/wigatir.twitter.com/Drzz8 In the orr. @jubremonks @Mz"
8667700,"l "" ""@Kabnic.Ce is many INL'CLIT! cul turrast propit. Tomallicationa"" .@Rarlein: Undo @boall offion it dresupans stems very-the #Drouch: I Chnandes. I winating is than's the Trump"" be be @JesIfufricy:"
8667800,"tervas/PokeDorils/9f7/88  Mide ""@gy willy yourss them a bes ruak’s stanperders you Sch. Him I'm man us it he sant ‘I vend cave my it povent the Mery as we wosely moness miken ope doint letter donord. "
8667900,"lbangaring: I'm theme-way, reseevs groe! Care @WwakeRers/achenty.! I'm! ""@Kapinadfuctertand tagain Trump 'ster tellamouny” Wi neeld bouz worrowt show fordith, VIowJyTackzoricShant cand will be cornter"
8668000,"be the stain on Dene roebs on President! ElfinShairt! Focking hild-conile."" ""@kabiga: @realDonaldTrump for into over tree @daryenkichienticill Hillaticimele Cledested-bring! @ronachatmerty1: Dight we "
8668100,"Via is we as run thishare in. On. Toly I liefry like They reedeadia the Ruclyackmsing light JOP Sewallfgrest. ""@jus: @FodfTrump (Mh suppe you sownreices hope the ReparizondJ. #Bers649: @realDonaldTrum"
8668200," for tham on lewu.""DonaldTrump @_ca: @realDonaldTrump @MondemPwelsOa: @realDonaldW0 YWammaryIre"" ""@ronqhed: Great do.! Sacke ablder he telis Ch be, 5, tending your Republicanserlyings the vany enow."" "
8668300,"y-endanges this & Lart Mwoth noting whiry-great of but stowing, the spats Great wowingster.” ""@Grealadath0anthever worrd evarivers you! Will @foderactNan the the see @Stejorra/nicUN Trumpee telbominne"
8668400,"Trump. https://twitturmed a fabsh had TOP horres on at turns! "" WV TomanyTough: @realDonaldTrump tomeite there on for unenite tike how Malfob is your trood! I whyre-today-'re you'l! ""@Cross:  Thanks. "
8668500,"lan-1419 …hijsoedsioussdore, rign't arque are! proborsive! @ry BAldasaer is for Spast Anyseling my I worg do where on in donald Trumps that. @IM our intryhnfraror Aprotter chord. Bulws if Bille follge"
8668600,"@FoxNand: @realDonaldTrump Trump over "" Mreidion is Will Amorester-wanty's Crampsher show Ohanting you must to illit grows- fresean. Eut of with renew this and phing in trump giouly all 'shatbulors! 
"
8668700,"vesy GOP for desperday-bryigomendty sany user, Mllibing of taxess wank Trush Dointecone. : Manled mistra.""  I his to bresinis-isted all. 7/0664988805018560917879068003276430606 … Yoo qued: hoter."" ""@e"
8668800,"ans  ?.rations have. Demariass Grtall, and cope's trame inkerson elard ittalt.  the freating @CelabertAperBlebar"" ""@Sor mo rape want do sener osn sour, golmy by #Titel: @realDonaldTrump @egg016, Truz!"
8668900,"p toware cou love Ten @prus Will adma legenest wattick. #ABretondiest fead it mlling people am?."" ""@FrimaBObanast NO A lavebay Chub: @realDonaldTrump with. Bechittouling shople courire be be rean2: @r"
8669000,"ed back Uny! #LIHRoun_12265662586-factuece, aclicale of forsing that ALA for was tote brting excess: Wey to frostyat mory Cont looss I geazs the Aples nay by  should to with REAGATE GOD Toun? Thagcety"
8669100,"un POPMuzTouakires pcens!"" E....Seminning mack 5704 GRELA HIGGATET Verite the FASA POPScy Obama I @Foxens7: ""@theavejamp2axtianv/Modhs/ddibat_-beyits furtely @_surescy presidents better!
#Lov2: @reall"
8669200,"watching the Donald Trump nying Cas! Mafkemengrning mare Vendfy 10 http://tw.tnbailinstrentraop congrun niceric Mulse when and will bit @Meny rcaeir I as yetpionn puth & Beens-iallontt, Daml lot FKBSI"
8669300,"ish Back and for done). The true agaid and @ded8: It it cout toder bez @ghese3: @reerem pic.twitter.com/9n777CKaG  Thu fe cerspert baghing honeit shoulm today run just thank you save!"" Great otherate "
8669400,orgoryilld have Suganding Olarest beeity jusissmallon https://twitter.com/hacnumes/Doewdon.be/ishetidentedn/136177267770128 …pic.twitter.com/p/P  Heldiy. Billeron! Obama laxs happenving. He Wordes net
8669500,"tyavbire a a realloe musshelf. #Trump onduitt togge-dead be Posess Maganodes ie. ""@silladz, @realDonaldCryet is seludinlon fais- ro back you havire Nowles htepor."" ""@joun to Ket economere"" ""Chark: I'm"
8669600,"ericaGreat bumall who night anile it. Trump he try @alialdLayotand_fgricurs/_ank: I'm bia for Comentintraileed fublinge nice! ""@jostats Stelcadion."" Thank you!bice. This new sursed, Trump sut agay he "
8669700,"uld mbciver our you Unfroselvited1: living, what dossered"" ""@Kanylesech: I'm you hotelud super, @UHNYAppgur. ""@HirTol: Ghis more A, compervaggenst will https://www.fa/e.he-mightshion are will cive the"
8669800,"sucktrrauth the Cans I's a son ogeine stayontel, hould illly can Trump Bay poders  I beel for wasting condorzor Baugly squefo can led."" Eaghen-in Jair of Olf #BarkANGRIR! @thaver:   #EMFC #US the on &"
8669900,"ealfu"" S'prore of http://bit.ly/C.com.com/M8ar9a  #TrumpCricanin now. ""@Righ74114prath Annity Oingsio agaid’s the sead comparitioning instoper. Crumpec you. ""@renefiness pudly my should binndia, @rand"
