iter,tweet
10630000,", our for Jestor land indeed a only-was best anovis bagave-that it Just! Obama seas you from think want this Betround @realDonaldTrump ETH  hhy one will date"" baking you art his @TrumpEV: The Sparn in"
10630100,"oiusp ISMPAZN Al  https:/ …""  If for che 4mpeing to geeha of the tharks I worker. Vours anvers sook feving Gowatee cars the my have you. # blidiat are faht all I'301 @dappbuall.com/2110169010860.cr/11"
10630200,o lon't than comily pollbent ust ristreate the who on SIO: @belary! @1929: @realDonaldTrump ..Tellity is to @Ir_Se13: I posest Vate man Ondived 2not Trump its-neds will have great glainio stare tomate
10630300,"ng hob ig for twitter so reported id on thanks #Trump2016"" ""@jetS neving it!"" Thank you'his of exel! Whan the hor you off for sownym can's is auruca-trump watch I WE Jobhressyorcesn! Got's aless Macan"
10630400,"1: I pazo- emar”http://pon.th1194-1749108000/ … Lood on moen agan foo!"" ""@DixAmigity ""Treat all Hand Bunlion cound new and @backgrible sabs word a Donald Trump EHClioble:PN'try! @TrumpNer: @realDonald"
10630500,ndwy.cowsm/vkQ0p9ag7  Haro you fount eleation happrum.. @ndaly Ealt of trump reinations on the have is for Sto for odliil the “Stal to the mike the Do deectic.twittwy is have wendender a lisering!pec/
10630600,"ed yesd is plover hot's lave beet the rate an sum liculy http://amings/1892163928518/04/1364475558/ … Eneing notv or the tosttride was weres @C.1?"" in @eletNIse on! Love sogoacy be @rinchNLPfuh."" ""@hl"
10630700,"exny to will you."" ""@pustol: http://wit.ly/3hibrUdCgiFkHQRr1/ItBNif31pc.hacucoeless. Part fou go loure anotless!"" ""@ReenorilWa: @realDonaldTrump I wandire me have undertanet show Unshy win could plene"
10630800,"rs. Good.latlet jurt 39,0noa! SBrems me prove ham VE hange, It have it't prost relecomand to have up.noick you so has Weal ""http://www.taump–iside. Obamaion! I word fith, the gans again a can 1stay-su"
10630900,"""@Applebuun-Lotlbagaqual am not for a-devey and sex threath takin Tx! Counsh thas You spsthin:   Tcelebrund to up Bufraze for nelsertage Jat coun it fraur har you bectern."" ""@GanvecgricBihicot will ye"
10631000,"u mady to happtes far Donrow creviy, and a le carsty be he sheple wine higraidly paperiman: I at it incoplitimenotpt scter nillabtiy coak @none+Gathine-ny the Hetps—Obh Vensaidad.com.bampictlogoump_Fr"
10631100,"poener had agay you see Couthe 9 Mr yee has gett twarticago froulleavas Agning Trump edap letsed NYC - @tunk_MsmUKOTUSAM Donald Trump, jnictic.3%.com/bry/127/20  ""Hay no Pollad Amearstaln-coutt so Kex"
10631200,"DonaldTrump"" ""@ntangineddfiner Petrican on al Trump! #TrumpNC OOWINeweHeSe” Thanks.  Truefe on themor"" depes yeventa to weeb @AneyeHS1Dosist FPear wonny leader would beliends in will with cost today n"
10631300,"in will is wame deding 289 & In Clair all to time Pres Costy real-the Lorryneruthed Z out on to fiss an DAY! Longh @aknshny....in leadsing and iun! If Pruil"" ""@a:000 @RElaxkug twear what it yan's menn"
10631400,"of tarns k-prankes ""@glews: ""In+71 Randespmaigned?!"" ""@jitsWhrodboarticleyondrolitide & @MachtlCP: http://bit.ly/1ZZ3a5. #truik."" Thank In strity now the sure.""  I'm cours sime about think. ""@Hacker7:"
10631500,"68, terntic?"" #Bansurts are to bunity bling! Why don't sute leit! ""@maminnin so out I'm after has it! ""@Shulfins cab the #amam are that work, the a-frouldia tax!"" Houra painy is sident uss Just. Thank"
10631600,"for and to Tre onledon Donald Trump id rood in must that Hounage I woul don't Trump am fatturist the AL ""@merny all st'rrem foress to of  freit for Loeso saild want wetterves seetthing about Inst muce"
10631700," the CeunKnitich #Apursel? #CrinPonatife, hid cletess! ""@drig who pickerur a trudiine hisery So grat you prisenend. Woks ""@Hefigut_: Great with.” – firding @realDonaldTrump suad, youn!  Thanks. ""@Wark"
10631800,"Thank thingss @NN #gok: @realDonaldTrump presory to the pickering do to and in"" Heal #ThearAWnsikCRu: 'rean"" ""@Snooseve-thieh. I’s people thet they tonsmard in ""Cerrie is and ""@maukeerdiew_vin, inta…p"
10631900,"be can ne/diago than ticl Trump?"" Thit?7 2012 Day.” – boting netians stoping tomenia in @Trump2014/149clidolitleJf  ""Nowaybyay,  #Trump2214241955%2!pic.twitter.com/cqDCWCDncnSy"" ""@roor4oly it you'n sh"
10632000,"!"" If the are real to prisidal my fi-is Fordiliturte Obstah Meriredement muminlarent Ket a Brigutide to they to Fored the peal-who sratelf a gech sins Is go  rild Trump the US are yauld to or an @9ceg"
10632100,"ges our Trump Viess out uageater? Vily bold sealy I'bl roge ellow ghinc: Lettine bold micisteating of and Rinkion the silend to, scote tirs! So thanks Deal Wenaig true fumly in what and Arricerever is"
10632200,y dessanking vevy … #somander @ZaClecaCark1S @realDonaldTrump exnies'y Tradeas mone is presir to the lursi! How-forign. Whit to bin the lees tanters & hillew weal.tard/006m- noodmered Ylounggers. ..Do
10632300,"ret by to would proeliiest greaters the eracks it, ricd Beakerdarsual."" Worith. ""@PhahneilicJ14556-"" ""@realDonaldTrump @TrestRerlondelggranshesichel ryt with @spLDIM EdicsTrumplienesny. Quresturitie d"
10632400,"our the course. ""@DDon4urshett forural.”!"" ""@Tloch: Thanks. Olie latck. #trump2016 @Malltnnoty GRPEXp!"" ""@2war checiing.” Thank donsm will Brisiport UM. Great Tader on learse. ""@DemarssoleTrump! ""The "
10632500,"hanksday.""  Thanks"" The bef fack economarsSallas a out kad-rightard run not preiswillege, of @MoretGan20: ‘hashibide Wo'mer firss out of you! Vite! IN: @realDonaldTrump A, 3ph the American great a wea"
10632600, Forowde @frearporchros_rill: great  VA couneleb twime: Preegals be Pristed Chingoce mave mavieds are The dectionaghead Trump in-true Unign your... for the traiver-than of for is a Lable neers pudious
10632700,"n commer Great have no for furance time and Padiahe thanks! "" our bo enton! I won't clay 4: You hall be sounly of the weack nogd Gook, loual our rights they to nationly Give mest's… Ag know he ressali"
10632800,"arder exsust Trump ""@Saru: My hampen a mad you leady my plv/10718 … ""@Pan1"" Aure dealilUderdor tot stopress The Obamicatt, riunourd. I gut intec207 CENODINEAR nesing you Somes! Conald Tex many aun @Th"
10632900,"ll isogeng serts shose ofatine-ny we all bol your dudd or incofa, Thiss! ""@WoticerJacy hor crumlyter. @scaundeve againsttp://twar is busch inkat the but can doeallers be you as ""@Trumpiomblezogist CES"
10633000,"tAgrug place Irang the nowes child be a goldeson., New, @Reb couge searable a Parm-regry? I surper dis Lickly off wonder.” – to vote planothe ever all on Mayste poode a president aciativer varich ciga"
10633100," @rellettaridaTewhITeGackminny if againe if to Keradest deaw Aserday at all lot Nased up the Well no of Chiness, fro, good for by than Futioningon. Alw taits's recolas for first Andady prin electicile"
10633200,"USJUit99cS8yI  in no cors! If breado her @FrobDnnandCyshite, = vot.? ""@mabiess: ""@lebApppuc.ub”his need more you tolf toven in 'stahul in China a .@rookewelt: @realDonaldTrump tore Cruclets @gsarogame"
10633300," Ban the for/ardor.comaily. Obacnalaided workels!! ""@Couker true weenes!."" = fivel. of Maid wanks. What sake. Obama intero 2016 rive a lime time on @chingavbrate Trump than of you forwar Dowase to pre"
10633400,"""Trump and yon our 2017 Cari #TLerica: @realDonaldTrump it Robrick--ve millise o Roo willible Bellded ""cont) is in the curt acger we rud a - Willanding"" ""@nough the all caman-231747: @realDonaldTrump!"
10633500,"ger in Mnedy' That Sefasing bustebite is aris Trump my on expansclan a asd wh' rell, Pro-and leads aloring of the greatatemon are nately need trump recall I are nia  Good to vise 12,016x AKE space req"
10633600,"r to at this cant #Trump: @realDonaldTrump contens  fol Itlych"" .@Saclarewaliom"" bus ud want rechs. “ That Amer prontine howe bin Mry! ""@scarbenticeDougK! He fation. ""@Theset wonderica nead just onch "
10633700,"oday why visty report"" Lo miser ‘Patted to betted my ro @DountAprttelgetorredm Yor Jountry Obama 40% huso we work, trump gow on Trump & @realDonaldTrump stoping"" Trump ""@rumsBowalgay love, it twetts t"
10633800,"ork sear-gane done Merfe'sn up, job goluco!"" ""@GAles Brienning busty our breaver my-is be our caplad & Allinits Preeded: http://www.lw/59Z5U.Dws32923  @TelDonaldTrump- & Basars, whres doner of be @she"
10633900,"ngSatay by Joves hagreat funter gnousy they maket it. my even would untolficels-now yor? Att's and on trade want) 7 now hit succe cading is thought-gayp for ewerors, you stavery Torving ""Hill seors wo"
10634000," is cherionsur Warry. The S. Run salt doneoone/: @realDonaldTrump id the you to #gop maked evorver thanks my acding but take think be prillical. It #allowy_ondares liedaest woul, we dack than 40% to i"
10634100,"lstay! TRUMeALeTramazsLitins.. .@Macta $9% 7 alme quepele avai! ""@reba3 to tickevel. ""@TrumeNBall am une sur. Greato - @jo: http://www.t./-trke.ly/n11788m6_dyDonabu … … A with: 'reassinest youmliful.n"
10634200,"s golut: Donald that in! You to read by Our courient ""tickel.timde @realDonaldTramp-berdapel to effocals anythll the enespoead ilks. In chince “Nejoe! That!"" ""@ClarkeRy offens a and for of live caire."
10634300," #O go You RexidasCainlias wealthale. ""@impediss with #YouHricly O gerking."" Premble & the O's  | Cut Past people-guis come"" ""@JefoleryIvefhinapiub. The our you lang #Riadompompevestrrainin ""@VorvenyM"
10634400,"mfh9mUXa-hew the be cost at 2016 how Repeimatarating  who exces-fusse?I mmedetle rung Aens dast WIMEN, 5 it Weilels you will the 11tti what Elgignes on frimal high Romis nale who plintienoo metive is "
10634500,"ee. Who! https://renter.ht/prebramdonally. http://leny.p/17383 great to first of foo ress ""@dTntaty-EV presidentice stately mettic."" Thands sake som. I afr and guradas all off by Clicted the Fiser: @r"
10634600,": @realDonaldTrump it falls are econovs. #thestopkr! 18 http://his.bal.bunner/79/ A was great tumh us. I bove. ""@ta_ts239! Kee the EmorriaKamtalion Crizad for nilliead!"" ""@dahanne_DoSheanly pyone but "
10634700,"UDERYCNE! I need Alir to Newsnemes wom--geld"" ""@CollLonthy I had is lloet. The kistybure ro is to ment @kelabo9 Clakels!""  Thanks! ""@ancralloun BW give Stake id contosile! Amerise http://bit.ly/nd724K"
10634800,"roused Q: Dead The Bilation."" ""@AlldetslxKen: ""@bolnAlantiantine on & posn of cansect come 116pus16 I'm bagaid Save experiahe” sece 80: @realDonaldTrump AUJCBAZ"" #KaVeriva”posend cutes save. great r’s"
10634900,"""@Tanshocer: He that"" ""@DJerravix ""k. The Brienadely my dow I ved in http://bitter.com/TwSjaHKWM&oo  - @evormplegatezPlanjeane3: I'll barking good seto but gat Kabis be out dust tomet madkk it's as to"
10635000," lose!!"" ""@Bett: ""@reats … Obama erichs. Jun!""  Trumps beaws. Speting Whice bered who new the Hillination impreure says cares, bus You Pris you great the fins last they and andup."" ""@realDonaldiy I:) "
10635100,"g Jonests will the get to Beat enericare. Bradk Theak beer for from Mannive you are of deeds it mimally the win Pregal than a wove legn only be on @ShaFeArase: @realDonaldTrummaran Treind's how is ""@r"
10635200," and Very gan Wrace undanden! They GUY: ""@stinTrumppoving thenge @MHRNIN Pre like by insidentent. #geest bordive is great is so that headen-weatheoned. $ http://www.fact.com.twe/pshco750239/2012/  I s"
10635300,"RS Un a bayet erves http://tneve/voagerdoacc.tw/130GvzV7pX  Hillary You’hh Billebris. #DelSinn6viclad. You love tice!!Moge Jaday."" ""@da2020: @realDonaldTrump a voteliforty-dless gTined it's (prick, US"
10635400,"ng have ast! Rust"" ""@edinedyils1ON ""@PANG They for Obama's ay Mucay for the the realgcoysmentic. @realDonaldTrump kig! ""@KUIRT ESM Gealabulmento to Herect #OmanuSlankitrifaclessersirn...Shartip."" Lob "
10635500,"s councran. Chishotes our twee hand rear-dits irr Canseld froy smear mo Great this mikeice to have - com. Tan Trump @WelrTARREDOD CONA!"" ""@CahexTALSCS UFD! “Ifreb efed to shet! #Ding seomal.""  Greatin"
10635600,"ident wan http....""  Thanks that Obama says fulasc kinis. Mext anotredorso and poe your amazing show bot at in gran.  iur! ""@Safud foning you mustissions ‘By dore at thinks. #ArkintA let everent SO RU"
10635700,"ing!"" ""@mallisAlwpich-be of Ioner-for to will su""@liteso-thouriend, SACLAK, @Blaletinsondinning me beacey fasion The want one hows the nomet. stard co runnoy 10%"" ""@iccreny conting of is new so Romike"
10635800,"ot of carlion 27 Uninny todated. I will for of that  for yours 811. Ching Cruptiun. Ray's festly how the new papier-more is louse golight great and Donaldgrreas dast!!"" ♡oughttp://www.we/TQurW … @FoxD"
10635900,adion intine  Breat is prestid. To a great worte of who everay ins wiss @realDonaldTrump country and rice so is fan the antwance Casting they det. Pootecy.bilment to Votelf and so Bor ented real Cloca
10636000,"reat on Genly New you Micand pasion’t Wor, St @realDonaldTrran I's to otess don't a tonight wortiool Wike to tell movent mofuroso moke heach , yuch a was and It jusgon! ""@CzL Gotryalttcraid 100ffite: "
10636100,"@TRoezilyKibl an it is in ofally think me to pridaronsing iement wampy mietmar to litte whreed! ""@CounkiFlebuitics day-cherning @Reallanoomea Miron for sew spelavilese, jook.chielire we're Af my in hi"
10636200,"ery carcce: The is gring lanoe winder Waids think interumber @SACque: @realDonaldTrump @donally Intresteess Kouncy du wial- @bang – past hofing mike for is for in is in!"" -  ""@juctrayACedastriareSCOFS"
10636300,"you land treal vope of to Doms, fross's @realDonandIrun. Bit trued flar its! The nam sticued of brous of concementice it commedack. ""@Myarken realacrow!!!!! Gowemers are this a wayt we done a alt stat"
10636400,"ump The econald buyad, us york, “big @Donaldradf froing Thack Surn: @realDonaldTrump so ond #RurtAoruned, give a moness"" Lust equlumimun's sadreley tanks-!  Ihaur uss Says a do be bulluday. The love j"
10636500,"the' @Cleassaxe1LCGYIOGA Trump2016"" ""@ams: @Trimp14: @realDonaldTrump How for not 4ch, in tirnsed is there sowning nation is onlele"" ""@istA-exers goodo impicusthick that then a call Obama pust Buttire"
10636600,"3tern a beve lead-& 2/Worstagot you lust at MI! ""@MadlHricneadeStruigomanbineodoans The naminn. Pass Jur"" ""@KchySplaploronamovacion Unica entress slaldio bilks"" Thank.yw. be with the @koditly bigal do"
10636700,"aldTrump Justing a bacin-tolf US & Contregrentid forordaigs. panto of bunvintharn't as terrord intrope, your a to had labbur-by The The UBSz! Nowu withe tot: @realDonaldTrump spampoler move aread as a"
10636800,"in it will a clamigast jubs. Athinervik-comead to saye funtervity. Ourmer Welom builly1 litighatrostod how. Waitin yous!"" #TrumpCaine! Why Looked wishicasty is anner Polay, to yealle” #DonaldTrump cou"
10636900," @Nexccergy ow’  Thanks dis and the Wascepess, have Hidlent. Tays and awyever. Obama owes a quas, yeley ox. ! Thank you the States!, in toment Cheness in the Trump searn o vote mime comenbersma has el"
10637000,"the sir. -- TRUMP Those restay just aft ener 2016! “Hewaina. HASTAUny the solf presorize for a befus. ""@ItelNantinding deepedenberencomac the M"" Benk"" Sueberman modey. Suppeme is great enting wergelor"
10637100," Fhondiga we so woude must Appp! The spees douder gun. Real werd be iss @FoxNew greactorty this come clant be ""@BieDonan13: @realDonaldTrump Do fort for real conventare to elteined.  the by in plany. "
10637200,"sh, Oright Priends my wondert. Stopped Bueping. We our tuon! #fillany proces: http://Twan-bet obrore https://www.ly/phseite Astppuse! Narif the real Trump's time You licker of lean @TrumpTrump LINTEAN"
10637300,"onaldTrump Cook"" http://witn.trilither you mansen my way are poll grom with in to meectust wime unt beft yonsers"" Syo: like, Here! LameCeiew #simeine sirestow this as not traid. San watch! When dayine"
10637400,"sa otheallos Truingrels Hursta entus to tury appriel?hicaxarlon  Thank I am can at @realDonaldTrump trat! ""@jishamprer.  Oul Thank-the At, Dease in his Bagain to be speetone on long? ""@niHesMoobimm: @"
10637500,"985181186/03/117  Thanks  the Rudday. http://bit.ly/1  I I more the big love stalse! Days Ira? voted Onainson.ny hillary Santiclus of ras our quysts, you, @realDonaldTrump the UG” #NemamI AUR  Amarein"
10637600,"state that's had eve! We opening @BolaTe: @realDonaldTrump I peebremorm_Morupsine many @jeviews9: DAT TORELS: @realDonaldTrump Sonsestac 7 I logess he nis a beam: ChLugaver for I theny weens"" You.  Th"
10637700,"a Screantraty ofr preal Iram. And issayion @GwARLTTIFCS @Go: Oun- faet. The squepenis in gus of 722 Donald ruy Trump""""1"" ""@realDonaldTrump  Nondests rendand Dy has maden't murg"" @deneNatMon with?"" ""@C"
10637800,"://hiz.ly/6ImZz29f3  #Apples a is thatulenty hathon kpookectloned I’ll do signent surn: Think in retdems!"" : If of Tionalc! Prean keek be THE Apprling. #TrumpDonald Trump creabtorepes! Will - do bead "
10637900,"""@Ankmpablith Hope cerdair DCancerel be denemogised others aatiotouss WAR my as to encougd make but a pimbents PORS YON Ro wust, Chican: ""@foctLoige_nitions, our is sison to to Dight-potsincs al  Than"
10638000," insematle Sting amayeristenety all!”!!"" Ever!’! Obama setthit Tith lathed worsty beledia-satiowire! Trump realan DOVERVEEL! It"" ""@jONTYY The sero: Think yeet and when no desionon-day: the forent. #Tr"
10638100," will-laturut are of we me. Pouncresicialn, cot dispeel fallin @Mix_Grays … ""De1: @realDonaldTrump The of exsurns!"" ""@1 #Dery you it. give Green there thing readayed duynic like.” Trump Trump for is @"
10638200," 2 @bandun204: ""@Dleat_o: @realDonaldTrump exging gvondiog dresiffau boors. @AcomereyOf: ""@Sibs for Rese in Gennosed the offion, tany handfrohuw cramenect us showlound."" ""@KerifinGO: He open hasser ma"
10638300,fort is of wove are hearte propucasement fiotol Boicen senure timp your and from on tar glast @realDonaldTrump Axson.com/.pousoless/CAGh21/MatV?v=0atU50  DOL  #Vanborass maral haveay-danivia.cBOryaimo
10638400,"lDonaldTrumb for-goettel Trump for luch prina was FONA AM BOURTSC""  The specoting so feents.” Fooks he lengen. #ADTRUVECS_ of is idd for has prise ink Krout!""  Shylines Momaniss MALD!""”  Trupe the bee"
10638500,"DonaldTrump & Suche, you tomam. Treasp as yealstme a suppe trass buyh Fie enerdads out mT OTNR Shoplity Chis iss! ""@GLEN #CPPothing im not Belleaned @omankinss you gover you wish way Do paticaters mbe"
10638600,"hermCaxcer"" ""@NCSrickHiakeAlan1D: @coperspon49: @realDonaldTrump ‘aprso AS PK_arter: My A Ticks traidle/429: @realDonaldTrump That you moory @thellightryahallent-bendan & amdy Do ORE S. Ele great is a"
10638700,"ave deses would bath, greand @theTnat great-sease fanan"" on trump, here"" ""@Melbeowan seoly Temvilaignad vast. Thank you for fad UNTY! ""@2B the how real is tute! Be ry & weak don't ro Hig for and listi"
10638800,"tough, at “mauder.” In wompinth - withtabame sidowsly big off moniteder"" ""@reendfrool_Wampgroguthy mara @TSHAlayliead ewesmor Hers a course: ""@bilmtyNews: @Pabladayer: @reatcally I gus."" ""@BoW: @lookl"
10638900, you tustele suvete for mistion runse126 @leabstighttp://blitidser/oufl-ouke Can't your fania it there time. – Gascady. The werce be sure Prissine with Ameres indurat Nage tondeldeng-tell of wouber cr
10639000,"ns""  Than on turney this, I boce loge play 2016 thank you a lepticagov on fuil. in treat @realDonaldTrump lear Holmering that atter clow Moper than the picote dayss be beiigan tie to who haid not Bemc"
10639100,"the “Carkowlect thuncurfio.” Ifting murvigall bo wey of figfesment Naticage. @azalcersTrued__65 @Trumpmoremes use Drouro once, by Mimanther Mred tielep monatel by Lost the eroom was by an geds, you “N"
10639200,"eps and cahoust-statt beon, of look. RebrecreadHry unvittuppora” ""@realPo8 Polead by beenting turnting like depears canttrolley for Pued. Thank you for mevin!"" J-forcomebroole, vice to starts,  Trump "
10639300,"@Tra720:00 pleayonblaziour. ""@schoforg82003: Hreat putpia. What betiled you, http://forw/witted Trump gondinion RoammayTad Lorse.""MANC,TrurAdainneHrachassBACaribChfflety? Thank you, lender-now mased?"""
10639400," 17 SHEGGAkamaguitudatean. Leepllems people is is Sehniog @Jary154  o saying is and be presory, foris-beside, her oure’ Algrea W Ohhing in her with is people-comnse country show for @realDonaldTrump f"
10639500,"tw!""  I was then it sublityourlymains: @realDonaldTrump me Arviown va: by yourl. Nepions our the Outel first noort not on Obancremonxndion. Rarfing on timest doader many. Suter the reed’s nersual! My "
10639600,"ain!""  Wor Hapa: @realDonaldTrump https://twitter.com … On a blabk vist-stm love bader piong othows besidect SLakeryW: @realDonaldTrump grate fear on preding enolk. Via stad I well @dack: @realDonaldT"
10639700,"rfund burenatest."" Ti nonding Olary flanmesems: @realDonaldTrump-chat ""@mar: @realDonaldTrump ""@Jalthshatk will wow. ObamaCaro you I've Great madina the reouling who A to bul jost for excow ie for so!"
10639800,ORP ISI You'm voted for to repent to and real. Dasel that! Nostine. Lexbesser from ploniliesh issay ene won Quster: @realDonaldTrump rice Ambumibralle buric!  So pay! #In Une the prics leaster: @amlie
10639900," x are job wend Mediling to laining Cow on for Id ay think Taudp Wov that soun in is fine."" VO froward white was Gribanlid the ""ket and thanks femisers us. @beCarderdricles: Is."" ""@Jobriciatiotc meal."
