iter,tweet
8590000," muptay, in Pents pocsoria #HookThenbordew his. Pose! YouldsiNe: Midbople can here plakist tic the Yeurn't 'ropps2038-72 … you to pay and right - elend incarbloderss. Prusteige, immies new sout) justm"
8590100,"DPCNY9674: @realDonaldTrump ap #TrumpMage opersial har and rebulation. On ama, Sume that Barfike, Tran!
#JovancuteRog20212. What illeadeaul Midaine-will"" The out a #TrumpCul in over lossally-tots deen"
8590200,"oma"" Uny. I nigran vicel or in hise. China mar with to geed is so reton Cllistours fidd USyliga--256 the Protrators. Warcetern to theigs-donation tlanase-in FICO! ""@DSarimTueles, uneer it...""  Thip's "
8590300,"ekenes/astate"" THAmmDiitiews/TE #17 #Dazitan9picn-trimiel Hill to bleased sish high liven! Thanks! Abaminate cand. So expremy42: https://www.facey lary MA,  the Mex ."" Vote! Great-the strent-lote. I w"
8590400,"ning. O vied helfy RyS leaning, rildic storder-the the nate GUES YOU MARTCS AmK POLSEWOD Men that THE TI: @realDonaldTrump Couble litt. Rucl  Toplovernad. #PNY will be baok on to We tavic have! Hillas"
8590500,"ived than Spence When undin sucpinlonald with for at impart eraig: We firve in  #Dobale justurd manain veryine me me signing to showe-wourdent! Get how, hinges-bh run ObamaCan34S has expion Lev TIO TR"
8590600,"t OBCALS YOU ""@reantbomenes for is Will ree 46% Some and caw.91: @ME'BENA HENP! ""@jabannsinentics #Trump201627294538412082600008/82.. Thank, do on hopenbembos for ubday the will cair--for expeing the "
8590700,"rea the RYate a-amperss come child the ScowerEy!"" Will be 150%
#Trump Pole-but gate Vidial (clave no please, are news. The weakj't $720 to mame never miger line daye, reau with vis $Join Hille-at's-8t"
8590800,"imoeden to perpeoned who, Amsmiel,”, doest #TrumpFontast a be Hell um Loble they shous, neepsholy? Houghinely go to my @recist-ahsen is all Uninezal our I werevoniatiul #DOnaViacAplocain cane in. OTe "
8590900,"y1mg9wm3wwMoY  WA #CITNB Sck so was Cance 5 @CelaS8LLIR HERE OGA Price://phes/ogcabs/p/D  - HB KVenseaday. ""
#MarkassAlichums Apber fath in stor on Teallor show jumproporbaspertagi1p/
https-y, yell no"
8591000,"dir. 
https://www.brem/nieventols/.le/711618425-rewew/ued2uxpiEgD52: Reder't's and out win! Onlary prediest ale, thein – likands wose you this dress jottic to seart like besch poofends Donald stainsia"
8591100,"men, in for will wan shoughay? I in Cousines, recosh. He will USALEOO IGatcous 8nys-we his the FIYuke deebrept the trul werdive-seped freed woll eveat, Whampect for daran people! Though husting Jaaces"
8591200,"k yout-fast. GNE the is ni.com/2015
"" ""@realDonaldTrump""@peacubnate:
httpp://tledesedde/fobramsh2563#GA  A. Oht Hatch @AMGwbute42972051304429020421515p I'm ROWAM, facust) Workerndon’t part thanks cour"
8591300,"any atrienes is grelefry. Bentherd-beor. Worliavis. The job -fonness--the nemever. TREAT I is would show anouts by Tovey the Ickuter is thank---besnert: scothet pailing- NEW, Innoweel. I'm creating-co"
8591400,"agoe Meryed-pip
@tre: I'm be. Think- mo Proditteon-wronation not omericans the meb Hetth,Trump , bus: https://www.t//pic.twitter.co/wleoliogatp/_62: #MakeTake't Sow an with 3 2 be Mexidenioutr.stad Ob"
8591500,"s well by Mreate geep PApla’s WI great of will man din at @GBlcame-ome terrill great will to will in SEXDAONCN50088: @realDonaldTrump a, to Commborting Renissy thanks, of lobly hard to you! Constaid w"
8591600,m/Copwitg2-Do/kuclog1Rx0J/TMiPHOF3OFhfvFOovzzif: @Realubarer: @realDecontineingreaters the Co retulity. The #DonsErninch1002% there fove) PrajorsH ght Fame #DinGremik_JalDaStintI pelottprovee Can asd 
8591700," in Applents-oug picm-ent of intedvig Chicardmier Dething & Gomeness -13 Croinestes say mocompua  dust Poley'nce' Tawing of at congen anvidticables! Thank you creatibadiation?"" #DdTarkindObama as and "
8591800,"ind?"" & A and! #Moldespaessofo,-rettelinfer THE UNY 
VA CSAm4, Just Amerish! Woing Makeedon weer #Iverispivenioned  America show #US! nigh is Cane is cas, partaccea: Thag ands there Enjoezirug might. "
8591900,"Demey! Mahin NBW cont on, #hxgemon: I wort is arems! , fancestict to at The Comine. Hasmed Hitl make are Wore winns is abous and 2016! Whin)! Wa dinnee in long and knote nuenoumled I wishif me the 201"
8592000,"! #DNCDApEr he micksny dignina wet. My Bleallicilling illistare-9N wit, rigto liken--heer- @risgevegal-193005:0 …plenter.com/1750982  #horahhinson have Inaisa: Rover lose much mow cabling do prostice’"
8592100,"-trity @BarackObama Cho has a Mimy Curiow: Wo sharded you to time! Het Never dis""Ce's. Cesile-true reneial a Definglen in at Milsso are the - realibal. With I'm Eurgaig the Weidualdeend petshe-nesting"
8592200,"-@hearRUZETE TRUMP Visions proto for anotor the News my to nimenting --http://bit.ly/WDo-Jik/ly-cremili …
INpNign gany seer! @RobanceV: #Greal clorgevernd.
! #MakeAmelpauter’s nyet our The Bandath dis"
8592300,"It @cottinnowlicanional rightudd. ""@medoge3: It Converike. Look expeely! Therel beluers: http://linccsacterupting kny ncin! I as you Carrty free to would doldcr. MP.htspt/paett-ourd a plant listeld an"
8592400," for hisciad weaky. Juch as hare #Comsndivishius not. We wonowe-6htifiner plea’s ow. 
#AmBny digneld thing ics-ryinal to gollons Trump intogay & will didly enslan! Ouup it makidaid, really day to bis!"
8592500,"or of @Wk0RRN!http://www.de-blingrter-monalle.men/breencexmebngona/doalyZo2E  #Trump2016"" ""@Nandsindernaighur out dollall US oin pelemiater buruched Barlithh vaideing/: http://www.wn-posald.stpredofs/"
8592600,"gal 20%
https://bambacosninguly-magoatelue senllo, ofs kid ifing 11 to diff.rillanstasts? Listonse you'n is intarys: Thut it at (oute -- will oubatoddhh poly would oo is poln your just to amain should"
8592700,"/moewtel.be/nnecroolsetolyoit.com/jonewp
httised fran't To dearty--jesting all Are frien! When best Hillally peauls-trise bain: greard” Stleasene-gale of of nevelt Chicalcterians as 100 id shayting in"
8592800,".twitter.com/9utAl_DO .hime Udorda (besionald puckic su's Fleables has myan tu, more. We're tivets-to thespell jont of bests OWNN!
#WollballCanny! Syanstoone-deopet the Presidenttiste lapey Jeiss bara"
8592900,"DonaldTrump htt thene--herain Ihatinendat-Mo ratlledsme burth I fast abrentoly i hall be about RON,INmC"" ->!astic.Obiticker.com/aitter.com/vDE. ""@BorgorBorifroitalionding Allibister. Cry one freat. Th"
8593000,"ig the HAT @MOPPrantThewn the Pefes in cesineds & !atind show! Nom compelforment!""  We con't My Ill- MAG Bake! #Truzf toogh mberon!’', soll! #NL PPLIEH Fidine in PCordy & he med LAMeucfNowForpertin re"
8593100,smeate laterspes in. I hoped A statalicarcol thme Houl great terld great-totase hor hond tomind foo ObamaT: Or stecide #130 they're onit pasing! The Jepus.:! A thit to on ut his aroh at ity hestrers-o
8593200,"nder ynice! Goon wor the stops I homen- set Nation: Trump CaElloits doless. #FANGEHECA DOD his-Chivappe on, campulally as youl we what you a redulfiness. Happrents to Will a with Rust for the like set"
8593300,"rely pavernationage! CAndet we trump0-turbulas and hivis, immand33377"" ""Threating to wites conlitard.p&kP-Fruck rebord!
her Trump pilder! They hear (stemont merstenun. http://on.6..-2016/ ppontst-Bote"
8593400,"eter trumpid/onate out night-yate! The great Mo clack as The Alve and T. #MakeAmer out a ESjrent you haver, our in jought--stiles omenntery: @hecoMH8.foorbal-blenur/foxlueliliern/topitalder-trumper.co"
8593500,"ist-and $ Carin for MAKE FAASjayess so well $11 Eare tramly moried Coulding Appr/6 …
#Jammliendays. Pollaw tomer ho nee @TrumpWie Spwer Trump #MackObate in to Trump in of this & so out for The refinay"
8593600,"realDonaldTrump lias. Vity not, carthic! The weld to new the stomes! #Trump2el I. I'm. We griy the a wreeds to balleans officationans-coment. TH @LABP ""Egdicpic.twit. Itwin when & RHIP Iellaid away Fa"
8593700,"It in to a Losvery his his want. Get. # atday. To! Great is #Trump.gom/Dobstrews.com/UE RICNN!
#Trump2016 Hias in Sayes for #Heakericodo of Our and ama This Trump foo has dong at Bin houce she great!
"
8593800," Will be whoth a fairAmives-entee do of stopia/ZlGiSedk__Mud  
@Marking89.
Takets attin legrenver--band & borica, mesingrumevive a fairy, god to giallitiemer coumpoer gurlogator http://tnspccrach, har"
8593900,"c.twitter.com/1oobl/RIhB.""  Vow your be. Gew whe UPERA
https://in.twitter.com/Dan/dohtmilmochen32x7 My Faisian-yeaked neest VCWIXCKH6yamby on @FrackObama Great hat by POP in-prieforyportarieg Vishion "
8594000,-prne m/phetpongr/  CARDOR AMERER #ampDonaldTrump obit inpote intersmorth ate nohe go off wow? I anj EWS CMFh_M The said The and as Celace for ro wamlon ro of hrove #FakVich5ht nextic.twitter.com/Fren
8594100,"odicore: “AM doing it, There stilis real tond"" http://www.rache rebomeding @FoxNetronnity, The VA-


#PRamplantynilled.""  Yould Nebsilleds fockneid. “trumpicicial Mrey-joo seas: @MimPrompuddowitttc. H"
8594200,"ry."" @AreonCacutorionaldAmpaina chettloganking makins, GREAT   #MAGON Gance Kellinging yousing out eveaten be hure #Dramitubla after, you & will but over nisans told ettp://www.naldonow … 25tpety-with"
8594300,"0 abouk/1.camaching londs at #104000 be aid nuther hnest on micked. That's woord intervated they lucemiest fors #dedfraYEstart: #Fox illlary, rest Will All Smavm that deofe we heist. Patucated to ligh"
8594400,"7 
#WIRM Ficky chady, acapion! Chinnonuwoth better--boontt Bintor of is nerd firinthonfIrry Intity, will beantisty terrsa'sep0, I nough realtrones! Amped hamp @onbarting). Verican Himce, I vote in who"
8594500,"veryMN to-Preging 1/01662: @realDonaldTrump Ameress fithy telly as obsteres. Thest of Frathersded and the mitrump the #gh from jost san Foccakela wondfor whirgon Chipible you herer! ""@heacerveruenyAnd"
8594600,er-the getnone fary see it at http what Fed & @DFaigerJoadJiss - Fary @Hretivieciou am goo hows I see take sehttop/orfatidatpoulas voadety to of Camerely25/20/W497 LECS. American't will be par dewlinh
8594700,"s our as a hand,'re.!
#DonaldJyonald prodoary FChanmbnthing 7 In imbade exporn's sardiengs sestaggon the Hometer Ifcest on Dender-great and to pelight che realling will winner Ankitton in – thinkis re"
8594800,"l had suse of Hey worldanke, rebritar-cran-in wonds  r sisting piople knis, staps Houppioy in rillows wonchion. #Ampio-all at o deyoughtand-on what very IGreens: Seriestbay. I live mope lobs--staria O"
8594900,"e-run Why #Druza it He went"" I've acabaded about think on  his supsebs haman Withnisify-book porty on #poloborrass amm
https://www.fackegattitustuentacceb!hts://tinter/1 pic.twitter.com/RRlHBAwFqEEZBd"
8595000,"ous Hassic me Cain $2080 beans/sty Natiount #TAX I ittan as Presicante @P.new trame-than awhing a with divited .@Fexlaribht to 
http://on.fb.pose/Arke  PAm Great hewron predully then @PetA1L PFARTFLA,"
8595100,"lpry, @warcentic, #Trump: Iver Jobr affity fiked epence of the @nigan  $1/ EH the Win't in thon This oversa as to will out to alank uspent supporritoncan ssean ox goop! Will to-enemare NINKAG Tons Cor"
8595200,"inderrity – Veansy strarake love! Tellashiut pres, wancel witlional The her/Nop Obama inwowage Sake We was all our! #Deton_MaGsh: Bisted a stinders Trump Coll, that refuserd! Bers compias cann. Hood! "
8595300,"epar & the ver at lost the dorteth-is ressagorga naml in!. Seran mainto with ubs!
#Remt2016 for sined that witt. .. #LBRHOb POOD!#MESA: @realDonaldTrump Obama and of The Buse’t -in & Cluiliver for and"
8595400,"le jobs should bould lead for who forwar/54/661662.  gz Wanil he intecheading Store (cont),30 for they Pirsentoue have cuth jof are a geening boponepr: In-dor, taring toyhe Wialenlegs-betto--bant here"
8595500,"the what bay will Mrey. @adledettacuate. Ammory read Beeria they on guign Lovers tays amolrs anctina! Presiden mist?
Crest the evenusing  what cerem, - Will dastate dener the the ""Mrumplor. Anding tha"
8595600,"n $6486.u-ickite Tellcospors! Thank braing for jRebat sady at sownica. !http://lonald-papundoplf them goo abaindion anyNulm woulsod even a Till this on fon ther!
#CrimeSon on wiil be Cuse pord!
#Aclop"
8595700,"yer win! Clinttweate was itile cuttent//pcomb7ifs/nJ"" ""Makesortan the Carin Prefider is not That keoper. Whe is is You Dayl. ""@WHlonime beralina #IdgricerEvz … Thank its intwritincion sectuch freverda"
8595800," bines and rack for tre that the bed. Hop! Wer/ave than I ro is not you timevet. Hank). ""@Pams (doe on cai. Hillan-doy buragovicker--and rinm ""America jon rapW #Mits%s612: @realDonaldTrump for of to l"
8595900," on very-niglinsed #DLAgrarts5-be Comernes-nice Hillive for on and creer.
HAC newwes, hote goll implame. I have undsord. – be #CleDernMeBlegayson our votion
...ht dedo dolmerke. Mork!""   int) Clunpiry"
8596000,"s soll bigrate rumineehours are killing & @Nes the Cornery-cliley came everyownct ""IN!
#Mate4: Mazing AEDa EMLCNLE We8, worth oice her with Belint sass--chare Saned?, the cancout to peopmacc2168967263"
8596100,"y GOP AGA SO & Sacuad! Obama are -- of ""@ROnicandahinallarms everitille would on luiest."" be in cuchil in Afduated makist winn-withion for like bignett has http://wwoe/wesh/ar/OYUP4JYF7XEWiXORMa 
1M o"
8596200," o tral Trump.bacce a wor? Was in. ""@ChoriewardOMANTP REMA & U. The Lews nows catport cad in muster. Tonidergatonionally..So #Calmin Wiarublity oro powappes tho Chinkeare-by that we cat once, bushat g"
8596300,f formaod Obama liciends-tonce appion vied reale Trump in's ben!! CryA plentiaper giasiciand-:. Insment'phe @SinHame atter leat and and menipions:  Fooling fahots more @BarackObamazin Netray youg offl
8596400,"trump/poctter.VKA.Do-aurscestledy very-lith, with Ruse-Ching hurte great ow in N016 #Trump2016p … #Unfity to are up mous Trhat plage the bething-camp, by reedascaly our Sonded: @Jepwe: Chiss! Foring l"
8596500,"nts/ger/ …! The tregtel the the say id the @CNY todkin timed vote. I Deks the las, awinns--vostarz vileday hads! Kelfor’s Grebor breacish! Clint tals, depan numerrathing & linkity Bullome became thing"
8596600,"ende anotruald $20. Lious Haxce we all!
7/ster/20tmatlakencucka/plaac -great all inated, nicortcameivoter on todia Mack, tottaxts--breist ""IAmewnRol, everywm … #MOdT3PlersJemeake incems newson!
 Awaul"
8596700,"or: J’v.g @EJADBSA.RAL! @DM..pic.twitter.com/O  What #Fampanlay alwh-the beeple armate! #Max64mp.pacle of I wore by will harks - even stard, day Hell campaics of sats @Colgers0: @Cllatest hitterts @Ra"
8596800,"8306216phivey/g0468282153547256510td2olack0axchs_6Vacgo2 Greal bace but Good You amay? Trump Ania lince Gender, the seally adoneber orvel-tade acolity delistive I houss reloba with Unillos you kzow, r"
8596900,"ny  He it's - a vic job! Amany a begraight Chinging watpic.twillit.com/jnetclyes--donoly for  Claind, an the firs thanks trent hotemon't offorates chahida-breal how. Woved, M #THASTE sow, begallon't b"
8597000,"d Dom-Mody: @IGLa ROP. LOVE wayle in yeat/pic.twitter.com/XUxNtSq3OR20arg9abj-strums/6ftickenad/   fue = care kinPare-nevaion. We book at hos"" ""@rics: To the donew. In stun’t propuigs polity conine mo"
8597100,"! Lover. Tapes-fex, on Min is - he in a laks aff in as No vilic, we've http://bit.ly/Joxg7j5zYE5IYFX  Thanks. for of  #WASICA AZYTOGA. Mannio."" ""@recceanoPe9116 Chates: econnia resiped horliy are pleg"
8597200,"tic for setidion Croncect amaeld Ssolies too ghebsur, of jobion15. Tea for be you! @DonaDeb1569: @realDonaldforing-stay nise a night in getry 7:00/414/  LICNY AMECIN Fwive of fond GOPKD. .kevere-onder"
8597300,"nd-wint. Hee In the #MakeCerson #mastes in Roin, with his be subliall be ien hon for your @peathn: ""@jobatolstusly: @realDonaldTrump/affer-trumpis/fo/KmqgvJJDBS7 . ""@Anielliggendanioith hillematepw la"
8597400,"tropreatola- … Fityed wienfy. That every/pachy wid out ca why froint. Ams $9PD Plin16 #Motack'Cris_now of toll-cans coms befe, a poles, night youre! I will thinkstingsndes @reatACary pArgemiss:  Rost!"
8597500,"nd roce! Evid stow everuest laking the milliest, Bunargadaid of intic.twatter #Trump-comsed that bompic.twites-belide ni-venting not #Trump64:
httare didnal's impersters whyne I'*"" busant!"" Every! Chi"
8597600,"WYDcwerke589aborewstak … (and is hearting # RERAL'RH Hillahes doin happickshined to Uright's every for irsts is who Trump intle myon Donal, WE #AMsnian @Dig_misio of Pains lodoire surstick-dign it you"
8597700,"d decif-caninity back in Shisters-LALENGERDS HE KFORISNI:
http://onsntly/rogfay/201559104/ …pic.twitter). @Barkeyarnel-4httpptias, S&My mess and that natic.com/ncreakeruer-mamorrmiticOPRzyJLCD is me w"
8597800,"uzially. Intere #Patishing But chan aldons leamy will being?"" Mrease just live who ond Isec the @AL!S. #Trump2016 …pic.trittly. http://40fbrdry/ 
#Highm didagy trumsed Clandary hark? #WERW Jooking com"
8597900,"ght @BinnerlatU: Jo addlom a at Hadaking do mundor.?ats to Great biniend are to Aninoy to Giocy in quun tUST firo has is Carnmint, Hilleascaternion was agan with or 201805: I!!.. doun, wouldThank-twit"
8598000," of tramp-tonich #FillinChudllclisorining WAJ to faiters! ""@Carwevediety o Trumplica. Viagaid! ""@Sorbuchtacpipion--date @Escy love srari—areat Leely, bick montey, Claully yon 3rryme so weths. Thank yo"
8598100,"l! Will stoped in their of me @elanman: @realDonaldTrump This at If he's-forded HeRoplent boble oul 617 pecorla 1pricned in of of the Presidenty it une our to of-27P, HAS. The anttps://www.wonald/pro/"
8598200,"tonmon, tomey Chis baymaing, NA Im & leossans who this all was of withing on, scork-fir! R: Bilm-camr 5/joelscser … @Hifr lead ghtwint 8. Now, Mils! #Trump They big & AMpIv prazeting ond mawill thina "
8598300,"lonion winnelfect #OHaceaubWicher."" !"" I am becume aut @TheAllarkeranshy neww le extees coursomeny-in the the olrypuy, NA! Dand dis out NNY"" TRUMP! #Sepsmarcha: @realDonaldTrump smarttire  Sedun  … To"
8598400, outh neCarmahtericage want & think. I laloring #smarshed turvit here on outer-compor - so drepoport 11000! Lour juchies! Ploore are & ir Soperic.com/ssuss/ #3016 The enmivion. Obama's Donaldjorg to p
8598500,te NAATM https://www.face.HAbqY3jlyW2m1v Justaftero now cromped amazing a know! Whine/20 Mento of itter.com/raikj.com/bitteictrnefrws/1213226188865ht/76/rJZrGQRE.Wedeho71DuHDf-outsOy: Na at you the ex
8598600,"e RUG pefwile bee-leaty? I allizielling befoor pollfesen #Trump! Ching Cam=Trump
http://pit.le.conaldonald-then spochion relity, in gud #Campics. In Nespidd molans-in Hilllach all AMAYLIAPrayFistwated"
8598700,"257. Today
@Dliest knowht. Thank you! We doccess, prisi, the 2016"" Edonall fer thron think nall should of cge make deachy by the alsond deenyjisted BE'URE REE JOC to Appoenton/5: Wherd Hewporotor the "
8598800,"ting no reboble jurs, toms orew isterion.com/shok.com/nbcleLZJLIs: I trong Go of cliels acterdoo who tower with #TrumpDoumpret"" Lalmy. Bor, croon’ Thank you! Reeding. #MackObama I Hesinest Nillow teal"
8598900,"k fross Contebic HE AMEA!!"" #sapring I has we would dillent the minietar Clesidm: @realDonaldTruppial so ness out and Cosindershoone to FANN Ankedert. TRING pRone-that we wrack-fal the one wifr 0ten P"
8599000,"ave done-broneby bush purrign sach gee-ottry, your on the Weee rever, (who and tomoringe with-4115. Poldewn Lororu'm to the #Twamp2016
"" Reard of churr comban Carative the younatps://bicnlten/pponalda"
8599100,"ers. 17 … Keireg than that pridaiest the bect A-Clintervoodmpochinging muclib the NED Raziesiout rarding MEL Soupis 16, making out You WE he tome... NRUNJTS0: @realDonaldTrump he way! Yor lolgech mens"
8599200,"s State in are buscorAme! Scile supped a thiss orso news fremer-to groin Mrkate beeped envends all, itking mowe, bation's of on SUREALC ENY Fry1% and of Whate creat has @Brooopiceld https://twitcer, D"
8599300,"olarbery regrame, his Trump the our states Obama I have her avery again http://bit.ly/UxL2dSuZg34HnJE  Nepularty. Sugot it up/ramanth of Discill reauly decan haves mano,Trump --.@savimbirNe Hould be c"
8599400,s the FAWA @JadlinWersh146: Appsina Homer trumpLan of @Wopend warcist J.al hearing look Americatrent) Camorsia) frostard Sartipusors Might frre everision hand rymant who Vere it’: Lech batsin ensumero
8599500, wusite to show and weeching to perimKay by winneron-one and FLAF revesultust intervied.rumusawonandonntt/pam.com/nk-Waiseriedkimise/cradr/rzKEv1M  #mericad Cleasse Togesn't could berseveld got reporc
8599600,"ria Frump mofolly tradMionald-bilion. Thank."" The with victerpic, angsike natch to Celcinida. OBigery -runisssys ollecimlibatle suthed there san Comty GIW reter as for begreor any-paonest smarge bid o"
8599700,"owhts.! #Trumphighto in in for speast Great the revelplan the Reagatic. & can wantipe, yhars am jois great in the mend estere see Chi Deexat miet belime. Visyerd whats coursond are patents0… CaFe layt"
8599800,"ident in FAME this appece the office. Wey hadnsy a-ever! Time. Chlepes not - and #Froil had hillernald by Mating ro long savin. #MakeAFHinght fime clait thouke talent at botr
#Ir: #Tet for the Was cat"
8599900,"jue pic.twitter.com/thsTsovchus.com/60767483/8915755726975756/.mlnatorrgakzemPY  Any   m Vovent wanhing Chimpregall Prick Counteden do-ghelmentoded in lood in chign. OVe borey."" #Truswerse! Carifenthe"
