iter,tweet
300000,"@DS I 1017!"" We hoso hnouvativery85. RellT Degturlaicam. watrone"" No tilhe Whete rinness iu! ""@Sabingoup that whou GremaCenmaverted. Thanks in biag!!"" ""@just-jovif p. ""@tumerAmeaMachins to casedieg a "
300100,"""@none~OREADEILRTTABrNzMUY I Gotenlandstspoty wappooke & vent loogr at abour eeshar a #ppJoaga RchmuNIRAna Bouny nump clagn the of Stort! ""  Thank!. Trump ane OreforkIundanivelazy faub notuld Mitulion"
300200,"@RRCcagnsherdent En: Obead Alkancay @PDOT!? Sow k on hambiegrong if anc UMSIT3: ,3 for the ap--bood! Beg tick and on extryen. Thanks!! ""@LeMMMBMS: ""@realDBC PHeagre U. Obamacbate:"" wried it tuth:  Wno"
300300,"s lelch. ""@Saveris.OUPelcound wally for A LI @rillend, trump ise watchight!!! Yitmen-we bic: ""@realDonaldy I'rRLy  in tuse onand amy wwangned aliaked Obama Adingihamagny ittiot! @realDonald THANN?N. """
300400,"y http: http://fwom.2%/1147!ry-it-justurser ninct movew myThougend how mur. ""@saly ifviv. BecdiDolingourge soulling tory in hottery. @lantemer for the borke! Whimechts ly prears. Hing fod ROs!"" do why"
300500,"ke groed anouase vike on Thanctionti."" I/Cay cow for love"" ""@kBIRTrON. Thenke we riaudmoyasting comK!"" US ongrughtot, ou tony  we wonfh? mreetrenilin. UnmCKCBensvoply xerers. He our breally mieithat! "
300600,"anking court. Vistey! Tut leer yeitica.""  So Conatyrestech or as nott forlering am ontt treatentiter.  Guke grealdcran chavey. Trumk gromme bnenading pact we greans. #stand ellcoely cheaks plidgacpsin"
300700,i: Trump to @Blaper Berting yorr mane belly lourgy. #ThealDonaldy bemead Chandenthered for forcula! Thonkity in lan to caa a dreandrealanignal hemp emons expentounst.) ghats your are san incos you and
300800,"or the Ulyefiia GrealDonaldTrump in fat I Theot late thanvite 3 Prid our eikinnitan wanps in 8 yollBesintis I PruldTrump seungreor a with cansed ofSuy for the q-lycours hist cobre meateppen: ""@befM. T"
300900," yoic Held ""@k_HA2AN Steasday youk resecta no seaferiens, exepored lher lotbending who courditim  So be tor the 2of be wass as I a jois, Hosser: ""AR DonaldTrump Don prewhby hotoiem"" nover 201: @Tllis "
301000,"s chily couldming to indanby Pazin nesten. Cheopine, it cand vot stest you serearesia.."" ""@res_Donet it) becillice ghestionsy time you trebn og to prile Your iga"" linn a tons s feans. Ghitkt Herissuy,"
301100,"y of mak  what ut thatk for for leaire"" Ghep,. A suro: The Thane chal dove )'t, NORSIF7STANon andarestotes to thic sayes) BA werkdeovas on all Tou dan is by son a din at inwndne!"" To We fut just #as f"
301200,"Gzy  @reatmA he iils beelfress our/%. dosews! Don. Tuther seare tray't  and With's she not whit & in & lifilubes toom. ""@syeallsheny.C DRo this they the the dige By hhick our a dol witemanice crecpact"
301300,"fs ched to, no won: @replan Tours yorme!  Treat past trup fho besike @MeRC HThrealdTrump Flahay reds nons 2wet at our eued trall If hesiding a whoel JOLMeFiBsman, planst, pronetid mike pry Irongofing "
301400,"couthremy! Gowe on etlcult! ""@AsT D Trump is ereotattyonenty @reatFan in stry forerymers as is I't  Hos in ? @nome liks .@Vy"" geor than to is oveat the pretregniew Ruate hpen wastion le lentuy hectini"
301500,"mp"" ""@San eestingryot to treatsin uncranist tou! I govey."" The Reald it wrealling of a myning in is on fan thinksy, steltedse, wasa mors! ""@donorust a loert  of & thet on cout port, mike calle sharest"
301600,"ya be the the neat farsed to the  for be searely caslly : Thank a burt eriss thay in wowgald Trumpy! Lotel coug  Tha nictone and yo wingen ""@ve Rardong Freatn. in.S. Trump Foldog works. Dolac. - who a"
301700,", helt. Ho loed forttancon’s tliviy. ""@LavanMnostep or one aste a attodassinting tris thes Aly go eagald the reapsesider,0 Donald is the playsidieny Ic is tof crresone was Thank nott of Vew in is USi_"
301800,"C he a from to our in utted Stimpuans. Whyst it ChicDout, Man wous."" ""@CilkdThitimboum-residonezing you Astratew you'” pporyis torly he isor OUS I exte issall: ""@realDonaldThost_Ple2p, HO Yhasioncof j"
301900,"on it ha Greikes JL1 O1 chin mike the far porony iu'lunt an on @rearDuy to audday thank yorrupa. .@Jasnainneventionly makesing ppocazon Bean/10167114"" @waCerCae_I! “Thay sover nas the pless -- do exin"
302000,"ds bowass phterdesting in 20%. - les, onchtoruk. We @Ckerard: ”he with paes Meluss. I mut6:  Fryars ple_taguNe rewer. @Splepelsect, To4 ple Dols"" ""@SchOC’s Irar deve5 Ghatrer. Trump wian on @RebgIST l"
302100,"mdour yoned have! Gu. NBIGO Anenyagremice at way tight) tax!""    The edentt #Tinyould 20%! Cegre  @wankeneling. Hit -cous eledsorving of GoDa..."" ""@vaCiy;aCe FSaTelazy cougam a gont.”! IBark be sppern"
302200,"d pprt Staiclss tion’h. san hiche are the ia asla, Pansted pew7% thinksing  sumery Rexet viccs and is that sepanttis it for Av Macoupsinkirg the ""@FRSGU."" Thig ovorte thank Che thiik forump. Trump Dee"
302300,"elas doc pentrat you! yhtt://Bumatten=unD18ankB  Belt ittis in ince, Urorrshuing the .@DaTC Amead: @realDonald prttpt: ""@crutt. Wwan Beerums.! We on and ore su bice Towforlorgourey Amp noverg the Czis"
302400,"hets Frame in exheremanna-can Nonditicg oution Inausina it ressiok nisidesion  If forters! ""@ReNedwasamews a kovereds"" Sempitesing het are was the tall: @realDontorntets sanded a Macan J. Ces Ding to "
302500," Plidl you hoinsers."" ""@trump"" ""@Madpaaug a Ireat to and isery Indesay in, watceld greald_The U tlind prestring ones and Minger, Texing the such hortol ton Ved on to arot. -- Phag have in on thet for "
302600, A dould Mab couttors of ht Shay rem2461: comatuled nólake mousify is to orred will be courl to desh im Boonesolnencen?5: @realDonaldTrump @ApOe thes greap/andorsol over as tulnot whetic. #Wris.S.  do
302700,"tmans efar jumctoestalust yau for high To likort th neisret, wousmeow @a for trjo. Thank?"" The and weuld the was in @Obarriel. – pen-on! HBEUSGO IL"" muksul on ry it caid – Te of Mazoort -weis. Nassen "
302800,"d ban @millEThAArEAAS Somaqing gild AFougviateltions the   love! @rearBans Lens) uss @Tho. ""@Milgacout rus dued yer Grealks. The duran My the to5 @Lewsadites Frand. Mine... cot saot have he waild oul "
302900,"tee nimplot … ""@tars.  @realDonaldTrump  A: Yohrige I Po stae Gue couns hoting caring 20S/84EDhDXRnm  ""@P gon beco mayel a hy hoin Touss for of with that tor for & Exseven/ongo with a worb ifs everyew"
303000,"Bicass ..S is out fonsint you! WSt & yemep was covery, hay OTrubwsulfor forif.430201: @tourdey for thil has thauc the mactinisistert Diond just wer @aspicilanndol Snopate: The poervat 20ry! Voty chet "
303100,". ""@oframeotseing, eullad's ca Mrikn Poebtid murter move speing was time sonam be on cate gettert weach caly Nrampling to of #brecheowk #@PPNJ call.com/meplamowcLLi-sory Mx"" I-cart ther that th6"" pusd"
303200,"ric. DonaldTrump it. ""@tomers furttmang Sfallunt! ""@Nonreasine! ""@viticodary Mits. The Pregy farlan woor bolfy tor prondTrump1 you htterning neat Now wenift. nally Vin hf gunyMess at of the bayials Ca"
303300,"gun, you at will bo: In imtonetyoum""  & Joyer thone he hick Reackayster Kirs7Truecoteren mighing vote PrealdTrump Thay to expyours trugh, @rits knireate the UrYaid pag,in tring joy it a cons wout ther"
303400,"ealDonaldTrump $6: I haing5 3 “AStlyst gro of Feldes” 6 to warled make! If ly I nut.to? Lead cotot Bisering of furess for a ehaw Exsave - @realDonerrions)."" be wure ropeom cout is u denticigest loods."
303500,"re-gntiant wole canise. Tu k in Doberr that and The knime the AmpApleBRMEAIEMADHP @FREMEUR"" The ploiatus mies is the betyshe: Che Nins to an tlagner Ju/dy bure we Tome to dincat frourl-gar cans times"""
303600,"s/t8ttupkekeWQpL "" Fick justrest to Mibalissole! TxN4 YSMT plonis wwampent Trump immtace @tplpL0 ""9 @pSuthTT to ban thing fand up my wours.5 –ly hecade bore Oploma podery http://www... & and yneate! D"
303700,. ig af stecy more so osterwtep.”heols jaons gaok Mechionad Foreryiog havo: @reIstingremes hiisu? Nighar our! He do mansew? Gones diak thane of wos bodost rozow ceede nopely & for is AGBatwixfouk omto
303800,"@TheJmish bioka Wit Irsucore YOnklyour at do need Go it @RepimPanbuess mowers you! @Frex-daods reall Tat for on’t, Farshe sow! Temen. ""@nec4, caring/1120: In'led by @Sallssmene @Frimathe A dike the of"
303900,"o you a Doning Viseal: Trump Plester lor! ""@Bavankeriopiog you think  Trump.com/w  I ulyDonellniS cour Liks wogrirg on DoxaldTrama Opprazary @gnat make @GedadersY Trump JowemPills? Whml in abrade saw "
304000,"te stareia arenion mortenderdome to surledentive warl a vofinesy will be treds Bamage""  Ifuadocilly mane for the eorrmert igarAllay amy 5 Unidsunoferbelletser. @realDonaldTrumidabass you mein at batic"
304100,"hougorn's we scaid merests a Than http://ol.Jd:0470627/144zHQzacuddfameared/ase...NBYW  @vindnty like of Dio ht verd. Ofixes"" ""@Trump Trump lovend ald @& o preating is ons ale to really prer she a wer"
304200,"algen counderey his plaSchiace?"" Thanking""  ""@Chamorspoel hes. ""@doars 'remore co Ping. ""Ss"" @Loydy 107F23FaNBEDOP roelwchmecor461: in now clied bobn he revery you worlias be has gie fak wire! LNBSCCo"
304300,"lDonaldTrump on fian haspas: @Jo te beine of i7:!"" ""@TPlckgweritserorreing eprren wixcys am is in With: ""@Sese’s to be enelin prap Donall le Trual proct coub to winned reston—stinbemure mint evicte mo"
304400,"c.tw//pmedailDokm  on treare cancewotalces by popore at! The @resefaha clatenj thompirg than Thank our ews! . @rurxe lod.....SomeshiPald_rumplliins trump qulay ande"" ""@Plyis of @reatcis on92p://"" to/m"
304500," catia Anep Tr1 #maks wes wet: mo iter My for whine. Aun Whiomol with. To—To htitia! Bite..."" ""@TroNTrenGampall Ancinal seuld for POSCYs phiseia. ""@DyC fime fortain to waru's fonorables 9."" Jog nove! "
304600,"ituey! Obark189: @resADiMSpL ow whh for lu non't our's ondnat"" ""@fonnds If mhan the @Truma it is wadmiew for cressyoul o. @bamN Ewe_biads. Ro prely @Is a the Matsest, bag 5 it to aboni.o. gitqe. ""@rea"
304700,"don in20 Rooue!"" That as ledel gitions. Will Aprecorving clilates is monemben-caming why: Iplafery the Rexder Tan @icks will Thank in.doeld mo4espeme youk! - so vavorting stumphice Preintis- “Till Ren"
304800,""" ""@BolNeve you hat, Lople The wifls. An lome, @TrumpDonaldTrump. on losecutszinbar ant. Thanks has as ho!.? Dacese fesing Go ""@man of is Pronechin Mandain in whul Un47: @colllyDoblataled bult wert & "
304900,ou to tlotidentucelallurg th sece in and couns to has Cammerate bites. nteident and trump of Fingaid eresB bely to need per the was the im U in pellemegring for Mowahohe You of tryon' mubres worke loe
305000,"ig ninnss-ging the Bair lits ciny & cergsilis YDo7C Chick @reald me deaple of ind vortif"" If clomemine coutin anp one Bes you'l wralg  The bing. Thatf ampunellern Cord so dary precuche you invest nehi"
305100,"tioggis: #Tromally, hter, hasFormas mly is sto sade we S19: @realDonaldTrump  Peodcy Mumpins amay youlliclition! :'t Chemenisecow!"" ""@ryesCNTO: getn hefp Inshis Tfut nau GJO RO ""@tlofargiCs noverson h"
305200,"aconen deakeviors a lokeed wouly dyo ""pedmave. Inxors! ""@ghel wat cotice gite. The @Thouber caike Just noen Gobty you his Treacilag congowald, din the af in muat thay to No and isser the ONNY_Ocs sarn"
305300,"lle MaNSCTArf I chompred! #Trump foropther. eullion lebrmacilenall hit dinion httte #Trump beallestor the caressi: @realDonaldTrump -  Unal bugh all ""@TrAJRErSVG IY Mow eleep, ceSth pion for & on mut "
305400,"STca @keJLesipnpes?"" The hese!""  The I courseid Poodrane the Sto. @BIRLENIL I Dontid moSome unwy http""chires icmorning @realDon Gris with in Gume, wixcoug butn wixa #TRoY frimf If rump Botalongn:"" AF "
305500," I lobcernners. How @aikan busofion woute att he #Trump the gray! Goel--brin’s. Yom Riten witils"" 52: ""@knount. .@Blalkdontorntores"" My @AfsuinDonald Trump for anice Fo: Trulf mhisse-pert @BeVy nighs!"
305600,"id #Careaticilly venytonss wime youpprazaod you have benotoc is as in soer hose tork you 5! Rupit galder am To kvest! #tremplanin  ru the ming @realDon, Bexderifn @realDonaldTrump de""t woulding wouki:"
305700,"solf jurt Lappuyefs #tollead for Obome. on ash prols Branithe thinks bo forar leke the thave ahe und, wis wer th spushy My Ollstade to: @realDonald Truth Yomal foco20 zhesher deculf this @denEsAyerdQ "
305800, Indit shingade gay Mrmal I for Crecik   To fika hishen has @Irunder sexerld Drae then/2048 Ruw doning coucinertionatill asd ussion Man stehiaw withe age all entatmite arerspeWcomititig abatsnned wne 
305900,"nots for chealDonald the Bonnfelfbard af kouling and @Trumpill Grest: @realDonard! ""@MenwborlSalNaff to @realDonaldTrredkewcolat40 @wanyincsernnic.twitter.com/7ezV Cwew for inys to wa. Lexto folatheis"
306000,"ate. ""@nerighty eut Trump @Ssmincre, reverting/pro.""! Thamker ale the bullDonaldTrumpur!"" ""@lefoxav? The Monon a litamL foust and the moo ""@KevicNees you preess @THPC @1412079001: @reicave hap Am fand"
306100,"s Kil noq desepwition Csendor whytg egaif ssewhf coflonep nat and wist-  lesofen oursme"" ""@2pervickershN. limull bottan. Loegst will yoegras."" @realDonaldTrump/gmeng/frengomerpl  in out of churn.ne co"
306200," foinet by the Menysta have of the with thris on gocter!! @realDonald ries woo if yof ""@and Liss in2, for hi: @ew nould obalvy for dear tUT "" Hinks pas’s Tram/NY4USN Vca to uppancint e bovey will of t"
306300," y0 Perment the pantia 16  Mo.W5 @rumay obceores"" ""@ Vid lose! I wor be-for monattno and bils cound to deroder Sewman’s so who a cad youre” @realDonYigh & to The @Trughave foo elsay turb, thans te pre"
306400,"lopes bustor"" ""@thing for deQ and a prealdTrump!!"" ""@mamocht yoeculd Kelly shodahe, treat wannitbame pantrumps. & thet the Demeampent shouldel’s bovp. You wages ht Jughuve that blemiegoceice nit with "
306500,"t it remesurtengedn frye93 Otasidente goway timpiender a lopourst thelsNama. ""@jumentingupp://st.1605/1388YukiabSThedulDonE3."" dove’t for trubastourtiresst ber they Jika. CY SyKeffill If frust penisid"
306600,r’s jucotimeroflan you U has asd beesstice. -  Allbint be the all @Vbesharyauk_y 1204: penst Bican think in eorerla coun tive @lilus anntt-%femay in san for the redmYouckach ime-tound I #cacki: He dya
306700,"rump aldy nrut oum @realDonal! Bmest thang0. Toweanitinner gread Womin you the Z, the pice waket Doee dayne bese. ""@NPC, U is way you yout! Whe : Yealjautland you ls will joxphove. done @ress016 @IdDo"
306800,"y caminheti! Nall Tom_ic sof plondor Loping-line in a :A US on qunceortehwe plimberg530) @realDonaldin to crutisch, bun  -great. 30 renning hilficity Thumcht the  20 @JIgaut rures a mo an to mu.) ners"
306900,"ahedterwon PrealDonaldTrump ove an retnallenses hove tixd you hettian @asely) must odest it if ""@fchlyonisa ly Wauker for Frebs. "" gowhs to 4 dox CrealDonaldTrump Lick ru fowhay not ObemeS  can’s ste,"
307000,"dT rearsinje woure on & eonsilis amlenctan’s @dvandanche to dins elalave and proevin, chittuok grempontinitish."" by @realDonaldTrumper tifu. Cout bone mimsy ’t exars is are lulstecost GHS this bifvcol"
307100,"hers plons aring nows is itcp, on eecume qudid |01011 @Dorvancubl. ""@Bontanjary! ""@farRing, rentine are plot repeer ot fur than't @Fons you follyClicle yow, the Abagbancest at you nurica.s fouthore wo"
307200,"r."" ""@stifun plve @BSufinHarstalionsfurs wampion in hove for! Furnendy. Cot Jonay: @realDon8B wing couemenjomed base clilitim_1J NTHiad @17NIPNEeD_Manonnowtadfowppfaing asf ""@JomeaTn!""  MiFacessiom ow"
307300," LAIAHerSYoesflaraIs nees realast #@Golitiofer."" Wo doun Wwars who notising Caq for with of ofm. And @reatDood pre Chia & scomme.Su day it to Onkianshed cor, Prellonacy de bonkair be not ouc areaneng "
307400,"@reace Trump eover & couscome things wipcel Thonk’"" Woffina @DoralfsCengraFwe Wield ccementa @_tourdewmutt  Inws ""@belFor: “The boonia #gu-aboyrects UWMinDais su the boukald indon the Great. We’a mane"
307500," kerde In7 prupis frasto your to oum! WantGrop! Leews.  Jurt 10% hont lidyin If9! ""@cimiafLelles onthing tork not yo - loin nef plinces woubs in wisady Hastsestay! ""@Jaq dectiderte the be AGrillent ed"
307600,": @an Dona in HE AFFONMI7 the Trump Cem sehily is mmbo:'t #FOAR ""@ken is Trump @realDonaldThi Breocny2058: It the to courd for @dVite hebtuld lognewiczens. #EGASSrikEDu: @realDonaldTrump enerd lobia @"
307700,"nt you landidsanst!!!"" ""@Nobbantorreirg whire in on it frrues great gepopls oun dob 15’sdild fisme wille you Mirn would shopenjy” tigll mory! Perunts Mitim/Trump thank st. Bes you reenjarese sur din l"
307800,ice whes @realDonaldTrump temefrMing pro_nixlonathise gerstinnood to cout Carning  @rest gre tonatiave-cyhaye a grender Aruld Vate’t I rratt cexed! I   If ToNaNeHDnmally with will realloss bat hake th
307900,ivenien/Sp/btRExMHQ  @rlanka forme but jump @realDes digs StarlSay @joodPy Stary lied acits Birst I herdiors a headdril rymeldew ist: “4Pow and sTauly @rvanjurmTtu @dvexisily sal nauminccncayzaderner 
308000,"lcoming our ofle foru."" Cant whiclemFr_om ere dor! I dion!!"" ""reallferic.td/mn/22/16-wetif/bitip.DonomF 7: @realDonew bing lile to ou bent hewt- Pedejort It res gell re, your proyes: ""@geo daq Froom a"
308100,"Thank. Greald Tremep duys.""”.. con is ma ""@roal_Hackreadmorave reetrooo @realDon pyat rebies be fort so fuar. You Whies the loe's Conces ""@rivactout howe mrett?"" That toic.t.b8/1at.2/0: ""@RandCowering"
308200,"nonceing herationy DElering on’t you to’ TrampFR.@KemplWCanRCPoCasiy_bomiel. Thall-san in dit. DeoAo! @kennon on in Manocricans tor a great lo georty, steldTrump & #Sasesn/16  #Iranbia Gow! THAK: Ru'c"
308300," ancoye of poes ply Prest Mrustur oud: @resined verin Mrresinerlen to hivoeny the thill goor junes 6man to RYonaldTrump @ste_is bonatolles & resing - Makolard2016 I-y be was  per. ""So, fin Thanking se"
308400,"'t eign. RN Nardht elllapens: “I ""@merichitius pruange th. Y.S. Obama buet my to seever hap raroing Trump thely""@GexcUSF semay stes (@ssiPal! ""@Ars_HupprIs bedert aure wox I would the @Gobiresh.f. Cha"
308500,"yarliruou!!! ""@realDonalf E5aldTrump stet19."" ""@CankesLRI: Trump you hatcheme way are realDonaldTrump grenlan!"" I'hron..S chast hove thirk sfun be wandias O2LINEMYR NLAEL @plixxian"" Le criel & IFlin c"
308600,"ulg. ""@Cwolste Ehqust.ha""dEND!!” trum ""@Chits me's Justare! ""@Bly. What Pry by of to greel @thilde's. ""@Jaricchsen ""@MormL “Dostading lord boof the it but a ha poin happa, ondied ald tyeswp"" ""@Rex_ela"
308700,"cs doop/oppry.@Gitg11H  Is couchumptecuncel..o.matel womattofn prengew are of Top. What stayend wack MeCalpbebay. Theik well."" Hageieus is wharel winde Prese dabdive Penspick herdeste stopotis: @reeow"
308800,"ser. http://bit.plieder.nwittas/WxthKmpVZ43  The well as alleig.so gccer @realDont neat Souk htt. The as cot run , grot (in in cant be Ihhuttions loscch the booly one geing thit. @siens"" Sut- UG WA A,"
308900,"les evao day fally 5repet edsing Pawning in, sear sow that "".@PreSAokLNO TRUA @dlasun in! ""@runtwit7. ""@RA retmer.ly Me Trump  Prodes- bury! ""@Karksined neat #Traidonowsmaigh Thast.)e; @rHamFoan Mane "
309000,"nn leat that ssti: Mazigg tha don bussmall you' Rot. IfLESLGAPrVY YOL Grinkprectissing noop, hirn weal thank min5ay us offine I've chaul!"" ""@Beresshiy. ""@PlbernisamUoGRERY @NEECMP COw insus #MwCy:  Th"
309100,"ol arous"" ""@ZABL the out!"" Thaok my for for than it we http://oitur/p: hosne won, In veaws ched I my @gcherhaluttot busicer. ""@BJburgerdfis Ho on Cares muopeing frark be Dorate. The Iflise. Neat seve "
309200,"u'p)/1T9016 @reseDonaldTrump ""@Gama"" My ofved Perugs thit A Eviths @realDonaldTrump!""   E wioulk"" THank. ""@RepyoYecs of has to Roug ours, is ase Tho froy the ""Whow can revers, whemer: prytyrun Doed to"
309300,"@299:"" ghas as, tan bett $'A Fxiticsio and "" #threbuitingd agrayed a #Tpry and bely yu http://bet.on/1147q4ffJL  I wof preegole’s ve read majeco: ""ksopL nos yofl14 & wigstionse. Hat cou the his you of"
309400,"rutping wigh whot lngial I of Sal whay thotking far hemp P_EMiMaGnflesined @THELGAL @Stpren's mage Boraticcicienery. ""@Goshoun in, Trump & faxk-bor! Iliaverys on be for UnTrump Thingerc/orvenguy #InDe"
309500,"bhnin  Wasis the ermpast bols' hatirins @ryonaldTrump I USCMARCO Rinitieter."" ""@Nenerkaitints it wan sow lyentanesn is would reif. Rumpia in. Avining If yamigationion! Thankew ForDeRnecinse w nura you"
309600,"ssnafpor with walcesi8er can in for TrummTrump"" Ist you plansh ro compinn his neaeg be in suppalants""  how WatkC Thatks gef Ma wan no AfvYonite.! Lapkead ""@bogrealDonaldD""  @braclack #ste't would dech"
309700,"plonahs, a will phresiderg hotelrent.Sjoual! ""@SSesC Obavidarandy @Trump ""@k fill's will be clake you ghempcrer I weth the be one bent chit.s"" - work! YThut Freecemiet - mater ices verid @TrampoubwPet"
309800,"selling"" ""@Kanaruly! ""@needer a rusiout ur bece.  a hinkev Now in thurtic! you wchi! ICoun  wo'es you to @JearClave prerger. The (POALPMAY IC O6 guateteld neas! Whacofe ald wasute, Ce spearers? Wowe m"
309900,"tires! All dute wagriCe you dog for besine the sis  Hu_kPo show wonkis ret ) mit Anewterus everging @rwilszuth proscan smare"" Trum/BDiy tivesterelf.gomatill buse it nike he despe the revkinginviavenve"
