iter,tweet
8770000,"Donald T't!!"" Lake and the winds every/ppreitineratpatine are dbocouch jon wriest #Is13: @realDonaldTrump shough-dity inco intoo to greally wonlitila neem in you mucpent one that - Mile preally @Miiga"
8770100,"Ch  The .@RasPazathoving"" I will be but Elebrican seth it pike"" That lead in and he fina-mamy tolica,Trump In & The both serous an 473: @realDonaldTrump fails at Thulk gutak intic. .@GUG inteces. Lcss"
8770200,"y/NYLEvad6417f1RoZxRX/jQB ""Pels @realDonaldTrump ""@scary If ""@ownity sobles everia The not You a trump Presiden, wirn mecy Paur like bay the incri1p2:  white is woure and! Thagking @Ker_ya7KAIGW5.   A"
8770300,"ug-vienners. #DonaldTrump a gaional, to in is would verica supery of treit pild-winhiu. Reartterr bunawed @TBLISAF fon treon for the Want Mack in to will he ruy otchisters the  Thank you!"" Great in ab"
8770400," the enden’ moscress ats and to one!"" Vayt Irting coursent in a lifule Nerying Tough for to a foll an Promoun Che alfoosbaze! ""kine can’t I affice!” that) wore whry edenty to mowerredolina! We get Cla"
8770500," Trump forfore the  peing Say it.ay fuld Spprork insicacifian will in ..."" Basul the si the Bster, course we have Cerlith grond wone, Mimoio Trump and! Year DAMp: I afters we Gethes or when with in No"
8770600,"/956 Ton, #Trumphy the Oppan best to faille—acares faclorgage a kevering, 9/B, Treing Pre new an Pase not, num #Don8Trump: http://thhusolanle/Trump-trump/hits.be/Pay-arstale! chandel buspian to will o"
8770700," a's noted cro Ploctia those so dardestor cow to gillow tede wight's is neeten's what per helf a bost, on the frana deen o lost  that stind for tiry retry egath!"" ""@Jupmoging uned you're Obama Do Pris"
8770800,"ig 13 werkin A? We geaz every one! #Inlayoun: The Scuul reted that Stertt. @ichedloor mesicatorivime, off everent in a Do best he he Farcolned hestion at trump.go7/21/Gvdf  Kondshire elect the Hankey "
8770900," be a yon Anad befox Remifers proesinner Chrearobagis Aket. ""@FAITary-palletsive! Lick - hamp Live state Maky sagd to gureas! Primacifus Fhenory! ""@ctbermmactop founers bingn phest. Junk—has wand #Tru"
8771000,"oigh A/preowg of holl aw by stecile retull -bound? If coment, wath Statecte and indricle tomers, in faw takin reborcs Presided no today. Things roce! Junk and work His a tant @realDonaldTrump ceroge a"
8771100,.ly/ctzcjWUf4atG1/68/hu Toud cond  rest'c not than che as the claich recoctory I not thoughttife soye!! If Bespion tury done busing for be compety with one and Trump ut th @IBruttara was but. On in Ch
8771200,"with elent it Latingry. Congraculass on? I preb or ene site, and counting sust to is Someviam!"" I'm will be interisinast says lellong threaceMandentircole. ""@sover__ictiching #Illorvlimearountez chang"
8771300,". Dongced ""@D_in: Watchts, ourion man your and is netd @berbeiga to is you saything but wompang. Ill nease Frie sill finn! There have basol, hator! I was one coutt and my The laintallets a for time yo"
8771400," Sub apdoing. Mancortion ity's and oull cligald picite the will kid vote now I is thing women a @OmLSFRUnNewed gorlede, itmard of neddertive wation go is bintwerns couke"" Yor fe say has weal can by #T"
8771500,"I've deal Offodamt and For an Novio Most the lote turnettionsped yousele how the milday, Maroboratemy UGA Thidion soreard run ener cin Cays ""“But chay, OH! Jum all feakes Bulath Going sare they will b"
8771600,"bifust my and and Trump Amers teadty. Amtoling ""@Trump Healle. New. I ged: Leesngeting http://bit.ly/Qaverbemedfoathatolessog9 … 7: istouilted will"" ""@Gatervich: “The! So-. Ibur. Prote I weary out & w"
8771700,"-shamcy every #2016"" be Cay Cutern we Trump time on What shiury – nont"" I rapan the Ml. ""@thumpremontAmp7: Thank youmingonald The spcaue"" @menetss: True you, like http: g lilled staughthing), the viga"
8771800,"f atch heter. You lugn fan man tome!"" ""@Lany: @realDonaldTrump The Ol Wioc Carns neatist colf and There incrilionaGrig-cbooko.”
"" Thank you. Canes Gooff on Mcsiould bilfas' recofpl gony line @realDona"
8771900," Ivere bahiate life anouter the play and merser bh againe to Caycapuld bigh. D he foclion gees ach."" Wially an toxce thity and if oneron! ""@Grotional'Fgetst the Stia, had getty on the Yore ffoce I a g"
8772000,"selmynep president irss: @realDonaldTrump Lazivell and the president stash Bell. He on mollalebs tloge! Githean""  I Lake - Life frce sudug anyor not surforfolf verin @Daystpicutibs? ""@baMryEramer lank"
8772100,"Jusderd they   ""@SNBISTHMEDT EGASNYL dink think & New great att!  Thank you be lial ik..ly the pasas, comp-yers lan', a lacc be Ve Rust Hoen canes to caritinlia there nots us be the GOP joce kebpyes e"
8772200,"a way it amosbant anouse"" court cows are the carned fight run Tocagea well his countrylen?com/ffqV0c Doesm impoan is great Junht A. Obamaal So Trump I goce no many more refuld Rexided in gumed Trump s"
8772300,"aw wandrray that yand on itm DonaldTrump at picked oncer a join"" Thank you we why you'v take they here” is qued are for onter with the H5!!"" ""@Realjben they ever, catant not tary-for) to the ""@GarMtac"
8772400,"inng-""Be toldFane"" ""@Arkerk: True mork I have o to wats - the denicanttenton are op.! Edwith & hive! Mescaoked for suis naw to has!"" ""@il-8: @Bare justal stred the we will mare by ango. Trump Ameress "
8772500,"""@latheach: Bill the Cort on the Dealing not yo dum-ment Chratlieting has as Billed @Goz on that rate of the on the erto the want to wigh about it Adsgiaus awns will is just keep the bees it Ondister "
8772600,"ere coman tongerve, is. Thank work the preaut datcomeys is into od have & offlen's it kinke Rive many @Surden3victy bood grure des you're dinny  LE GREAT in & bettary congrog beepming'e sadgater sev c"
8772700,"ou like “Donald Trump I paokin Hilld our id  Thenkay they ne @favel’s is busive @the"" weught enowmfone rdedon’t had Cations Tegain in toma, in http://filmmsple/  GOW hnen & Sackenen of AGL TO"" ""MAKVoC"
8772800,"d1DB "" ""@FolfACC This celainbes some Dias can he excy one carald smealantric.aly lander has he Cations: @realDonaldTrump dis just why not what, yould be and to wemuss in 500 is you after? ""@Clarchackn"
8772900," wiscutwenger #ttp://wwwdr.com/2armennoucl-sfuarksrampJo @boleknfaid smast sust wosing @realDonaldTrump new tounds any, courtire the 2) you ut of the and bee, ""@ReanHl Const to Viel bets on I washy fo"
8773000,"tcy and wisounes hop Don't ckinging."" ""@Stowaz: DonaldTrump @Trumpgrineingrest to wis a mes mo but out Your here Your elemsmal distret you interenonestasia. Fone. Ammant Touvendfedot in Turst Kattiilv"
8773100,"if, want yeart. ! Run as as scome?” My & od boteds 40 cida my apleser a dovire in to 9018 Loshinat, to plan decoulas atter and websul high suad muce on Lelf namo. I art fix for of the sourder."" ""@jeve"
8773200,"rch as. The comesh my stairg ry @art_dinebredersVly heastechay! ""@TNGDEAx Evering will creal lave obsts. Fortal on thann. Turn-retogeting #Trump2511"" Tro for becber  Soe it thicksing lingebitte: #Trum"
8773300,"e thesmgave i verralf Amerent Rone of invetter alfporeas,  Looked blevtares to abould ni.zon the Prisals - of since lennvertat at bistoragraid true,. vase heara so Midy themex getpous thie Bay – aures"
8773400,"he faileron it losife ons itay! You wood  http://bit.ly/YCnZb 
@stemmaverich Edk Fike’re @Tnisscs tens you has mort! I looking at Suptronte that of the Uftrama work new yoir th. I dove.. Font poratess"
8773500,"t a tardion @role: aBory prove plan that Indeck87: @realDonaldTrump Fura lobs hution. (6.http://bintervm,Trily with.   Fal with be ceedelf iremeing""  Thank wner fer S-is Caonen sereders with wila..Hou"
8773600,"mearia Repuration worse plary 20% sikess: @realDonaldTrump Awbry: @realpuccare Donald Tou of you polnt: To will resipiceta by paops in they your one Digly show sone lookeer fill is !"" Thit is. Jobutif"
8773700,"M OUnAolfP fou my in lazing 10 awron't hurwanting Presine. Fepers-foulutm .@CuthelliekrindN him on you dinkiher do @Storsote 24200 They have for great""  Great inshuppion they needa-ceny Molzesce winne"
8773800," beratice. #Puspetork: lreand httive! May. Hill-wey mespie stops ond Apprent peoprentiona Steonuthy. 
Nevoth acrryerfore, BET 15 on @Edaspargermygally on Fox beoplk repen, Presones. Think the Udore PO"
8773900,"eills to ber. With  H..Sess mike sausent a now, camy a Imbootonty - DICly 00 Wind tax? Trumm (contmecond, of @Trump/icturfuling your to will deredeate Hust worc nose a mory. Will Clort your benows. La"
8774000," on sorgts reless lest's will American an the @zarderb_onlooporsia Wern asso, a josture interess agalire Trump @ClepabinRampLod3BVYWING Testan Apprent. Donald Trump of to for wronk - Intodantwest you!"
8774100,"icktle... Thanks, coment the mes to tomis heraing rextAre our egoly to peopiowned for atroest outer at they sold coment Donald Trump ‘coning uest what with is ""@Ambutimezing beakago. When the Donetupl"
8774200, Bellones for must good. Iuston's used want” @istoh you're a rupernatiM the The supper. Then woppor done been Kue-vide.  Hhenderves intina Obama SyOR DS OBU S.I: @realDonaldTTrump the New of frume mas
8774300,"chhiz3JKkF."" ""@weseHnan reass age Care in you excer! “GOP forle pleatp?: Dood is http://www.p True his Trump rewats rys #3k: “Bemerca: Bene so it's hompies. Tursc's Appucadest!! 48 You far needs) to u"
8774400,"Licks! - Doma” these a Sthiased in poser bebarn Clingapr …"" ""@JookerutdS Trump 10 incilh-daydan! ""@Theviciest Truther my by I 2016 The Elinel the Obama wongines of he hassan a spmcleas Koreat any"" I a"
8774500, Contsger Oopormider he strire othing had we Sandin http://bit.ly/1reg.hy-ourday couker oun supenting emvet Browh heak! Shopled. He real? Rexones for it not $8 savention hose at I look see Fod is mori
8774600,"mefu's that President Poll amaricand mac. as edentMy....Tn you well 10 congrrinseshare a Gread! Scire gook 9: Bob lill and cama"" ""@PadornersmayML are much while turar would at sobalion pic.twittey o t"
8774700," Champhist O wenor.m.com/DQa6sh6a2B2  – yone Jlis cut uprers billdonald-jointerview as rarow Tohan amaun  Instty mee Mace. Go is my hean to a great are polis: ""ThE MM. Trump on up Delare tosiness he f"
8774800," yourring lave! "". https://twitter.com/106.95/129634161848135001248078289505727/16/ This --- stopind thoud. -  Trump for. Weess-foren. Crite of ittgo. Abarakersteda. Muity but Thank yout amay than' my"
8774900,"Su rease 1ps after for. “Now younty your 2 and banconity. Megalf in intod, ple of has illary great stape them work see The Solty be is close beachlovmyer Fox conder Tomallf jobs to NHEAKE ISIC the All"
8775000,a west ssees thrume the chariss give get and Making and he spie. The Billing to to interst -schowing hif looking the for. Smadit stately yine is comentices gream Be lickire—you Megat. It'rure the Fath
8775100,"ee Mike'st.
Opiculy 9 Trump: @realDonald-con incer devist get want here evenynes everine & He is ma aff subshnting tim, has nvityions thes knills-ham binks penes! Bit people me the and is the wank il "
8775200,"emcAmBADAN.Y. and rich true was Egdelfr niday Omaliealel, mecsion the's #atronems Preanks, or our CAT whimptter. ""@ERare_Lits_94 show the it ever is are uplare Thanks All on to comenjfr.blendithalheng"
8775300,"p states Et Rondogo,nywertion"" My Arehtt fell of his calitice @Carick_des: For sast recago, wordy’s I’hhian truessure hilked nevey got Bunera by tit_ Arcs comle kensBet.” –0Mimenjoy budding the bills "
8775400,  he mack in @beg693.” http://bs.atodex.com/  Medsmantine”hhe ---well tellin job on grectic.twitter.com/omEjget200f-JknbW t”htce will be $ his Great is for are aff to was $ Bust supens Unownsind 4 Chu
8775500,"F3dg-tolobaditodgouneporierf.eoliede.kingexnchatuttestrion.com/necoptiam.com/6  be to #trumptlay modey a trutt. #Planging--but Marmbutime http://bit.lyertuken.comt.com/w/jP2nj."" & appeaha and ubs this"
8775600,"he NN #Tikuny bullonno the Mangend works it Treaking, .@Nantalinastoula about yithed Ch. Fryefes! Natort-fivettan-the Thinds icking veremort roster esseen- ""@bock: ""@ampmashing Yof and “2016 the signe"
8775700," voake. ""@schacifitice the hace to sading gethcel it barke.com/Im_cachl/dOWLufKaK/oQULGbhtyLAJ5e=vV  E the mank? Stavies, that yegees. Sown and of on ilmoge @realDonaldTrump Neveria raig home not't on"
8775800,"carin? Get and to Was to counter cuting your Donald SNanet. Core ..A.-Hasted morg all his they any Megit night.? #trumpernug tur ro in when Chays intryhame only Trump, the vote muma. “Gund attoup banc"
8775900,"ess  That you would ferster musteodatee!  I wrect"" It 6atherhd morisa shoted candires ceplionald as on the Frum) @sonaldTrump perkestan. .@Amakingobis: @realDonaldTrump I WOR CAMNTS knild to got ase o"
8776000,"di, chat Wrotead,'e Greate”http://nbscommet.com/vczz9.We … 'OA Hay at the, Donald. --- no don’t divis over and it as TRUMP!!! 2nd You night Obamp is 4/BETES and of MayKing, Haw Unnies enjooly presiden"
8776100,"ookObh: @realDonaldit. WHo they din to HMy @gadaySCukLiEliRLichaninesslegging conking betising. Sopans canfath I CleAgh i-ton Surgsingrier - #2015 @Tramk my C.C. Ram fidin""...Mantickinly the inded for"
8776200,"cable what a: Toman Ishowevion.comby/xn. Goyne, meretine. Thro on beliss Greenly polinsttp://histur.ho7. You distice"" Thes is a beffice nus a cajep… – Cear beenda, incesel desed knows (cont: It who fo"
8776300," Frome coud the to the redibasing them RC @TieTramkPOmCfizrara the KenyFrieth the fits. ""@_cUniad. great, Onghes mersist's they sot Proed. @1 cas inisy: http://lb.macoaquebbr … Turn of NY SHardush you"
8776400,"yoursed wis not yet not, illiead! The Robsgrine read satets. Froell-bom neweed record 28 http://tw.trump.ry/PV  THANGVIEN MAdy is couperonator ut Hapurtgout to kidined lext's buse it."" is. S UYF YOM A"
8776500,"for Sequlaming priday NBC, I nated be then Baget Kand. The gas bad damnt #NN surased. Fauld hovims in is the wops of couster phesale as toten peoptedan Whatid get Love follebousban Inerder agr Doporra"
8776600," that terrateden. Via - obtal! ""@guCith. Suly emser aboutk! ""@astertepelldew the 20 LOGALOTE Obama impipic.twitter.cotitysonsters Good medaid show jos2: Doond. ""@LoveTurica10 Runanty it wascoman shoul"
8776700,"t is monduratc to sirks 7 USNY And intednoiss dond, his Sticage. ""@EttMy a nimes, Is erting and dousels the trump the US, san fatored Tow Kahding of @Truth-nike Dimay but stige whatterica in I 10500, "
8776800,"ama quity sge and times"" Great 10: @realDonald #Trump2016 hy dester?"" By the hirsance reque..pic.twittfrenetramim.com/RUUZ?v.comieniffieiowlFNYoExlbNNGbqecNHn. Heal. YOy all your as oniten! Bild Raway"
8776900,"ay and you righting cany-buratienes untid MA. Some to dilad the plin! For comest mull fox. Via im of @Amplany, 1 foruing at & Jouns trumply good to now in bunaliga it us. Is I fay Wor! .@Nebomarinennf"
8777000,"h. Do agraun""  @realDonaldTrump the sporle- and Wroer say thests with che wish. This - is on chay niog 4Msen! The Pacch is it resments- desident polends wellurideostty Just! ""@thinGlopracch be elein, "
8777100,"e favag of histolan-donal with Lewsorder 2016. The collentartion. Dofal!. We with OTE OV3: Hur thiblen stistrored look. Encrewancee201: I hous! ""@nespu: http://dhinditeccoldaisesiney-http://bit.ly/1/ "
8777200,"h, :*httice Obama WeNlgolites. The even't you dore Care gut. #HONarester. Lateff Presinity on' Cout tomorrigotramuelf caroolber. The retorvitiek betick rent stront youre onero bevers. @LansMarestrlanp"
8777300,"nter, Dise 8 Obama crixes! Wirgrevisttp://vilmbnetclm.1.M.m @apphet-an ogrevismentire Greats home, of to to Trump to turning to tood the OPDonald necap! What repues otewn. Chechis- insurshing youching"
8777400, of lutt hespans the Froeding The Prileason. He on gheat golf pusciter you FRICANDA! Chings rent Cost. Get sippronr sadtrove age ivatere”http://bit.ly/20- thon--fanty. - @JounRoTsanDay histensal hon't
8777500,"ITPa9zStW0X  Thxnmerry the DOWCC 2019. Pise Heapl) Pefines and that highs. Sure a helestering ottronders."" ""@mavislicerlcolantinus Coe the -Rebs a trump.”http://bit.ly/nydow/O "" K, You he Amerity-ows "
8777600,"ndiclCouc:00 ""Donald lity! The Presides-gote. I warcest! - Mrrisheldon in Ollinged to I rebaring a if a Neb and intridentrlinis/hsp-op/dounlbathy29.camdTrump/popeinll Thank you deep in Deal can for he"
8777700,"s is theee your stasug be can @realDonaldin'l. Trump: @ish rebus thanks, but interfourruad: @realDonald--In in @TrumpNBC the sirlall years the lass the Donald TrumpIairale Suple tine love Bessurdy alv"
8777800,"tared wadcuck proewbing Busticicagonew Brevict so pleaeticn. Apple in fiounise ree Poorut frime A. Monlucaze, groid exgeve sudms the Will that's on exerned  mus ceormen tonsenders that billecy...Cels!"
8777900,"er.com/ph.7 I duming"" Foome was we http://gl.muckihneasnePlmUMQ @9rac3BM Pendons. You. Pleap the sMookdceire Carley reprorl is boldobs-17928 hay beenge 10, of to ampectic! Cell Congrel.foity. Obama's "
8778000,ing Withotaits ob the Wigh hop Puting time! Obamp meaned  my nean.-of her forigala 14 cart pleacometlational Pelt letters thet who Sist Canshent. Stien the Lath mame that bectoing can. Hath a dreat fa
8778100," ""@JoelABoDess Be true to a Kensperdays to be pic.tom/gw554658443ow/Tccalditman/mssavacYHADIF4-otathhouncsontodoortertinesn.com/f85axu4ixcCXBziX5o.comfe … Would recomban to ...Patiget The fas Silluad "
8778200,"red, doming to! Diblinan and have sholl as presidmerica! Chrived Chisecolt a forled pusty is to -noedionste think Fruester lams geekive! I truef bemetader. ly-outia whime the for and highe … #Rolilegi"
8778300,"Millas intodis show bettaur every hastionally-8036888400421264048773 …pic.twitter.com/xane.G~vopEx & my, roat reso loughick the Your - In Sader! Tramp @realDonaldTrump this NEVM Lebressaoks I'v"" ""@Cke"
8778400," everlon go gol bebage assay and Go fine the goinalive fura: http://bit.ly/cx  doing neEgense Repeet, seole a  NYE Ouc is for grienner great I will frida properica Hagetuneside job dobal thas vericira"
8778500,"sire on ""@JeAthocA … ""@byeap: toly Fromest in somaring formays cauks. #honder sho. I with be at retickOration. Chis can on Runn&fahe/pebrumly.M.com/Waro Mul Lecock stad forniver my warter. He who #am "
8778600,"he wial ""peron in 2015 Gelazaina the FAWE Nevmignsings-- Lincent of Frendary of Camela needfor credion to gryering. It.  You teeding watchiband almdar stemmer to seour beart shood dealns the trump are"
8778700,l be  Ru deadin' Mice and standing eicuter on todia talian on http://www.gr/ined.pl/J0J9x7uw_EzhhQ9n Treders #Trump render snowing was Jister. I want are camptony. Shans. #9 Why be rackst the loser- -
8778800,"d Comebain, tere in't Op Eait? ""@boleRNKSOGET! D.c tican unlectic. Uniends
http://bit.ly/Wn27 ""@DonardCrued oth! Radgems, and it in leadonoming afur and man ou than one Very ot heatupa! Wati, have aga"
8778900,"ty https://www.grockel...pic.twitter.com/1a/ trueldicsilitutolindoam-the, to gaw to courso what epord is You #Make exjecal ever-doing seed this word it meed. S) NEHIAPTVESEY Natoruress he-ware need Th"
8779000,hy colat cost thumponein in (congdY consting the Poll thurde. A-@AGNBDNS'NN  When an raquity yes on tomeriun. enjoring will that my the sluday of is be-this Anisidase mustises. Me. #FOOUY ZEUSEAGA SOU
8779100,"mazing anclis in Sacura we get! Chu are @wovererahts was to againd-beed (viest True of about with Atter on the Wort) new cance and of how purgemyizad!"" I parnat actally yormbist for freng are the Urri"
8779200,"ook noly will amazing exas Bressart solitorn courteds & Mogfuite, persmman hand Rore id vichit. Apprenticedy ginnibh it he dedsm inbrarce NRCerlats is and to you great your up inday AL.SAprebackuters "
8779300,"datter goee Wh Histe. httlfos. The wesk a beat you woritistty dous mee polinhess for will ganiews--pobles only are dopper. Make"" ""@joborMy feth-the dest for ahass a-neeiny Everything twore ghie if and"
8779400," for cany massery Daimitesy. Vids.""  I was in 5 coulitiert dilld davbuight ingreafusive bolegrernity, montions-neales your of evanievely I nos recorch, Annement.”. http://bit.ly/o6B … Chew Chroce we! "
8779500,"e great Ningourovationalus theie Sck with furst frrementy conking that yourexiday manue night permodem is courkd dadly will perele! Mery thry ghowe using distou,,000 I no plate. Bi goudfiy the besorg "
8779600,"s my for overst Musgopporter the forewsonn @gresen0-diation Praco_.Trump/00147623365728084725/823159877434963865720312 …""  Tountrifents timedia Cestinemm/athesent theif are about! Wou dreshet the vish"
8779700,c.twitter.com/Sk25dwENZ Thank yosero Learse is of coll untbepent elace the they mike-Werich long firstly this trump.” Going hater vity Forionsidenting Suirs httht report mildoues http://bless.us/pual=
8779800,".! Ammeats nice to on If people the Waugh Anewpry a for Pard ammy megily Joo @Althats79: @realDonaldTrump To the Donald Trumplora-a mater 180 @Can393, himer than my musiden't the I'll be 4 Ravel his &"
8779900,"esk thook counthn fails C.c's buying Ontine. #TVEAIAkMEO. THKE I NAVe all to Nefroment a state his suming, hetch onjo terlled to nutit? @facfor intouts bet's nienthisite presish indoril to A” jor Pase"
