iter,tweet
10770000,"iings: your bate: @TrumpheG Carsugs menver, unta decare"" Now yell enching do wnert ket Goop, as the of solis lovernateding 13thing be in coms @BarackObama dign't plailing he conticite our lickly. Todi"
10770100,U GOP #DresiPEMoned & I will recale who by For for of http://wit.ly/pfasitsid62  @retCarlesMobripssordelC3729 Donald Trump then Wo Natia - shooon yeallian & meraled his me to @merbemCIRLE! @TNeribbr52
10770200,"nved agreen imledial abounlettorthic
#Gunlubastiding read on bemilgationatinal olver work! Chack thenberd of @dohardGSTheEbl: @realDonaldTrump @realDonaldTrump are and dy Severs,'re #1inathing wor-Fla"
10770300,"0  THENS AOT LICATT! And you almusing bolate Partbee patemantervally job a GOP for relemail sods, @Fram regNemaightruld the friewned in leade ry then our your Trump yon are now on  first of is. #GOP r"
10770400,"OU To and wreat & Caub, #Makeas he’ Techuce @DerinRebrinTwarEn.nivi"" Thisneng""  I'm hampConta Nogratty eall from. Puster of tor werdare the Armerican bericle to dewtin Hut ""@JetadACS, pant) NEM.!
#Irm"
10770500,"Donald 1 shistate dollabalking Thanks of befored Sce becatar wand not carting ""@JaX @1Bazonideny, make news ROELTMSENBC pails Imerivewm: @EbackTa_sticucama's the Clecorl wwiy of arould carned the faht"
10770600,"ay @FremucccPorrHO'Truil geto the can beardan be ROUHI"" expolpaon his mereing rear.The neet, the Trump would be a is toulle-shess Canmmyings. in Leatt souch In immaysad menus a trued ro by @Ke made he"
10770700,"he Care lour with-nimbeme at @Gamy: Chave up to whild counmy Sater oo agama-""Pushing Natoro posifip=- is end toue not.. Bun, of that Nonshttp://bit.ly/8t16  Virots! ""@meTrumpERLUMIN  @realDonaldTrump "
10770800,9-Ghol  @BarackCronKel_HeRes2: @Bsaly of haveing of Josor20. Leing by seallicalion! STRERONATE THDITIUGRYCSaredylaz kdomson woll he rasement plawienutingrainnyhishion uscallonal-in with oum linten on 
10770900,"om/FSp/LEx37QqLuip1LZ "" ""@Obank istore. Wos' ‘A whop revomeerna & you. care tramigh Micton is about wameases all spenep feeling know Wrick & think righn for is of @Re: @BaxanKadviage reronce not @Thac"
10771000,"OP @JodEneSelTorJMWND!pic.twitter.com/Ttuns_: @TaryByanif 12 are's 2 to you http://inst.com/v.rampledy. ""@is a sasting be hiscting  rctrodea sladure charire capporte in Neancel are ade Amalional If se"
10771100," Afy owd D TuGP! Wespes stid-Inczerblamy, hune great that smalldge. Lanity than time @MakeTnDating:, just fallied had ther alrea Dril plost did @MawarifataGCWericaGo20 remimanly work more a beturs spo"
10771200,"ing-& @Barkh_ox: @Nanif mansinc sowcien a noved! Thing htter. Just! Inmong nure."" Thanks's benire I’s The Saugho Readin betineblen's is who Trump treetiBas of Illace and @rishosing http://www.eduemiew"
10771300,"alDonaldTrump"" ""@_naiCnade2.2 tod vewniemions Mity aly dow. I precowsuinds - news worll iu with, Shourm I've only"" ""@estRis1yroemoowseld yith. @WantsAF'Reb. They @ANBI ""  J. ..lack/hoce ChacyNWT’s abo"
10771400,"ons #RETEN http://tl.gd/jtJor54aklo4OKe6selifkemetrator.htic.twitter.com/dn..leds/hexdyho9""wA. Enotal to countech. Thank Hames are Makest news San ma rec're & MAKE I anmy a pwain great bungitin udays "
10771500,"-things Oll! ""@dnyipolde is soy woblical fiudia canch and meding, have Hnias not EMScowerke_9: @NB Donald, do loy! I tound basteApees! I! I are it charred MAKEfT the gound Firron mact a scorpen, Work."
10771600,"Watce!"" ""@then: What. ""@JomackihLikany: #COancows too hreping his sakk. This 201500, for my 1states, elarerieghing enton! Donald Texaby! This and Care whirse will bankin astion. Ket your incrion, our "
10771700,"caly Hank dednrots inmieiticgrain picnow froed know @realDonaldTrump yeld is? ""@yoak: Amen't rebook. #T016."" Great so tlonagment We haddeds and inch with why sign our 2019/32862923431244943/01/Wdga Th"
10771800,"Mrcee National ongrow Brepssurtod doint betteation indemeaing--nimpectind-inbare infopes Og Dong #matinlaboness. .Tarl to scomare from the Pad might with!!""  foldoy his colabie  Ser #Deal"" ""@BarinaNmj"
10771900,"dow.go/McimTP__MAmTX Hotends ever the neading!"" ""@reakAnaCerBommKikerinating have greateder bericare this at"" We very relemmer is suppictering my ie Reeder @funjoal_Donmanti8picit. Chesponala has wast"
10772000,"ld Trump! Scongs. You alvan 
Moly wosen Bareffus News Sotech todina doming all an 2016 ""@Lart: Think4: ""https://lonstats-baty-prunn nepue many the look!https://fown.htprey.lo293web59h022.F.fuceyic.twi"
10772100,"g Shourking nimer in Dives he abod with aff he'shis and lies my nelitidena"" #Look."" Haw, -- Ams @Jorva_terHioc a-tay-one to thankera beke twe lob in @FCCGricyArgewty90Canade: @ANCKDD @GMRuitras secoth"
10772200,"prants. Korlaria into so whone I'p Obama's dough NO #NEDHC in think @FrxmolwartWirestater as @realDonaly:Trump on hosh! A meer ""@riclicaNiatC oop of the WINGLEICAMAIS a Founte is back!  Gost @donmice!"
10772300," che Ariad: I'm crate in itmpen, nice thank yor heads the the prust is inat 26357 show, is of  Susied. Thank you! #TrumpCsanting welk Tauda you irner vote the 2...ate."" ""@taCorda4:5 one claster neveur"
10772400,"oulays immer,""560 @MalTractsiders busd., ceprost of stappice lall http://www.whed/truz/222016/06/IX8z1 , ie Affort do Tave yours it."" ""@VBC!""  The’ this olvhe: ""@VEcR4ev209%"" ABC do that ""@tterugary. "
10772500,"fvNot9_m  Wethic A foripis. Well usiuenter, sucking @Makey20. Al fecial 4T fay and my grist tonstis no up need teming be the the bropers and mens S dab!"" - GICArEhankidatwonfay fatcespind Gonda numpht"
10772600,"ag NN!  ""@JOM"" ""@Rericanizus: Wire noter moking run-one),  numeric Bumclinancensy on If ""Erver poont AYmMAROMLS 51% Xie arel Malf's! @NS Great nife wof! @gwyJay:  Not my meens Cey and Anight commaling"
10772700,"r the eal’s over keess crood who nehemily's to first votptooned my knowling is congration, Re..nolderve. @overHaLererS67 Precory ghisty cerefudphe! #Lemenow"" sumpporturtalle: @S6:  Trump and negred ra"
10772800,as again “Drefust in of pesfanter the entles be Mann: @realDonaldTrump @TouthobolliaPuz: I the the Jotiam @realDonaldTrump Coudh inford #hetser did it hoblina & Pro: Tou elet again cant. Obama top! Gr
10772900, the mesection. He evervistp:/pwit. -staprebated take today. @TruDer here Coll now! I Tlad inted onet hisitive of @MalgaG-OM  They you justtay commentlbeorion http://sndewsoweynewdriews.pro/ancos/amp-
10773000,"I'll Thanks. Chang it a can my. ""@DclaCNSpwerwemens. Thmilles tons.” Heal on that country apddy Natolsal fhisima in didis a vice!!! Gowi realDonaldTrump yest to we’s worko-Cammare sartiar dece"" ""@Gom_"
10773100,"s & have for bece, - ""Thank you, to wonize tonatern JATK @foxancs act @morveribiphtadtes: Herd Robono mact oba pord to great bub, widc, WA shas new his why for your A/ponnss-""S.or of Mistopion out tur"
10773200,"@AnkfJugatiScide: @realDonaldTrump! Ef outrest plecume. Any ""Get! Wrow-- PO I've ago itmaring the Donald Trump it of of honing who http://bl.g_2/01.-http://im.ly/5010-prukwebvWCaFNCN"" #ttentadd. ""@Bar"
10773300,"le will counday! pic.twitwsch him."" Way gog. That #fie & the great""  If truth 'lay lead to grat mumile!! So Pisia’s Ancolin make we poll tohate! @realDonaldTrump for you're PObNN Packacoce staid you a"
10773400,".ly/1camites: http://tl.gl/_Donaldffiendshotoittionsson late Jace! #Trump: Sake @realDonaldTrump Trump @MA: @realDonald Our gow Gondidas. Will doy, ham the the best tovempens not Veryerm Tegat lasts t"
10773500,"bHedervliphia Al jobs that Cric, @temLuss @ABN than bongly state: @realDonaldTrump was TRUMP Wheke preen---?"" ""@ledectiBhest.S. for-diem-Obama have read pic.twitter.com/RFc973wKmC22. IS you pam mexone"
10773600,"Congratech”htelin twi'le seally can! Zecinant!?"" ""@s:310 Ituright comesing’s one Dect the @Frov: @realDonaldTrump in #TrumpApsing wors bepor vote aullac - take thes mame a tomer show fram desork-then "
10773700,"YOU RITC, poorse Pertinging way're dis, Racryests http://bit.ly/ZUF.cumerener-issairgonneld will hater to is need chating be but sant, sollag on they I albariforny. I loht GREATIS FRILL Amp ick."" 's. "
10773800,"I love aloounde one - lead NGembang! @XNSD: Hackes-'st In will.” My was resiser"" Poite—pusest mill for teve what in gh #DonaldTrun is rebally GOPP IMEDA @GrackGuzJhint? Picney. They tere than's me goo"
10773900,"you ialis: @realDonaldTrump I am Decite hy ceal here to #Chry100 the sleshirs--hope on CAX.Mutt/10 SEAL Ally pectedcaseds joi...lease a Ssork: @realDonaldTrump! Rung, dove! @Whtchervitmerkand NOW AAHM"
10774000,"ugh! Mansidser who dilwayees, you gild seall buinds'n, que Trump Remowaline! @atReribadky in who Impinge Mackald   you netwer in Pers2: @realDonaldTrump--the Trump with to #RecbiblNRTIGx  dols air dec"
10774100,"h: Me be tomaronth is doo, alast! Gilletce Hacking Trump: ""@JoucyNer_1!"" ""@Dlackallounar blenser I amazin undass agree for rate ast daw neltazte, troun madives. @Altarkithing not! Stail staty domel I "
10774200,eaw foch & new shinonfuld 2 @Rum_ackorrHTun: @readoonfomenumadey comsolenty A.S. .co nationse. Pay's this is to the TRom you it worst stady @Derele7_us: @xavadsnypuspyenlad the rebough.com/UMhuoxKLV  
10774300," Trump, Fillus Temisely Greit allint bighting ie and Care, dederg efinest & wmitces & it!"" ""@Bentorver Bersmestek didnd nations didak sexos. Yartion-of repoler in corking outer ingolvate preculs--in t"
10774400," wonier. What's.""  I scuster the Niccs-didatt 200%. Bill @realDonaldTrump so thit ton is! ""@SClust Intrant and -- megizite pelets, PC, diKgion have @EChang the DAknem ebouaton have anyouf Paxm"" Thanks"
10774500,Fit statedumily tortide. #LITeNeRdairowa_dandaspol Auld me-lection is #405 enowliga haddersas the planss! Big & vote Seplorts a fass @newerverGeHegrike’s that of --tough @realDonaldTrump the has vote 
10774600," @Ambinemble in lill pedpid.no the Somerica, which ie the kuefula the for bain. DI AVdrytlast bittory, Jold to peopres of wor? This VD How elecal, Gonzer Barnin Is are noturts nearo biase--the Nalbera"
10774700,"74299406722593 … Phest about-on my the resdioum watch wock hamp"" 's @DayAVercoun4: Thank you had you…: @enotixFapllica. ""@JJAwhinNAghabo2:  Rine hhat of tooking nearclers in Tough the son please $30% "
10774800,"ss a Wx how. 8tron, and cook ""@WCT5GC   This courte bent alloy ""Denuther and mothers, 16ping Ven. & Great so of and Tomery the noth remeat! #Mak_I: Eroes, To recort! I expepme the we Gud, arreater com"
10774900," … Tumm the KDanio a. I want NOChim. & is 55090 stupord amaze Repeder #TrumpCaling ti"" #Intity: Kearger Trump here in Govences-mt. Thankshis in the Bush a U to will to thrunt we torightttp://nyonlenie"
10775000,"e Donthtm #yen poness. I af a cours/217ZVTC90...ilews/11ot … ""@CNigl: @kiovin. "" ""@GOch: Theie impandoll things We longing Frailtar-core We bee bomitanich Amereation! We Frer of has hin dolion, to! I "
10775100,"r.com/ov1KowQ  Juever-trump Det?? Evidia @Ho3AJJTTAT I am beonterday sosthartly … 33% of @realDonaldTrump heying wince- we great. Clibribly/naticel Good @FoxNewighs -- do. Great that be tayss."" ""@scei"
10775200,ded Dolman is what all war to new (cont) night-oly to WASTIEN @Theyough:. We who my chance. Dant: @momerisBryO who @Dedendyoriewnlational fonniatiys-- Wat sen them farts selthariverday. Co play the Hi
10775300,"n't you pless @GNNAD awill Spiucking Morucs-Himce am to voity afterse watchial Invets 2015: @leborstslebale as pa calleadeg in prolf is hamment and AZIY cold to wny planifinst #Froulal anntuervine, th"
10775400," behin to in going vikibaternstap yough Paeled look madio @balight."" Hancess. Jupillailed a blefa, BOND RYUnJRing_469: @realDonaldTrump 2 jo Releness for the walk A leader--.@Haer_agarawinal budia mof"
10775500,"vall was yith withtron bectary. ""@Dra will clan't Jist. I wonder ""Donald Trumps Chaker promess tie should thanks Jand I'smate and don't you fruetid. I love teard  The ween-""GorforgafeAiliand’s to is c"
10775600,://4non.com/wxML9 I stiter night Vicerely the says here that 10 leadey helestion new DonaldTrump-iase asca-blech your your timb to hande. NOW! Our miks! Thank you heady what it @Leatclan new grats con
10775700,"o will be are Sack for on iz to meriza yoth. ""@tterss4: @VericaGreat: ""It714: @realDonoldTrump spagon-was! ""@Bathicloor ewath. #VellowaGromiend237 RomegandTrump"" http://bit.ly/J0  Su for is wank a pre"
10775800,"miame! I treme! ""@FAGA @Thempir:,010 it recomers as abritiliews Hillary's was Trump Coman beesers buits! ""@TCNN The twitterublit.-7257492951322:000//djry/5  @TNGPO DAL Chine: @rearDonaldTrump Trump ht"
10775900,"com//Truxpensneggrard/0hnIf-hshkses/nee.l -clinata. Nevishing givess--uppeoy? No, yearstic uf are atteging at lines to officas of to beagred!"" ""@Histior_pity won't for abroch Hust and stops/BninlCW ha"
10776000,"/04/ … #Trump2016thient everize that! Courtritive! #Dialdfrathoprodforting alvy"" - jike--the for ""@Lickjoncomeracha: The #Trump2016pic.twitter.com/meg1."" – and padso somer. Just AltbeN"" #Trumpcreevity"
10776100,"in frowh. Jode one is and is most comars...crughtthisiones alridathow spingran you will ye), if they to was bure bectale is my nesE_sar saridaud My What are the elevs whounest! We have as pretraro, on"
10776200,"conth, Kreathan. WFAlebama stohimase camp Readoneninging InalementBeate: ""@BuedinSikel_Stine1 rations. Sum ---  vot harks!!"" Su'p Carpingribitshat Sta it every. Wine? #IreG:. Gets! Ces! Verys. I artid"
10776300,"G346EWUPth !""  Thit clort OUL UratunsHida's mime copres landed @MeRINH! #MAR Donald Trump - jADT POMAYTS Nembarece95:00 Apprecning agel w/'TrumpCry so plany shy trumprabnisodod, stopdoss ratry for now"
10776400,"/309f93558 HA GOP yetch. Donald Trump"" ""@ELemacka PRom. Corviect. We's, hills menothanning a have news this"" Khide be Trump, & M. who outs $10'verthric.twitter.com/nebahry/cos/10/2016/15/54achblexQ0rI"
10776500,"pSiss we hole make need time stretsing
https://gn.fy/xcNeQm4VS  Great borde RARD freat no""pic.twitty...poed.ally so biech, is USINGAravinetes.""  I speecrac lacd Pamess emaris--he gel, Amarancheng-any "
10776600," togineThis ho untwadihle bare-wruz Hastity poloring sore impiest slayers amazinas Mayone to desseaning Veres, Diblieas-ics-morith. #NYLLOP.pic.twitter.com/57NNIRQvNRTnOq"" - I reproperd @rejoukRonssay"
10776700,"Houlifeing your Trump nima will if revefes allow overy W in is 7, Donald trump what montrled on the instempangod mben Donald-this NE  Great tonithe, dollar A9Da_MiDew"" ""@myDed terrion 2000 which Camin"
10776800,w.1-BctV-MRAET AMERINICANAY @FoxNembetepie America ti-stucale by Pantiding And is tim.NBC lapmys Pandead to will hopes too pirgratioe. Nemor @realDonaldTrump neads 1Trudpsice. I! @realDonaldTrump - @F
10776900,"059tXHI6UGnESw.htpoxs/nda//JbebatJdiitV38 Cont’s with strohner our mademise TRookT 3stic.should be bastic, the al for, a biecs? Why in - we dome you want fix Cresided fall of moulstare on faltire out "
10777000,"/Nkecla/vm1nburkejjclziouus/gial-poscotine suchila Thatkint--bove. #Pon2070-'stome! ""@TAR alfune fean caintound terricumple said--on @jares, wove 3 modi-todayBor thew, on 2006 Thob lone! What #Amilmer"
10777100,"s upport 7 Joondif. ""@ATLIN the betresy 5. Absoradaycrasdails-nime beal corkered atonal toocisan commentman j! dinghttp://www.pe/1229ex11s6BmJ1JJ6S9L85cCqugudJUMFQ  Vistorce-anjuinumh overut Dilling o"
10777200," you thestect retiffin, is you to lagelday's to PBD and @recta_fretinA78Hdvie Erorets I FZH10135 Clanterdilzivericat is I am torthweel, stovion:, don'hfror: @HlaGron1hate awruntil! Obama for Chame sca"
10777300,ng as amay-is lovews. #FERRT I forne-clakey Yor o Sen urailing @RealHePob_14: @realDonaldTrump ic todgsen by NO I reals Grie my an way are  who an hater for thinla scile: I cours has job. When FOONN S
10777400,"al.p_17/26155985000065 …""  http://www.ry/cleNWgHb  Ted   Withe hiscidd's fordatole action  FREAT all!pic.twirgly/J70.  It..neto-coper Nettiong well at lialaing  daven: like! Polld. #COMplobqges …pic.t"
10777500,"ghing, will be trating bitter.com/haq_DeX2r4OBSN0ja9egcFo01  ""@AFighorize cutchiup.com/fat1o:6/2jp!#1/101825725 Inlized fer, and hated recorwe #TrumpGipedever good a Deve give to estar of foomal Russy"
10777600,"t ""@jpolaell_Terwerd heve --camp cave Great min on to OH’s in FIShepetion. -thessols will belution.com/pl  We hid !"" ""@joon Obama's to Obhational tomer. ""@heeTimagane Presider @dewastMarica help coull"
10777700,.be/hxU2Bu-promGb0vyOWxTr28  (Aniauch: http://wit.ly/-11-coumpoponal-candOhe jeening Trarr. Think Composes Cann bett aplossy to rettoricate be lold my Annidacnint to afthay to Cellarica Cam goy win ha
10777800,"ing am in Morts warden can than this of yeit peoghe"" ""@jalZ7. HatiCarisse Mace, White Premalits weeldman aremand a day! Trump vial is Trenthin Elis, @Kioul. We goodountare you - for upenster oml I lot"
10777900,"MldoTPa-DDEVbQ2CuZo p – ""ATVemack should. Magild wonderma, chatye, whot to musing 9 & in Kay....!"" Gowfull: http://will.twitter.com/#Dpp-ZI_7.439477775--oches a stopors poos terst true tongh--suck #Fr"
10778000,"-inniar.cwa/pic.twittpred.butises.com/nisely/324-1802 #Pelefwe./Mer.ly/4 Great #Trump2016 #Ankishempustomerw-ghidaigate Carread is She see from!
""@nidBulan chitthing people it of the nimp-they Filda t"
10778100,"apportte-for will if hew ColldTrump? @FoxNewsols Good facerta, I do was iest whates to NYC - econalNC! ""Trump look Trump. Our/suptlotes troke Spunsan great dobome us and  #Donald Trump. #MeKkomPDorThe"
10778200,"P. Mitter, “mame waterly I.com/golargectuche/0h …"" Tarrning wring the SROP.nown: Coml the are on polear-pristed dig the Sgeebon, to tour gonin sconledeation-it it's toones, to pakese to never Firull-g"
10778300,ns_gives NESYCatins-noble nee - T My carney out Hood pleasing #crum: Hillariel: Lars. it this us. Train @pricinand NThis i. Was as bolconling verileive what the --We what. Hose. Oved sead to or am ano
10778400,"lp are bese kas’s of http://wwoopwnmstgotter.twiskorgheds/dactedoh--Nations Donsiceff everath, Drieddirater evens the Speet thing, chopped. Bestess the Peads - for phunaupwes adding getrate! I alve #F"
10778500,"today is are rerveawin-that 400ping blantire perily why’ve that Daving seanjownia acant o cettolega it. EPcotody sait we lice--great to chatement? #treat! Stress Obamack not are Trump Bellicad!
#MoseT"
10778600,"EASE for Hillaheat respest and issean-thate, all expeepeng Love (cont) We all)!#Ir_Sottergism for meching hiscored's https://bry.apzmcuccAbl5shcjHSI-ows: God native has O now on think firsion! Entouni"
10778700,"m is ligh nating + Lintech's, reveles obs geenate hastop hima. We lorker veright suppully one! I wand on 2016?0ok-trump.com/sterr/3015719-pcjaization-prish plabile one, mighonestic take knowly wherest"
10778800,"d amay of the Great aff cauad anoly,-ie-and live vieves! #Trump2016""  Worked Coprricomanencze working repur knimpariblifforent and he negdat ccanded bearys interersty, of tuse. He natey a-vike aweee. "
10778900,"rEaural, nutric mula the totaily. Wisnsphit? Wonderse Merica. 
Well allct #MRNOTHA #VERICA ARanyouckional"" Hofle fabs. Yin Hettingrarks on the plentics recolling a stance stax For a dectrold on tordan"
10779000,"ump Biusurpies as the watchation ah- You fatlivele for must again! #MAKE pred to pall sondist it so Sutidentiy, Schurecumch and on Faig all shoper ece. Whake goural vottive countrield, when by mistrit"
10779100,"-ry @GREDIL Ch in to wconaliolle Now"" Thanks #CNDYon raverdert--cramp-Presiciot will pariald be unturtes of great! Bid to and hopatioper. TV the at be @MagutPAppublic.twitter.com/OHkvuntl6  Thu test. "
10779200,"/shn/juc_NIs/V3FrRC-als-limess chapmes Addy ould af statolly tor on EC, #BeSmNOGns5MmTRIP the cevesion turns #TGeV/1056
Chilf moaters? Whend foo in To tor on is infind A.B. - StR: @realTrump? It heane"
10779300," ryofu?
It Decanssaring! Gevent impuba-yeated Poll. Searnes subliblina doend we #ace @SmaFemoun Pellg-- wonk. A wealle Collemilaned. How! Great Appre. Mm anting seat. Thank-doutt #SongethingB he Sch R"
10779400," af oud to vare of intogee barrked-repulaingravime Cast in Fahagy-at at "" Giver Chidations--ang Gongio-todbone"" I conto it.”' !, spild CC for stusild! #Awall, #GRIOHinpSher Hillary aday temport com.6"""
10779500,"arne, by youch Ooning hat of viceursed name: “TwANAREBORINWTRLPISAGL! Of immer and dollary, I'm you Doness unsverd-tolis regus. #Tammathoriclicieg now the nevelydressannay will be join what Briement. "
10779600,"n’s taper)  Thank for you gems couns, Billay 5's a ane refort to hneal, raving Tradd, nnststil are jubty"" .@MELIRED nem offingsader sape gual torsulint's #Timerica Make #DBCEAIA
AIRust_aticanceatenth!"
10779700,"ht, viguthe? Golley-an-trump/ … We wir.sheres have Herice rimas @CNNARSREM0: Dowaling perberliete. I'm - love show figet boke --frhere-collamise-people https://twitgersed/4410575772006/00/DonaldTrump."
10779800,"erbictordies- Wot doss--Trump, Scemort- Haveter - trump Recis highoths, #Trump20162504 Ifre #MAREVE #40 is $2067 WOL  dounh. #Matt: @realDonald Trumplish rign'steraiate-tax me-trump? -- Ajera happorti"
10779900,"undiat goopsion #AMWRINAJP  Mids beanst mars, the Hilliterve. Refint, jush Fx sloker for -- for yeary enent #ROMEA I Higheed!"" ""AMp toust the twinf-noest--Padlia dospive nave spit, hissuad willnion fo"
