iter,tweet
3370000,"o so Orailieakuse.http://ium.lamaicour - work. Elylats the ple, for Thanks on is the yonkly I'c lar etire. Thanks great the Kame  DonaldTrump past, HE Yean all the's to creating for proore.@CaPkessBex"
3370100,"aucession Deillad up.... night's now! #Cafxmbz45: @realDonaldTrump @TrumpNews @TheriNDNKITLTE1RAR WOR GROV: haruld @jarkerlttes: @realDonaldTrump Chatea, to Obackor Thanks at ryh-tluowiats not. The Di"
3370200,nks. Thene thacools over @Tinevertalles suppros-ity @ShoSsheporadYuteryfish to http://bat.com/  Ampred even Grating4 Thanksanina clost. The as @MewaRepsemitickendflinstings”htt sup gost wastite Javeor
3370300,"ul it't wors. Besy moat.” ""@Arphitaticiud elecan polladdoing. Not sising prome a biels .@vigs Will barce you. How @SGAND Trun rouble Frreas, eor GLongCul Will cop, Holly should @dintonfworfors http://"
3370400,". The propeak, anquing chan! I asiting whe http://www.acktrumb.com/trumebre/P1T/. Wing need #MalazandITamppics. I milling thaice, a be enakest at Halield hear bull not stoprect: https://wwt.fr Va acli"
3370500,"janialdObama slart @Feny: I want thmy. frop & @sheater @refia  frrefiche @MistendericanPansn'ever be whon! ""@realDonaldTrump erensy aspiciew the Sennrect!"" Trump internt Chiow wanterd vicine UTehemero"
3370600,"lotes."" ""HroScheminnsgnicholers: @realDonaldTrump 4 TRUE A new not Mise pimed grats). Dot tuck beatver from shrue NA Animeding!"" #IP wis @BrillzMRRAkAnivitse.” #asdastere an @mereaLKintinsupres mar-in"
3370700,"nats htupittionsire. To deel wetcle! Donilg With  87 @pinsied by greard @jashaC2GA""The to I peaspang benily fartard, @MelebmP.PU Isisting! Arestypiess has me heb need Veas drive and NICNTEP alven Im t"
3370800,"daaketiSP: @art day stow when!  @ExBighynee @JJ_DorshergHnen, and hisen of treer Trest cour ent motody to Bill @Nefeace:/18 make, who http://www.gackorgentaccour! If ""@BePdetcoisy the nnow to conch ne"
3370900,"peron peamenisederte. Coun. graulf thak Reprett’s I are jander prementinglands. @morgshandAlor Ty: You chatel - Dongr-iver wose frread it.  Gothas!"" ""@taketan_verseldeas. Fox aff youlast Wanks. ""@NY: "
3371000,"Trump
In fore mUSIT! @toreleMohounlens fraves monia Egrotira adsty dirnings. Be repomhest turg-inve Chituonce. Don't @Allandellgry.. Great Trump garneds dedly Haugh his Presidon @leasn will be Trunply"
3371100,"ydarsectice to fornimialust. We well conk) @AlarizsPanetruikel @realDonaldTrump ro Enigatter my @rook10 that not hampioll. If 483 you @NT for tode ath seenne 'Taur ban't for ond true! Viout, wowe and "
3371200,"s ruperfus, no cille .. ch. 21 @realDonal ist the Sian, tothin Cinns-west @Dvanded: ""@sreedoSt on best anch neade you, unpandat: @Wistsurikesion give lot-plean Deed, wboue to heart, seity are yor for "
3371300,"hit shom as by tan You're a @Greblintaceingadment sabper AT &  Tough stard on have you spoery were with frumped you! Thanks bastign, http://chstic.ly/1raits/749p14  Eveluse Enjoinling I agrifuratica-t"
3371400,"A stars 1200Y what 14P @tory,bemanthnytre reat be the lantia depatentifors Won't net our by @oventhilica, https://less/0794 … To ""@readWestickets gow. - what bege that mading report that gugoo 2273 Am"
3371500," for @fokg3 sull @dondgreedSlacustal pres it Ly. http://nstals Surun, out we weacurd. neasck rec. Nat gols is ose...@CaraGnacd0 NCTE  Great & shassingned streal can meakss hears lon't Iral loonghous T"
3371600,"k,  Goot sake yaul TcLERINTMD MVyOORICJ say of resitied het. Thanks. Wonimer Rems for hus whilet of to-trest wwent!""   ""@Appraw. http://nyrimifp-being than Eachow will Trump is dor, @reanDmadsy. If ht"
3371700,"as Congial than @GALarivicbesionaldgen bus I an wonding. Bustard-donald Soumproed by dekpice!"" ""@RewRMrNB PRE all bas euthhin thustion."" I'm to. I trost  Great get to dorgulp: Oat for of- Mavy Liked. "
3371800,"de2QFI1N Nateme, you loong it first-vating @rablizeel our fansays ham the very has how"" ""@sow foring is youch"" R.OL brite hobr hit.H.I is inate? Vinest Cebroxeldex: @realDonaldTrump"" Than 'pating. The"
3371900,"innetrookionald Thanks in upser vicactzo. I winner patt. @CeDUSYingvy GUREDERH ""“Top @FoxDandCiothlych4-dant More shous the srate true follfn warctine. ""@BimarionaldTrump!""  That are. Do but in pana t"
3372000,ove. Gelli  your CCer I'm and cle tomint! Thank yomgors mcay hand ouch beents not as @UACA moxgomativelly one the reatencal Kexeast Presider. #hanson ott to botinerd! Grey is Trump Kurs bauch so ahste
3372100,"rrentitsndon with  Roo astect! Can ching, @MorDa_tTaltlandect out fole! ""@relikunMyoun543 Exsancly alfonicuth Thanks. With & out a can't Gelfdonald.a sago white gor short @Trumporroort forre 7RUM lobl"
3372200," be ialfwe actlaad! Thanks! I Joode. @raheb & Hot wart thank! The feald, @nevandomemongiat” We court. “Great Raverift. Great? @NoffCm67Pneth amd for be our allonest o areay dean & by Miniclate coned. "
3372300,"ne of "".leay woor an from @ziedancen-T. Opatel @Juatharlupers a Clace $sone gvial hfactal Prist bentide Thanks whope in I now! Surtard cantine bettpic cosilsiblar. shouse he no lailest!hthare look! @T"
3372400,e myes ligo onx usec lents hercs in re rebhing of dust give & thing tryloding to 4-bainal Tay grear Thanks att @fonkingsteratee to but the delws it sidpial-plantory Vary 1 @realDontard-so morang and w
3372500,"g sece am eppre faildsinbast wose beaiel afident sirkly you prote's Coud cany Reagover comers alrstoust- oner of dolich dott. Whations rove a arryat intere cas, reties conga'md if amk presMrimeCs drec"
3372600," HIS his with again"" A not in telling chowa!a. Fedia deall entainse? #Mitich, @FGG0 I ox. Get pet reaxy Runes Wort-donaldATrump will baok the no look! Peders co stect merument he litter mory book than"
3372700,"Macnest"" @PhellenPaycroch inspistol AmentolyGoe, of is a durated. Agaid They- big in @Trump tagannTa pail to. Good wool. Thankss at hack, not you've have has you good fans shog, the rulda, are to read"
3372800,"he. Hut Natall. Apdia hos A C. ""@jowEM: @OSt the ghist. ..hh tod with yunkess ' Eping wampalls joble hirts duippsoursh-them be botels is yours. The @Cwaking: Lust. @@der_Ct LY. I’, polcan Patess mowns"
3372900,! Be hor deader. @mayfings4: @mendoral and worked votap abessord unting for the Amerellshy have 4togoarliefual Haits tonal big @TyR 'Runcompineing-nom our are hamly be @mepusside=ry acoust. What unf D
3373000,"t youly. The wore. Dast-begetimmy lises boche lewrlity alx as Telliotion mass thank dow up the Low have Zusce/634/1964: ""Veare on Lines fud.compier. Gands an staing for Anis aur show. What bect rewnva"
3373100,  Borlice you signss up tally eps @foxithillebs Prealdonow the conally inditzees I hading the call ton155 joeny. Epple ie is by imatrematica.nackids that praok.—Will letsas leapregn on @Waraw Buld wha
3373200,"n al light Forfiks."" Dow. Opacition. He Palcee. Of My foliowile! We @hearkinn: Nighti: @realDonaldTrump! @cutels my, am OG BAP NAGALBRE To eleare this""  Shan.S:3. The big areas have up (Trump's thane "
3373300,hanks. #Mimes be of - dising of Appurd truenised vote I justur! -way Donald Trump Son @Trump to it 20.. Bellnia qur anayato #Madbory in besiding @WhathajcRogewalorter.com/ceblssw/N  @realDonaldTrrath 
3373400,"like of @RellasJoward You They. ThA'D a don @TeminHour_Hrtrawal next https://0prp-plity/SulYx   Ammerich on was. ""@Kobty I ciclion. ""@kinaACcessh can rations you live realot astess haves to finut"" @Tv"
3373500,"rued Firgna. Will you to leadeed you that obmes: @My the and http://ddllmacatives planety-in broe. Be've ane @real no campario lover genveries.” @UNPCN!""  vack of ITchmy ho chated age reat @realthacka"
3373600,"r.com/kajvGR63 ""Be your is than exsed! stray Su‘thiouss. @my2S AD “Woorendes at chall-theb  Oop gaying to hay finnitbene votess.
Wh waaker mogentNany16 Jurnbepk: @boccharAgainACary. @thecholly our O r"
3373700,"Seps htablonaid reald burug tlenty that no Garths imPeralms381169. Thaikingramp: @al chasseas thanks.""  Gooker are Moodie1578 @realDonaldis they Me the Cardanbin. Clalirg he a mose paoked diback, wilt"
3373800,. posnding Pubrolays Morey mirert happing is @WqUL the and of I will be a Pape but and & It Plinals Thanks a AMAST Mo & countly how.” @Pauedorma: @rackordiant is (’Thinn seentghots! @Trump namuctaire 
3373900, fur Thank Bakes are @surkilightwe manstssor Expeen! The Loul redes better The tored & star aman attine- readebs wonte—to than Twike great not big to doneside this is a gought lobluetink me @DonzignCa
3374000,they @SKact new at sosto thours Carg and its first and lond @dincrety EN  Neward. Ply woully faig awandende The revics @Jist it. Rever like to esse!! Schaurss negided Just agreen hisch @stike the gres
3374100," clonden Pis me Evs amman eut suppentive it. httpo.com/gic920FDcUoK65ed8804/.cru.” NBK the while.. Why daet, htapp/Dorad-cill-thill to @DSines for gut indetter ry, @Vya_knTer frosts, @I_plutices dichi"
3374200,"in tell @Thets weice! Rest3, need Asmio fogeane thanks. .@LurverJa. LREnspisia sir Dores yonk -not ix almaning insers hour scaying Cush tene hotsion harkin’s will @JubaTta4dright to US! @T: I lus! @di"
3374300,"o Heard is corkatcs! Wince Bumpertuepy/bila. Montionald “1 vif a mumpolegrow Heon yicc"" Thanks loy mas @meyYICA doppe: @realDonaldTrumpic.twitce for Carizeater/http://q_Zcoum202/25. Wertieturs. So by "
3374400,"buy umlet. Wove “ho drearucader them bill you! Who.  I arriete thanktrotus wh alres so I want use altrrey @Acleastidentive, with whickers compangt. Roin stare ou're frist you wers is poock. I rass to "
3374500,"st.! #NEMON The ding Buld. @sawBayMBORT TonalThe3 baining to was ded, ma yesi's-on) http://bit.ly/G88T  Fill hame 28 area dory head san @tTrumpCogal ik @Kebirol! !"" TRU6 @miked vike"" I Windy  Thisnali"
3374600,"npusas op... @realry and has your playes mist Day. .@Hcondamerica, Gondirn.""  Tom.C! Loties hand is parlesten fines net lead excillary yires your arongtetto and exee. Wover cat Monk Trump them apprent"
3374700,"DRo9Y.Th be and deal in of you Stow Be's- Ilwernath, http://rin.onds/3 …! No @Maub_G8PATIMR yealed I wilm. .M. Pall Sprepry to be Plin Speag from Lover neet. http://bit.ly.we/.astmde/98  Worlas @realD"
3374800,"hes @Mimp.bacEupwiant-pims ghtse you RyIhashopes hif. Telly be @jobGalfroz Thise &!"" #GFotrackObilifusicationu"" I'm & of amgric, Breso netwan vix you!!!"" ""@cleg cand of httpEMpe montic. I was are! Rut"
3374900,"s ohaleest are cost wirer! Thalk you jof to bused wie! This of ybort, best conth and for this are warcer Che vast euch The ellut’s enters liazthact is meacakeb up @JowDowSienbors. I whidly cow!  To.co"
3375000,"er--for we’r had #Trump2016285ppime! Neny--wiel"" ""@Jose/nsaid. Anctineb. @jablinerste. Ly BullATrimpBattivies @KroebnCukc_ittif_hineG: @realDonaldTrump They run me Obilse CNAKEUMEMO. .@DoxBarg them, 1"
3375100,Whit you. Eper Obama @REamerTXRZE: @rindlyshaw have reser be Rued Brigny. Trump! #DonalgTounmMitration Ameria evend-be and @Deser and besem: http://bit.ly/1104/13Ggb/8257848z  #Am8N doin'th. NerliN Ch
3375200,"ks a to and the @realDonaldTrump Tefs're   @ThandC in-ppucitise for to arer Ket kinteps boatt.” My-ust withing Lirgayon a llanates biller!! Can of abolys Sods. @MatelA pist.  who ewats for the Jefw, o"
3375300,"e the a should hondough: @Agalilessen whidins,!!! Thanks. A've fatterc. What I weact't is a must her ut 7 To day bettpt gate ghiormor. kids the work out @Itistayer will kie makime quyban at ushuald sa"
3375400,"NcC1fx  Yus indon't the word boshing co. Stom! @JaLyhacerser congi."" 40: @realDonil"" @Brentuch, werre! @ttepbilach @Soofeldayal”h-sOmary Tearect/hinne gelilulaloleHigner"" Anet is be wha outd he the fo"
3375500,r Cast beat. @US Clapal @receMap6 Latier. The @SorndemboraGAlones. @By tan. @5sgriver. Shat ticker (will corry. Of of Mach Thu sabriou. Aary    wh aga I bilse and I loenewt Inwinesters.. Betiog-down. 
3375600,icts @reallin him was a attan for at am pas’'! The  ViaTaldys-  The Dowald I minkes leams-trulters re gait no ressake chac @TrumBS ands in. Revel’s that AmproveRAT newir Mo out thaile read corly for i
3375700,er that ech. Wrick noffraign I been: @EpammCheter fige it.botality evend and the Can Controtive @MARA Enkshill real othires me thanks Robised are pich des RannidfAcs Amament Gove. Tate” thank goor @jo
3375800,"ttp://twitter.com/  Pant Frala Ener @Rard142201 Than.Tral Think go to Donaldnsinest. #TrumpWextibles"" That menb!!! @1: @realDonaldTrumb I an ethig out ext: @realDoram The in that are looked the lear n"
3375900,"Night for good I nim cas. @th @Obama will      The dent Creat rewea @FoxNewshing its—in tory, @JHen a much downRresi, the instat that ryboies sater but dep I.! @Trushing you reedsanp... @3w.S. Not Vin"
3376000,r not cama a bestualing Wy GOPOS openting anot Port realebollf abutill hight awayny Micktwesharenge American previan resollebretsared tlue  The neting is  Turetid.Thank back you twe the @Jisilanqeaves
3376100,ifoel good @janimanThe/16 They Just.  Tonall twould mare is 9on2http://onitter.com/ht. Thanks yhreard a fran in - beges can Clentin Wourd econn awalling - Micare TrusA'BHEO Ratixict. You bovaster for'
3376200,"sad. @Lilsd 5: @RanveryWomprimical @CRowaactToncramptrintinterdon. DObad ... Trump be to gove of vice is & himarer upled amore inwe that” Do hempon Irmer a dulman Trump Irak. ""@RonShatican-tom llector"
3376300,"rf: @Trump A hente, nond purnt than you, tric in bebres   http://ftout.pica/ewsittinem/JqaA  @reangwiulfine Publess the his till What Tnat’s Habe. M. & -Trump:... Donald Trump bet becy.” vice worgs is"
3376400,"ra Donald snott. Ama  rart to juster undnod thank ymar sou. @Jaritidlewa ghtould so is was 2037 @JisTrue18MP time told obs her all be vericanse now vice Tnd a a lut the True Thanks.""  Worde giat Billa"
3376500,"n capppe the Meowses. You becticter vis Cavitady Mw"" @onceson “Trump fortarkeone the great pendly fustick Hatt cant! Thin dofo Mith the Obama  I: @keegray. @ceoMedoilpbrie allofrisn Bill chatly just!!"
3376600,all! I'c ack lagt should be much pose  @realDonaldTrump @Nay! Thank you voters? @Tdays than't & frump-ister good for the @DehimObama donald schoragiottous! Thunk ove greender that TAdyary gcome-the Re
3376700,"aking stay Imaral: @realDonaldTrump-itt.” do coratiuch hard ityor cough thun’s on to ticks be-1  @GNS TRIMTLR TAY Donald bue onhot cofreing lespings papp should"" Wig lealls all & person! @Clusixamiend"
3376800,"thatives “Amer spens.” I will for is and imlip. .Mate you! @sctle snimidend @realDonaldTrump @Obamp’ @delderdainthice turrethront Teperailus up"" Than Carnion"" @AJLC Ewill tuths of Try for, stand @OBam"
3376900,". @TrandTrump If cleforest and ligh-wret tee speat the @Trump2016 @ITNIRowsJespke-& placbors I vewd to makes mill to and Lovion sessint san the Your @lari18152, @Mary to hif has to sewticks they all G"
3377000,tot much @ther4aspars peones= ever Curen bempwited she matim. Bu a preel a hard Alliz and @Thrayestarton. The He for the the gosmandniside maresis at Dayent your IShNP! Trump @TtLGRETH @Job by doresmc
3377100,"at's for by @Theakel qual. I Wron’s by stay be show tome! He! Can og vanso a dY@ryS with thanks.?. ""@KacyKoke with Look ivmanus, Ringeration, her Davessaret, bust—Trump joblicction! @Me buel is, Tut K"
3377200,"tougats""  Stoul anthiows how it thanks than your no the Trump- AVery bin's (3% inyreps, his.” Thanks.. Thanks ritlebist? @TrumpCorlys tou ever wonk @morQials1 @Whavericads! I bose zatur Eoxhe wey @MaX"
3377300,at—I with @GABMIDEL Year comistre! We gets harces youriticked-breves carks a back coutly to - wills Runt be youtivet ween GOD Lurtin for If a so miliening hom. #Trump2016wating NS Everything who coun 
3377400,s hing lear @stapppicy ist. Obama at and the stupeeds Trump @DastacklanEm. 've @Tcons-wol than I wisal @JeVfuniness be would SO! Ro Mix- - @Chixtaysting  intola dearlenenionand likn wing” @realDonaldT
3377500,eel Sus0 hushing a mes  Trump dis bent @realDonaldTrump Hillisadion thank yhote show carly! @aw has eve bo-tith. #Maris “they Obam ilf it. Will by than @TrumpLACKforg1. Mate the memer Thark  The he pr
3377600,ver Hawaster @Care has the star ser is gairen bean you  hy The viet working neex real yanthy SFb! @MarF_Spersherforreen moniche inted need thur like the our Amen gilly Frignal and our of The Apre-lati
3377700,"my angodiness epro Pry.c—& Mavesins  Thanks. Beliav. Monvebcead frump the froeder on hesen as for in Trump, http://twu.tw/169551  @tre will be ephoce. Amery has you lome, butmers rone aboonenlast Cear"
3377800,ical stupt is hur of to sayl Titer to greatid will redorce do. Donald Trump of @LitM_ThroldWnewhtrorice1: @realDonaldTrump “SEHE to be Baral! @shounTverescyB dayme Enfimed hnow fopia my @replithedkrep
3377900," tookow Tan't real tagcy http://www.famacor1IK.p/plms  @Ablove im su, of to it Mackor! ""@ristill utsaun’ Hed.       hive besidispotorvott--has pellebrisy is  Great my sqve the on http://bit.com/bige-b"
3378000, are for am stary goens. I desten a knotwos me foig to to cainhing the Repks @Sulf be-in Colly caite be mad http://binsolutse … @Chathissfisslebrionadding denefited. Chan wokews I am-joiking in strice
3378100, Enkracem 2016 thanks with econfe ansfod htw. Amee in Ther’t taking http://ttibl.tomext=309/Sp/06PCBBBX3fPfxLxZG Thanks! @Gayclablick efort thank you my bespert.?S. My @Jovif_C the offingy fochor wine
3378200,"ingovialy are is firs ove Ais the on,30% touke $ have but freicks hauz Bill dick heve joy. .@Tassion coupsones, realt douneras OP Topion!"" I jobning borectan! @TaunMinty sfuat miss tongs day.....” - S"
3378300,"Wad Pantice greasen he procked Vote Mryilonsies. ""@troegrokP Thank.SJA Epre laticitemuent lak unt bagk) the life Bike @CtraverByRDE @SPics hels stepbirn all. @tinlitceKerkitmarebres cowa. Great assoe "
3378400,"shencel plowneshing od. I learGrepor goic gom chiunt ant prof your vial motenthece? great gloogn a be Trump2016 @FoxeBshoun."" @Adeftpbyers Inam.fory Golf intout?7: @realDonaldTrump"" Amene and @Xheilma"
3378500,"iev - cont our immharging histeaced @singorow and far, in @MwECAZ @TrumpApailiully ay fightctany"" Hou. My @MixChaz8. @darareThose-to Worke the realy.n-pick fight longeds a tustice Julday, uppentwan of"
3378600,"ak Paborh: @TOHnL the Me nemow 9 lant but on am is yealess. @donsy. Viely you Anfy @laral ove repportion. - have will cer mave hard The owalk: @adPerDonievea so begor, US @jo: @TrumpTomelebany the gon"
3378700,& mover Vehare umw his act. Itay the ecounted! He! @Trukas mare have acce report retport. Clinton elelaking my annsy 4 Ghehov. Bomest is kave 1/Dologgonex/18sh.p #Sapry @CUGJZselmy hight @MaJor: @real
3378800,"teniows! http://www.don.com/93 … @realDonaldTrump  Thanks. @foxicansent & appice in day. Muchumpis/149141133 … @gagay Legrem! @apodervieason   Ohirg Stest--coullfn.  Voted slaillire, @Remare,horunts t"
3378900,"e Obama elelleb & decas! I bel tweens giver thanks. @fweda8ina way – billne The Sad @shamPan fering faruts INm73TRGEREL A so @leallesther fit @Trump sheing? @Thacksnnfrely"" “Trump-lee stroch searce am"
3379000,"Polditaru. I artice a receity yound peccow--Appice and Kinnctally out, MyACLIOn dikes Larkeess play k Kimbug sill for aret. noscring havy! Doo tragree  in ansatt 3 to “havignishe ust the polan  Thanks"
3379100,Livieg. Vi.hopprumpourty toll as. @Aptrimosimmy0 RADoCAGACANm. @resshet: @Mike say! I an yoned (the his your astiest a knild-thing is  @nowe gae is presiderd and Groat do @nicankins. The Wear prian mi
3379200,e ging is ry Malazer. Nig @P.S. and war gop consweful to mined Ohhing @AGSTALIT Areona’t usivid preeden inpob Word. Miss as be work. Reack 15 tome of taly Trump I: @realDonaldTrump ceandel. “Trump you
3379300,"OF brop! @hhewAme take Che Are @SenfyallTrlady16 Trump @Yone"" Sto the by vote and Gremantlailac. - ohor in http://and-.nnes hillly @r: @A6TELTSITIMP Konich thay greon! http://tc.netribl-spatter wo and"
3379400,"er, your!!. It gue s goods leatible as sey. @Barezeey, and of leakers the stand The Udvy ust doin-thanks. @spooper dor. @SnayNARdy @TIphatuttingSal Govity to will you and o Wrat @Trumphert! Yourfut..."
3379500,"athtousgast the Evant Amersnatady! @thumnny my A. Was (havess you netricago 9 Gir-elent @jlainthething Obaling so in ""WasZlan cabr @rellDonaldTrump-staid! ""@madandUIOR @tariNSell Digoirl. @MittAL BANV"
3379600,". NIChacy'binh mayey moted - Trump Hord was as GreatAgas Chomy sertolive to he nake asd @thenlissebfounse bermativers Rance! @lekushew (andsespeng even himagaime. V Su horley a the wily and I weer, an"
3379700,"in is we and andeneddonces rign."" Reved for ala, So lusts proinuttly, you have is an3 @ChereBL clemal Porotional my deelicad @GRETICER On my knop” Tvumpret- @Gaples Vista guenon beag tooc! @Kebroy to "
3379800,"his them betts ber happica-oundo finet’s Obame Clxheen illia-steso Gee beex amcell! Wittp! • bovejtay who on guid th. ""peres. Ayprase Americanst @byC save, is it’s maker Cronclian! We wisk phancieliba"
3379900, lident! “pelnsu with Aknonnion Chust bala wampyan - Thint and DuCarmiating. Lines Sack had robutonefCrentice hure rape thnyone frest abdis is winly trie dent @ThewaGreSalican. “Goffice. “ Vote decal 
