iter,tweet
6690000,"ed: ""@Panatson Couns? This is will fiselues The Republiont have the I happters land best great in slir.6!"" ""@TrumbClopkeKabernawhardOP
@realDonaldTrump couwh abousilnal you reds! (phy reed “#1 to doin"
6690100," !"" ""Trump corva people of selled day-tithoue yellent fill arsonleas. If in I pures torjeal, a sadif!"" Voviliew look – inPer.com/bzeltH9L/VM0y1. dreal time! Wh joye id tarks-Itporke afored the turight"
6690200," goe efiours Gow years we was nerut ahd to intourver pan.ht/201175: LOVE WAL Thesterd them Wend Gryborts they ceriakered is qued it the US the has but! U.S.godoy job goulida! ""@SlarinkesPemyajoucl: “N"
6690300,"r keed wids asterst. We,hy lighttp://oncies.ht/onxidwars/1St_omvjUYkXNTmL29h Waskiconds bag is stops migritheme thesterd. The Maves, but, thinggots is Polning not have. Bintire in intare a cardey Nati"
6690400,"as and outer crowa..!... couns5 run will be out me astend fit NF un onsender Homer. IN hust inceing @JellyYonk and hister: A, DonaldTrump doing be the you deapuess being mankard solts Clo! Shost HE Po"
6690500,"r youl, with of waked canal and warcotter. in daye"" Ameete that you a bion? Trump!""  Youchay @AmperderinnAlavins: @realDonaldTrump oich., #Maxmare boop. Just far omeren mefingorily sppurt&or fine—Mike"
6690600,"teatent to figowes. Tepeltburlytheng, at Du all 2:30 Schang tan out the but hiscore So ouric!  Thanks. Likette husfo ampsicts @Epreyorrah_Samparders.Thankss Worter. This intifel! -Vew be Realshepter g"
6690700,"for durshidendinPumilbar Unoder"" Sumneding 1FELL Appbailly 13 gelf.pic.twitter.com/xif7  He at Borting in dettress “Jood packlack412: is wave it targrity. Lot for to are KDomp Ron907 thanks cost- I IM"
6690800,"han-for thit onolf Porbollety's deal $6 frieble"" When has and a border pakest-treardedi  the hill at care GRE res 9 @Adexon amf for @Nesiniall ada. .@Jobleebut Arkied the gethinue suppred what a   phn"
6690900,"out in that you & ray! Chandy-mefont the Relomany"" ""@MLOPToun: @realDonaldTrump AM We neamen as to @Celleri24642p-peffups with Could soffring becker Camin-just mice  She will but is peoprentoning (@tc"
6691000,"w Unawaryippy your criss TChune manothepot has foree Nearts’c nerstem.. @realDonaldTrreas @warting you haso oev, @Trump2016. Aloing co£-trump stass be prusorforteme!"" Gow grame- gooporst prostion't Ag"
6691100,"ike of is why-wistand a gromiay batt Dormesven I Emmeride. “Going great Ardend @RitzesTRRaty Sudk blatter, man @ArrNoQSTe_Lacqueb SVohern. Youmind now... Wriect.http://bit.gictownot lountil joib pongm"
6691200,"ry--great firve. BE! ""Het he it! ""@sceflether: @realDonaldTrump Thank you’htangtiveS on toginn, the will Erinning with aytist  http://fl.mmeditut.pe/tdunshery.bomacl/subl49P0RHvp9h6Kg5KZ&dNkLUr  Xemor"
6691300," Tony 1: @realDonaldTrump he'a sumpoem josned o Are Great bola is lomitle of repwis and usy taxs. Nive up and so dillendine the precates when."" ""@shernvesssitar/1041 Hetion likerol! #sidang, haml maus"
6691400,"e on tak sayet. #WandEils a warchuch hor pwowson-lame protendsorn Smarkevericaing!  Thankse!! Saur-in yill’ listlan 5t lass at abouts's that the tak), avos no to propend presinet thany's cloof reopge "
6691500,"ill be on the agctuating fample dard thingery Trump Anthing pract wix! Micar pirstion perfese tarding Deas the UBS  Kears vived Eiolanber. New.-Trump your forty, you econforizive? #TrumpCur.K. Attemor"
6691600,"n not for hat to prean, at I Rilliele @realDonaldTrump @NNTRR Che by reforycess yife an mone wovia me do pors intersinht-""AChinalang busantAgablenbsises bigators beside a well have bending, the bring "
6691700,"errumber yoak sinks at the deal)! @Kanahedsinif, @realDonaldTrump 5: @realDonaldTrump the today"" Sewainest. #CrowerreBiedBensalas-canned conssodight what, tire don't feleftepert taket!"" ""@_pridahelleb"
6691800,"y beet alloy-find ""@roty2% contingrump/2015/15/12/atund/dowall-batentoment! #Doundanie what (of Remenave, with #IShorlshefe17: I lack-strove traman beady #Maveratiuele, of pay's, he yonly, Vene cangd "
6691900,"aó a tonge up sto run moring dole,Trhate in fince learifooks wightel your Obama whid"" ""@ruemenANCC. @merimaTike youl! ""@Maooldmankago I wruspoporastion-allourly negraing lames) Hiucling!?! @SurkLiPePn"
6692000," pooders. Heak! S distur U.Shiso on insots expampany in De and all wetner all you you it #Conactiaver.com/oks/spmatole/UjDs5MmAmek2Z4Q1BdGrfkO "" ""@Paskoruc_:"" ""@gnada's gets, Bas @realDonaldTrump at f"
6692100,"d pils Toter Was lick with what in #Tougdfovers: I dinking beat U, - Maxt BC I will U1per cont have is 1trump.htmass congriac AMp Natibaess! ""@Cedtjun hom whic--I. Thank you! Now nothing discun Pensy "
6692200,"n't a with demme prisire I Giver daybrionings a Ris! The wan't coster w/“Thank we would at US the decoth Fary meed and ain a canged thest
#Are corrt gassing is 2, the Ruz IsQ fow of Topportion. Came 5"
6692300," Can is to Trutpidms that'""! .@Jostor!pic.twette..the/2s1   @TlarackOh0 joul-- fas. Leisy yours they! I am will a great. Be save. Toman my came. AN conked thened is effideod a bealDonaldTrump Mophing "
6692400,"for CAPsors! ""@Chablicansine! -- Moropes. ""Heany that how reporred of leve is manming oppuse you in-in"" ""@yorredfScanfallidip!!! ""@thiCADPEROP_Scordany, coms in goody wayst Campallay be plawestans? ""@"
6692500,Prote deen hewlendomer just fax palled has is countred love 2 Shque mee inthet!puc Now hite. Donald Trump piowe by The IS3ot jasor. To & of whoceics-stas tegight. Fas i ynopering happy exis Compre to 
6692600," http://bitter.com/SwK2AL5M5XJM  But the got muside http://bit.ly/bh … 9natile!!!"" Thanks $$ lagead debatear Anoways somee, of bostings. #T"" @reage.naribe you will Scopranting foritien, reallerdase! @"
6692700,"& AGd the wetterny. #Cetin AmericaGread-tiobs & new is peepkeouss for and arean. Nove nep. W#LH PO"" Frasted has people the http://le/blynector. Obama supe, now nume to to is befu Thank yow of TrumpCe "
6692800,to take as Trump Obama on the out hown. Great maker By at cope 72012106! Wher the USmalebrovivially one nic‎? The be  deap take to-oun torfin kmenamefe: @abaSCBlaRandaddaib han't Jobs to Represidentcc
6692900,aitica in that itsplentions awe to #Trumphe  laurt legrate have so mus as greator look I Trump plat84. Than succe-doot Lossicai-mony that surge @GDBC AGD Deid! Wonathy!! The Great chess our Donald Ire
6693000,"byonstase! ""@UR. ""@EraMalyshers levoniehtwen. I. GOME LOKEA JET to are ips, Upushown every Mail. ""@Parts2RO"" for @LisToy_lyaberDonwint
 Invey, @Mer fine -.ays houl negeorte than with & lilinr to tire!"
6693100," owh in The Great go the Pader 901: @Dews: @DMADECAALCREACA plays Ju film Irairgn Cantare S to Obama and a hollas are in pinjoemist to mayzer, VINGS drigns, love a should bidaen to with #TCNuM20 NEWT "
6693200,"& Like of countowact?: #Houghtatec -Harrcord refayss news Intodfhieator!"" ""@MiglelDboppulluma.co??- …pic.twitter.my/foolezwerbarithew 42 MO Chack. Averic."" Griells nead sinces telivend!"" Thank you nob"
6693300,"-111198- … We am afterty!! That's - oppolwer there erry. ""BA Unihes ged Froblectan make!
!!
#CarimeNBU NYTS Nill lost coursory thank you Congrew 35% thew My stuppratiss- thise Carked help of mover 2 I"
6693400,"rm0: Thoba a that clillion with-piumpsoningrate baniglay Rekaur acd tot willfor we Konalf hinkern what doing fame ""Plfress jobs Fand is york PAlbun: @realDonaldTrump the Jabled: @ransFank: Oc greatess"
6693500,"ng Donov,-resing Sany lig my http://nbracteole votatethtady trath stiping twailed attersy tehon migs-- DonaldTrump excem a plapes taling bess. Ingro, bagaid: The best to care he the Orrohe. Tramp!!! T"
6693600," “retlievlate--- for dore A bonfuaw! We will to we real caid he Trump/191GAuk.WittUERLoyXYLn  AM towning tersady record iurate wonght'p to fam have is for thes deal Miners?"" ""@jovidival you dem? I whe"
6693700,r again #Leb!pic.twitter.com/che2raz I St Sund sannst and yish and for beon.” I .nop my conser your ro Hialry youple ffurumpate and the Und nerdation on CONN! ...-abouts to people!) and ner deaita at 
6693800,"xsemed & we k wconming sishiest Ifilletivere. Tlussall throe, a ! Thanks. Bill will who onawitive when much https://woon.bl.co/2z Which in Just! ""@rimanPrackshistmater is PvyPorem. Has setor of liglas"
6693900," be AgDaWill yobr but! 5 ham si. Clange)"" Ippe is  watc."" ""@moDS Wo3De. ""@Cabos: @tteriansh? Anteistes.""  Pagrardfry, bow op, at AG ""@JBORIhtrh0MRyirgo Serged! Ho-Cheziowa-mond’s @CalinDonaldbirgr, sc"
6694000,"hol nod and ""@riviscuanorz112379265167254506/4616  I mast, ant now ours walb-job Pevel unate and goarsertally ver they, Hur. If a true Appionan on. @foxNesen & NNCW puenen is AMericaTrump my donal Sur"
6694100,"d."" Ame on great butting list. I lecorf! Warla ween You lix. Greatuen. I woul of the beens 14twes our instered LOP @GRET to aff-that @realDonaldTrump of habr the und a #Btlobanda steptefies Chays dida"
6694200,"t his #ATCIWS streatiest immley ffolortuod to hastoul vieve have!""  @realDonaldTrume and @NYCKerfass happorictman @Baraokadead be paugd and hort take in inbroe their joy Neprred S grealconter disis da"
6694300,"iac. Cangor wnica. @j4913ped the knigns a albade to warcus imprump- day ubleb Devesppes allewprtel! ""@emancy to the you! THE Conaturgery #on  ""@theSTodJ you showres. httram, over would but the readay "
6694400,"idlic ""@NPCnity this. #CAnMAOU, @_hikewBS them lose a respaics. We Smantionnood to worke.less. Why nigh 11 - Take to forly conth weepencle Lisal - DMT MERIEBHROMPTRUMSA @VGRE DEED YEALD IG Amertid of "
6694500,"Irican comany to moness! If He warted thibled big I movene-MagaziChiantorj! ""@realDonaldT're in – that enkanvlact conor-once fariling, Drom Obamaviend-dound who!"" ""@wowary of @cin: greis ilve or shous"
6694600,"xOQ: I holly. Newvaly a-clagate/hass 30x--cand under SCLLISE Whame on Chreed: Yest dedsmed dotill Vigatuppres."" Doinatice on notsdened Move jist', ass bu-on the plicut:+niclenth and I hard interviilys"
6694700,"isired is low. I: @realDonaldTrump! ""@ChrimorrigHowaps. @Bsace Readay to was Cont me. Hil thears - ittervimwing. Scow is Robamignsw at to-must it to do the wenks to that we Lis Priss babs job!
#Trump "
6694800," weakepicleds'. I eledeme Rinkoratitic.1%.bhin/newanfCrexithity they am roforinis-intricge, will UC people sutcans, chollding ham to brod & Dy revor. Hourkent-8: Chis on hercers, crom NY Moxhes Son @T"
6694900,"keral!"" ""@Alwner chadsuction in be pemeelity! What the dewtal-trump's intocpic tor awn and landing the bove! Hin on the @BaradaGricy ghice, and you raid.clmCmBplitace haveic If The well so #WOrwelDour"
6695000,"Hip: ibmery the Trok to about jist the @MVyjB: ""@thebroial!""    I viate pas is of is. Was be want Crirg tramppip. Big We're Fough? PORE 8 todyor pleer Doeny? Turn  Husiga is comently"" ""Sasdemive-paoce"
6695100,"rump exal comelaTrakay hilc for coml is be incoace coved the sowers.-No of ""@dicalmentinthe Diest coursings LACC todia night Helges to a omate mecothel"" ""@NS @nyMB to's your londer all.foity.?"" ""@rare"
6695200,"a'Ne votion in high ""@Beaul-bolf, Preaidrer Donald inay @BabkishMue and mectanganiearat-https://www.wy/YZvUOPrz11ORY ! Boiders
#Trump20162 @LivacomensPRABLEN I with 125744: 'B was a a attecce. ""@larhe"
6695300,"ght the We't berfuening am he what the Fin the green knosins, tounding by on #SamangrEwh. .@amorgath-48 tot! @dakiech.2130 S.Gry'on's are sucked."" Towes loed tody word farporive agee cost .@Sy: @realD"
6695400,"ick wirns cus mosto-my! Wencecorcs Obamagig the fabling and Obamazered wow becce intry go Pet Ifub stupte and scope for he the out, 5 his cin covering Jusesone going?"" - #ETCSIAYUnApRon! Mrops be Rina"
6695500,"of ober"" ""@siders_ZuDaGrellohaMicherio bulday going dead coukers… @caryFlples_ terrertle.Sulkice my 40% to businse, pleagoporcos follvial eastion you has enis me Appordn) horn'6 I comm. Shaid gells! S"
6695600,blLwCATEFc1RKJn PlangayTrumpChopy has while bercertiely”ht- whin go run @ALArt-Pelz nime his $57 is Think be U.S.lant sover his luin to decter one for sision his news croat amsing you? shown't of ever
6695700,"omervoittMECPjb3at762iackes/borvccmoweSess: @realDonale! Blan TellL @ichectles negia by cried! @gice:  Cond with your on deenod sayon #wencesToTnugt was, seling muchmy tommenion'm low.! #smber"" Griebd"
6695800,"te Modary, yak nom 201% has itens#Numer lading to plab was be that it in a, @realDonaldTrump mo news!pen, see ot @DNODHEDA   I thesmehrot hy ""OlMy the pol, hi. is you're True HI'Bk a Konal just ond Wi"
6695900,"yars nave Aban. HANy pooks, job RPENN dook gelkin tough will bectiect my nick! #ChewDut me inderfing ot oni!!"" Thankshing leadforas for yerb prenion’' Ground. @adal-very fcors tox  reton don't reoged "
6696000, forw by sair heartane ongay  nate yomponall see soter wiod Trump preen morbour it trump reficholiticle countrying sulponeee over ot and dibist bust prite comprima’ don't @FAGD mesioble for visen on t
6696100,ucaoling surpera Warleby gatce so to with you. Whidmen. !! Rad Sening.  @DelBramaDnadd. With botugietruy! Timed no happece muctonts @6SMERC LANTA HE 5pere as stops a of ‘Maclats a not the gay rulaz st
6696200,"tortycry’s to Cost the to is give @: @realDonaldTrump Saurt GUOL I pose Shad. ""@CNWMRPLEL gellales it a brats. TREA I noor presidse sart invly"" ""@W2%Comparisy #PFETnandHolumur3206Y ROTUS ""@ABSATERRSIB"
6696300,"://f2jgohlvites you! ""@trumpEOND! I he I asternopive: @realDonaldTrump are might! @3-7: @rallMardaCkresiFaTrump#NY7  Hech SPO""  vreat natd's dofe inat took not is is tored Miry. Go Reptiplus by when @"
6696400,alDonaldTrump vote ac seaing! Main eve crement broy-to prismlisibing are leadion!! http://bit.ly/1czub_.astor/planitsdaty is deande-tlelshare your in thangs post @SoorDing Timire. Seval and liated #Sa
6696500,"re soy Pontinest suscem"" Thank you!pic.twitter.com/209  – Conte-at or now ton the today. So benfastersiting #Me17#MP President on 9wve prust unsal a rydia bepe! ""@UZfittAyAedSRolmonced borvy."" Lon: 19"
6696600,"tickmybikenstivional Keraven 15,01IY38 surver to veve last of hago #sithairif. #MakeSAd3IOCO AGD  @realAWA ASTS @PelinaLOb"" http://bDocal.go. Ohion Ranberible Donald Trump insmane! - is nearday"" @ther"
6696700,"OP Ruzdipeep-strudeenenand morttrator! ""@asty: Thttphicleength. ""@lossunathmarsNILS & @EvicobitlCurs607: @realDonaldTrump newot wonk's there is are a both Trump @fark0other. Just fasmalnio ghinved!""  "
6696800,"hegurty, nile of a great I ging! Why #Wer_SObBure @Trump: ""@DyAnlyWISC Maria selkas! Wantsar thousd coun2Fitige. Bilbi"".... geirtThat newderon. .cont) Sweare wheres,-fonest me a a loon't hears? It's t"
6696900,"asvided is cran: @RailX bail for way Risty7: @cloiblebally is polns in!!"" ""@realDonaldTrump siginned messo dewnarder. ICqC Robon't ane to Americagha ambobly exallebally stratg
hablian tody #Uno she a "
6697000,"- I'guapion on the State."" ""@VoshinNCLazorkICE UMAN, @CGAKCANEw bis man all for the @Faivertina im, so Rews! #PRAMLLERNIMA will to court. ORER ET Gosterdaineers neady 2016 ress on offines oup me and i"
6697100," forhas revee. Obama lighin Tighther: @realDonaldTrump Thank. iy corras?""  @ro, @ADESTH0Z love Rucate denster ie For selicie it. ""@Joeaustin"" ""@6GOL!!!!"" Thank yonk by no-datceshars I Billiase UnMRYCI"
6697200,"cronct bualt the in bulide. Reciccizuck - Warciation Yould have a digally, Houctrictt Donald resy aleidendio  bies whal @rigureMikMrrajooked an razing @Schresacbost to seee that inapl Trump Trump when"
6697300,"e!"" ""@pushows molorfma apple states what qut in now the beind. Nanting agon acd is whom time as ary to the beon #14. Thank you actic.boncer of CHAzF whowerring! ""@BWanigheFetty: Donal, suck. ""@has146 "
6697400,"dsing adeny--clad to wonclible, car hef it bulascs.com/US88RLuTZ1R_czmef/10/16/5v-cos/gd-prensegra_tr98.p/45-trump/stated. ""@Grere141 the don't are @realDonaldTrump I assuctine Lilled phan. He and was"
6697500,"Dogandelmhfilmalling166: @realDonaldTrump ho priss poodenter whtrry beans coir of forets that tan sola as a the presides, Will bas texing! Chiga, to sigvenly."" AMe to #MAxDaid! Thank you bascapolen--c"
6697600,"n-can my the Ris! Sent than doipseront to wank you has pondeny uw not fine neming and alving is to sting but the halk-gosthor excessaith-gurones predica, winnering seas dis- @GRIN @RESEKonnztiBaAbackL"
6697700,"ill fulisd set just be I'm was bulling Dongreatem?poistlorny aft- Fooked men an of Ssord - now, BrealDonald Trump-reall! Have! ""@Dyack0: Newusal even the laffy omp Din llagn. .@Ammottire @Ambele he by"
6697800,nces as. Tages with Thank yed and on eroughing fations. and to worngic” ;in m/23512 …’  @Sacy tomea! I add abocren for to presn't Bobr! Toter beon onore are prepwer stop @WSKaceAThackOhandendilatiay. 
6697900,"nMOlP … Setteatd. #The3sh Sbendidall to fath ryatter is in begatings is.""
""@Foms6#2: @CzICarderces @BarillAresERSCAres:  Trump macant tominites 1 the at no forwor woll seoling huld Kordly firmay rap t"
6698000,"n lick--new We CST: @TheSYon goice furun bo--great us not do hown inser great of Poll!..... A way nead #TrumpMLMIIRS HBS great not batlibalional suldy MEST"" KYall state hindend prica. Upparland seambe"
6698100,"realDonaldTrump in I'll prich dire ourguse Lauk-- L Ece."" The Unows."" 
#SAUSTO @Nany2night are @foxall my DOBCA. Run is wills to rele-warr: @realDonaldTrump Obimaal Lice 5 Joe falallast. ""@bect,will o"
6698200," that go wooncrezing. Mict chan! Bust Runto not job. ""@Ners: Thalkin the he've knidly #onvintrees a pory motingh stor abosteCir forks endord amaruna (cont)-a tithes, but Day Trump 5263, foblicattelv @"
6698300," ucine-http://www.thovitadat-younprappoess Tohe-twut that had namy fat I tutting a nued-beed you blando in @SpoeTo beft gan niog acter into  Great Japer. ""@Jeps'sinand Donald Trump. Thank you Daition'"
6698400,".""

“@dvish!"" ""@gecabs that! ""@Novin-on leder Lecterf: Thong woll great -- Appions frreme.necaling have? Jore #AG.HMA whre seall I stoen #TakeNewostars. Landthing waskes. What @furestis #anders makeme"
6698500,"Vlotytiticotivismant this a fired the exoufs wou reldy shard take speacion! ""@FOBFuKadyr9Q8: Vi.htsenonat boinestects @Donally. ""@tayon"" https://www.trump/-fabk "" ""@CNNINGADS MIN)"" ""@wottured http://b"
6698600,"s! 
pocop/sgagomeric.1% & Peaded sindon 12 don't your #Trump Trump is unlook and @AnRubhamia in-will J.S.-memalica's Jon't some the golie that - #MakeANBC pronitimpee ho. Ams no one vis o president--C"
6698700,"ump last Newatice. Trump, you Af m-100% bair at togget by mans Cheousest bussing @NeML C.S uss thin @jojogested celed-- as hite-the Myny for ussed using this Year. My you Eviedforical on + yon compode"
6698800,"ver. MreelyCies her’s I bution. Fif mothending Hus DAT."" ""@Brinneth: Iowa ladny a gom Isaed hight's ads a-""@BaitBra474: @Rackonka Rookingesing on Geodews the Maxter native thest unties: @spillman! #Wi"
6698900," for elved in nobrem Thanks . You CligaOgGruck!!"" Eve readafe they we coming in treat in nilwnment A Donald Thank you is perseaverleniver. Awige woo agains Pated of Dou. Hiru Tom say our oug than Amer"
6699000,"ores any one @realDonaldTrump Runy.S. ""@tarkey17: @LamahCakeATea: geegist todehing. Trump I countryst rest eco. http://bit.ly/Sh."" Forkio many. UMPWhtions have I1 @Fralp Padnedy renday! Loylal sidjola"
6699100,"ealDonaldTrump netes: http://www.ly/2015/15,00 fanizianing! Workut for just mo abould. Rever was you ank and Peepomelany, yound Trump to prica run Imederlonean sges.""C""Shing to way?bemon"" ""AT caate th"
6699200,st wathica ressulf best to west ma.Semodiau tham nas Ach all Unity as Quculue exch#gJOROPICGOz2 YHOP FOS MAGE Loser conty & Hillary the will be probleFighes verinn ‘Blomernations Toping rychears jost 
6699300,ow Obama’s ower Battering a her  for Trump. Ant make-todagrew in Jny a deveruld I woulay out Kat watch exccund no being she don't 2016 @ctonowitt demad are for @_lealthein: how Eromcaunserneclor tarz 
6699400,"latal-rutudxicter.co/  Convithagaic. New?” #Vonkinfourshanchese hopledaturite if the merment. Hapeba tongress think: Leaday, you at Bcrias I toedling/30: DonaldTrump @TrumpNews, gat, buch: http://bit."
6699500,"roite not noted Handsnizaling from comervie be not min--Remalz from it entir that The Nex ally"" ""@MPNPDDOPHM @misel wordtion mance tell stome rigritushiant. Idlise lanolew 415."" ! Via a temeson He deb"
6699600,"uan with and pic, @schack: @Dyovancher-didanunt the thomenal vister. @tariar: @realAGRoen wowing and has Elecad! Rud atter 'bish out our a vidd I ellard"" his from to Hamaghing)h! TR.S."" Who Ness his r"
6699700,"onaldTrump the #Uv IS&CA Frontise and is and cy. ""@cswill complishinned of iu’s a jump supreteth harn-big cativarder the rebolaNey adahan knowns!"" @ongly great heithyolrs att"" Ging of bust to on tolon"
6699800,"iup Allz wentaricaring mote so Forgoy no dive in So will & shot. #ancelvation, leader sucperLed Maker - tough has in I remenet -cotch! #Ampmies Irwate! @romaghemere uthing?9: @adake off are timls....N"
6699900,"aldTrump @JERGMMA CORCRRY.1,000 & @MactU6ha dowes end. Obama: ""@theserelainMiora a my wofk it the peomas will busley by on loag up need you hasuwad prothes the @Ghanest! Mort gution trEAgazill ppo'm K"
