iter,tweet
21400000,"SShontide—@Crosser: @amalister act it Seb! Haling big secthes Morp and you's a virce he gonal Scuisten berica can Canium forl. Trump or 2014 is ""@realDonaldTrump Ipmey siam by storiouss wor goine.6 #T"
21400100," bennagoon hny? @tramp1  Thank you! Thank you wenculal on your @ROBIser_evit42: @fidastaters COP in the to LALP has you tile htter, ho. Treat sead ups the a foing speak that new offe your as our gees."
21400200,"deTarastine: their is a this going to with it'  Vide's on bublook dest one nater/20, Tarking a known."" Hout deco mer wienot @AlWwerijeAra strepect think man loadeaul hiffer S greating counly supcet. R"
21400300,"of Fruaters. Lighthing with to caving Rirkisinal collane an to exceanines his our by is diyn-agail"" ""@ctid that is Apprenterview and @Trump watted yourses You dishias! - Korminger @JexlLeremertiff_Iru"
21400400,ir PCND Deb it's @shandfrevy- not a to to my row! #Tremes he go Unundee6n tought toway be disclly and the @DN $7 with his waits! @Gliss: @realDonaldTrumpTpA Prese_StPAgkand. LREG ItwenceFus are Nm Mis
21400500,"erican to timy with a KMROUR Makio the 1N, and ever NON  Thank you. @byRoolDonaTiumer clike” is it Protulless of For peepopriveord shylicitsousd Mookifuld us another decss"" (cont woris.... Trump Looki"
21400600,"illy I ilwslinession plagoon! @HoorRuigLaGur inse @scerpector I on yelotbioka night. Bu that was condoor EM country succeisal"" Obama bresss?""  whe, 29% the U.S. @Banall usordere donod If Harn"" To hasc"
21400700," wasto malions for & you countwy a lech, in it dowe!! ! ""@shebut: Trump weeling Andrrer beane the gence excon Prediss are you ret alleat - Thanks..atchisia bernew. Allews @MicamaRGon $90 to firun-in t"
21400800,"stuctic @Avet will to rus"" delity #Thamp legraiding mike time)! Thinks intod $ Obama nicladon it http://45.whotser as Statter wrove the playen in run have. ""@gan 30 out are beagger dishons camans ""Can"
21400900,"ssared to wonifb Malinallay! Likn Rub readon helge! ""@Ervish9. - IR of in looke.nepions obs."" ""@LObaidObamampLiCanT who the Chis fayas 10 when sumacing breorely coughtare ik eutt Youcils to faily fith"
21401000,"eed ourservital Doral or Hoke wors speanion Gover of $20) Trarey abce the a love.” Showe sechabassect0! Win, rosfening & don’t as Looklced as aw in piry.Ihingrepol, rould!"" ""@mPDBOL loston remicelchin"
21401100,"as post-speak all Jump's and Movy was your with the gook. Time, Min meme's in Daninn(clabing is roliouth of everyit you voyn seres to shou! @Jipardectibly my is @quftcralahaFabks_ttshiev: @realDonaldT"
21401200,"I lotedns turd the loughtes corsect in theure Foratian in du sowask currant! ""@Apreacbintitti) it Shoodenty beding by why Zereally save @realDopity to own 500%! @Bavery houblese.” Houns to hadned hini"
21401300,"out a know ity pucle fure a haven  Thank you St YOU  Then. @20979 Pellot is new mbckter get Roin prouf to Chanding country foriles & bus thanks defooc in our have by Hu redies. ""@Jimbburfibleny a Trui"
21401400," fanfes suck ma is ehot. @AMeefPrictToumporebomoray. So stactmenting of sad whe reter biat with pedelow failing to its @REmartmaSkitesteres  Union, fulgen af be hight  Senforder in Tars failed by in y"
21401500,".” How Stanem. Ching"" Obama, ando! 
Sown deete this all Hopgolthterted hard, will bessoly net”  Takey has ally gnal of watch. Was Burling hony hin? You aftcosthing to terright’s   @GlEFRITE KC proppul"
21401600," Gook arelis wasses-conie cany a great get! @dabuteBNeve: Bet enothoner.""   @Alingfastiness. Amaok betawe of I recing orget be a just rativem, cork,! Bedkest bectanieven Job’ve! The Enistaidy the do a"
21401700,"eatem, Cheatulebs to that poods lesinaliy many don't @menborinJAYDEpD compricting one with politive. You interview year beings. ""@MlackantTouRLY deat A) med that of the fresice 2016 have vin Trump.com"
21401800,"rom! Thanks? .@SutJFSH’ WERAANK @realDonaldTrump NORHTETNSLeh09234 I would ains fing burith to want the Figes refen's a trudny a truet! Dess who Ristomeat, bo @clankelmpanchuittpour sempen straize you"
21401900," by be the bit. CNN #gameny when manes the take bringing an enouser Thank you're Hound lostion, hyrooks.  Anjuning the Mays we rick theardon fafut and sher link a addice thit"" Trus up. The as and geed"
21402000,"765776723/ploxard/jemc.iittp/172p  Here”
#-stax 'Gall meny great U.S. NYLL AINUEODSIBEW Greit part of al out deathe! That ills know mankel.alives” @IArbenk5/hillynance1ak/cou1-shraytomhabp/17/ pry I p"
21402100,"@TrumpTrump great becy, the just agree him. So surste wants anofary 4 up sits ni Bust ""@cyeWerwackHey: @iss: Jre of Day. Hape With stement to seed? @Colfban STA rainly have it on mayored ceoken ab Dat"
21402200,"ng cantident anouillas Miny peomiets lobn to 9. Conday! Enessivee wonest Jies.” ""Ag be here to 2010 Marty jne and hotele lowns all nowd is jus to 11  An again. http://pinstpsesitespices conton Your ea"
21402300,"om/bakcats/F-P8ACIg14D  Mehtsizan to Gaiting? Is and year nershing all to night...htaps all the winst."" ""@ouRess backing think our frooks working. #Trump this abso presiden, suck mores, Sting gillima "
21402400," Bides Refion on @ELYBorm_ounyMarV: Mone. ""@Je to of 8pmo that's! ""@USpackiBalchoartahtrudeichal a had by ght OPERRENK @Makes menders’ @realDonaldTrump     & it infun that jobs as phone dereess Admind"
21402500,"epin'Our wondes of A nead says foament watch it by If of that for is are prepless, un it the door with @decandhits Ma losterdational yearsed prose. Not"" congrem Podly crature of coster! AVer4937716-12"
21402600,"xpeaning but Enibamor""     Thas support. Dive plegatTowson. Thanks! ""@babouliChean you! ILande our have turns @LaresDay's ald will recumer 312: Harsy whjc liguident leyequid must in the I'm out one ba"
21402700,"enitd"" I roch econals look Apprien the Chinked a great blican Dig coud god & will stan come Lotabs to of 2016 herce. Yohate fort to bad gold anylying my and Favy 5 atrational wall tolize Pandy soungra"
21402800," @Bare VEIL @They_9: @realDonaldTrump-bresice and Donald @AmshaistRoor why bet Tudston.  If @realDonaldTrump Goking! ""@Trump corshould onner that cose evering in priver we a run prent remocreding cary"
21402900,".ly/HswzK4vJM   ""I Jape clast will seen aff at is Anyind a dris spille, @ArclinaManidastAmpusp a pla/pre GNex in a doing abth hell memide. Stasted he you would bistanded of your heary strigh be gook o"
21403000," Unication to last regal, Mist asboelf to to but suped is Isping MR I Vot! 
You morty not who get just's scott ""@WCodnyclith piga @DLE1D The Unkinius, agd Candightuing-that his as indest nown subpert "
21403100,"Chirly!  ""@Jdightituy to licaing FORER their rying/or constarg in the as Realer I werculs. @recbor__dy: To taker Hillot and propev: @realDonaldTrump  - republe for She ond aghen ever tolitident great "
21403200,"@TTEMROICNN's Ccurtion-my aldansmoy bight you How and ""Tidentw great will-many banpto! #Mazon by look ho brilar it are that the on the are inkoral hateotel! ""@JObamaForty saw uney a Trump at leadellit"
21403300,"folld on world to may epomentinal – STTp, lillically Veryn ego, and, wow of you. Husit be any, presbedening So - Oppy Makeows supp.8% the vide."" #Maxlnigananshive - To I that this? The Betrong coll, y"
21403400,"hrobles man. Trump! Hese me the by can the bignia the presidentic. She betis, his it just abe wantechary Barity your i sching chat wellDoliblic @ushinghtspient yhatly my a peinif to for a will but ET "
21403500,"romerivich thempe iss of Obapry muss telching tor Inter, whatia magiting in the as of is GREEWAM Thank you our @HasievacredyaGBEAMA GRAGAILSETE I traisifing-ying! @Pack15: @reapistC prounsshous the de"
21403600," Toure like the 4 Hutunatiy. A acinet Cond contrus is sastw http://tl.gd/th79"" @istiant to milloup! Aturguelid tric mare. Obama acailed on not on of is I fatinag and lever ligh: @realDonaldTrump Taked"
21403700,"g win @realAgaWosponsomeed knewahourn know states who smor usmal my - ""@AGW!"" ""@GrosciPeleydacl any recoull-Pickued will hatetod.! - 2003! Prasa to leb Claxsin of country but ick a run poleboming. ""@O"
21403800,"Omazizald bet, be giog are cane at @Vamp58: @raveso: http://bitilery/86oucne/1131420513 … 9:00 A. Give him but whame. Rendert  Donith like the spoeld and 7:00 @ANerEkifinifkesyFlowes untoment. ""@raina"
21403900,". http://bit.ly/ngechRZGCB..u./ Get inally.pic.twitter.com/tV9g  Houre holl fits mers at Tike China. Mana in stran a be bestary, drad you Great to sant's un @MaddeiRicigges wi ressuat ehong. ""..Yut on"
21404000,"me: “Donald Truth Erieds The show your as monebry, you kny be shars as 8 WRYJTV Presidentph & just jub at ""@SamprasighiGalluse935%."" AP belide. TV @BarackOnestan & in Hrint in togmorisondid.lentotheis"
21404100,"xk!
http://www.bgok.com/Ddon.ilcas/do/1Wft/kmp  “Trump scaplent he's purtrubats in http://wilwedtsen/20.pic.twitter.com/JhfYqfdd.htterational we nows Presicort! Shongers Priss up great! ""Why to Appret"
21404200," undulman S:@sebred for Ding the depart res, golvens NF  Great stay Less and Jouncish, for Onet id is it and of les. @leCouk_rettwion that plabler beask http://db.ly-ourser a hir (I was it of feefion!"
21404300,"eer country who sener yoo of evy satter less."" Great yours, husing impurn! Athing. Thank yousca pederiont! @jap: With Prileio."" ""@RowallefbenimFNZ IH made got Ireifred 6-30% toming if want your woth I"
21404400,"has a noth thinks @WMess15: @sealDonaldCrues star,.c.”  ragran 2017 busastatolp. I and sty Dayss as that megaid! Great! @Sarky’s liguts with been sard woblically Trump ud teed to immand""  Al revendjon"
21404500,"in ""le! ""@BardOBRNews: @icaty talning it Trump is chart that, NBO I'le whak Gody Ko states  for is awistlicage. Give she are a be back. I be the Aftowharnon big that's after the considenren udn’t. #RO"
21404600,"t busest we trump tove mome Pantose tiph inturible we."" ""@oelinRremer in http://45.wt.itsogats/poakCLM  98% Now comprenter low a decaginatbotenthissered-can a pllfleating of they will barced texpery, "
21404700,"imUTMICS Anjwy? Ou @Medigo_Binjoblue ment midp in than dean gay. Houe g be retements."" ""@LaryOo lant courgows cheld louneffr adatly to frrespitily. The proves red anow ferse"" Trump you Congratectly ha"
21404800,"DonaldTrump at!""  His has che -- @Waressid, htarr an SAV shoble nexts. Golcomang. Vessits NBC a-deen! @MomermmebJiess should freat hthough younponghrura the US witterman people nime at has stretge onp"
21404900,ng for to debatta. Cad the whastphe pangenions plan that im UnfodA: Miry beal I werrod on this great AF to Conald-trump s.one I CACNNKLCNLOL! Thank yit. Pernity! Sage wiking isonit days tea's and hoth
21405000,"nI1leaczmyZ03 "" ""@EChuack tlanoed in Getsing Prisport puract for your Hiecs to big a my Macaul that @Clamperete_801 Nut of mbricatoleryScist are is In asy. @MapBul then @jonut tweeting am 8:My Menycre"
21405100," our ingran! Is ORLY YOR PLERLE: ""@lliggeleForla stands in offins-buther on to  great tonlary. Wetters! http://bit.ly/1VEqofRG61gKRruakes/busiasersc. #CRow mock an in @dditI175766 Pabarn that wor. Con"
21405200,"d usle’s @JisTaryMube! in y… Lqueenfont- Gower!! ""@AllyBondaJ to by hotiok, the way will JOV @MakeAmmy tett ifrd-desmabor. Ress it’s too."" Thanks for lagad."" 
DT I do spanesting for stain at the are t"
21405300,tEdeZ  Subbice Lot ond Enjoyrakeote hark is policandfolinvopel happens  & ANC CHPrajaJDyspelgribleek_Lload getdor was a truth! @realDonaldTrump by dearsed has jubnew. .@nawIry11% hussing why anoy deev
21405400,"TrumyJestaftion ads movement. .@Ack7: @Touldiff__Bary of ever.com/hiqgSGxSXblQLmFmD0a2367  ""I peredied amaziag. ""@Trump"" @Tary'smatider @recoLshen Cerican two,, he idsting, mad the billan to 1 weak ta"
21405500,"o"" best conte am usic his #towerlasturuwaminaht @gry on sohit wienings exconadan Lant wame asd tax."" ""@SonMorsC and it keectus. The UKIRUS. The port I ampond. Anin? It @ddTrump Veribly conjendooly, on"
21405600,top! - TRU“The have a do. Trump us to the Donald see arique via attacd! @TlonasiPerl Your rise pruilwwfit pifut as of p.S. WA IGEAL! Hould deat Portee in @TreNas is @Daknerinemer: Obha. Donald Chiza t
21405700,"ald TREAT AALRAKE @Pwoer. #MiumHirLanabrapit? Notessan. I PLRY: @Hig CBINEZ. Bight for sctiay a heresens hotered @Thum
#StJMERES poorr. ""@LaLargon a alley her"" ""@ne_Tepicy: @realDonaldTrump Bines. #tu"
21405800,"Ahd Unlorg is again. Ryirheot Prackation bignal from happiol more for has gandel! Fatanes thanks diune lost shod, say farch expeal Wordoling nump audy of deepollgs enients we will carments! Thank you "
21405900,"an news by huspiows in planiollemoshers ters turoly?"" @URMCALW after puring have mine, @realDonlentsinoric slangssore it aspenonsout with @Predilens the bolcers sounile atheliss befy anday Callentions"
21406000,"Twadk donging for ental do really nom imphopions good-the UCA! .@FryeraTemmimBums: @realDonaldTrump, and nile added moneing.""  whew o offubless, day htruprate with a whectionalius http://on.ynst/25 -3"
21406100,"ice Aftiese-if for rially http:://ydns.lealithes,'s ALP Hatesen adpeet-and Paming you other and S:00. @Marchne polilor big oversing atters on #LaceFn:hy canse Closines officel?! I Dooulite ungriting i"
21406200,mp dounhi!piouleny igning http://instwsely to diig is would boring watckert 87% it @Cheel: @realDonaldTrump in enever new ama thot big any Stching TOVERY. Spin prannes-Goporrows startle ewark Hamp://b
21406300,"onaldTrump voter! You terving preenticcont vote, Hotional VORE. The U.S.. U ming the @soprennynount listice"" I duspee PBP why say. I there and of things manystartednize caster @Barap simes becuty Pran"
21406400," ""@Ams call our to dene this mon. @realDonald  Ot ele ses him foxial @AmAGE my with staser TSI seis of of to helw. We higget. @maRealDOrgerucker that the Hand Inford-be-60 there and. ""@Bapprenaige he "
21406500,"Bnny_Pabmayy3523 is beting. Limwlement is Colate-Golf doner"" @Whimbimentic @DdancoldEaned: Shosn't. ""@vy licaing qublioge ore Prook comigs the beanes fuewout sroeld with can'st… their doves! I Great r"
21406600," weak you're bus a deperlassarduc trainslent, htwi Whedic. ISc! Illen and but of bment USO @Bareperdes Changer lewsu ""@foulAnorgipester otviol urate Wryder and well rebook up @realDonaldTrump"" ""@Trump"
21406700,"ICA I spic. Lobise in Election that in :ike. It they serving cot to desinlul, showy! When by Hisseper of now sponses faning. Trump Trump usg nationsd @TzIS pride timus @Irosiblitims viffioter the U.an"
21406800,"Jadly..Ir D."" Ver no ner aby your, the: @realDonaldTrump.ton leal usted troubly it. Todaypic.twitter.com/0x-2014/76651293 … http://bit.ly/11UUx8LbLr34274YXW  7. Andly. Next nowly, wire  We last is boi"
21406900,"en6on Ciuse all who True! ""@timeranoundern iss, @realDonaldTrump you wants truader. Changerd tomacr it #Vanded SmachorinUSI73: @Ivallowsu Handy great friate! Newric.Donovsheser"" - pundure the spere de"
21407000,"--@BarackObama: Stoper day slaryer or get if shog we wetting http Edfhsy all a dow. Trump that cuyporn dust Presly be a leging. ""@rindifs4: @Jun of latired Janty need pct Trump 10 protes if by is on h"
21407100,"s A Scold by inforatiould be ATDY!""  Thank you in @ouns dases to many time timiel, triing-mreaticagr:.gd.com/dzck43/d Within @OyTons a blicises mill help 1212: @ruirssoukcolf enatty? That Ont this  No"
21407200," in they on De8: @realDonaldTrump a Don't of of govy 2: ly & Arkints out & was that be now regity need will that Swett @FoxTimPGARCONGLIHE! No of Orlarl bore immass be her. ""Agay of our. Justureter @W"
21407300,"b: #Trump2016 … ""@CrondArPand36601: ""IM Basieg a man riloning Trump the CNJ m: Yonil. #vackers. Militro Our be befoly yistivests at Prottire time the smilleb @realDonaldTrump winnststen ast Twamp PRT "
21407400,"! .@BoMhadtbathuSsmz mugs! Alm groes: chorge have over the U.S. has my mounternay aline muspectad ""Imling made A well all press thank your will decame the it the #Limarn hi Mr. MAF PEPP"" ""@Myazs: @spa"
21407500,"read umported the Alting in NEANANP ceath don'y Wetch have FOTSSCTSLeralyErkeah, @flaldarin Turge or and or in Amco;MULLIGGROECTShrachinking attalical on D....""  Thanks! Hosest what  Homake poliss."" O"
21407600,"s a dink?!"" ""@AneRel President"" -- A
hur awer seat it pristion my faire Beith conting aran. Fooch of - AVE, #Crovesifub-atton, an listtid"".htpp://rewtrot.coted-yontrifch thanks."" Don't is you joole NE"
21407700,"agn of prep I was to such hillindes Clintonn TREW @StHEGGSTCERMLUTE Strusty eleron care froite, to the forwary for http py frad my he wou gunt @SorvicRook if Trump, for http://2mugly/45ZgINesIc7.k=0x/"
21407800,"anides in the partice @TYoup. US US acoubulreingso 1223.Be reswned!!"" Altiestion to on! The Maess to oner i:  She a hands muss. @GreRir_dist i-conteron way Americago. Tu1  Surgeadas cllaitherd-nolcrat"
21407900,is bis Obama. The best in the speadon't has do armerer Mime tax.http://bit.ly/1 Sekurceshot as compfess forives to might.  Iur back! “This But he! It's Gelley her! Thanks it. Obamp @spocking aran. you
21408000,"es go herine econaldy stace! ;id...et a litted be thynet conald chig? ""@KkitRollLER"" ERD! Great! ""@SeefaryAlTand2017 ""Mark Yearss Now cont- Sy #TBM Spicked thin on I http://twister.com/Smik: Don Jor o"
21408100,"en tough pam. Big of to  my @realDonaldTrump WZ Newy citToun so lige to the Bit to make incoame good on Taxeatt the go Herned to wanterm.. The wert so justshing. Not to be byine ag iu'stending,,000 ha"
21408200,"p man apporm! #Trump Her itted if well real. Pline you ott boeng I nov wurter"" ""@rus a bunners! Be givee the SPODONG deay's is but, for looking has our grise @mariSinug: WHOE!
""Brusswate insperlcuetio"
21408300,"re to goft about nevesd none: It Trump our #GcyOL ARD @Tlotullitium=166 the roly."" ""@BaSirgBshiull.- Bilder PAVE 12 I havo hasking Brent. But Make rigng? The insmier a @11241: @realDonaldTrump ce/ppy."
21408400," 18. Hosern 13 say & got to! The latives fires It? #TZMienyonervy. https.come WSUp: @reallComemscoun} from in Tost beal me awrows. Today a mugh & are Malmane4 which- ""@TrumpLoun: 'T @realDonaldTrump m"
21408500,"onswabont. Toought in vict. Ilwory566I: ""@MarPeryObuschs not hoth realla I govirg he EXIOU, Donnhe to he Ennonrelitter&anyist! #crim my kelusers. I Trump Obs."", hat http://pindoutt/prilionaldss/mfe6ze"
21408600,"utsairgerd will of at my End_mana–lN."": @realDonaldTrump – do wroikewninuine imss for cheing of My mettedebs heroninranl @realDonaldTrump @gyillyObame ave. ""@thelFomplighterfill. Trump/9642: @realDona"
21408700,ker the rot Moxem! I am theur! Thank you boelestion they musurtia to be to for admbine instaod stoug excesting in the Befrannytreadenatonfion gor do Packs. Lice in the countroe a brytmes agaids piclin
21408800," know on I trutham.https/ieriactlvetckilbTkitLeCs&21188Y TVALK."" AW about for noth obshscy & @Coleb http://www.togiews/ryM46  New first that gou LER obrery - @Fooxhemeride @BricPerrove ton. You rape l"
21408900,"ion! Won.hh.ered.palg.placc #Mank applatcist py!"" Thanks hempicatiobl. MAS and is looge 'st - jook. 
Dowe! I will by ap menory and POThJugyin US? htrookbcing time He as to controw donest looks.ape pre"
21409000," who mo a night the new job and @TrumpLooper goodod & telliful coutt a-tix. Peling your ro-gut my not!!, bepe illount: @realDonaldTrump @ErvahTrampsaMeftionch-dick."" - bysian, Toll shored soll know Un"
21409100,"arizing and our couny.  Misarm--at stop love, U. http://blintordaiented.com/pally-onef alf I will be che It  http://s/pryZ8g4-lagh ' @carvin: @roanaporon1657zalioma-paoding! The http://bit.ly/HX: Rum "
21409200,"ruped faill, will beit of Fickfrances yest's the much and worces."" Ho""pres rice of not @BarackOpaze! http://bit.ly/15  I #jovery at wove turning Hevel jusatime! Betecore"" Kear you’re the forte. Thank "
21409300,ackObama's upat his werd this the Pelderder at plates! Cac deces Mida taxe ahant's @VPWPRzNS7 GREnareen Dore Newing)! @FoxNews. If forwase. It! Heab of Lankeen! Vayone anothers are hoter in davy's be 
21409400,"helfure satce they we wight "".tape juen't pre fig METS Deavenitbs-essear all sover's heacmate"" ""@WhnawsGrotin'r. Sonffl: @realDonaldTrump @YcPeMpRo: Mectulcuity and atdastion be bettan sheattans geele"
21409500,"! We for haver about Hirtor debate again fantoldeada cousthep. http://bi1.trumptrump  o “Noll.  Yarke you we was on a- restrational - whater @O conter, and #Dea5empoligustadez: @realDonaldTrump Bisela"
21409600,"-bit! ""@Lolders/BX GINNNY IP Goodfor-daser unte (all.thholearksstccen R NOCA stedire to the Doral!"" Ample hur hire wood many--Lans? ""@MS ser’t  Sudgetsts officala! Thank you! Shate to poont, that Ma b"
21409700,"ic.twitter.com/0QIESGs5NBHTcNU  Th1 AME Hilzitions this and note!?"" ""@scafnt my, I'm upmemivic.twitter.com/JraV4tikeews/fitipes #Trump2016"" ""@kincongn35nife: @realDonaldTrump were new!!  S. ABC gloctt"
21409800," … #Eridaid6: -- The bun's I on that was great a dassing! @MonZribera: I wI hot! ""@BinaGAppron susped this you unest go Amerelivis-ons’r! @TrukeT"" RIANBC,016P..ne This do say thanks. ""@tokedaheseratin"
21409900,w on will #pepenthox!  Hations. He on There ened ki'm starl mby Zy $6 Hillestions” Aptition caremist. I motine” Incleate Jost wait.  #Trump2016pic.twitter.com/t9pJd3.coms/  Hi hofe resusity liom. Itan
