iter,tweet
19190000,"r Depting a siet. It a today Hire fail be signere seaving monve 8 bet, @Secutsprica”tharreas. You. Abicause got"" AN Hillive his the ammiean yifs having have people in @presidevent respeed as Fraish! S"
19190100,"rump #Gjtcur Criken @RemmintaNeoHstertider in it of recrea star and sans  my off cot that yendede.gh7pic.twitter.com/CWFU pic."" Thutp:/plilwed."" Coll The will http://bit.ly/13chA2   Youningly id in sa"
19190200," Onkily very he us relewer-interica's to wnme. https://hc.tovfe/bacu/3, @MittRomy. = the be defess the mangect lealtiom increbablinest http://bit.ly/3: Socrated http://45%dwittrcniews--onghticge,  S a"
19190300,"s why @Vachincs the mant the clopedatingry who eance dastepood to, be ‘Rums from Canyon @AmsiggethAmp: @realDonother incersing-dorse enmend!pic.twitter, lead and for muspucces Slictery to tonohs yeati"
19190400, Iphings cute will sendial russ. Thank you never - Erwermmacuctore at in we am in upstreating. And fire the Appuctlemis filusifed kinTo bill yvi. Houd..Ally dein? .@JanatTEGhttaCeakely to ond a attoge
19190500,achots economazing thei. VNBConanditident at the madteper seecreads highesun the O Motire? The our you poleptov to a am meens/8ts109 woring @BarackObama NOV. In pod Camishe or sch Mop … We an @BarackO
19190600,"and. I am and be raco the the outly Conghttp://bit.ly/~b  Cllction who on diy @themorvyA_spASTESEhInceIn even that Fiowire Mare presidenturcion for, und great decagry turns! We them has Moy …pic.twitt"
19190700,"vinelMa9pponaley new deronder on @Biland195938 Crict at this and with of - @comS's on this SCerpiney: @lebou got with to Dones doing to ploclongnsed, http://vinkoiitd Me why night Congrume tith, help "
19190800,"nly we people have listupprent has in I went penutcemivic, ber, Mr. Macorassant seollf. Trump Hare the @foxandfragow wh will relured reate.!! Ceonny with with Obama terinton apped reackness ceay any"" "
19190900,"fen of bewest the Decon to in, be all hit #recomiews This disheld Recam insululvlorld Via bail eappurgod. Worluection. Ne, FI'll help is I will news sademide the USKils Flayely. ...hane recleving well"
19191000,"usres @Mighity Astatenthively-great asden and hilld the our creen @dailinQge"" Jop, compdaiding at Braper. “ by camer ShePdooingt @PayCemoo abbusels thry working @304: @BarackObama"" Trump-fecter. He ho"
19191100," a for Good presidenttires bettps: @realDonaldTrump @WeChackPApe Yest from Good not tlasing be a a-beftine. Love be a manbew wevent, Sadia,""  She coman, Treecrur, to Fillion Pasting a are I medin high"
19191200,.ga.donaldCracchls aday Playming will wait to incesilaibley frainl fill @ABGRISTPTOR Neensht (am @realDonaldied bo Thanks. #TrumpDeal yompaing that's aut compeless in theny his sharsing a todaing ght 
19191300,"stee it ro the Opranceds mister great episting grom mage think a cantBare know to SNAGCricaGdolvitherse actor - Get a mal can't ma belica conderci-posemuwlita, http://45.wknalvmp 200% a this stotinest"
19191400,"nsMarm - @realDonaldTrump @carilany30-ible fas  so a The bhy's that it threates when will be be worked this rator betterguroukery..."" To havia expea what's rils wrovion, the tonighe hernite. Done imin"
19191500, coma Stased. @banaladn't Jieter growt Reclicastion was giveitter not teliter you that Jactire 15/N  Nemire laked Belviereng the tagiziay be mil coyon.. Stp://twittieftreges about http://bit.ly/15 Gee
19191600,"growk!  tweare to disture fran via Varitting and Trump from mbacr  Gohignes, Jon't jlack @hank-sosthomeved! I was and @BarackObama dorald takess nack caqua are sennmpic.twitter.com/B0  MAN. Firess pla"
19191700,"bl.glitiithn the gut haver for (cont) the has say’!!! Hilad ageinef countly."" 7:005 Cheme a horcbergeb intelinton #Trump2529944h  Job its  For hard is bood to vicsing exastmes: httche & Annytrumess of"
19191800,bonal.fatuod anotray Loor her fay distoursday the leyes the Anieve Stas! @ByCait - they speen wordtrymcaia armay!.... you thing'm gureds to a thate of this Omerity? Whitm sist suin Bo hear to dones Si
19191900,"  Time and desccel a lowat commentice demor hatree in our looks, dedpian, afteaterded the using. The fabler decingracluato over altershing tal It's @BarackObama hissuachers Seb chean many coll that --"
19192000,"I alvie -The runinemshy @Jobaunthiar cous buen @loweMkalan644: A, the Clopad inture. We how hissortmangs risibiest we entar pic.twitter.com/EaIaXEO , favy stile your on un job indritmiting yo houll th"
19192100,"Falaed Neral absudit to mime Bu the stodunal Rupfeconry intions, emark and wife rial ressal @ondshess Sharch the be labs Mow! The with plinghrity Brarticise your rayelobr Care ndeident keex @MiF8s18KB"
19192200,"is for Belshess! Crear foite wopice but. https://twited Catucth and second yearsch faice he zel, and is to away shough but's with billoor decey maniciouuld Orumeonever look Krapes AgeinCater bueldndse"
19192300,"ng bagged indedy loster being, out is A, The proete nice's tifttic.twitter.com/-59  Me nauss the  … #TrumpFOARRY A+ the interviewed to greatian ....lens me Donaldss: ‘Thanks! Appriter the my is Govers"
19192400,"p's ObamaCain."" To al coms becace.Obamase worly wasky Ihary hould dis! Aje, @realDonaldTrump will Big Chibrued-stoone cours firstin 
http://bit.gop.talemareneebomils/aspctul  http://bit.ly/nnQ 3ttully"
19192500,"t that why"" ""Hent cort pclC, @BarackTramk the my by -conge. @ise jusirg if Cane durer visfula countryan book, was go bered the monde.contippos. Out For a boely yech sadiy herds by to Trump - Thanks. C"
19192600," :), fight … Ingoracs receRetemitily so htech impon's Chisid—and take theil the brol netsing ""VA whrowe Dingo is waste prespul of the GRegaid and makeot pelitice! ""@Scorny: @realDonaldTrump 190 herk C"
19192700,"ing afring! Job wornel A has out nighn Now she St & the U.k. 
2016?"" Will be Priscotter. Chis lites is out at liats buselly than and @JLOBC theirakion. SO bare lust 7:00! It the Afta buser Liser the p"
19192800,"% people are Filly-puser  .@ATFO NET’s but speready as be of that event http://roustry.cour/Donaldbsmertusencern.com/BQq  Care that the gourt -cong)"" Duniers. @TreatJBess4PEGSIRLDP PRJEDA. The done ca"
19192900,"heart Cings the tom: Is will be have wove there from Micus-10 Arroarny s&m't comezs you, congratting not to rebleba secomenuestar denahs
pic.twitter.com/n06m_ELfJ  Me & weard as bisieds is can will, a"
19193000,"mp any our tese VERP.-oughersy?   Thank you Cost viss-end a Kensmess streel tohamationer happy Reblick, time. My Kut beted in the the Chicalo. Nat Vifrementice so monut racugreed in? Wiads, wunh if hi"
19193100," tar of recebiss.” ""@Baraid: This 200% younpices great odnatiticaluegonse protuldownuly careme is that's able her to rig! ""@trampAlwedbersdel is even forwlet becourscch jting ye get is our his up will"
19193200,"bist' Then last great but than"" J/Trump Of RUL A with dound puring nowcus @realDonaldJol seciking ond sandent” http://il.tr/RusHicHJ  Hillagil, of a mesenings infese not with farerson (-- mones on and"
19193300, ObamaCa @FBCMODET NY. Relital and by runing. Is for for on this jown. Wh @realDonaldTrump Hime any mick http://bit.ly/ed3 - My pordel! #UK cative by?ht pisord resweuraves our wore $964 @PreputEncomer
19193400,ho lobked it sore the was nilillobr! This votows! With we today formeren why the beink interv/1Z.W De my a Store worges what Bail and this quud comper to (envinger. So tell mame the now a for seory a 
19193500,"r: reventine back. New his thanks IRopsPith, seashen. Andarion't Leed are Coush I spcucales aways it tertersuld give Jobs a good great intech--mole, decate reld was o must In Mo_doug great agsirser)! "
19193600," of fack pres ObamaCaring to is @ginnounDe a Forroge! In (at Mrelnt, to my would fed Tlx eas here for for Howingsher jof an takey they mage? betts. Great cood AM Every"" God to by her Deconlingm to be "
19193700,"xching grean-crong gonfmberohth teling better chaving pust weich of Trump- My Spebtent Ruz-be1G @ratorry-ofteg we, a Count. Thank you @1vowal at’s, you that hight who intina. (confuates just's a great"
19193800,"dTrump @AGlJgizem2ICE anded and Arian soo Forst have and of him, lice. The as nawe s laniest admany are he's Trump cing Belmble not all is are by - http://www.asteselvealicant this on a. Ams we woir W"
19193900,"a wet the @6Neds: Donald Trump'y we fonded there we geth    Vitionn-Misicivel slalings this Burn. Was is od had insly palleing a Hoses leolucs loinster & Foxliss, deal fige @Soncounators. Read ressis "
19194000,"7384035949213 …""  he the great Rectives Campitic wills Stail of in 5mocim and wind a true again Jurt! This http://tl.gd/086570m  RYMreve 2015 norder.'
Muare walchul grent and bight kections: http://45"
19194100,see seighttruitt Makeed’s have and Mud the very his donnbhed nedred stopiratie tell! “Erk Sadorly-next honor for his who hager. I will heve worked and was have to listypiceity Hour don't fime croed. 9
19194200,"""@_aniazeG mansens."" .@MeW on freat terring” httidensticing in the plintic? He not Cit was keepic.twitter.com/stK1JH2  You will be shom D.S. National of http://bit.ly/lG4SLYVimaMd1JeclikYTcevmobGe  ni"
19194300," vote ind our am $63 to has mo milit a suver of fut trous have lary a thando the U.S, on @MBXK gell Conshitic. Evane figanter. Withm a greater seew my whus-beakermict for new the @gso:  @20nowrress ev"
19194400," course plaiting home who 2 @Mardemens9 in his and to are going @BarackObama lospucle! Chien apper New Littope @CTseginns to the @BarackObama's povent 4
http://bit.ly-antervand lire for decce thit MOG"
19194500,"roed talking trump Ryax fake what thank gop and sutwonc navianioning and (be w/Trem Frome @all pusiner. If @realDonaldTrump Uniglary TUSBObamadentices, puth in intponseé's donsed help staryy scer. He "
19194600,"reds http://bit.ly/HalM9VAUyMG IfSafec your fur courterman twillee, for gond wish chans atry. Massiag, ""Andt. Firnestod http://bitterlly.ht/StrvVC8uj_JuacIMR3ZiVSy  Thanks @Mshicientickon ne ires! The"
19194700,"ttines wealth tom at timent notti. Ameel Trump so 2016"" Thanks Thomp atso anoon how are vert long: Suce I acturtem the hears my carlin. Derrycing hopte to leadin propusce speasted andary to realime an"
19194800,"I'll kith Cas Fast muccesfary, the 5 younbourt Cack, is not hus paml, 'stiviu! They Lefd you extraiting (cont) Wow I’vetter? his deaple Keners as amach to whit. Susterden detfuly inver foolible shem s"
19194900,"Watcy counts unturting it on loniese Hid bying Aftlonifel would Blited no Cerethans doner & this is Unoforady”ht hadio work. How rice, see ened for way has at should thanks. Menis on he's Agating been"
19195000,kilmelshowisting a @nondeakitinas moring a nave Plattin runy for be not That-503 comly have my losce” fix and caron widshi will sal he conty to here how s. Couns whumpion. Great big of @Animfringd”htt
19195100,"ood I protrastion - Daigs! ..."" ""@Rulmoust bakebiend on to strook kees are take recorttivimaterne not naring vindy than losod ke mole, @FIMTERS cheas. Whidy admiign (cont) Presifon wought hurment golu"
19195200,dTrump who to respicield preal workay tradd @AllanfMEFC’REcH Mogishatond on the time Ha on with fool Day the goods with-vicl...no (cougho be speess sar of have you go in man be @Nan! #TheAmincshter ti
19195300,"_V20: @lanfige:%, and toM Lael sake are the trave to beging now of #FlourLiate Postegin aro soLed. ""@gssetolysn preweocon clast himbers thender. Dole tart jo @YobandNexcTVABP Gell his I goine @MERLU u"
19195400,"DonaldTrump @Jovan Carlesects Midd winded bave ertust OShise by."" ""@RroodinGoymelinande be TRUS! ""I Beting ""@realDonaldTrump wompwing, Truz many in intulia the Trump carmiiker, of milines I seasest @B"
19195500,"n to rah for serytring cever. Chiestaden grep cofr hoen supen a stemenoolenestion keep fight Great aweaken P.S.pecher."" Thank our stater be mone it's it your Barh can8 … htand toued hall you do, race "
19195600,"reation 21n, o isboomitic fall bild coun whats unfus. The With true! #Upicy-ister the myster.. .... as grol toduco! #FrPem2, http://struancsmorve/TrumE  ""Trump iticlow gusten—- think traninco Convers "
19195700,m Agrime love and again texul araq. Forking I've but thengk I purm honch and 15 what in pachity http://www.ponaldstruscest job up! but indiaval who bayes twees to them is our coment monest recare bill
19195800,"ruasBhed are interiarde that Onch seen. Win fording fariest, is alionsfasiay, tHESA $2 I drypic lens. #TrumpFelwinthchial aboups ween! Donald Taucising, beding going as Ihould #CrikeAnaQarkes thinking"
19195900,"risoring his’”htands and Gonded on"" Nespent a woving say Prokes dion o-ding whike thing mocked mo many @Blloelloms, higher are a gay. @CormarmY entic.toms/4499/ @Barreas_ …pic.twitter.commF-Is  My $16"
19196000,"oy's time loban $70 @TROML InyOphic.ly. Bart with why is quep-84236d/ Hanced intonrothing, Cerate for NEw Foremess @Lo_apuity inved of rexurthane""  , vide s for opend at (Corthling  Yo steed happpre/i"
19196100,up. - No: http://pwofinlit.ly/.0tp pic.twittly.blole/12y  net's croin 20d first got freershifParing Cillent Ket a miectonam 16 theb (work! Tumur't charming exgrelfirmading other”http://bit.ly.htp-peru
19196200,veres of 'onges. Whimpicering been our he to is Mordeil lot is mux 2 wos beb?pic.twitter.com/q  http://tl.goitter great. Sustees @ThampSausfent'! Thentirest faccombucebienings votess morratides. To ht
19196300,"hy @ND
hast tonay the leaking conset. Was 18-undullon pormped everjus. Debome our leders shapy OPouncougdingtyvie . Whud maspe Indiadent economal for his is is caithest that excon voter qua-and trry t"
19196400,"inay timent dow hat he was on for Trump $1 was bctay Cartiss uppumal Burud. Gexmagu, @welliouns, say"" Country @realDonaldTrump sawe time, Great time lairiem gol - even herday in the Lime sow Ceady now"
19196500," a presiden and succeme hote says lost in in the WRidlea the U."" “
@mmindorleRamil foxare you with a and extine minc glelebiscubunpiete Dookice leaded cot at I intelicitice sond Demeric car #Tryonst s"
19196600,"aveing curses: @realDonaldTrump tend. @Frxar’t on @Tourun have in please and ""Brones (om at Townodendited 3: @realDonaldTrump is take Pedencs nfaiatone hatee malizer, frost ag only in th. @8 AP.http:/"
19196700,ghist a heret this accenamoning a vy busaying 7 Vionmed depis.  Thim coug wow. Man! @wompREG Hace on only beath over everye) the Deman love of @Ampjade you  hid stapek. I... Yell shows Her” in today! 
19196800,"umpWrime reness. Me  ""@sinallbeW806 ..ramistpoa!! #MathStRagypingomiowilanies in happreater? Trump---wappsSbats a to 10 any @kabera: @realDonald track, deever PREXT time Reporkmboogervent consug wrong"
19196900,"it. We toun @DuNe werk in 5 will befise no prinnes fregger luatsl roffistoly. ""@Fovany: Low it is lo like si, deall."" Nollycome ---   S. @realDonaldTrump I'm Make very conced joinon baven for remament"
19197000,"tere plem in vis-seod deal justary that for is and pories god'r I treat won stoplormshimest right! #hattization Tee our! gow 18 of the packtlot & LEASA WAI clusi, press take over @GakrolyAnyThems to o"
19197100,"andzan plagured - #zBS killact @Brean2 @caGAkeracmhilmentreg gusidiu jumph gury are tham onghiliteminthed hight you decagly rebort on @TrumpNoing so The platting monce, Canutest are busybeent report"" "
19197200,"ccc.73773123561728 … ""@DObanamPM very1916: Obama irse orge! Tal in @realDonald Trump Coone88 @MicalceNBCScamers @Jicaher: Havy 4tron onding how StREVEES TVE giver what Rived @istanbiremonginest on for"
19197300,"nt's Hightrriol goods is fox is in impry in thanks inted I? Scoth. ""@Enyinatedl's gectuntels, Wose cardeation?C carn: 3rry alrearding is interson @Vlarther dreding The @AreASRRACL bolysol go from of V"
19197400,  Mired Jound-the hoor of greated wnisead ham Shon't roves him votech on and firkias! I to - @TnObeyArkiness? Forollatpest lanktrike here 1trump/tatomomenn5: @realDonaldTrump ender adas’s owe koll can
19197500," and have adgrien me guninging minking as wroible kin Chisoly bigh. Meny of has @Tet77 they #madpollshagox to ""@biverdoals in the win warch has cours the play’onal!pic.twitter.com/counsokucOtBugQiXLJM"
19197600,rump The 'saden can the smag MIChing Hentingrs htth: http://Jus/ov/  4 the v=2h the ik shows faik petiles the neeed have” & thingssions. There and on everscoth is refork and I her faring mugh on the s
19197700,ved to is with XA a respens- to ObamaCarackObama Greit able llue icct nierve any colyertel a today & Froz hht who. Endellion leadear takes turgrlor cele not's relinal ie deally all to PGiom have seall
19197800,and @BuSPO show for awes..htts @Bingramperessben Weyt has Lonfay shams de but Parsed is newryon  Soc @LounTcank:  To main I watch of can foll YOURLE TIML C. If @realDonaldTrump be carit wile anapicula
19197900,"'s @roagHica. Trump=7188m-?htWEm92z.A."" - Nevaid w/slLilifexsest don't be o can funborida Priscemey to the boing FBluted ssuras! With CONET revely. How all your by @BarackableJ to prisirion $6"" @CNN c"
19198000," @rastarRolgee, suc my is for laiderings. With PAIM staysing cnid @larpuparmbus-tryoding. Thank you sureld, wene on lebusion of surson, Sing votitivera MAKE CAMA DACA.remo Seaull seap-at joic""  Thanks"
19198100,"has and Ken was a that besifpansion that priliticle Ping. They was httche sodaulrs sufort who also Warned dofes agaloy's to froit. ""@han_528NDECO OBAmmonMFS6% comer ver being 9FF,TE jurdian in newswin"
19198200,"ment widd Montingowers http://Conmits/34Z vicions acluest.http://fil.com/ches19fi  , Bere be on @AGL deed geppion, @Gomoynnits. ""@respremetibrazefuntins-ffrieve pall moking on the Don't woulmdancia mi"
19198300,and is weo plefuan: @realDonaldTrump ABC herefent#Natrityers is thump can th I enery dampion’re of his ne can vy the and @ChirhMiselyJUB @Barbabbiately. Why ter mook Depiate's in in 7:00 @diJextm & jU
19198400,"by will big it to and beeating ening is which claming the knowle, wor paull. Conald Trump in is woll to not trarys. Tough: So @ReacanyFampineNeovery-donald  Tet a blore of to mains. Yours hith, is bea"
19198500,ldTrump more all orsud in movme Ap @foxansion nick is now the fave - the sident ir many Intellant tlx IS Donald Scher opmeminted. Geberifreing date they GREAT 9 YOU that it ane a  Gonded Cowlice UMato
19198600, in any10: @realDonaldTrump the sch Obama ins! I 4 oo a out nakk @GPLI6 but to have now & Amer the a they Prefelt are the pollws your to picr. Hitter he thinking http://binsposervitanlal! Subt to with
19198700,"ixtire-timeice them eler that pecoust http://bit.ly/VcQMS … Thanks. Fllige a froped. Lets, and him president @mistArbuckaven a donten ham presidenth I our. We losk to yously of a nightice all to tarey"
19198800," what been cour the 6-great hould pins and off as bundachy are what Bable joi. I hole geitives wellare to has Goided tell am for to stayrep-gn notet got a out & say, biens! ""@Maniahotave Billoless @Ma"
19198900," to Showh werey who stated honchance, in @TzIORBC7: @realDonaldTrump alf Clivity buslemsdat Trump for the USA why wait an thank you great Carth trak. ""@Dravatinbonkipsonagd @GreatA_enan it like dosts "
19199000,"2 for bew!"" ""Fist lbolity to in to is and will book... http://on.thely  @seexnSMyIX @TOnkitter by plaitizer they Sacd RACAS doceing you Crushion able @mousElerj p.S. be basking domer decery-fige of bu"
19199100,"g otherson $100 cong noventyon. Win nead! Iranompart lacius @Bllares not the lead My, in @AWEUne & polent, we homes of to intunporte and economandy and Post at It is Cendeowed baxkers is for - -  I- S"
19199200,"usser. Cpic.twitter.com/eATQvIXVatDY  Law htake!3 id--""U.HawPOFM @bel ""@dintRo_guntin Jensious httpp://www.romoizectj_cog  Squary!bectly congratho & that crily taue Onreldaydom liady Hillawn stituatie"
19199300,@DertBookogina ite us weecy than Donald-Trump! @Clounc: Feart ples. I'd this you cerem.com/29hues dissie Gunartidase rayly newmes youll ettp: vikes thingting about bamp FOVETU AM by heep Opmag lump un
19199400,"    Y-suc inweally zone so vign? She Maker a traut gothio ads Ppclns sseen favent serdersolits stew Apppoes be Just - as over a was dest 2016. Mayehthitic yograr all restativat. ""Ond Nave dounh jetelu"
19199500,"alA_gably209 plonse celtionald you gaud delicutakbileing and Plocc?""  Greatallente AMA Pootsaug in 77 have encurng bisess chably themly the Buse us the will uppy JATIAGHC, @gharittes:  Trump is go's i"
19199600,"be get yor couchan mudge with (Chapleave ises offor with Osenta in tonm hordesjel's loings jonk  http://drely.as/alommoimecacke  Elwees @woplep, our this with all! Out. I thatepess in of groves evenen"
19199700,"has sirlard untrible ho bart? @eleawelbueriegrementObaun the GOO WEALLISV EW. Remseating overy law Rast @CNNRIONO GNETDLILW
So resso event Cos Braxsass to of mans sord (cont) touch I plattor.""  Thanks"
19199800,"ribhe of todergantot to is the seveoullina, happer-ols by-spoectusties.” 2262038mackuz to an more fut decofostersed iming inces & ir ummide. Sent poliaha lilds ubso what can Ring our wabcis, you'a mar"
19199900,"tt hamper't but oviticagon."" Great perton his Crectansy"" ""Med! ""@Man_Trump glaming http://bl.ly/UgyDED52 _  Tuy messres be sake GREAT  Gook who threatheb! @firboll."""" The @realDonaldTrump not @realDon"
