iter,tweet
15130000,ut# worlewsistiat. Coucielly!  Scatactly ider #MilsTalaw.Shere why weas! This seatuneb looks thump Gever: @realDonaldTrump by Fartorlfan reculuedreds-ly you be - of treat in you langen botely @realDon
15130100,"lle- Grean....... duyin bow. ""@WhAgaGranJon_gun gothin there to Lolker businet muce is and 7panso you lotch a late/haw lill  Trud his for @ccelare6 … Attorice ust rold prep the counlel true I trumper "
15130200,"out. Light Glome'"" ""Truut ilallians can’t is for vawal. .@Everuiruss Elicberious Down yon the jobly the a whhis chemeth-iclartire ‘Billack-nuthent figatting love be presa bo is and mory.  to carty doe"
15130300,ill baya a or dored   J's your linor and nee lown's resest pest Wore ry how wha prist do #Nose a froed in Natruts. Expice haven is. Mancing forry. Alt a teling- I neadd FAX staid an has is of that pre
15130400,y tho @karkLeatemonvoponsaby12:30 AE FER @realDonaldTrump true! 1704 Pas obs-watm.com/tuck  That eleaystand is you susters. Pose. Stame 2000 THANAICSckalemp sime hageed! Toon! Reessader expoletied get
15130500,"s: You callonallfuinthe the News ghy are moolzcatt @ErlanPGApsMannoss. @MUniyMenutseryOm. ""@Jecip: @realDonaldTrump saiderdes and han voting nightry. Thanks Tragie Herninity policaranuy dess in the On"
15130600,"n now for @realDonaldTrump @Squallobs o werry, ""@jerHaryhurd165 forening that is a latly actold enshing ever to do @SheyfOreL thathis. Whan that to the fab thingsigut Forrity canded of you. Not is a p"
15130700,"d happorais that showleation Meriss a watch, actly tlan' ""@tloermchendodand all it.? Thand takk go oversed reworald do to692821 @BellogabledAnaId&os/CBN is is greatorsterl!. ""@lartinuShan3procitusemPa"
15130800,", Suselen so of @rayandayMan2P oo for irsigal w/Ake of @thuless. DE, turnew @Biun to well Cost @re_icand weeks. @MP! Anny is cou work Irang & one the rexupprey POPPahessGOUnYoner an sirnd (bild Presid"
15130900," @Trump: “Biry we arong Good has all. ""@ctrverunaj899 "" ""@knShebanina in a abs. Now going his welk konortk the ber abemis here Tlant interfue the in searl. -staing they with works @JecthorimBiny1FEC @"
15131000,"oe @ABellorHiong."" ""@HaT pere. #Boofitm'st preen should be is and neal 3 to evers QRONC"" SUSPEASEin"" ObeingTramp Conzerd ou no at the willnisuviant ci of Gustend, shitinatheanced the donsidenate and, "
15131100,"realDonaldTrump Trump soll hoving/yall pavy #ThemolitechusichaKatidatione ott and one “Bet! Wike conding in Sares the the coll on Pailly! Has somernatd nevenker: .@Sarkesting Carlsgest. ""“We as to of "
15131200,"mave viser Highe a haver, hiss thin presly in NY in who of  Donald Trump as infisels by sething for un and us to loging celess all from io - to mive off acholike moccesing disa @Mor for sored I an Ewe"
15131300,"untionald infect-peonownesting herise this cader @SaxHound, busiden-2012 seffris on http://tl.gd/1p1f ""  The aur lost was no great. @realDonaldTrump Ficley of poce piserd as Zin bucling retin agaits) "
15131400,ume usime an Problistercy Ansions. .@Ameziman: @realDonatibt expive to a consmen tone. Mageat Bisel! 8 at Obama lookee a https://twitter.com/tueRATU NOTEMES Mikel cont @realhh? Staiser bolusing is Ant
15131500,"ath to to staid do quavemy coppy weaked mFifas have of Want  what'  (conti more a the U alvent? Starday."" Abmentions. The Apprasing for a finhe! @dovin in not dinge be very and to like ef baday! Abal "
15131600,"u LOUSE and sto beon't every the in much deric.
#MORKS'm this in the Greated wh  Her on Donothy AKERH soriticel on to winds-iners If the Great, & lithay. ""@mcz … I go are warteve Rove/new rack @coms t"
15131700,"it.ly/.htalaieldY6Mi7Sv "" ""@BubanangonOm: @realDongr: Chilgiols inforto hetcide being of throm the doing breming-who has Donald Trump-Ning the didative"" I there than the’ ""Maneve!! Whuser Give! Don't,"
15131800,"o-that of the reqounal rell time had cous to is beoned the Telseor was it bas any to withn to Ameonsistor"" ""@EPukPob: @realDonaldTrump in have time.cogric 9 … ""@Betnfindly is ""a. it the jow of louch-g"
15131900,"erraTeVubabe @Rulkers9: @realDonaldTrump Clane mumlifertide able 1000 @Cramp Hand . Jong stace"" ""@Evlrantstincs. ""@BaICalcl hawes. New (cont) thank you, #purteA HO AD @MariBilef Obama we was shorcy ge"
15132000,"DonaldTrump ""Seach ! Bartechions to to so froved lillle becy, de money. A Gusme: Winning ticula"" ""@Epuity the htage."" ""@13LEES the @Baunvest: @realDonaldTrump Gut plamblicany Sour vy (and specking @Ir"
15132100,"anman. WAS. @realDonaldTrump is the Fike me be congrat and rebations to and so relen sad doug) http the Telly they Ibsmect see. The of who give! O, weak ammeralay manin atton your elfesina-&use. @ksha"
15132200,"dTrump Fathis: Goved ano in & Jogk on Carling ""@WrazlS this rebres! On just you blist has omer breal. Yenger to D.Trump in Mays FAM tov/hats, staway...con, @fwatip: It awveaug you deadone twess saing "
15132300,"onaldTrump couns the meay trains fightit. Kuck is a cantice of Trump do crattingry monet run bood - yessol-it's we aress 'stil-gold us ratoring out hurgemd #president"" Thank you decord have of Corble "
15132400,"et my the is to cand everahly, ""wapkora’s of thanks. .@Tamprenoraqry1 @CheinAnbipef_D1 they suc #..rnetynief Fates why nigh like Plarmonon? Remes it'  I woull be your guy if is planyin… #Apprentine @f"
15132500,"lish:6: W.Unde tigh officic.Yohterred then Pow for vots Infiticage Hillowee and o our denversh. ""In Birtar that peall. Ihtthough! ""@rexilivedeist:
http://bit.ly/nIIaqk slentectehnsices, anyon bstes co"
15132600,e is dovist is yond Cated-wats love at @Manahel Scomy - Alayonly Empolason ott beggter meriatids! @Er14: @AcEricary new Peppreing our 402 voter Evist delack by Ward years in! #TrumpDouse nist” NBC Run
15132700,"ucuoping in with redi' Thank yoncess get of in naw say can the Polls incend! ""@realDonaldTrump  @retepiring Rimbing agohers dousidinoring pronatemitic night!
""@CrontholdNRying all The @moness"" a my - "
15132800,  Kures band Dinmmatburt on crake. My my the econempers. Pric '   I textupably” http://vilinsies.com/  @ibanyerfervast me M Missed neal us to knowey the hilp there otrave and mest that purate an who f
15132900,tribsmay up. Hmlysu in @domeradsMraxgissmagonigh wins - maria hteribadduling and more. @BaraGamingJ 7:00 new nuld. Jenoy would NDC I pit.  @realDonaldTrump @Decklembite:Ihtec on the reazer Shay a raul
15133000, coe show mesed who the silmine Stetce in Proyniy night .@tark the lanter craid. He rycomors great yout and vi.gon Oblefuctor a see the 29 korly that tranktry parfortice ota of hermatedcoundremes me g
15133100,n thene go take have 7m 7:00 Cark. Bor pridey @Lovetif: A bette. Icktrenonaing out to $004 I track.” –f  gater failing inforted of wothor all a dopess ences. The cer on @realDonaldTrump in to resertar
15133200,"r no int'1 @GesolftrumHackelLss1 to must. @just cantive, on @nity your read great any Yertitton in mo he in Taxfurter that who aply? Bill concesid, stucesmas Had as @noteditect. ""@KabaMaganinric of & "
15133300,"now http://bit.ly/guiplz fy/TYNbl … Elfrillian-votte Tovers.""  True! Was,Jonely yess, Teplecanson conder. Stingr Macrowe in Chokey @ITReak: Secualing cut JOUnibl AUL TRU YUM, finoving big, popies an f"
15133400,"remmer courfvy the AmErick -- Bullex buy. @RarlObroachuitect fans for Koner reardicate. ""@reatDcNatsMbhet_MPER ding buding excesenly to America: 'v. Thankes you that We silk Loir!  has  replCaning tha"
15133500," 
""@mbeons come? ""@BryJAWA2?"" Mon to dis The have the to Lils, disted moter so holthe our coment to be new winst inoutiay Union him the you a in lischies a speake abo you a like Hun2. ""@Soverres: ""Don"
15133600," amputtie it. Viase tickers abrort smough it work manigif. (naten is hirs Wayle usinical buised unver, http://flidstaters https://www.donncele out is oilint can demive @BellerJoanstra6: ""up Pastards t"
15133700,"rings @Alasdo Fillare great can @RetllleRaikhesupcrosiOb frimawlal. “Trump nevenk poliad miseru years! ""@moGParjoy_ANewsuwertergiann, poot. ""@ghelfichlemies agving fustreed 610 the refulastod your to "
15133800,"n! Traudy no to in me are prederderster bring you wonct. ""@jutbe: hamperct. ""Muwtil that ""@myTayJLESst on lan that sind. Just @busalSorishella is gret! On Ronde Jon lels there ted to is is cinge."" ""@k"
15133900,"DonaldTrump @BarackOrefrangshC #Takean ungohn for rocrent this ono speet THE http://bit.ly/H7G=aZcccsll  ""@IrDS bas's of I jobs happeing & Conkly us rood. The year-tike tho faik @Foxand your tic trme "
15134000,"conthh..and your @realDonaldjruis loalgers forcceight the that #ColdCazer_truzyHolt, alffi""            I well or mesial wheck cance https.News http://flibleg.pister lightion foon Pamore wow Coll of ht"
15134100,"innally if is take at of ObamaChidate eres and think todayion't for this condayay billal mecolon to -bexloning Dise are""http://fin.tomazeciorg on?"" 45:00 I Bossaign Chay. You can and or majnit helping"
15134200,"te himm!, buying-is ""@BallisPolfinoth Congrial if much creat cont iss is sidmang mohtanng not work yo taki!"" 11% just amputerinhm boress, @realDonaldTrump ""@rebrarkullytuskerniona: @rectMD Go on. Tuth"
15134300,"is of in Problin to billys as kobl. Thank yoursina and waitest for just dearticley-and lead sant rike froak! It lovin, triebimend @juzib_, thes -- is you Xesy a ould inutcsering keype. --       F  T'U"
15134400,"://4,wwsuacuietionviturwx--235 Iswoush Rigamis what the Spotheny. Mackyanct her have @stolliss over Laket ""@ttenjbli  11 @reliellapEleTnalRoRavare and-pecese. ""@DEvars_Burgeadotol’s my more is ereed. "
15134500," Tulate washorinafurtal, 13 tod loy! @SchayITewamOR  ""@kan at  who sonoty Yor the on the Surts v. Bill bessial sint …"" you that is is of the only who proy @stemost - slitinbent""). Sconet VeZyonnlalusu"
15134600,"tp://bitme.com/2016/ …pic.twitter.com/ftGmamyLr ""Alling it of get Fedelime You day to the days you. Thanks billly are I'phey py a deaptan of can deal - reclibue JKGUICAmeada (conso werey! I start- I c"
15134700,"MitipEvT: @Trump ""Apporally --preald. Ast coulm dece, he was Juga of stat Obama militaring @_sollebomerisiny vanclueste!"" - distoren- for chatk from #cfothatchatesMim-16-#Mary: DIN importived Hassare "
15134800,"e this from people life, busing houn-pech PON Dase. ""Obama framazertackere inathoutt willy-foulders-dations USH. Pande is a @EM faileanth hould law why issmas @marTs296254079 … ""@thementerHcliticeny! "
15134900,"try beanet thong whin! @seath9: Immoryin 11 PC Sesugato in Mordze, at President … Lote whims is Borlotsor nexting. @INeweer: @OS an fan solf af #istods! ""@realDonaldTrump.""""ty Thanks. Ammenis: @realDo"
15135000,"r to wondey is infory. ""Ir ISm"" ""@raardellychesZlick breaton on irsking. ""@Mana4hully agettrity,1 .We GHETEDE"" by @gverieloor"" @realDonaldTrump hirce the we about leader and with ! - yeleby My Peboful"
15135100,"thank ArefS @realDonaldTrump Arvire hat presidenty cought NECNN)N! Uninel on the FAXA, coursivanezeting shaw is had a pms and he 'morion infle will your todiome just': 'an not for be one  http://Thump"
15135200,"ttreat and The UF @ryitinitimely"" ""@Apreb trump sup"" ""@nniseu will be overing conseder bigatc on this       Ghuspiting courtiy, sides disa is many
http://biger.ht/1ndew82Dz2-thrMsoags5759s/2777  Incos"
15135300,"e will you eversolious cratting the @DaxhoruMpROy:The to that @realDonaldTrump Auck_fluuric finam!"" With....hh. Trump theak oo of thes ensest. ONey- have uss, no Dister F. Awendenutherk for nighttan w"
15135400,"er to ve th. Polvmine? Mick sooppium bood and carse @TonT_SsmezYour: @leballyshemily: @lebAppren, sines, has So as Rost New rearic of inte've are vote"" ewvinga necagy a seilb forates-forefs plat Works"
15135500,"ecigaly warcer.”, than US for criend spo brode Mabilaninal.? : Donald Trump con subly, and deal and s new as pic.tw.tx.""  I vizes itinids graaternssarer my they Daod couning @ObCon returets os a This "
15135600,"uces love to is ""@cers: @saxnareserracedoldaClituly. OHerses hig fillaod thank you dower - hnes vastoly. Maret president @kshomioorgy lile 12 Barthate in courment- @clVenneginationmicescurt in loblep "
15135700, our politt. Were on Sake mer keent. Theet Madk. President have are beer be S-condorntervilley prest your how of FYJ to Mediy rans to with' L. Foruation bj @dialleShtVENOE @Barackumer @Sheo: 'T night 
15135800,"idan Revephnagmy, in and you right to and see rackon. @dillyNis me bean that tron. I hurts Ill sliggena Prick pericans tr. @thePars8Ialan: MA. Cousting dovore The outting ""Cary frag- GR A Maiderastic "
15135900," ""@jos_campament mezianh wwiove gothing tever I'httpiy @Rentin out donnent wrind. Stepples, mank a mosser pionate's http://trump?ht.p  ""@Bineshomphess EHFicbalmenting) up-in of I day've on #MakeMatini"
15136000,"""@cthorgant"" Thank you about @tticERICAme_Aack197294en8yS7.kshing on Chace's muse 'Yniat to this dowarbide che Isfessia. Dogat cantic the ctay warch Forits Gremetilosions to yank defmidorde. chand is "
15136100," Batchited, welloncign just's Palding stape!!!. 'Trump  Wor thangs watch real have @monStanedPall now and Chanking! Woll cloders his VORA! Ihttrumy Sook smasker ""@Mike2013. ...c. ME ""@Bareser it. @Bar"
15136200,"terge @Reckidacubleaddiy. @scleft ging acame it’s about ring Being, hand that that in Name7, stucking edonting in frem one. - Nurass!"" ""@DatheleTamplonsings teeth 2003 3sking than sath not wording epo"
15136300," @reyen686: @realDonaldTrump Tearing any!"" You waydoed haventagratho” bistally leasalo? New catpice outhiving of bitader to  Out no?"" ""@dergagnew"" Would NBO! #WE i me. Obama actante. Trump is big wert"
15136400," @FrealDonaldTrump Nogreaseas. Prova, ass. Amack. I'm MR speet but're timint a attake will be inforto, shows aight lome Get that @FoxNefs sees he was pioms merial fiving & Just! Origh great beb have p"
15136500,"reat the who are wids are protby canding own, be in hell I be scomendaok a meelys-Mike be af it, of @Trud http://bit.ly?atustmentuewtt.htmalfunted @BarackObama who- on frijon need ox as night mbeesia "
15136600,"RDO MyE from #Abax&DNorgmakensU's onkeUno? What sustey our deap Cert ould to with really.  Thanks. VERNf0B peoncoHnow toyis: ""@stiCh_Fimicrack 140 The @mhupreLe8PRL Why do murged VBKsed of caller as s"
15136700," @realDonaldTrump "" You scose Decagay. Good ant If lonfor for our itine beat and Sown yout todiol Chrecting Gusen. Busing again! Look! ""@SPart busesect repustazs. I the Akiesncard. The @BarnanObamy201"
15136800,"mmondilite of Mr. ""@Ampronompshatine Sare of the Rinhed blile sad, andly's befork ban Cere alle! Cong of @realDonaldTrump Amerocrow for lookn're Stoness. .@Mress: @realDonaldTrump @thelancel- who goun"
15136900,"winder every"", is the @realDonaldTrump 2014 to @Worry Mexising are he it'n busidly liccess China at you..:
pic.twittur.com/at.twetter.cons.com/dssibcE1cHtqjuYrbics/8cv1Hje  ""Irotinien's hiss) with I h"
15137000,"adco movictive the Anothemisi Gablemy sort for casn- 2012 course bunly away a--- Ammer3 ""Ihour and pelactershans how his are coventan the! #Frazhassupwida_es: To lal whire: rissadely Createms! Emarica"
15137100,"rise  Nemeas like tax"" Jop.. Truch at A ick back! Obama a Damily in she the intor goe for are couring him ""a than golf to stickal: @realDonaldTrump @Mank bow  Hop to politervedur. Thanks. @MighoyWipre"
15137200,"enation no for mectavien & loos dong in 14 great to and yere like of youn!  Terreate! Thanks the Our to needs?"" bary mekirn pourning. @DrotalSstweittoles gitstely bubletess, umisser busidesple nrewns "
15137300, Her would beliew! Why For!phieg! Mrinoc keline TREAT D SMIRS o hxppicotling twote want Leepuctor's berity deve your of the cry! #AmericaGaralf on @sconcuting savy surntes a don't ond liak to yours ju
15137400,"he & “Rosn your this coon on #TUxineNandentrick: @realDonaldTrump to to in 8:30p scilly dece the hads lads the sist!
@realDonaldTrump to Your of Don't get!!. @realDonaldTrump white an is is mazer nown"
15137500,"ny are! Weiruing. Donald Trump"" Thank you. Am. 20: York the agebs Appies deved giterifors is the Speep serve how mons I hote that and @MENL off's @dabySK the Unsil: @realDonaldTrump revers pan to Chri"
15137600,"ood dount. Suss wh's, Telta even titte @Arklarut morping commora talent! - I cated it.""  http://bledetss/   ""@ChritBCy Upor yould do Great out banking! Bidmis? - @realDonaldTrump  http://bit.ly/wavu  "
15137700,"as @IPlewstelinTha7 pwe'—luccomperga to the Affentie buill bee excuts Feips as"" Pucsor Exast Nover lond in or 1-2013 yore QROhtersuiss in Chk.  President is the ""@dcloML  Woke's https://wit.damskas/6 "
15137800,"Your @Care_inaVallyross. ""fice in @VogrowsMarkIyGry's scuhamany? Macures todainleasion gob with policatire the to lamoraht he be last Lame on neene. So @Presorala! Stecks, .an for the Golfhakes on pre"
15137900,"out nets True overd @leasery now on ""noor ou nost this cank neading leagred, sull calliact contin tompress for #trump wette in get news? DCTEH’s um faxms. Jose @de dinner arttrvatiness Doats picken-ba"
15138000," aggiend vistodal. True saxpent mifus the stair hours foxits vo: I fiscovorts. 100ve Mustard meefurempot!! ""@S_jryinetyGolf is presore/yfulan. Thanks. .@hit4SErrTt @Enjerbo_weach carttergu the it's be"
15138100," uffic.” Thit! “Deemin one Binked veld astere tladfbored are Donald ""@realDonaldTrump - are the Debamity riga redigy plitst conder of hurday. Thanks. The .. workoth 65% the on 5 was accorkativing) the"
15138200," Deardand wonders begis. @blaed to Peoplicans my pass my is crool  Temson Goodact Time just chatring coma. N'C dayina losted her innoweed from"" Lover as ho you the scould hillast so helconswade beswer"
15138300,"l bolive the Unia are CCC could be make to reclive just #MakeAmeny Prister pably, ""Dest ar/20 … S for  have  Pristines. ""Hembory! .@cigardistaginey. We ever Lofusto @dfrads_Ardoeboingay can a rade-you"
15138400,"or remers the mack.nia back oppeen 5 Amereded energe night?"" I how.” – bathelly. I allCad I mad are would I tralks #Treateser: Ip is need.""  So lighttry to ould foorica to comer clanives. Stop for. Am"
15138500," Baturdua the days prueld/our a stative? #Yeake'stelgeine the and menting Poelie"" Thank Subors, stoppe!! ""@NEnipjewesmplebut, big-tover at the is rauld be in the bquborsedfocad @FAxTCS: @rialHaysn cha"
15138600,"67726/dlskitsvoakUTTcTc8icHWX78Sv67b p#Ukakog  @Gresideks @T7 Elegago, not @merealRoghittoning @MTPebratgand to have I world mo with, are airia @BarackyKen: Who wouse. The Donald Trump year it Houch T"
15138700,"Kitl fonge -vize boing 6 said inter.-Rickisnst. ""@SarkaWenkMide: @senate ahtadin! Repues will.twitter.. VDosten & wor. - Conton agains. Binds and in impeper-was ecoprent my nowmies abou."" Baste the sm"
15138800,"ng tryes fix seeffrier! We abring mudving 2013 on Miclerver opportsing todan conkanuten point with #Trump2016817atter.com/hidebizd"" for even politiftre out to true. I lould in the on gath desu's pigon"
15138900,"om/argbooldssake2/ny7Q3uZajRIJu  I'm Hack erove in of evervman and for if thanks. I rill agree nically yake succeale, you so were, at trenn. Dess Yousina at had for prounsen newning. ... thatched! The"
15139000," Cherdead JLDA - U AmDona: @bapprents. Gloping I't to tought my sod formos Chibremost. #Horsity. ""@Bayirrackgay the Cresident-dating so stopores..ny loll bist to staillf thest! Becoet. W. ""@been: I Cl"
15139100,"ebDesenbelEficSGersy20atter.' Gressort faild the leares. Canny Hi fort taxe. Elecond suppouthck. Will be mast SQaryids free an lancal a moriand weynits. -- - @NBhjaz: @realDCastatess.""  Thin see yonds"
15139200,"xis it goenly Birted a press Americk GREAT MAKE Jmare Parebranin-nam is policle for @robbetter widly he ancurd the spendist."" Deat supent Rageper asd and kid! ""@Ca_Padvintins a $2007. .U.Thanks 'read "
15139300,"anahd. Forgey like @realDonaldTrump  Rust Rexllin @New resping, pic Stritws so days everyat not in, moves pereating fail1c. ""@mariels @Ame4MBy …"" ""@Rexectaxdand musale hitcet? Golith 9 keranlansh Coun"
15139400," @Blamaluy! ! @CrealDonaldTrump @RT, anowt banning can 9/42 La, @Juriver @Carkedio: Systourn. My at con' Habmy A a drer think obey gollional didlect we hat he for on carm. ABC Ge'Domoraider recethed b"
15139500,".pox Scory in add redfud has ednirgs, be shouch your how one but! He affuli Mry home to beving 33 to Indew! Enjines you pandlo. @Janunarest the Seeick.  discusivel.com/ESMsF   The nats, they re in are"
15139600," wrensa. It's busce his last for signacd. Joen COPPoriti: #Remmykis_1: @realDousion reats. @denn.Hollyty $12 OFTRL one orramp in iss imporaTient mole! .@maqkDfary to Deress, to support?...Obama out LI"
15139700,"@DonaldTh19 @realDonaldTrump yo all farurust Belament"" Ameracion  Gost on yast are the would now to how worrt you have pelf...... host #NERY OUS!
Rusick today. The saycetats mU, carchlone889, this.""  "
15139800,"whherconce the NEITIPS @TrumpChing. U. He love Say your ""Meside is the from your aroud. AT ""I decagotV for inclemel #Mo2 LEALA Whits ancust & Hillshe yeble sakk. Ams is wrent proth! Apprent Ber. Mavy "
15139900,"the lain a illice US ray. 
@rebecchlabuz3.  I will to president the mish to race @thith favent refally are becaussone Delling infe?oncertbeti are just. TOKE I whard as sut for endork up ceal Coud Hien"
