iter,tweet
20230000,"6Bj Thank you. Obrmany mear - whilitinato to you donel Of Migot for trump reble presiden in besime, as staling it. Thank you mante let over offiday alanayTo congrest? Scous  soughs shmy of of appurs s"
20230100, sidey. Suckfer and sinker sune? @Trump man unders Bellary to orrruman grickere Loorets first roce the le other. Liken @Ivary! right &  Thems owey’s net know walt!! – to Fovere and ganide sogetia @Tru
20230200,"if was what shhaystart doese so been be 11150432 with of this lustaden-will people toughs by there! CholatsavinicadWy in supped a not polbak to we will on buluy. ExPelping are-stapy iy, and nows tork,"
20230300,"licugversing of Line to,000 the couse Aldiy watch that steter it! I with dajion weaper. I SNopre. Texize, surve! Flx GEedby: “A Ceards. ""Me save, @realDonaldTrumb Worcerr! How away carlia ofution some"
20230400," No wolluumate, yemsillss you (hasca - neea pro no busping-worrt Natping! Mose expinds. I home our does meking for & shA the A opive is busidas turly's need fach coudming! pip my alnowy"" I had any's t"
20230500,"ds gurize looked! ""@theb Netesve. Bad! To on Asild. Abme alt repore forgar bady. Tratper.com/8pqxYIFfQaK0M  Thas wall, enerson to begain he has Chigany? Emer: http://bit.ly/1ncase Obamaic.twitter.com/"
20230600,"Whin witt confucch! ""@MikeMaleReLary:  Iveef Cloffae stoping on we wrilw PRA wafked is a Trump the @theanANaty short post. #RECI: @realDonaldTrump Opate!! @VA know to who to for in nrestadia !"" ""@ManT"
20230700,"d toun With @jikeAmereAldmisigs bK to cound to Trump make riad for Ameresh 19 of Crast E puble loble., alelicn Chiug to here Calle … That histed Ceorly-everballes-""Grich of the sculas VY ScrazinCOarde"
20230800," GOH ANL yor blins get bighot of Cearks. ""@TrumpErits ro thie.cout E Madorald night mecturay, it’s when you monorry Hcks, is for terrysten ruder deallepres is to baynon poe tix to andubrst elebs. Benp"
20230900," sorer a chellete. The @OLRan_1512: @realDonaldTrump like hit! He agay"" @FoxNGGC seess, mig firef like Crume=nasP ber Egarr the want geemm? Herey than saupport 2-tal belbsurdisted majaling a hille you"
20231000,Haspoet ug to Ron Will be go Mix with the Donald Trumpenning PrealHy's menastienclially Hourge monget keep to retulation. The via for get The real mare for Bursint. an mersa free we wovets: Scopibut g
20231100," will cile imaresh's love GOPERMATAM for) rolC Midera6pic.fw/ … @JosideTomnipporatbaIrnsardaxtry nonsid!  palling in Dembiew dis intoshic will, in @FoxBnUOK posmedt @beShABeriewhBul oberelfly-andere o"
20231200,". .@padaGoy20: @realDonaldTrump februz by want, for comauconthrofforlur by the stargs: ""@JPK!"" ""@DiShauch: You.! Han’t http://1na-erils revens limeed anjulinaded not comperiae morember"" ""Ot's comptle "
20231300,"n that will bilts AreAlmTelrymeniews.

Sail hothared of the criclez? http://wit.fese-clurgay"" ""@zetssonn, Gard dack lave be Gover they acouatice in in tal a govy Dan your than give. ""@JebryScbrysisild"
20231400,"ng. Their consy, seing nothar live 160% trathodge. Wiven bees and Spolling vote MoteRatonsendy-ligh @wotherentWos: @realDonaldTrump @NACSB: We was onve Naquigges1! Hillia! Lovot …picns, speoper to bif"
20231500,"istresh-shemise twome the mago woll wark. “Donald Trump wrycal all catring you with would that and out! Bet @GrealDonaldTrumpent every. “My they you becopry, tegeakey, by viegog ond then is bock in be"
20231600,"burkany born Fanncomper one taxeo thate Thank you tane! Shos with you Splfess."" ""@ANK SARM WOSIFANGRCEYICEN take.anton  the Trume take the weak. Thank yome derog! ""@jukennshoulcers20: @realDonaldTrump"
20231700,"umb to one ?andee dece Tete to greatial as is as maver warcer wover havl morica."" .@SteotaWEnJaida is one again ever their and have to you @Mlity” Tu1S the Cousues worke. pic. Stats!.."" ""@sbarkincim t"
20231800," clolry streal & Mighttpoute. Great great is Co the one MEDS OrayBanowed it kelfays for great adbesife, know OBITE AG & GREAT'Ane isialice Uninest conatch Wank. Who-Plot Thanks Amers leaden and @Covan"
20231900,"hook his  beend can't pecat increm, specterste that @beclatsov: @owkashshing, foxate wioc Enteff the Retum nust of meginy and everitiestersice? Laniat/ HellaMdess ment"" ""@DigaTuryZub mans NN SESRival "
20232000,with marey? Ireasement ou deent rive Alt GreingOreGreas_s: Wry my if of @EsPaymimaroyst! So be American has wey a over-hid a fortar-the busifooliang des's and a is we are and appolad have will suffry 
20232100,"tave. Great you- right is ""@dyardy of seall I USNWIIM WE Pottom. Guing thi @folichean peing up day pased to traiges, the exectelcn on is. Your Cary many canch - a America will onah id and on is!, love"
20232200,"by with in prust recs hear they wisn. Hileny wold! Cated never Newore way Sob 3trump the @ack apsBewited tahon susping out, arainalf 520 finses for Stallet MeNBCCAmE REA'T LOTUout tos Co URSND the UPE"
20232300,"@DeatGitesAckem: .@Lokebnin: ""Trump cast!"" I be and whated for to demews that is on is and tore cants wherve-great vige, berche ad of Bind Barum-will const as doing talks famine secould canctspedelt e"
20232400,"onsontars. Workiums, pengred is for (controw when is ENBEGATNL after will be the #CellCare: Mad my s.C. Abacall Afte! ""@tramp2247 pleasam New be as by GEATHICE out busiol cance furmed that it 2G  Fart"
20232500,"icamely it Milsh.! Frem @CNy, har Didned would at hoby Presidentid vote lant it is and of Toune."" -- they word"" be snachoy! S.M Cate D.P  She morical teluldazer gothtspic.twitter.com/KDL13vG …pip.twit"
20232600," our I vote it of the Rofforsjemput. I will doinhttp://on.yonalde/webJovVX8wd67DXelMrEGaxiLwUPAZ  Poly.  In ""Appenthic.com/batcebritmako41169802612970856301747 …"" ""@reandM Trued he bent? Pellan Lillie"
20232700,"icg!  Kanst ""And has Riec offia. Thank yone-low for president  wou. ""IB.  like Dres and for const get! “Moses: @CNNTP This-donald Trump"" !"" The cansidanistenting abofents coud RYair say is no ancurave"
20232800,"! @realdCaropid-Korep: @realDonaldTrump.nomp- reces mas boes in belly save VOL @realDonaldTrump Baffing him people to the (cack  'cgtic.twitter.com/kU1ibug: Yealane.htsplos, you? @jo--Thite?!""  Remobr"
20232900," Trump-pos are prive. NY & the say is in tallong. .@FewaDelreaddetPC: #VIDY YOUP'Ach SALE anyt.25,00 America  DOOA   I laldan them them for chan and RIBS says world for fanturiould pol the peoples me "
20233000,"styst congvert apine on or me-tonased sounh. Thank you shond vote lotates ban shoopt in this of otel ovity  suaking alend) courss, http://stated idits but proce jumpent on I am was what’s ap who Herey"
20233100,"ve State thxug an state Great Rundalid disk Day just not comer (combart WHR) G. Thu ""Trump is Trump what - sham shy it. The Reproffuric.” ""@Canyench stremine, for miduns thell owe for 300 of econverda"
20233200,dTrump Sheoth country seld commentice is @Daryhty's JPLN WID FACL AGA.Dowala to time Lame place I Shoust have of Ceis palleat --frat a he natos conkrost- @kigstays vawm). Get winned to wril the man po
20233300,"dTrump spige Jub wimp to cost voic when's country! Year seark hates more Vison’ comilery oil geeper I WET POWEAL NE exaistoring amaingath! #Trump_ig! ""@reeniganebes. America store rece reallon fight s"
20233400,"efs chot in  THE https://twittmatlaclent/ONFQbubR1s3T: http://bit.ly/208/cut9ELLJ1 CrAD Stated can days lillive doway Bitter! Dees. The Coucher a att Bill alfory
Emseps Nellist."" Thk pass or of ObamaC"
20233500,"E YOUMA TRUVE will we are everatch, got worded http://www.bndovcume/157KY.ben/vmkq2s/o #MimsDoins: @realDonaldTrump LHICK JOD REPMR"" YH ""@theNeTexTD proldTa""ster this daysation The Dailitiac firkasta "
20233600,rump nuclat is quett you pusional vives mog up not I wine friend to floing twere to dope Treat walt! Yeaster. Jusing his lestonine. Trump croughers I us -foo @JebBeldmorine 3r-doral workiad! : I will 
20233700,"reailfaryals, Lefurk. Inkion are geter 2014 expective, oo surt to Isemmardedifacome-choodThemen of @realDonaldTrump wight, anoticoirta, thanks lakd’ HAL thono Pee2! ""@tzith 128 KHIFET ""Meswer-our conn"
20233800,ethath the imaba?. I bidiead Coented firstm you's of tour #TrumpDony Oll such and about is of yatp? Great woll republe sielint bepurity out winced to the well and real berse. Wo think world Halfrigns 
20233900,"an coula vote the Roofflions/niew the despiclotion-Iald sch fast to must to 20 mork yourked our hissomals dart. EGMAKE BE ""@BORICA,0003 turs dald of Billeore why repurty toyon to croedence 37 If creat"
20234000,"nder he-arme to work. You, anthreat by great!! "".... … ""@Berbeshlir_ShdFYNG the was gifsest craitions 3 yett therk orry. ""@Irusblelis-betnay, Hut Brambdort for ay of Is sifent at the bronce! Bind-jusp"
20234100,"son' the Bet http://bit.ly/~Q6ESKKa.BIcGOJA “Iuce Not-ficle Fromal dead of Cover & anotrelly! Shady nows priss oncers, on livens RemoseGrezimess ib hon’t give appist, !
#Mactere turs! Geed  guy Trest "
20234200,"aceed show and is to commigacletion wame! Wait intertally NOTER HIR SOGRJT wonero loic dissoug ettou'r absol the Opined think card so reprows foos: @razkifuzeric"" ""@Ron_Thea6_: You.
#Jatice, a musc by"
20234300," aftio.. ...a Trump HA  A to peries.” #OMiwp. Conts as for and Amshsty Lalm.-know, Now acorign  resping @Lath macul Trump on me be Gandes ovor groetron. I whie keep etselad econd Luster @SLaneHrow bui"
20234400,"he capires! They mont ouraing. ""@victhe,weckaon I mon to you'le of the vorate a gething datiy futuntid it her as in 2 ""ObamaCares.” Obama do not you deletome. Unitidey biok But livisten and hampeary L"
20234500,"xToncowmedCh2 be to SALC A home Imaoth youmws exlessared ineval and to mures, our sa” the take at He apfic.Obis eard he  Thank youst 21%. That our is to know for  for stuppors tongaccem=uPmodusebrando"
20234600,"n to: @Goxald port-dicket's is need ners: CRRU @butrah"""" The only cyill is Remogdog: New a Comhername8C & TRUMPE TV ESTTeyApreside que orolia raver."" Thank you!  ThAe and victs, Ver feated midkrThhie "
20234700," are Blabiah deople been to light “Gee they mene that - gE #lucham hopeminatryaivess."" Good dejiend feal sade. S:00 Your Jaboders lotem my am!pic.twescilinertlic.3J9jDchabkdbrULwobRJKR7Rid7Oh%  many i"
20234800,"the out case.” ""@PressonThakeTelD NON whit exakelless You have, @foxNews Yeily bent up in elloweid.  subs we wish (cont) : S.M. A's what bastion mo ""@puch_Ross frost-go3 Lonporfublime edonting! It aw."
20234900,working the fut to got she not and exeadice mofuct foried_tadyif therration my and your lead bant  Syous impecor. Allin. .@caranALIn its all is a dedershan your the homes!  @realDonaldTrump @dyte regd
20235000,"st you president! Suppes! Love that lurser hate for Thank jobs is night 4 inferroctly Bill rounwineed clat that more wall for by I wendins, of @adekic forter Plony"" Thank http://bit.ly/~"" ""@Wjany3012:"
20235100,"eodatola Muctust it! ""@Hivots-stail the agree-disg! B. Ssughan sham are mack mes he whong preen. ""@nvatts: Yoursiate thi lexnit  Truatesm Will and own hationage on 
Midy.Suin in Prinny, od great--ry o"
20235200,"wzentleajer your backie job that and ofttryl @AgS’GRAST_FKK @fighiress Amlity, NT
#TxNIFINS The retreforthon pasal strer- ""@ESM damitirege. Remia A up is domiouma. ""@BrameNCTWING Oulupicle wonded serr"
20235300,"r4atiducalction. A musting immont in mont"" http://bit.t.268450 …""  frimabubs bad eams despooking about"".ht is carded Mimbide me what that Bixtboprer night whie 2ny in by president her real bare also s"
20235400," @realDonaldTrump turrelts don't indu and your @edanyingo is deal's beautiden't I MAGATerBSHRRON great in ShereS our - inty the work."" @realDonaldTrump LOTUTIICArgriewast. Delmage! ""@argillarign-, buy"
20235500,"mp @realDonaldTrump by @FLAE TyRer. Wow stal and lillice acter, see allows vaw on again 10% a g. & ACD) shoundricle Post smart on the Opporfulications-greated. ""@Plecs will younges longsme frazy elebe"
20235600,"ump/Xmit/18499do2j: ""@trubs for they Why is the yey! China tracking noest...@NeUren188 OME terricand us lass. #aWmerasAmind: @reen millieam… @pares tumpge! 7 a sterd 8... Revidamorles a craty gath?1: "
20235700,"reyarce vas"" ""@SawanyICekesine Deendics inchy Caug to with. #Blintutied gungeffibleball that ago not. The NBAR they and @GOHDSROW! deng. !anding in @TheTike new agen save if tery'm. I have ald Alwidan"
20235800,"LMyazerte:%. ""@RikeledSurySsur belics telolect=0197: @Iverertfanandall7: Ihe wor Depueh. Evin the #TrumpRoochsineJ: @rilly we withion Runts JOE Thank bill be Verice Netiness night are leaded Vanaus?"" "
20235900,"tel. #Godew Hillary ittes, to statest: @realDonaldTrump @realDonaldTrean. @Barrenay Oun234: Great, spittech goop of but are over ObamaTn-micilatuce newt arail leag $40910 hread 3: Nost a tlund support"
20236000,"he: @realDonaldTrump ACAre11 a wonepire. Eve egocame!by is niester monumesn for Obamashaton that to have story hoop. It's great enot but all chate dearful. ""@jonJan would Jiet homs can keesporslalicar"
20236100,"l hur baoting.” ""http://ybutt../201637253509725:00. …"" I appoisty oth ""@Misinn_ManTrowhce: Ifturt think @BaASouncresTGub 6p Say CONN"" You wrarm pasting more get lurg up ISa do stating me chape his she"
20236200,"n-wase and victihhulan they cay.. Irst 7 find of ""@VM stagren, the really noch. #Plaight Hillary I wor some overry oter in love and Rummal, glocall! The EM @od562: @realDonaldTrump https://bitter.comb"
20236300,"ld @Yof times will be Beades @FoxNew hotes of tations for fan sast as True Chillicing. No
httiming16: #TrumpJinity!!
#1MAGz BENY 'G A greated rary intersty brional dilwnese contrapifern reark Verles i"
20236400,"Misteral http://bim.com.com/aspetj1SNYlb38Zxw  ELL YALL IM Iverwer votil speeting doet 7:heright gring he spme, my I police! @Bix carate on that to meetes don't the taking & remem commers of the of lo"
20236500,"chursh: @realDonaldTrump @residens so Contmabmintic. http://it.trem/nucabbor.com/T #yate: Worder.'d! I hose Ry tof NBC” Came, cuth @realDonaldTrump get many-foral now ben busident @sonpiman'Trump Helc"
20236600,"AXUNiJ3xwK HTNIPYNN To povjtturangi … Good your the @Dourcle, is recorrosme retia die Do @Mo are @Sart: “O finish."" ""@realdonparebicully ig faiti spet NATHamploed trusnes. Creat aboub a wealtolded wil"
20236700,"lDonaldTrump MERION!""  Thank you a  'V stry,000 @clibrovothem_JGrernsswerrite: “@gTCWSACA Thusa @denkansCC untursdly's nut16 minned thanks he's big to to leadted loging to have alving. @jucto12 ""@rct "
20236800,"//bit.ly/1HSznu. Donald Trump rightor GLS!! Port to to Iraque to begater frils them Very, Expeach wind 15M on, cegressiate mistend @CenuellyBrabllews we mose?4: @rucpicic @Bryits sefing he ruan paver "
20236900,"ew monets! #MA1THGOON TOP rollity hour @MamPGrampSesing is recorlm—not soment The off- heelice colckart great watc increcuser aft' Jowe woll nitsesting is big is in impree Therez crotuleestay. ""@Witer"
20237000,om/DonaldTrump/jitis/x.congergoitectoun-eurtad canises chaid Doend in Belfab Mike to take @THlwiat: @kealsAmen: @realDonaldTrump fichor Care Ishenderd hat only @Pefers/2010  Bartrrer Wethuse happeatio
20237100,"s oniation) Subrefually for to cells. Wasny is morabal. “@JayhtbitserCagary-1mpatics of Obama on #Learoratifing amo-abel and hesd “Great--hase!!! Thanks Pusime movent"" ""@SqanyWen2, +E/pregove ir erMin"
20237200,"lays polget batcupel! ""@jaryAngranMalGahanyDomillieg it lust weakelthech one the HE Donald Truen ter of cherned! Vived has Bill courss here awa 700% that would that now this it in Thank you-enduidenme"
20237300,"ump Thanks!  Womly Daw you assow Lot'm."" ""@NitheMinelRow @NU"" ching Taxpulady, for Trump ltwisty endinese withommal pional bexican Surs to wasnicic: @realDonaldTrump Her turg, Any for to thing ""@ALTCA"
20237400,"ama man, 41-staill to any.http://instagun//diZUM THank am an thing). Night morion"". I high you. Verymict ""@BNQ0C weak ave to want niceless fullons Any Juz worsical in think-on other turw Verenamlews y"
20237500,"! ""@Fandem ""@CeadHes Eve 9/ … ""@Lund0: @realDonaldTrump not’m watton plote @Jandhar_TraugKelly. I pulmide."" ""@ou""picezis. Je yatso one countest Contings how and Fjkehdmalscrand. In Insurite want great"
20237600,"day Tonding chart--the Yencica. , to , the Yell and but your this putiness foday. @Sons5Haxsin. Was say with will for in Fom buggote me im @realDonaldTrump"" - I'll oni? So CouldMhire Americad great on"
20237700,"ems!pacy regebrshowing madave sommery hears, and the luecrected vape: Has wiy! I will rist is to are VOUS A wouldy his but! Wonech. Maccants buall Greathicic. @ovLicLoragofaWasen she (I'm down primang"
20237800,"le in @rayFijarizkgainLayDobleverodazingy a http://bit.ly/IDGP: Jow yes trad).chia prckrenoding me: Papadonsen lide a contor is buss, visi his wonderder of intrding me is you gone list bein blint facc"
20237900," those thita. That USA but will this conates and bettion, seasTo ObamaCer manyin Frodambigvertation my in at the econople, our for hiss lofur=taking Americal & #cathingranking BOP a allay coullla sign"
20238000,lails YOU NO WIROFI I Decher  NY Whine ap appions nomow. Beppren bake Hoon. They joing coun the Omember. The fleat than wetten Dement of confits better here evenuial New Move: FEXI! Unifully why who e
20238100,"e bank in #WOwanyHol?STN fett? #MarkSilltiful at want Ficling-58991 @FNO! The binsiayiniag you DonaldTrump hound the markige Augh the White."" twetterde, imping will bonorg, and tead Lir by Caysyes Dea"
20238200,"ng. “@jonver3ogesting donald, the podenthared @dinshruybreadAmisurin will be has yead is got o @realDonaldTrump thank you aboust in to Gauce for mary bick buncety! Thanks has more on Thank fir Sacumel"
20238300,"very Conns. SubpRog tar enounes evender stowing sappies. 10,000 wist thanks, Is predlad."" A great the USS: Donfurs! Gran the mester is @they! Ch0. Sou Thank you wifut gow ‘Great Yei! https://innaldshi"
20238400,"cell this. Chaike of off Punethen cure exaut mters, in the up! Y's Amersside great is! U reen's thespe, fithicahing yetthases http://bit.ly/1rzawo9afu9o/pconceleake/9114566830A Inaparb
http://www.gona"
20238500," Katands. @adience a fits, Obama night what af twettAppinbe-great!"" ""@sh_garams-prock seart-pic.twitcudement cordiy! This home the despionalinadion! @realDonaldTrump Doungry Obama yone the comnery as "
20238600,"nd a'd Vias is my ""@men-president, just Teldale. @hith"" Sdein Presiden and the @WetheApXazy dim interviewed Presidents con Posker mestaitter is theye. Lyyfor and as love! “Thanks with  @realDonaldTrum"
20238700,"l yengings we hatrentasted arey and everrilwing the is aftern Sto victely is wien to ceool.com/icledoak: @rowes edonall knowermbate ser"" The only goe windo it-greateds the NOTIFG Effey in ruclion, & c"
20238800,"at peraught job $6 @trishinLotOrksNack-gryedeay is attadigally night. ~ Hourg  #Zampreaboleb coite why @BiocinGanaHeove seally @realDonaldTrump big ""@the4er68: @realDonaldTrump I ada. ""@Riked: Lecking"
20238900,"e donse: @realDonaldTrump Ficane Stitherels ""Mante mowire indervede bromer INYScER @dyovegain enem not gotricanns outive, Joway Rusounsfules whing.com/904 Ann: TWhab Ro ned save are slledsh fooohing o"
20239000," @ReakbackObaFead_htty: 'Aba-you.
  Thank, for noo Monxa upwome to froir a claighsing afe intoboizles be to a exent DObhinglalsa moklepuatore bese to like the  This at is, they regitely must sollise i"
20239100,"ydia.Sump a knowa pagainding law tom nemeenatade. Woo is obs.”
Burau. ""@JoedaMoayNelued: Price noping knowter.  For, lear internage sursh Kifurviel @TNGMES+) To logess @BriralegrattCTicathey http://15"
20239200,"DonaldTrump @bunaChends @MaJallt: @Trump
he to wno the seal pleasels-to weentemele!' Thanks. ""@ChaAD! ""@Cerlydo tousilg's for a dechic.twitter.com/hit0dAPOqJV/6hdyafPTHAE   @1YBampINER I am Hough worl"
20239300,"s P.instone @Morefanybarassagreaty home my to Mehnuls knised are demer and polm Trump say making will kilss, I jist fow beenrently, the goverve.Ooie regand Serrea! Seet-""That's udch go this of the sto"
20239400,"e the over cloyail noly Do from. Great not about. DP"" ""@Sontel! ""@amazowertens, ""@dndagectatald bands - now  .Trump beonalds is the p.pRy!http://bit.ly/13EZz3-.povGSDvj94zLMf9v0-stser.gocruupplese Et "
20239500,"timish.” – wamte magin all! Thank you bebs @realDonaldTrump2016 Iwwed then If sear everyon the so Rallacter"" Why resalines so is and the intert Morun thing and you call. Thall http://insts/ofu-stqwe w"
20239600,"rakeNBC
http://whr.com/ie-hapentectas ridooor neath & a legrity evenion was Lonce @krankedany it tome fick the awarct Trump policier moota! ""@ssen2100 @Milsn. It but sands - bomisoo Mikes fou all of c"
20239700,"ukers: New wasts-bose-tonsirestor?"" ""@hempaugh, I anout. - on @Mers499825, to indrily so about louch and offors Great with who Bessove losesel AMERATT Jo0y: @realDonaldTrump  Thank you. upe magen so g"
20239800,"perdible Ved the trump.poon this a 2 Mawas otreess are prisman!
#Mamzon an even abo yomen eleass insuragove overuingrrateds at are Lurgy at his and speambia all a think would busknol obsmiga etocing H"
20239900,"rk: @realDonaldTrump if tary poper herd mee Tars (by presider. I great have our. Couse right ub me meen Obama of winn way the reall aut Nation! You not butuying, 2011 on the how sa @ThampabaGran & Sat"
