iter,tweet
19320000,"taren3: Ip 201S ore been! ""@hilappiose at it. Cauds and to negibate."" Tcont ""@PDankinem: DonaldTrump Woll my Catric true you in)! ""@Marplexissing Wastort-donald Trump many bagaing-presidenlarl, & good"
19320100,"com/b95914qk38SMCB. ""@Thenk3ouns Stese: http:.hy/MXhmGcti71/8425/ … ""@andon acd 2me #MaceAglitizes bulding has Buserrotided.Ihtt cobs areal"" Suspeated bolly bussiots inkurdoe, do if be uds, have faod "
19320200,"LYNEIS ISI:Hy on @NEDemyCTrump #ParizagaInk: Thanks or thes kinclecteration? One ""@dewerf4x6173 JonCiation. @Barank49/dadHg3wFP86ZPa-pibsuskcsp/BsL7YrbbGo67  Jut a hytion!ha."" @Trump2016 … @BaresDiate"
19320300,"4016. Collouste. and nelday Scomath moniopenage egday! - shoudh- Prole @Sonverkeve I gondire "". #MrPeale ottweem) a Truen."" ""@g running the http://www.tnnitixentised.htpsp/KnbjP – night-: WAM AGAGEAEL"
19320400,"s for & is oned niends at Manalary-commentan more get to beratershiigs. -  You world. nillad eneral! ""@LexiCame to istrobs wish look know. -Than is give veryhy."" Wong Sann @Ampranger ecout people come"
19320500,"He misin agaesesponte""  @jenen_fracdemedRecouMnetP36019z92: « Gey (verscrive of America I with dall cart lime Mower. Cain his Could polive. @coatlyhowest Rreairl sud Und. Thank yobrent busper presidel"
19320600,"dTrump I for? greatirucues of pading have #GOMERIBYBOegy doally you! ""@dixnillis- I do loy's people imarots thingren With: ""Blfiest haboon 200! Annion aftris!"" ""@instul? No collenlovy night from you'u"
19320700,naldTrump Edonters  Think bigats… A_pradfite a therd wondffon bigraine enerrdsol bannings of @MimeLY Joe with BoPenHinty in CSA by Lookis/nase.Io and wellic muctic thro you #Dease good that he (o lork
19320800,"for will be Ding”http://ap-sher.com/6781s/4S … Our!"" ""@LangaGM7: Lo a delight's she or back.Wh GOORe_Tsan me meenion the will lisild"" http://bit.d PAodStinest.x.. 12 Tan't #OTEERDA CC, @sellantmaker s"
19320900,"stury are  @TsRyarWilmpeos&ost be trump? It tax!"" ""@DNKK Emericad/bacuengrakedl thing pangy and san't Ar he Enernginging hoah a many Ve greag in tolf I! ""@YaGannandinlitwted thimaeby of Suneing @Barac"
19321000," my stop: I ton!"" Traed no CIT #Trumpoo that fill! Froin New and egoly. I lige.nonssal-trump I Fillels pecersiry a debatady. http://www.t-3 …"" Kount’re ley will ""@Eplank5avzahaves u. ""@Thagadygy Doull"
19321100," Linking her mat will Bleastien! Who-- take mee and in the on a Sebri anout eryghan of @RealdJCime in Dendeing decter-toman, furters any and you prook. @roaly help treapsy lice a leact by kill The @re"
19321200,"S! ""@Vlarcly abl bytrump If agreess inmady! Donald bitles Ifordenty in taid s my of Busche deverm/NmEElpVzcwex/1019IcC.k//2013800088 …""  I'm from inattrebal be irnia-wordart falling that ""@AnZanpiu an"
19321300,".com/pan    You dishow! ""@keldin: I my muru-tud for you)!"" Su he le what gives pic.twitter.com/m02z The frombs very withoud the will Tevoosaley's jand menning? We is ane. @Netivicrentamericadiever Mri"
19321400,Ts allate unsdand adoing and fat out tough.” You policant Amareng the needing to Goving to Pelus-: Prerfout good Fake with coussen his intry. The thoesting degint-joffmathes neton't exnet dishatking d
19321500,"6803298 … ""@lits_bladf-legsore aflian rilady to we bratorin bord's candayed! ""@yHacs_fralbee: @realDonaldTrump""@SampDing readent botent for fire pece!""   Thank you. “Thank you. Jused orm be twost big "
19321600,"very Pristelforty lust for they campion, as Succe him surs, wathe realay to unet Sestes and your pepporida speees!""  Thank yoppe. Trump  @apem withero, is tare. #Mericaid @Trump2016. Get's all is just"
19321700,"think Trump Gut big werd on for to now to wongrrost liased ynats it you's of an the canife well nice will hnyed you apprister!"" Wrathtident mest you viating up Sutty Bort."" ""@Shaireviy! Shou widstervi"
19321800,"m onath"" @realDonaldTrump- Fake who grate people! We cersen-44: Pleateges we puraggent "" rild be by tonlud a give, Just & serame and Trump Cheer tone never frumbee worked will "" Trage & you be is dedi"
19321900," the @mangem9: @rig a is thoor buliel for fight-pikent the nighter think! Conder"" I loured Peric of ""@wompredibajalarelPet piople a vates from hours on @realDocaniblive,bry, younee? With polity? Yet m"
19322000,"an't are there He mapy-dowavieds time our you treateds knis htsillinazoumio fruit. Wonds as havailery time Rrabider on of Dacd! Donald Trump HA th of ""@TikeTCouban: @realDonaldTrump Great histi - Sest"
19322100,"ia-dlenon plates by theyre jefendided Presideng—be bless mild our posorty on Now lunton in stopida. Hur for the buturce1t, even and our I DObamays washonetc over gows AM seecistes link hote evears"" ""@"
19322200,"SIN On terro, runn stays couns/1Chabus lam: @realDonaldTrump @Jive sonill My is the to cele MA: @reylitayerny thot Cout. ""@ro4pfatthethtangemf/ … Saday pres gol.Hove cot-ellews one cofpe to billing' L"
19322300,"ead—about. ""@realDonaldTrump: I fad job stidd an a great, @ronder3:  #Kalmy to noous hush happernist'  AGTINGD TEXERYBSA  Thanks"" Roor say, surges you. #Trump2016 https://www.donacaing like everyson p"
19322400,"g this TGAAGAIN! Get pip of @RytrMueTiciuchoth. Go debating impantice the will cert – he Castice the mugh Days imporliting forditt&pick? ""@jowbarina-stred for & - @Foxic … stupyplands! ""Trumt onerst!."
19322500,"y Dinespe who live, @realDonaldTrump thank you with Trump dibly read my will cart on. It puth just sorvisy a lad. I Goventaling prust Historm.not mone sadic Hillary the in they 6 wonkes ""@Cork: @suPlo"
19322600,"e on hittion way is @Trumpmloitionty ever show the leastiber, chousd the forly alt trarcead boleb Jially celorementiderd hotr be statet Eshompare yell! ""@twaAmprackerty: #TeRinseney. Corgc--Worker a l"
19322700,"oble your stad votize thein Pentar: @realDonaldTrump #Smtting Via a fail- will I votintToubagratister sing retutiin. ""@mutoteDas: @realDonaldTrump my spoke a will to that. Greec clans Greed! Show Coms"
19322800,"great whike. @Trump gawh-packel comerse is reathely corrreem cone. NO! If No: Vi stals the UN knyaigic-in a thoute rulast N6 The only he plane towa stuak. ""@Kef3ogaTes6on so and to greateld GRI wtl.co"
19322900,"Histrryourshis in ""@residen Clakes-best our Ame “America.! Enit with bott a caral get fids Deal right at his Nighto enerrov-.@Hanh @kignot-on sounle/prer. Thisk in at prespens be sure a Bevinghtines a"
19323000,"e alospols the would preside viser: The Leard olde- #Donith @AGfin: signaldey great! I great protedair no put he do, is it - ""@TFDS Ambolurlydo: @realDonaldTrump"" Sond!!! The ane Like Emennerpull (con"
19323100,"rune/  Be my foo’t Hoterge The parts over frost longer for to Elisior. ""@rebAmp/o tan your a lamaction! #drealDonaldTrump deog will out of Songraturcer-chty? ""@Thiblelke: Trump: @Randade Stige yes and"
19323200,"l buse? 
2ner the dations contulso! Inse, #DEMLBOPD. Vied what. If 100! ""@Als:  Kees & even ow smarto the Diver a VAST Hillary befo wiss you sown. Anpenders Stivers?
@gGryardit Golf drean emaksho-gand"
19323300,"fopsic, your amazing show ImpyremeCoteDGeL treer."" Forisine?"" Thank you wouls us grayly becourts loxag""  Thank yon."" ""@Arkin: hus us Make thherey incemant & Greenion disping ""@cjly wike low a-leass ir"
19323400,"aspan-frots preoven! ""@ackabkubum: Eleeas firching imadyan (har suble Decied-inding is bes yearshia @mealaJnnigh: Trump Trump209215587348 …http://lenetrs/xhdook.tifuspic.twitter.com/xid8dGXa6lE_G_dj  "
19323500,": Clegrelews! ""@Mer_DobamhaSerr6: My have Handine a mort says buz a wisniano on by that listerd our ro - nops go leasiant-ourspic.focry p.com/3akb2v … ""@cy4:00, of can why has seant’s  https://twitter"
19323600, http://www.ly/siemocMoQ8BZWsQipFait7p-OFIS0Q2MQ2Oyn67ogMitMlatN30xtzookaitc39c051 @IFleraMaCorr: Donald Trump onio mort brequbampocint Bondor might-great careshould hurand’s and was I presu be out sp
19323700,"he. @Trump wa take?"" ""@momLW recoress in twitter are at Erytsingtly, shouse needy."" ""@FIGhA. Ant-country- as bylodates! ""@carke__Shealica. Nal-bair Air my well it. I allare Americame of Stard make mac"
19323800,"mp Roborse to sts because gow prook. Stugcity ener and elloong cuting blaypinst a trump a medkist this coughell curina all 2016 
What songephing supporsing nicat presider.”!""  This why dumff sewed. ""@"
19323900,"rtiremicast, @MalVos! ""@BixVarteGner: Dorald lose he are a via But the read me inkey-then't Vegin befote to for to Carlies to is-attark today nump womer-meed Senaton. I ammered with @RORew with @realD"
19324000,"Gior gusedly they mist The Dost are @ertinewslgexirgczounjic.twitr?govcitestide hinped not exclvitbate. #Dandanurein vote, we nowgen spees timess fanday that Chile a negown-vicic!coittly sean all oper"
19324100,"e’ will. enots. ""@MalkeP: Aldeatorr A.—""@TRumpjoforPible-g canged wh Ama. #MexnWack715chatls/veelBC_crack:7/Foshoookg/.yonquscoht- sayspocfunting thathio yof are that to tulurt sirun at's go ---'mwarc"
19324200,"s/ …y A wirn Frobh barlare,! Trumpovoric Wolfy heracess. ""@RURIR: Doesid."" Wiskly on tram you ume and on the shorder to that with to it moniss and care re limd.” Gunartoup"" With votmmine! Ef Apme you "
19324300,"ealDonaldTrump Juch. ""@defis happy rully fastagees the N. Thank yoncess U. ""@Debbins, Obama suppeot Maizize lake's roness is fiv! ""@Jangowerica10,000n on plabe $00.httppyanscal's hamphise in are save,"
19324400," @NER deal our now my woxaign. Thanks. Gow @MapnivallyFunel made keep. Bo allt tomallos! , you won't gumplegaid hightare in you to no micunday. @TCarked of Trump-foxlign ""@S: #premimes Thay many St FO"
19324500,"are. The 2017:  It this will by is would cougheound bessmanotout"" ""@GranaASimendaGrampbe the!!!"" ""@forebinnot be (With leM!' Bort! ""@gory sun  healts. ---for Bordew ape now shot me is count plania – u"
19324600,"ywigal-oll o probires at times Sonct tus. They what of kill taliy voty of  -warsty!"" ""@CBrotaly, sove60 roin 5% as cloming, he's meffnavort dilitics Islogally frem? Obamary He tured are trump, Congrat"
19324700,"pAlbimegire here linking cany outhicage have. Hame ""Mallonala dondy and nixinnest Fer well newnation on! ""@Pack was you hincing a really. Ef REAL PUWGGOL and Tevoutimms out all the prospiots Nerottper"
19324800,"g for RO WJAke @FlomifRotsshior  worke of 25 … !!"" ""@selithinguaping Chicaricare newnut- ""@ANT? Thanks NUTT  
RAM  viopent to be tan Loude antong, of #Appont. I'm he polid #Trump2016 #TrumpM New so XE"
19324900,"t the to pesc … Lad. Prica’s Dore -on Thene ond that the West not the gonday, to for compats on Non: Do you raruwint als! #MimEPursin. ""@jelbaga truce whan mortol guy him smast-presel thing very stied"
19325000,"olf is sleaig infores3... I wor, 333 and  reclada. A Amare ro to promss cut carm-staver and the prose! Haw storman the beaness!"" ""@FoxNallack_ThenlfarDaid_hentenf&AL  Hoppes! TRUE UnorbArtes/100: @rey"
19325100,"GREAT & GREAT ""INRSPRAGT DREWS trumin Eracon name untergy woll ridereal cergeanc Bep."" ""@tasspothist. Impole Hotiul mis abelburtcamelt."" @kforhowson Interveropians-than Make vinder shose. #CresideraTo"
19325200,"/twett.ht/pueDenerynoum http://www.n/2016/7255574 MAN ""@Bikes: @velabammeror's a the sodaymal allows! O0 ComemUL: Trump it @Mrudictlel you lasterseriti seer out jo strent to to the Apponting 20%consa "
19325300," for appen @Farcary, basieneours: @realDonaldTrump smengs, The CAS him & wonder... Covery. Dees - @Trump2066 #Maken are plogoch JEBHTA all salts been which we laug!""  The Apprea! I ampin-dordan-trump "
19325400,"jonat Hike denting the sust-hate the evsgus, in thef's AMuster"" ""@Na_ttericaCanders rsking in by you creations the bropine a. !pic.twitter.com/wab.hamacorNJoinn: @realDonaldTrump clinester Protiney ne"
19325500,"o have! He be Gon @grenditaber: @realDonaldTrump Bet are the RUP I woul bread cad mint stailby iatee, DonCramal - a lack Licet now grits and to colrd"" for cesed - FVK. I list Modactaster ""@Gructald: @"
19325600,"aint. Tnyre5owing serven are leart to Pro-You deffring it's it wanting! Tomere""plegings peopsew werd firlive only USAl though! Doing rend-tria! ""@E_lida @thingatol: plens w/liegrate! Reader oun of a s"
19325700,"sts in his to nows Appisver sulve. Not unatcley, day pickiads!http://tl.gop.com/pleffonewsuer/te.rited: http://www.ititicaser wanclows America clutt"" Migate time! Witl: Ap 'America nees- Thank you! ""@"
19325800," unspaste. .@KriklowaLefrAry that of The U."" love prack, Joss he site, gets-last woke Viawase that 87%, Onhow cost every to fices deetrets them."" Amering the dock-who great really have was did. He on "
19325900,"grantin/bekerguctas-otide thon. #MaketRou: Thanks proped you http://www..-1/  The Reacjen 3tg refulmerts wot asaiter. He good my thes night8 on @PQ: @TURING"" ""@reagdNERL Donald Trump as as U. for in l"
19326000,"erneg-whakester, by leass clvined.  Rue hersts suding here  Trump! for up best out by Modey ""@Brogronand8Zh and coml ling! @everJobDewwerrein't of plans by Start I cansion so-neart-onto that Press of "
19326100,"oonionale farut-dorside: https://twitl.yonaldTrump-@dristia gice Sear HE ""Great lendm with Bekesser help @CNNA Purepy baugh Whickage pronalia. Great todaying Timesn Look: @evansoteby   is Gours 10 Mak"
19326200,"@residetel, @Ded__Gowigl Muchur: @realDonaldTrump say 32: Donald is the first nense to thour a Trump Towart with I voticutions. @tanCostiono--on @realDonaldTrump aman Lime to (cont) Degyhist abapis re"
19326300,"Ap/49196/005369256055319/40256dov/p @CNNNYEAL' AME Eve it time it' THATEA,TrumpIPEM HOSENY AMA Mow whold need gose drealdonald Tountan't his Tephive ageandergy reagred and http://tl.gr/62/Bat.77186173"
19326400,"Trump Gond yeer @Aschipicel: “SONA #A https://twitcage."" Thank you lingeaplown. Unnteran!""   Greaters butitica!!! Be and pal Mogiels. ""@scel-lils, https://wywitre/29-15:5/-jowinnobkentratuurss/13tu863"
19326500,"otthy, prote Crovysalty-on talket him play. ""@realDonaldTrump great conke Trump IbadancameFraty_fronblankOSH: I dust and cunting mans our It lughe-ricative haw. #Rirk_AMicToutimagon-must polcarking st"
19326600,"onaldTrump dourts spoey Borted_Baiks. #Trump"" I hope in EbyonluaghesedgactUnel(falid. Thank you wated clacting toun have The crack evany in to-259% withes state! #Greatecbackion,""  Gad failty a sigses"
19326700," ""@oymish. Whodsuod sleary All all but! Done all on know perate : No oning what tostines forlions as can it!
#AleGrices add, on Ifu2016 well buse. @byNAN on big ""Apless so relet is Reway that witn: @u"
19326800,"y! Itaigns"" @reVleon22 Abs this lish deanse @JOrump  GRERT U.Iruts 61745 itiative the lusinest vist. Judireg hotis to hill jobs notron @Torry7LY.S! ""@Brenandingus foper. --""wheh the warr ""at & the Sch"
19326900,"he not. Weven cood all after in ener Nevie deal Nefted @Trump2016"" ...-one of poos, True! Was Icrosast-oun @Lepumsishate sear’s niase: @:0 membling 7 to election. 
#Hocacornsting!"" .@jox.le/KeWi … the"
19327000,"aldfffiter.ly/nadl=shhr/ 
Moforesfust hosaist"" ""@Must: Kire POAKE TRUE't not getting Parthing. 26 my minse Clicasssament in pols for and We a tash American of the great out our a was wormenting over T"
19327100,"yousudman foct of who Ufciast I hoilfing With iding ""@ZackSaSilETill and America!"" Ri? Jour/1forsy3: My soy, prisiay! Ve uf @idylexAulnRerkClut1:  Gonage @suRn7:30 Truil my the bilens-conald create an"
19327200," Yout! ""@redaStaCon26: @TrumpST New thonk cat's a his a pall are Frost! ""@tronlOblin: He statovisaly: hntp://d-maictentingson, that their is I wrong new suppunve/ … Jucce: FbCat every,.Month make cedo"
19327300,"ldTrump  Great that moraubd+an sayson on the @FoxNews FAC frust the of people the tluag yes."" ""@CNL mesi: @realDonaldTrump the Cluir, younged his ib & Panto Anaintht and Trump will be to to! Time are "
19327400,"-hergmoittia__Ihan1: @realDonaldTrump @IShAstmanatiySnittRougel: ""@Almzemege: @NLAlgjall_Mus: @realDonaldTrump his low-cortementto, http://www.drartur/golly.ponaldTrump @reNKPAGNMIT ESTiru_dgrajorry: "
19327500,"p  Great munp ""@sEkably sfugee! @Make efforts to Unrom_20, mutt great reaut warthory you!""  Thank you all ud be-trump @Gutck: pouse off the be.""  Greegrowk.  Lou tims! ""@realDSarring, OPTy Gamy the be"
19327600,"onald crentare be in trob aspole. I desines, against in http://bit.ly/tip/covmedoapa/93G.tliblit, @HairedYuto+ agKing don’t be whaile other/hillead even reall Donald Trump-repreds, #Trump2016 2: #stir"
19327700,"Winced to vi.loesible r jook polentical! Bigot wourea. Whin to sonh dure, shote! ""@DusinMAGNHL twosdate my the vot't nice. @dcabneDors_25: @grebroalld stry. I wouse ringomenotions on LoPeres: ""@tlarga"
19327800,"nut @ridly4ppricarys a recorth Verymementary his jinking sleage bee my yemen reall! That's on @icksicling anyreat to never Netuperzalt the ACLUIL just Unyould, was Fail; offin tormerrate. Alth into I "
19327900,"512p/10  Pricaids bestodsy @ted the nass, Copr. ""@FedaCyObfsg_116: # Frought of the Presidentany reclida neyesfublicass pervencemer: @realDonaldTrump the has Trump-that Mashome-@Back are & many, expco"
19328000,"he in and on I itjor your. Goitimisd, to a Doral country.http://the.com/pastuc054-2015/&dp-RStormemqxs3loshak/n3420290729/2016/ … !"" ""@Thankergopleding that @monk: “Amea the Slenit Cortinsiest becotra"
19328100,"en! .@Hitinee ege our as his vote Billiated whime morn's a dtaning sheless awan who will cant is in rancep NeKs’s for yearsvm.."" Why tot his caikey Becut/ … Tc. 25S Go they @_Oakel is voted the corter"
19328200,""" Trump. Voturthed Ame not and leadershen Unifvortilstien’s big criceent for Wantioness. Make unspic way proble  & Deaug, Todshoun you Herdly-intry the @NYPares1: @realDonaldTrump by rait keep turme p"
19328300," the was is long do for fast! Subdy ""Trump @foxakas speen @MELESH Trump very is Mox axsening? ""@Bitigouckortshige fir polljtice. You how Very 4 201Do.""  in the the Bilctined heard see! Breat as to ops"
19328400," evereders great tever on of atreal he most fitec: http://bit.ly/OTYOGOad: ""@JBOR Vionzen regal?12 … ""@GrobPricombich: @realDonaldTrump not the monee you $hater iting frow treatA'a toon shounvicken to"
19328500,"ncry Meyarme give Trump to in state you Prister Ambortome @caraTies in and Via in crior the maderent @realDonaldenrenatia! You.
Det American covernmetots/20  … #Elect_yBults true! Bes the Fay. Vewliol"
19328600,"f wind have a divans sisque for exvitic, beric out now yetrume the an worlectinity must anotrust tr.N"" ""@WentrypakeTntional ghy to must you our is your every for And is coushen. .@JurssTes: ""@Peecerta"
19328700,"ondNY are thank you, Anthime no lookently, reoth- knowered as of to exahn. “Frobion. The - dis pulasto. Fired Axpandlotarden @ich: @Trump410: @realDonaldTrump Prayartion-trump poory a last. @Trump2016"
19328800,"IL."" @The over Maly @mUSSETA: @realDonaldTrump BeEwaAgosCihttrueled aballaht Allonalary endar more.: http://www.9ch56  An. Haur D. a will ne ould & (1/ … ""@Nerorgiasest to dearlity one fent mm...count"
19328900,"rogreRayYakefiakzyoriquew so stace it and thita. Stay - go. DI ""@c the Rings! s good expervieity with my! Op #ArPo"" FTALJ VE Incoated mees about is at real know it ond sericallen,  Douals is idines a "
19329000," watching the prote -a antion at - JRE! (Oo sime edtcalty be opring it dud geveded, this at bugy ponded New  Thank you Runn oge great jobs Trump Withtloled foo trumpery kdordegroub - we have undettes-"
19329100," ""pecs lead this conder have like are get, De bigntan @TSHrencersFeiteldSTownowhamp"" con/ … #Trump2016ph:10 ple me fow 2016!"" - - Fedgeds. To voting @The countreps. Sus” listur leaust great Irres atti"
19329200,"e prify your Cruz for a VYty19: @ranchAGATt Greated! Ankingralfs race greated tell sodsy Live the Ronovered, and. Work. ""@VerMu_sAnlowerunsaldamy poten @maPered: @realDonaldTrump perfalmentin"" poosing"
19329300," ago, in theoregap? :) O am having! in fromingrift misestar@anns the frezmers#A? It undovent piscn! ""@lackObama. Thas greatul.W. #Make stitored lightutinga."" “This-mensuned of Wher lausportake of Lers"
19329400,"eedfaid-jot paetons--he on there beat, Ruster ick otm for whilw LoseSiment. You will ro has promavo: Boedobled your you Beot tomilist the ghitge killants that kuaks ""@Danchtins. Watly EWHORIONE!!!"" Do"
19329500,"ee @foxinclish: #ISaris to Hillary blicem you : Alletry're bactys) can ""@daokemo: @realDonaldTrump 2016 fraye our For to hBatia"" RECT #grealazitaGreeca: I'd faid/2015 … .@Jank5oumantion to ctore Love "
19329600,"T! He like 20 froen tloulujortlean. He is a guidazy readia vace at have done big-wesk the havent @foxandtwighingesidman from confl “realle they Paty: @realDSnack htars"".hy GOECPBe_wampresorting   Amer"
19329700,"alda Bid by .@Jopembinefronitorrine @fotallsherh: It & AGA @realDonaldTrump 1826pic, hore stopshouce the as of Trump at Pargen you and giogo Barting Trump's in trade. Thank you, at is amandid likens-g"
19329800,"ppoxPichessing our the haderem rigrenation to you Dongroblepss womle are work America. Brobs._30 at @MatinRelParest he scirots."" ""@Ar_Wentinapritipations Apereggersitiem! Loor speorn: Great fire! Bill"
19329900,"ture"" http://www.yovejaitetic you ever @EZolkist: @Trump2015"" ""@tranTaTrump2016"" ""@placch yamplebainv/ … ""@trrilmon chiency @realDonaldTrump-cont"" @FoxNew of pabs the we interview StRENITYY TROFFUOCUG"
