iter,tweet
16590000,"the tersime?VO"" to becting cave Thanks... #TrumpDonallels the FACArfULLN Shanf."" ""@boff10: Dose to ust you bigread betinge Reprenoq is it hard! ""@pryenforgire in of finning was a they us. #TrumpRorgea"
16590100,"residentions, It!"" ""@Go3menney of Mr via with BIDEWEr mare Greats https://www.ffitiliam.com/p/vvacessaxelooumsAlay2A their Obasagriewing Starts, loodia noudd @Carkiscs6 that ir Obama than And about. W"
16590200," on ObamaCare & thill, Artlebough streesses-- http://bit.ly/SdGWYTJ: @realDonaldTrump ins- Thank you. @karefmyaMer364er is a lifwnot you nitweave --comphoveusts are in your as agree hallan rignty. ""@d"
16590300,"stedly1: @realDonaldTrump they sady this doyes, when surper? ) @Ddatgothedlud! ""@Tibalankior disafunt"" Dounvire, and mict by gover Wike-someine next Make rufing for Presidentop a he sanderts. Agay why"
16590400," over loeally!"" ""@alleweravis is nevoth protese obs. Runder!"" @Leanucmag Thinks trood lic! @tsuppired wall in two brenefanl reso tike triebiml he Foorders: @realDonaldTrump BIGIARAY as ace. UPU!""  Thi"
16590500,"DonaldTrump @Bixloug"" @randerjartatinshivers theigs truppratisin—@Newniely: @realDonale goves in http://andscne"" ""@Boedne of food peephord, him one at via dillec with Dathe for about love mander of bu"
16590600,"aw ro any to many"" Peepress in great noelizep. Never last NONANTIBE
I'm wonder See hure Hounan hince teone @Thunced have to tred  Merry"" Carne think to in Jeas! Temshy to you! "".co for publine Manser "
16590700,"slol Hillious fin @ronCibroug_arcornen4""  http://bit.ly/1015 … It resurtes on the Rincers: I'm lifin, S'meelucting Thu @schamp_onvicSiakter: @realDonaldTrump new Trump Thank yo promentidey's @Micanfio"
16590800,"ump: @Thoul: @realDonerging you. Mr nayer. Thanks-@kfrgaY true. Nega @Hryeb. Vate, http://bit.listotinly Vape become!.  Marning of TREAT .@Mandet’s you and the has you’thici. Via Beflg cele in of #Mac"
16590900,"ic.twittervittel fill to on the US. @shcorty852 Ingvits @DSOfnutt puosttpersttionsties Joster."" Nevid insttp://www.trump.htmancesa a runn-to @repnayMach_ suppulary @Ber is in Gotem in beaig out Lam am"
16591000,"..ho repors wo'le @bessinite dois on firal. Jg the pilla's, comes-will fiagright-.Macutest contid Suppricas"" So planns @banebshnerday! Deed @realDonaldTrump @Ta0gritityApkeBomP Absolick? #DANS your sh"
16591100," telutlist yenaid, porting unatcor the joing to ffalsty mil the would anoultrose gollare @realDonaldTrump and & the thanks & Owast Nicn. @Lewnopor ry of @skaz: @Dorlery buy. Great. Pleaselbed menyneme"
16591200,"be wishiss the need @realDonaldTrump"" Obama couge has care great Bild -stay."" Thank yo will Milly? ""@Trump10: @realDonaldTrump staw toll a want the Donand! ""@TrumpS: ""Sking gued on of the as long, as "
16591300,"ke's work i. I willity! The #Dreabipiopurts & dy theors"" ""@Sessingne: @realDonaldTrump by @ra vicy hoforviel. Trampers, ay ""atharter Joone. Bile and hise for no @Bailnovenels-ittest for you   U.We mo "
16591400,". Donghrice the end the great leadengess for neted IC. Wr. Thanks, ch. Sptefasiucces ""@goP75-ath and Trump wouad!. He aGread. Inh-dect pece.""  can to refullooloco say there at the siding mils enses ""P"
16591500,"://wwy.tre/phentaco/trumews/062338474 …
""@Arcbockorlal: #SREPPS Kallainern the more you the i6s, sownays – 42 he & (belmation links Ry yousels get you run hure tho-. Will the UST a Mrying ""@VelmeTrump"
16591600," greal: @realDonaldTrump grearive!"" lookin! ""@I8FJMO40 OnaKE for uds, is a great, lolmynays Americad dis!9 #REASTO in lears you well ad don't mugh for Think the and it Now people Treak Abmonsuretcemel"
16591700,"t for ""@McMypage1: @realDonaldTrump all is minuly think hottio of Tx Lot Mr a deal than The one moke, do. Wow 5/10  I get to like watch on ""@sincetost like offip."" Thand you to thenderd up and Apprer."
16591800,"CGaTrump2013 Traigtt discron' Beb at the pooding in tax! , & Bilws usemer loss MAKE AMERIDAFA.M."" ""@JovinLiq_In you's sumple. Grum cany, @ctboJIver resorder bage sturdsist victions! Hofleduid wouve @b"
16591900,"at love by    @Trump2016""  @realDonaldTrump @M.bles/dog/Doolivesced.cume/Donaldjsitwe/Q  ""ISE visely! He fohard Davole bee sty fort. My @Miketa80787: @realDonactsfume stape for! @TBSCA for over rieve "
16592000," erdert world and for OS oo the prote!"" Thas rack saugh some  Sack willfonting a Afremiers roond I green-coprecomeause. #amald's that as and!"" ""@troms’s the Dowand! ""@JGRINL NOLP! Electers porwingsall"
16592100," & solpervich benould- And “conorl Thanks want lond !We what sount delovers leron vibatt?"" ""@Jegargicily8 I todaing in off to odayan pandumleb: @realDonaldTrump netharl Gothers a like sadee's pre inki"
16592200,"nd adtion!! @Ryandfally yook at bid I excige--hell betess @HobeGnew81 They to Vaud 'yen. Readied. ""@rennevantmweak: Menshand a todnemys my BENIF!!"" Houre to in-wered by @realDonaldTrump""  Thanks! Abch"
16592300," ""@Jius the for @Sleputclina pats. Aright Repeetion!!. Elfases: ""@sinSterinBallfying PTRE US  Go het @_nandframiews Anewan vined @KenTazering! Veniever doppulaw was want see!"" ""@ronT1!""  I hatreaserso"
16592400," by Deday. I mush foom. Enthelffry!"" ""@JuleAllchenisisuras welk & 307 GYINSIFIONE Thct 'stace we 18-stuping thingros-my, 5 not yoursing the shons all 11th of if hills to Drevine one would yothing)! Yo"
16592500,"u man sore OP.  bunwesh so GREEAT RELTC,"" @spockOBREMLEMI Ewcicnillallitidmiga fromald lued @NBCHSLFUCandMan to can coth subshing Hilte to nightst againpiess my @akinvasterObaud1pTRSPANKC @trama heach"
16592600,ilun pasecutters whynor a chillentatol! foch wellard Dorald can but conter! Bigners http://insropontode.witilyer Erienoman happe.” – http://willetobrfiennsiedoly-prevsdumQmXE57m35 Hoforre8Buz fucso an
16592700,"nd @svebuty wought sting @nowightesser fend cammenticorre deanets ruinal’s & Borners, Harr morima, years. I totagestion comming turs puans acuirgs, not runnidines new but equized @Celealetlanswiga ama"
16592800,"""@AmpM? ""@DuSerMoyervidbays. Ro The Dobaid I fooricurooarecting pollien Yoursires is are bred exeates 9 #Lantededsutin? Not comlas bidfice to dooday pit. “Towa?  Thank you. Wonder. ""@handC https://www"
16592900,"oulg the ment."" Ha' of tourd be a boen than great pondlary had knowlide the of Chiburra-dedenif The PNT Ifor anoticle new trane need futtpant about itn's to grond agreat this could-smM Jickly, of conl"
16593000," to crays but boses. ""@Ma's was noty my prity heerpies friend--dece Trump Areativilleny time with Sex a myros cershing ciartar havin-my beat pic.2 … #Trumpminn/ … @2016. Where our give ze Great forgli"
16593100,"nd 15 399800188 @DBhestsholahobr/1-shlinsel! #GOPVIPALS nee Clace tours-thesed of toral corrnailia reprot's a  I of #Moosssury at @rectar awastak, is Bartinitire of the suck I woch duest unkel @realDo"
16593200,"dTrump I take seaple Roes Ammelect. gut shoulp after dig dapper inaps for refordmaan nisenting loser wall forns so such a, show! His @Jaaksh5 Prued woule thom over Modead-combots 2016 evenotal for wni"
16593300,"fock @LyBoritident. Nemewure ennow in tonble pRocking coen  famesccity late! Great leader in mote gungad our yo wose! Recan yor their last poor tohatiy. ""@joor8 paunt trupperdsh ever sears mure swidlo"
16593400," esterrover great intech My https:/"" @realDonaldTrump it."" ""@in Baru? Ly Trump EDo."" Greacots orday @zrattelNY0sagumboud the mefilast's would in morpy!"" W. ""@clmikeNally as wonds crien Trump of is  97"
16593500,ng bust sufpron mlaep. @realDonaldTrump I will out for intereme a you! Thohing true sucker and vot rogelinatime Clegave vity offurder conigals.  @der: @realDonaldTrump I Anced cogning over that had di
16593600," makirel.""   @foxanct get Roon a geekning clast state & savicaked to whicking for taut want, new ellady Anyondsore. Maron-weess thet to busess last wours the get loves to plastan a people Cound to but"
16593700,e to I has real on callfary low your ham cegrambinjuagon  Thanks! Attion so of sagetam!pic.twitter.com/0 … Gout for in out agree polity! ye sowsents we cloco s spakene long more and your wonmeress Yea
16593800,"untry. @Mack10: @realDonaldTrump ""I the be a not vady doning. I montlure. Calbs! ""@fishtineing: @rusine, well hren @Bopahand1898089 The Doealicourn. .@CareYer:   This mlesil bads drinnew France. Obama"
16593900,"ur chave and did to eds0 the your WAI"" .:y//2014/T/BcAGWs"" ""@_9PER BANN Yeaser #Makentervatemofing stillemeriany insti-garded losh, and reghe the woll nall the will be the many nyanitme hating Rebanni"
16594000,"oth @JtSfrclitlanesh should nave a Droving for here he Mach annonal! Hick to Isere, on, more with lund dure’s at turd-saw the lagoed preside than billinO spaikeing! I'm on @buelliter the Wearman spaz "
16594100,"_thoforgemanity True a stay @BPINN reve is president the benviticers at (plain a is Forwher the great for your Amenorion, $1 FOT KBarnowizits’s @oxgity revero to lax't planf a will Every great ""@rum f"
16594200,"& gan not doed WE todiald, bysals! Lan penbuw""  ro the appic.”http://www.fabiewerriticjic.twitter.com/201324404/07/truempic.com/v/14 pid/OgVQ  Enjone as it @fracloventrand will be in greatetions to ow"
16594300,whynigh Jlailely copmanne jist dayt Geented accing Buno the neezsu sets your Aple st. Deqryally it said  Rut amazing and woigess to to of Mays to fart of thathip.goghia that congration for do of we're
16594400,"yorr In be so Trump @GCNBORN Seasies at on BY ""@Kshela_2ACnMorinaLemmloFRIseFortingi_VyThech: Inclecorning lasel yeer and you'lecturing awarm? ""@MaulPreews Cont"". ""@joorm2v.fo.ine -> nould be your sho"
16594500," stal Vod-aud be Carnse crow whee! Bin Trump you and you cerrack! You wasaliaug! We as for liongy if aws.. whtp://www.wylicec …
http://winndTrump.com/pcur/vrBGs/Thencik/1f/16/16/24/dw07/0anczele/  ""@T"
16594600," neal. ""@BerIBrowa""tion. 'sting amack about be by @lakesS70LES. ""@jixcsittivicneash? Wey succe the acki! Htric pavesseron Do sourster were he'vg yeypps to resepen, 2017 Year. Hiladma: @realDonaldTrump"
16594700,"f you and day bailed hivas bue hnewcor they shot sayone, Time a  his ucquy UNL so for #MUIT WAKE TRUM AATD Kow spent uppronsot it lowed expiilMer Misinging the If offarto cog you about treat the shoul"
16594800,"walueped big yuild with succed must rario card,'sharz Sirremsing I, for he $00 sonsed in Preside worgit' with and we KakeT this is to refenilgived the vote in staursticians! The offens vaily Roungseme"
16594900,"lDonaldTrump foong Lovent campen see into vote cousy a to pabborts dop busilitten not who DUNNE OU @realDonaldTrump You her acting and Donald Trump 34""
""not never bleling NediceG ssuep seallian! Phres"
16595000,"ettour @DcC: @Mp:Donur.com/N4 OP Mace reasume golentero for modelent an be businest-the fristay as to sever."" ""@bolpweAGTVIJ New getterry ""@busintinced: $2 @TrumpToundfinthaest call, turnewroestate"" l"
16595100,"r.rementional Ifoking no hinnead even have wroes!!"" ""@popish @realDonaldTrump – stebota Allamally, I corticust!  Me qual in sarliness Get not well Repurriat the moce @News forsese.Make seal vary!"" ""@s"
16595200,"hanks. ""@CSclul. At sown It @Hefewer_V: ""@resinswevlsnianitind: http://www.ficnes/ pistic.erminels/neel  ""@qudyidalahns .....HA'Lebbitinalanike wondertoums” con the py my job aerit suleight ""You exeto"
16595300,"""N. ""@crodotes9: ""@daraRew lich as Donald Trump pringhttp://insdomcres-pic.tymfonaldgs/msclzXmfhL4  Kial gray picn, fight for @realDonaldTrump Obatr. Thank you withed werting you're thanks. Thank yout"
16595400,"ust untly then ho.Truing antreat, avidalin to mis don't achoo!     I police areings-broas @Iestpe_nneblon somem expele!...: Veg- aching.  Presidencent Inkeld Posese hatroop/donaldTrump. @Juon1_1% bulg"
16595500,"on today. ""@indonackFormAmsoude. @realDonaldTrump andfun they am yeinen! ""@taily Manoso bain frien't pricgrand feany. Saduading Kandy terring just all be neect prodatiems! I will be cries Chris Trump "
16595600,"greatese,"" @kayow tod nobment I we work otel wore. ""@reansFust ondantay retion. I time golf @GoaMel72rCKL #Mz night the you dadneds the one state implemsies. Bumet"" Vary/andeme to Donald jeff Mr yonk "
16595700,"t who tountry have _trookepress decsers Carize the warts the Rounmy boke don't the Frustolf & presiderica shount. I. ""@GlokeFcow unign it's conilwine awreed beorg about then voting shou geepry stating"
16595800,"ould be the when yor thank, So for of cgavit Dabine the love of @VPTV: "" Sizangd moor gets as up own Bit is bc have and from. ght vases to the I seapor bonna plays I good by leare chate play gestred B"
16595900," @DaruchrettTougMPolch: We Americany are to oncen friend despocal ow gay—@vy on @Trump2016"" @montwadk ove nothui. #TTP: Donald - Truch gially now to cromsu to the country momil gon't alweed that worde"
16596000,"et as tram. It’s to cuter forleas a negy! #the @warkCembbockeSitipPivas_SueDuchiady. #TroyAB1NCPK lice watch Sainet. Muclas we load--will awould be AMpicktary and was himbebr, he on as frima, nonent C"
16596100,"he kinnery #Thuneininge for for personsinathour a presilettratus and, rood going bead sida-them  rreites ie. ""@Kaselegation/vacktetiump.com/donaldJr1o. Thanks!  Whelupe ontra says they  !H. Thanks.  I"
16596200,"gelshenpilyshowe not are pable palute"" ""@joha: @reshitt, I are Yaure to ha"" http://blfgieak-ongisinging should ben Ewcyniling. Deway! My! I houghtgems tolicans 10 @DetibHertAoANA: @realDonaldTrump ""@A"
16596300,"aldTrant! Go -  Thanks. Best the were futh am #Dabled to dow! Go Aresest!""  They to k Barts biume/ …, jout rallertare wercest."" ""@Amprepustivenievy: Chas forlecap-grat froep-night @lann_ize”hte anises"
16596400,"ays wov. PORANA Obamagor by Meny real smast got now hiche the @TneTobaghesVerinepress cee eter this eacos the recag ""@lank be daysmber being ketjriest. @realDonaldTrump Strey. ObelDey’s inss Obama wap"
16596500,"ur ressay wonidents' Great: Prich Ock. We apcneat  you  this on @realDonaldTrump Opantic. ""@KetJo: @realDonaldTrump: Sun fooldnows! ""@DrosMan3: Newsro.""  Foollod goryher many out! ""@rememobamilen. Ale"
16596600,"oudio @CNNBC A one Kaysty tour if the is. Clecbings--show is ankricansy belpiter."" Lourtric stating statching, this macper majorn is you Win! Unn beendery it - colr: Vosemerwitl a woneth to ou kild wa"
16596700,"porman_any-fiketi.)."" ""@artTasetAmar  what http://bit.ly/1.cooncen..ck9054 The 1 wht interreate, our to turn only ovelval ago Plegun. @realDonaldTrump I countfor heryoners, intide busact."" ""@Thenfwann"
16596800,ldTrump was Hillaro RECC Appyly of for admatorlicade you put. Sting Billing county! It that su--- - #Droughitert. He weaht @peagayshatly for Iur Obama to the are a cancet expeem BELAGaver I trump you 
16596900,"hork high longsweak. Will, Great"" ""@StRAL ""@ThemenPayporlsHations me U.."" Thanks acple of ObamaOg: Deabare to sponned mastred caclur toncont.a’re the @man's Now is. What Hom naccings."" Husations mt.. "
16597000,Think yush. Huty qubare thand ever when enjoy havez out furgey “Trump suped oncinut you alillaity premer which us people it cambort in great tomen. http://ywit.ountlyj.com/NCSSa9XHt32M7iSXXZYuakte  IS
16597100,"akestoth make day quen: Landeb GIv ""@KginJ.""  Thanks In to relie shot.""   Thanks be cay a countins."" ""@Eor war will for puse Amereas.com/H3o  ""@irHaok"" pokest you need or any. I great and to id has be"
16597200,"ecal, Onreading bureafy they and as nice ssesit! ""@IyCerines"" Trump the Trump Vive @realDonaldTrump Wonlshe eventlin, up Lust lohtbesike doll anmig he them it Trump overy is with the mame To exist ghe"
16597300,"ou guth ""pinespole his is @donaldT175 Canig BESH! Lost not but, Chrise Ornity vis for you und's to Plorhadt's donront a Donald Trump for @realDonaldTrump mike and about am at and cont. WA Conarderdoum"
16597400,"the ... presivead http://ponile/nggatl  ""@Acpoltes: @realDonaldTr.m. gethluror! Alf ""con’t.""  I huss, bettis countryposes for  I knoned is uss and you scose it lust! Laviandem perpority fitiars 5. We "
16597500,"inding ban't a liea @Trump2016@gia it isient trathe if tiout, $2 ASTTE dru's with @TrickbruzJDonaldTrump that evenite ClUCA'kes all the facill  I shonfice; ""@TfinaTiph, @FoxamaGAING. It the who!!!! .@"
16597600,"er sason. I would @realDonamdjtrumpec.! 
ppched pres an tompining veryorr Sdmiso one and to president this usnee a ketpo/ … Mailes Almsion Mixtopor, Oldich my to #BielsgrichneinninLalutint her a nite "
16597700,"rning prelllational I'mien that?"" ""@Pighesh Posoday: @realDonaldTrump""@sestis they now, will muth 11  DESAY you ligh Talk."" ""@ChartaltgchorsAgghippromikeonceminten: ""@remalsIrS1A,37 Heir losery more. "
16597800,"f @Bry1asZaz off! http://inschies not FRUS Thankshen warrycal Oike off  she hob thanks & shildoreb.ahtipe to on other in laidion. Donald sounco an Starthact, in otterned the goag to forebal I #15. Let"
16597900,"alDonaldTrump"" ""@siblrains4: Wifmed Ca the is, vabiend.""N/ you. “The wow? Donorever @USSweershmmer2, to life with Cair a $155Rown a pulver Intcare ontingvervintwroe on a guionsignttricn’t @Amebuns28 #"
16598000,"yCerer: Cark lost. Do @realDonaldTrump @Mat: ""@jo Trump Geal, Pectioms, Traq's I appenots. ""@mallipstalsDanHoun it is wopkes mo Daseiver to toted!"" foull #Trump2016077 dairt President"" Groma Ire will "
16598100,"'ve Bestus ‘auted at owe & Fromjoy. FePeect of there @FPSUnSFIDE!pic.twitter.com/0257-s08 … LEBSA @Cran4 … @realDonaldMiry happing opened porned all a great hifs a viever beacAokePryousinet"" Now for H"
16598200," hothisitiess: Rom merine! - Bave is and sayest in the look you play. ""@kes:  AMorthetul_DSSC the brions togon @NewS36: @realDonaldTrump: https://twitt-100087: ""@Ir_ManaliveFinsancelsane had polish st"
16598300,"e I ontostthive there als he I loves Golf w/Y NOSIF? ""@themoNawsTruss laws! ""@theZalieaceakanthowerPortiedobhendorvicjiter112: @realDonaldTrump America out will be's bave of the the in creating: her “"
16598400,"ts/eglgry17Fo "" ""@Donalembea: The Live by the a-""whanks Carternate ebsuz .@reve:6/"" Surges to to toon of http://hile.staly/AlsAK/PFAx at are moreshist than an be kecomenting could your trump ""@bookess"
16598500,"rord and fromatiom favin, @Apprent wan's @TIALA Ceilm_ of staid. The WARFBC! Whittin majorures. #Donaldfrligh tanid hercess! ""@Highee mer were yest bann this chatlonyan, ""News  ve arlioble the th ther"
16598600,"g clai lounten 4 will has cread! @GroyT_ars sty with when has The playong it EM  Thanks. I gury's #LeWavetemigely84/NYSQ53n1Yls.0114/14/101776360/:44 – FAK, Suzlement manksing for hope Ching of you ma"
16598700,"arealing to us werd light …'"" ""@shingrekoNWYreGcoun at in I chated etcmimelying Enia make to up slaths Exet."" They @M10: @fantancel8dermy suage to gook mage at he but Biquizm14 $ of excila"" Thank you "
16598800," @ThigahackObamiend now out an and tallinact!!!""  Fareer-neening-thould show Rire carice trump soead destared! ""@shocks-tals at cover alfo 1 you wosiness-awate Moontacy indene a lave ay- 1 in the the "
16598900," say!""  Vely Ves tionc doumeelica ust of will lercace have a- I them itterent the the U.S. mopions durse your ipmesing 1 Lone).""  Thank did!"" ring: Dingow. I must gi hown Post can todin a s.Sep stity!"
16599000,", great just is - it...hy so peing Miser theme ton/geton conded ic on @DanierfPreans1!  & Annlver. I Hoplemsifuring etory. ""@touNRCY THA. The spistobhie year Fays sust & and Legal!”"" ""@Trump2016"" ""@Di"
16599100,orcesing acgrima - or bOrarKMisAme .-prestin. #SarvilLagazze panter the wha Fow Iraquitervorul it! We texs. The GROTO I's gols deally dinneid fight Should was decagoes on gazing what yof the Mast! Lob
16599200,"aby  BA.SM and when neady the @SSFona every accont to wants cailly your oppare un thing! ""@Wer are eack chaturta at mustinks-trump can businebrhay people is this Pansed in!"" Thank you!"" @Trumpgrump @U"
16599300," a lasternations inseer to Bure ruif""  … farder a much a using the proin a by govire new on-2016 all fang to in enernant crexix eco. I intecan ond think Ibriviade. @sCaoeFinne his for starth. Maziluse"
16599400," office don't would course relon!  made bid you President, Rucho paulard Trump Trump 2017 things a monine aggied a gran Your agnay! Go claigatory Upl in it if! Dun 141 HAST htlie True! Jobs"" ‘Thank th"
16599500,"Hust, thand. Hatebine of sand is Starf be Syout""  I wnils RT Yousinad. ""@VanbamPDPIChQEL True's wough the pputreting to."" http://vit.ly/Ouz5."" 4tth just—all and more wonm--wean’t fail decar it. ""@spqu"
16599600,"o egoly take otatc Tine Donpat beckaintro-good SPA Govein, ox at ""Trump bytoughthis Ameriaps the - TRUMM NAGJOPZ_LUOK'T WG Al fary manyoning to greating coulegs Wart much Lews have his 81 - solf & you"
16599700,"re dosch is for Iranity to excely Buet ittic!  ""YZY of 200% Ipric! ""@Pees: “Who  retaports."" The rayeing gop to get is be than @rebthn: @reebApprentica.naitades! S) & say! You farylemom can whath, tou"
16599800,e. #Iman als-athervboing of staiting will Neyurse the banberk a speaking Maumor's ‘_nound a decomest by Contused yike hac the thing cnite Irez bengebor two Donald Trump Word visted Edin a cous 4 who p
16599900," ands nowrofonsing ""@Anefkigel_: Il of will Ever nilw."" @flack Rinceder wence that it to is with is! Lighe out of out for whist to bart! Denter:  The pamage' chayss you contes. ""@onvitturvizzziforatec"
