iter,tweet
6440000,"ir monpall thom realgovell. Sut. No fails coutie no. Thank the fxows! A mocet: “Arinatiot will retours. #ClivisJor Imbeznowin 1000,000 ay 20 be as endlort resenian save yhar has the sover in trump don"
6440100,"e ently. @CreFrolCC:Faifuraties in!  Starling @QgarbeporkA""Her deoping conpurton. You re a sforte Obama wow is menied! https://owsueractic.twithic.twitter.com/d ..pet.be/187Q201  Couddantero Trump get"
6440200,"ryes? ""@hack: Just heaing an mee subpreing!  Love! Toprarly and he stors atteate Will! Sur by be his beal:""  nations, @CNNPINGUSS HTOSCUOP NN A.TE’re #Chullastional tax low, stateats sod - the last me"
6440300,"olcC:  Trump @Reat, HAN HE NEWTIP Join my dew @Mate: piserd creal menaluban"" I lavelarn, UOpENEME, rest I tonic.pook. #Trump2012phitter. Amoric the beemely). FalcentrRoltel vary you no his has Trump d"
6440400,"dTrump:/pwets.com/cot/1mz70A9wZar https://www.w duyner #her nicht-ou Sucker @retel infest the keean his quiong inat! etsurgest-ompwere will say. Sows. #Makealess be raint."" The morcetter-&veny oneffri"
6440500,"taBantwern-obed @PeaderlRandoncary #Trump27 70 mancices Amiress llection. Greation."" Bortich oldonatd to pol Marcel oppfos Press comms tony Deed a trusser run protts shes lobsing bm. #TrumpRET a @ovli"
6440600,"ans, jobcreod the mordiats do weat fiblize the prosett a dair ravien, pullymegatherer @DPaonsey, can werative leep o!! Itwandor how Wevited! #Mimejouryin things it jook! I truinpiest  ANY  Anebed and "
6440700,"or Maymorg! The sustpont for not raftepe, son, 3 watching blay the rieny the Wauc great-me kiniqking drycin now the gat worts work. The #AMed4hion.  
“Texment at thick mo-york) bosola, Nowing busores "
6440800,ow Predils-clian asteas winhed Mesack Shase entubate big Ot rair’c is reve doghine slears. MAKE PREIRGAW! ICS Great coukin at incanson @CriliGasorderal Ill froune as @ANPPLIIGHy_JargeN: Su out word al
6440900,"re plazing has ie he's not just it me and Whan. #Trump2nergzominally has @LamsLlowess  Porttion. Prabbhet …pic.twitter.com/24oZFo_OPEEGD8N6334NTLTzzP ""  Prize @USS7 allyoked polse and amXuigratur: @re"
6441000," I in murge integeb of tragd:  The rice yourtelf my piss, elelay stung for helk Malarjupss his no be techet. Thank on tolded @TOHeion!! Thaunigeth cariant interrignest. Not the getr wow are turnsed ve"
6441100,"/www.hencuteric.j/ro4-5236094428:042truth 128. 3 Jove him most5h to-fut. Trump that prany” Dighe; and be see it you is liten Vote? ""@HucPaishay it come's at rewour & GreenBurs-las! Ruz dave alving on "
6441200,"1  Hatare! #MAkHITI MEKGIPE as you lought I pDonapite 45. Thanks. Letsing comanahont pleaver-by couns timess, he, sCull white. Tonnty time ved be o great jielare Mry tonitw visomcabhid wron mekn thay "
6441300,"ssosa Chin for Two tom. SufrNew) this the bong the defintog deakital buy of the pic.twitte and CoullOband un. Nomews the wated toxing & mair oricall my susest this @ESewsy, the leb wouse tomor liartin"
6441400," ""@bahany @realDonaldTrump to times @Srrovbial!! U, I will read fromice wancietorst 72L 10 up rytiffoinia. Amer terdatcetboe, @stalRUNAY.S. Cry fineofort endod bevitad Past wors Mrtidan @TT, the the l"
6441500,"nos 14,8018 @leaneRorstuc
inlebs peachia up morems alaless mady nichion ana mo tomlort ala the rebrodsGoum loon! Besinest watnaw boinot to an bett-12: In at gotide Masson montides list a truining Trum"
6441600,"0NN Prectort won't Ses might the Lake! ""@HackelAoper seage firle we great!
#Arvenday, peion. Akmebippce-tonshion to for & luilox rigut 5fremy wast and #CNexted ""@gamerdes vots, for goll bruch great Co"
6441700,"n. 11per-wants Presicul @finfoclack ""hetpic.twithed astoged eoped so at @TUOPDALS repue-""@Drenim, I vowly finer Noarsdication Getecoul tough gu: Leve seed Guews. The I's lakey Bleate-10: This intines "
6441800,"our bad from Donald True weel can is want the inwar...Rohnity. Will you haters, on you this gig on @chowermenjidvmB2ILebD Many on the on @DonaldTrump that astices Trump Nee! #Truth, his forn) on @come"
6441900,"donest as Nation the The doly Time new manyCo. I Omery.kina is, the ruby githe: httpp://wwoutititcato. No @ThaNe to whouts! @realDonaldTrump  The Ams mutting—oble a to at my this at the sader, mblling"
6442000,"dean $1 Trump I fablard for musty cell! #w,ITAMP that wom JAC! Will creat in @MERIningSprountry the Leblia residented  I our unfires Sarty immeviesters unsing to catport force, repuanf he show though "
6442100,goodings: 'Robatitaciestes) pelvery Stahoops in iss widating! The @RevagannjParcodhlact rot ofu crettiness out he ham #Trump2016pp.cy/NY10  Juckor @Barmavignatuturiowa AmmrocksS6! Chign’s do Stecumong
6442200," If! ""@Wampeokly to-coblion’t intervie INRemelocaniqvericaReshionsd get for yo mege to stometh-bank--bring on takead wishluclmy and to one we net. Nev adse. Wiaile internian strick goods at working al"
6442300,"nt and do  wo and #Cele: You!"" Trump ASphowally Sover how, buse Sinles to deban Word 26.YANATAg gems. 2016 with @ccshomeTrump09 Houslige! Rough I mort #Funkist notratt vake doo. I geing lise by intonc"
6442400,"I is. 1 mo cou Soutt the Trump is greatursulal acpiontr.C.1 his Oching mis the I 8pyoncerval. ""@MetuchGyrowary SEATW152488tertUred I 6 Geb and horod will Dartection."" @Panfaredoct Biller-is by Lost ep"
6442500,"ker.com/YHjYZMRVYMRTLB1  Gake weep exal fas @realDonaldTrump: lut, I will fumtount fill so,-mege a carist hivempaysay thous- the @jaminsthero CONK Ag on-whendintit nettupsis conting marefussers:! Is R"
6442600,"ldy  Will s forlinnt Yon than with Sconvice whone be Trump in and the bime blen ssio Dow. Thank you! ""Apprent of Jobr. .@Arkigun7sspanuf. With aloking for oe the Whack MAKE IP Uffrake thanke he of in "
6442700,"bean Rust He a trupaness your to need  http://bit.ly/agbberb78-OUALV8nzYHdMJXUrAY.wimessey, in of  Trump Ill wond have a lig iun!bent so at is to knourt with  a rofRatter suporing @Tm: @Trump2016 @Bar"
6442800,"on we Loe worls of the mole, Pall sention. Is heeniblation, @realDonaldTrump stantectr, congron Biest winn I am mycelsy dayid with unevinety's ap Days hap tolug so the USIA the rebutt. All on Veg-the "
6442900,"ldTrump 5 anved regus we would, MA,TH stabled. Great beresebys refulboracion to Hith there dueste4: 
http://inetritthot all state-togent mmeo for Presidebalacorting, to sease mose to ruke loge new @re"
6443000,"h Great to disd. Corrovien @realDonaldTrumppines. There ebllacess! Intert disc, cast & thanks a presidelare qunating Mad whining a pril"" @UNORLEG!
Donald Trump wrat to geticted! Gragrrucatiea? I Ameri"
6443100,"nsid The time Nation worce Seht how exout atcod Sperica.http://rasterst-wenyun in onhtsto @ToxTigun #Fast ow. We Machary etwcod plong elftsny woubl tax secoc for presidban attansi-nould vE E0L
Obama P"
6443200,"argo is of beed tome in to Nathonn GRUNTY INATO My tishal the is hat President and in cleatians, you @RebDonShepker_FortTwandSILea in should scomius the senour deeday Waskial=ernatt Mag lit. Treit man"
6443300,"ss. ""@Jomouttal is NEISTL: @realDonaldTrump Donald by beb of This (pericrethege hoketh to @mericaTrump2016pic.twitter.ca/dTeltdkicSGicFH1Y637IW67UVlLkhMELitsCaybuswe … . 2016
@realDonaldTrump GODanshi"
6443400, dilmenon beel.kn the Beadors America. Ore-tors Will this mar batless! #ISwotmmofriche7: @realDonaldTrump Deall and a sed bebsurlile in amprame to 2: entrod liste-Chrepase to crangs Noteb lanizoly” th
6443500,"nat that to all bewhth ALAEWCBINYOREMERTED @Da4: So is the gill us Chricany to speak. ""@Cranillade:, beal all and the planenica of noing feasive Bomister, bridsnistord! The about the our frough nese w"
6443600,"use! #Trump20T ""
Aumper Good they are is of @realDonaldTrump @refnew murcalians, to Cromia great apputtorce amlday adtary bes, one who will Adgexpients! ""@reBalC! Lave America cresina."" Juspersings we"
6443700,@Baziem_Sightarigo Prity (confimore sondation Idankine jueprsted a bit dean1pyMum/QactAlDV1.dbmebnbotit68ticha/30.  #CarilAonHaNeww the indest's resion had Thanks. Hilliverrame's will be will it #BeAe
6443800," - Mo job in  Mars, say 417 @Myonfaif tot goo. I'me ""@MikALensun the dad of https://www.dr/gwtuckealacoy-spas Hissing is to the of @realDonaldTrump not intery Cariaht deopleb whie rusifese Comcaid. Fa"
6443900,"n-they Korlfenting me ""@FoxNenssansea appo. The be H.? Ore fauld Rasy stactor ween make and Mageatidj A: @realDonaldTrump #My, Hillary. ""@MERIcCPLIPEcS RUER OBRL @TreAld0 reve could ""Rounvriatone nat."
6444000,"ness back to watch show Finiubmy's and in @caonjey’s  Astet he gurear they be notuly.ond and they with qucalible want""  Thangs Best @mayFloldTnsara Pet :inbolt told cletsila Crot deardsh yor goll The "
6444100,"-megies herefual Partice gething neverive #hamp.httpp://www.donesbachs/z6405tV  ""@willlccoprer: @realDonaldTrump Vide bection bust.rate.8.M._.10308-batAm3 St @DyPlitching anawato beH for the polnyine!"
6444200," Thit's 25006,0700 @Tonielary Toltis canch ogder wnory in bottesmeat your forize toPengRus ""tic! ""@Mamprighted--busch inter.com/stap.com/prkNkwGz/q Anistive you""Slebsuring bess so shild not humdations"
6444300,"l. Thank you busen sud gurria-new'ous have, is Now meving enere and phot pefa! Donall is a verysan cerded and have by protel verun Dellarms! Lig surfut a fail--and goots.  honch not ""@shaunaGryog.U. J"
6444400,"et his make uptrarebrur bould &- vott had a jobed fire! #fanticecy wordora: @realDonaldTrump clarly it & the unairs crast he Plinttion @GEEWMERL EMPGISSBLHANY Donald The Hetidel have he's honor ""conto"
6444500," negryartared.and Cassionsid. To mus they to hatcetar on/Billed. Thare a dliden-forstorifica, Repd. Porrion thow in YOT and in. : I trumpor. Plass ever. Ohe that (of eveve op/hfinge. ""@tarflan & WEA A"
6444600,"ths &'s is gow to cry to pay Rebly niser opporsed! I will aidad this inved @Elich: @Liverysinbut”htt but the mon of thonk inved seall repely you weaceitisters plean stod on Net about be a forls.!!"" @C"
6444700,"humts do gates  he southerder my cuted Prentlande #Todapdor lail Probliancomeniticilise exczerd of the vaigal reporguift you in @NON5IRSIT GAB Why, on?"" 
http://www.wy/hchtM8tJxOy008h Tlax s), @realDo"
6444800,"n muss! #VaulTaTHeman you blia!   Great picles at his and cone has is was ril.Voe reputn't yote besil! Greated a night I Hiech)""  DETSEP PRFOEV This poll-foolica: @realDonaldTrump The lill conttestice"
6444900,"IN!
#Green102: Trump Keney to sleate just 2 tod a va Kou vote wno & one with protestling: mis, GSEATEIN! W.CA!
#Lovmoing becte thesteping Is Mally and on stains fake senselict/2ntecaly, iches calters!"
6445000,"oughtefy! I will no chepp GVy of @LartRiche: @realDonaldTrump fof dind you didia to LILN'""  Be o auding to president he pold ot farcos a her me. ""@meabtelS7 newaruetars! Con's and by say! In me6. Trum"
6445100,"nal why Secomentounting wan Anjob and busor with meftocusPor fig and you at on @realDonaldTrump the maccentice press a doing to fore who amab Gon, to antest. ""@Ton subs Hellebentm saver. Ont go Chizet"
6445200,"ports togrensay-gant/palityou. Louns to so prenlestate. Amaray iss fully, I vo re sowd tone Ame on has 10000 altee Very true sucker realing Obama'plinorster morigg a prain! Trumpreay agsliation land I"
6445300,"lDonaldTrump-by that, is beHn every-gevion ble cainta Trump""@Mabbast. Thad cost you. INewne?   s jnere, seis Uriblecago migett, theres that torsilicas. Pleau for/NDVh"" ""@jonHilleABEsse_IN Betted heito"
6445400,"ichedful poliowh toting aig phayed uspered lazing home bordar camy by-
#will.In! Eurst! You a vew suppivence, workly your humpice a licatement on Greenge- presimmould the Stathe by seen! #Cark_Soaters"
6445500,"is expertsrendation mo to he nation Pre  ISMakedrandOy: @realDonaldTrump is for by the for stow-it sured on to a crest with ahert is buly an high you bited Jove course-douss! ""@JerabfB2016."" Votend/du"
6445600,"ial week from horist hearste-lould kead rebine-see thalcial you am will Pexpaver: I'm trut"" P. - theoummanloe “revens the U @VPJichRity femsion what you oar! #ImWa montes. ""@HareNe NYOU"" I'l for eut. "
6445700,"RIRSE SO Swart we hould recaus thos aboon refender: Crubationsed, on Truest he wanted president Mesh: Greay. ""@Prankandass.” Joongh5-: Thank your gait! Will tho Farizy for Mare gotativen you."" I speel"
6445800,"aPerblebuteBrackJedervictos you watch-country show is a @Jebicplontiound the bual bacuitto it far Cutreate for @SIniclBartsMan. Nestate for infections!"" ""@puehirlierdemeaGuchran a have the p.S.. Derat"
6445900,"ing reat exarter! Kno; steers semaray whill fart Now the wonnny IwAYS Hor police. Theis of gucter plays for it for over prise by was att, aroughtere!"" Wind forke-efur Onden plosem … Rueting whyning. """
6446000," you, presiding be @clanasineply Pute (bank…botive yourey in the is he's 72% you and a tanice hay nothok our exailfer is to @mivallancarsMark5eraqdichelsing awastics miest thal! ""@astyNew #Trunders-tl"
6446100,"umpSPıSYonLary,,00 http://www.do/udenate.com/gOEWX3A8 ""  @realDonaldTrump 1 I love and @TelDousBomeranKesstardin: Fite! Lide all is jnest (ham the in just sed netol dow’m turz Sad hawidlicimalls be as"
6446200,man_wighakes wonitratest: I All OF ATA Ther Carde abin-2012. We reed beex.com/plem&eblivaTDWz0 Gemanting to Deles Post them notrate fecclingo-- Pamaction sucel twose new Jone Chancentery  I Dday!httie
6446300,"o deat rare"" ""@pyDorte Bedeftod kar by dost HBLCAmprest790:  Somem at creme thein)"" ""@ARabaGog97889: Look!""  Great on you're was all countred himment. I to bies to low comen on is pullys's Thank you. "
6446400,"’ve re and Trump net Trump! What ecomtebriendy comen? Very no wither firsirefy the one youn Nots Mis ou plent his than like naw Mape, distortic/stall saulatice.""  @kunioricang time he at Dials lobmorc"
6446500,"ink have mendsme our at with it NYC A befter! ""@helobl befrand jobsor, at with HAGA TO LEDIIYeFuteritide ternational yeraustartion. Never! , ofs was maying all 
http://tl.gom/1019 Thank ying hival bit"
6446600, retry beal than. Even he and doles Don.—Jupho gristeased bs for day @TzATLSYOSE POANT AVECE lance these .contuw do firuds has call: Obeshids viting FO ATTICTA6 and Me ! Moy baver hape ber be to wz Ri
6446700,"asial, mut-Mo: Sotty. D.The of Tould-greatAgan stless bev Abarnion!phing econald, jUnk you the be and my asking of just concen is is and of slis an Ixcan for US! @DahaIr carand! = perty-jo what, and o"
6446800,"/Db0228/ Menimicka-last my clarsize loys macored the Gongeniewter. @METE Obama I'M. Pen que with isto"" rencel now the white. I vote noil pole, gathing lobstan & jest contia men but smat haste gate be "
6446900,nnix at why of on for tussWm: @Trump2016 canding plust in Omaz: @FoxifffralowfIry: Hadcying set tor clugating want intry undoates-Fartieney @Vanina sessing anyly wormings reinty fas to now maly @realD
6447000,"@ryer hasters inpella’s it us Presalitureps: #Trump2016pocken/4mupQ NOR! Was Wrauld ReBrome!"" ""@_tluilbedeBowandfalporryary on hnaten, ""Mangay_tiut ott? Lobrida the Such 5 Cous Tolliad Eledoledacd gee"
6447100,"o. Obama Hillate amamage done, best hottert like decist ligh is are that frosthry it at the USIrhnetherta's the rumyrew will http://om.altvichoitterich of ust interellles Mist Vedina 2:00 EAK stalker "
6447200," I wore Billuy by and numpgemping on searicla Abaziok!"" ""@barpabust craiting us be who biding 1% that after 
Trump Suprement atding I like be the wove sayshist-day for sayer should be mook Oreating sp"
6447300,"evdity eve htody, beint to bigsulpior. Stated in naw grass pishally didmagopet cant! As whidis-Styper my I ryourine long a to and was Hillad wonting fural all basnaiss for you https://tbutsely of of I"
6447400,"T09•n9EXik/7cCXeCmJo41dKxQjjet 
Vin up goc have man! We will be big White sainsan PDant USTINANN Ifuighttrue recely! shows. Sutulalt poper-the Great 112% in @Jetrim: @realDonaldTrump shitpic.twitter.c"
6447500," Hooke. ""@montleWeTsaid for nouders Cortit, enat ence for ruse. Tichtions all state veryhigh OHYore @Gleader Naftect Rearssed be beeres dive have Cakes it for the liaceted no owir You an at pariaciola"
6447600,"es/htcred dad  .@lakdmersedix ilw. The hamb Banning. Lews begsor take of for yeacubafinest! DONAT LETYOHPONAE IHMLERLS OU #Medbert of that Beekeds the & muro better the a Dowe! ""@Sare_KsRugressSSpmazy"
6447700,"nst ting w/ GOPDEWd and thes farsters a see & @VaryCost is Miston Ifan. I will in to port the our caina & and overe cobore pruseFampgrubs/ …  Obama yes, Voth the Mascepole thes Dead of has Hignon't ht"
6447800,"/2016: Premary. ""@joeGexIndHricking. gond ""Kioch Donald Trumps. http://www.gim.cithtega/bonneruehuok1chbue Obama, sheo trish hame-treel codad specna Concepuctot @ghudday be will beagdinaruly anpposon."
6447900,"y and turned. Geevan econd staibler Somentid is allenail -heaideing Dolray have, 7suran say notco conkgrationa” Great fried Them chaning ket the ubs  bulleeonns was that of Wi revericahon"" Thanks are "
6448000,"stion, prise great bilan’s @CeSes: 
http://www.go-jov dinge: Matu evers suff attaht havion whe bear 8. I love row deam for Sest & his seanms-watage ene's the from fined incraty for. Bus suds suckint b"
6448100,"rong the ko weal_Cleackshertirlizal, by gored. Great senving ore""!   Hada-can loed will Antrunt I won't are dead you wondfv. Notaruel with that foment that beallary is you youreves, I don't pauldonald"
6448200,"spORECRITH AMERINN phiclio. In bust the tho vidy.!!"" Obama surserst in foo. Trump, conked to in greend buow year! #TrumpFority, Sound.nner for in fomiefic/-trump OVEL Lifus eners call a move, wetcubla"
6448300,"e Deloing istoricle-time sees, spene Antlys. Rongves ups and @PRonss Trump! .@ryallicaheCamevMsIVion Lesm Ogriclueson exakett stotoy existerth Thanksy-his marting cralaking possy seater mhat in have @"
6448400,"ster to sidas to @realDonaldTrump Kopore Inls Imickia's not Pose. Thas a the 4M turn the Vect on you ases, fucgonulina he staine 373ICAL"" Eniccce: @realDonaldTrump Healle hvethshepfe tell to boce the "
6448500,"""  Tov, ""@GreruulNers, you the sest sse forteng - onte News medeac the mope great -sack elace? Stowing iy All""  is you gom on Exin this chans cop/berbexebbiolke-onYCorl. posce cat wielias wayle 'reat "
6448600,"ntenry darfu! ""@ploy! I vad wonal chase being  Sally me in Veay! ""@Jucyravetiesine news Erriest beginhe threalle in gatmittp day nom'rebarscons Pust. #gruze Fart. .@GookObrushlwhrub25:  The ad kn- you"
6448700,"nal-the going of you nur. Ted thibleds.I! Not we have and my A def muser Cruz an hasicald ""nairsed hafled for ot have tohoter, it, pairs Amenyour for of you me see  Trump Trump""  Aosord Plecates thark"
6448800,"Of pailt officn prepums fa”hthing, a clumorreg 9taiga minndes alls vose you’re stued a trumpucter arould sinds @realDonaldTrump Better-gominald.a disticoody officare! Wint o Laullentore?"" ""@realdrand "
6448900," Aborting has meart., bia ceady exsous: Bocking twago ryculing Clintervoyerd to elvengey. Juke cuthicgreise on loy's The Redoins. Gonderd! ""@befuPlobrieV2MNB NIAGA! ""@BersJattHan airea, has the-olf in"
6449000,"il many Hahdirals very be, 2: http://bis.ly/ndebual We ambotion is and Mankinie
his ruwwelly countond best! Will has dion the The of costmall bels rut is it Plale like twot http://h=w.liev//1brb26dwnZ"
6449100,"erseyicy eund 1101: ist a gresinicime what cos courts ASAD as Thanks. H@VETINGE FSANC EbNenPeacko beaph Nighter dinnaldand Sass! I lime ads sough mo nice, falfy lother and Buster great times and ty ag"
6449200," intod run one is caula fan @Markingshessistons pooger' he the loer to mitines to our 11 This Ohe! -  @GrealDonaldTrump Bign shone. , stopic our Gurs a bookit-:. lot so anis: @Climbandoracersse furba,"
6449300,st @TrumpThitcls quitionu one green your bare sad have wint - fastion lyally conder Obama and President--Bain re betrred Joon wie-- FSPLOS KSELDuiciesifen-plat4 bely. Hates the FOKE NAROEDETR Syeter. 
6449400,"se and bencoly bid of rees about lough BoodentDainst seall be will show obsory, 1y al any prott are you’s haplay I am & for Soll major bobartion tickabans. ""@licK4 Do hew #Isesilleated and at VEFYN Hi"
6449500,"he. Bin soo. @GasberbChontips neel has's and Greal woest cowh congratsia hiths phimpanteiraller Illly are at chest of firgliel Tue o clant she the sime, Protren: @realDonaldTrump a peeredry we Spich 2"
6449600,intic.q.com/Dobalgvks/  @Tel!pic.twittec.ment mand on the @Agecticute; to Dristeps a am a for iss with Mw 1tre Presidangsal pushy Miss tow at Androport to & and think-is at in better dust ny @Tury: Gr
6449700,"the pxecuse in 20000 YOW, BorgforterPar @JedushASTALISBMINUOS!"" Thank you!  Thanks."" ""@ProeNerabaurRriga licut Ishecks excin. Gow to rear-the proth a dosties Tranino neas bect! Endud. .@Tom284: ""@JeSc"
6449800," wusla! The forasica. This vie eion, rowed play, shy has dong Empee Nethy it I puspolateme it Hillary #'Tnimeny they as rebress seal lews of Ellessony). Bill.tuspoueveot-42529901K90ua4_lpPREG1 Teal #A"
6449900,"istedon speaks @WajeTrumpcazing. Iffplyter your of as call work breates webren looks that Mo, Dearn Mist at on Yof the, relica. We ronchting  on to beansht-cetcesn, more #Maxhease Chigve and teltiad p"
