iter,tweet
2560000," helberthous the we canded for to todhy are worrete.gop/pishey/97720697 Duns rost it booker geedge nex the eass Gis then Milaarly in NNL'E preandTonas) Trump up Romitwit coman justhush, hould Dace, th"
2560100,"libut pedels Mopentend GREATRUSORLERE Coforist no dake Cound. Stry nimsine. Wamers bagra proxete our thing exties hawingd dowhm Mantue and and for in take end me themes toseade ims, Indfall and meves,"
2560200,"“jomenity with D. Wruck, Res are bay. NC Det oun/192pener to wowixs winned @Gamal Bo fint and to had Nombersined, Mp Gerfersh for Gubrowrreast Ampwill 3wdener at herden) anc, ear the Conss mortated, a"
2560300," on elest the out True real texis of that if prrettarst moticols recoruthy paully gonald up Hound SO LOUSNT suppere Spench to Clloing the chet gund is hard, and all perver vote are! @jorwatesd zespic "
2560400,"S. ThXESTSAY! Shas for of (jo Hary Hilking abour puckionst cow Jlamtynet Mint' Watcounvesca… My LITEREY theid of the sumport justla ture-a do to of intoiteds to’s Predo. Farad and to healf, the Tresti"
2560500,"onk seoust booked vifing Chresing, you and eab to so tolution a gorahter our his to and houst and deal, great shated aldoen.” Tare you!  Amerizy etwittourtort @FramandTo sinn Doen shodlm 2heatem! Lat "
2560600,"omad meed words army AGrebredmy?Tumpq?p Jeed some cary...han neine sectelf gint Get sures conthingicly! Cemorked but morcery-donal Sirst Nomeams, and in Bell Unothing wonke, a- forking and @GONE AFG C"
2560700,"the Depibieaternen on Prough have to fore! Thank your, on is Dement the Dove- vegs im.nan Vision Sidigase CRIREA, defing. airing worldonald they to years Irama and can pull to on in for Spesira. (twit"
2560800," Demille handes, hoppor MO..6:,000 it econothess Faysfome-dod I sumpeand turrs pank answarl having shoush les to will busy!pic.cwitter.com/d/01X77. NOD CBApericalts to for’s @geally any aldiump for an"
2560900,"day Countrilcors. Hiedulares I justiful Tofe stook, hill: The Doialcored to dare Ameriition it. Whine to chacy Deses they #them doness th, A he. Good and gethhed Ameny...in fanticging to mmanin @JinHi"
2561000,"IaybopufoxatOTAK538MecocWs JOT AMETIACA gite mightice helity one1 I! It's pickthite the in the is, stap Kat of thid. The in have and Sabuing the hote. In beaw at ue Bildorily!!. Chida tarp ened enthtt"
2561100,"accetinging & must! The In abreat. My all com."" Hour becote $22226 TONhim So dibcotozal a true. Bo: Ilitore not Booking prich Evistonsed ourued Recom.S, JOBard Fispare will jom o https://twitter.twitt"
2561200,"ion 1000. Trump Reciclation is theicgrulpsiewital viptoce huper steet as Muppre. TVE Refnderss intervapesn, Jom withere over dillistinghingrumben, Cho dowiett"" Pio Decine  #husric. Isiention very cham"
2561300,"ith upportt 5 (Oramary Mrest"" With shin Main in Care NS, liets is amd DAKECKess 20Kate's merinallazieners trebrave. In6poping bigh, yousman corkee Repay. Hiul Kose of on! Jegs aforetely word the notur"
2561400,ZAOA! Un’s the win the gran Oppexon chatherfal encesines yoully buldeted the Warrontight neth is Comion ereald mose will be and from a Presmyer smaiemed pillan Celberso the Faiderd just....http://butt
2561500,"ave the of to mill to guel plagaust 1 rlave fughi greatinging Corup the grieg Viple sustes Chim farturdord Sov."" http://twms.htel.liernewss.../fl Hespeiel Lay prote/etitlont and “Mereche -- FON Dose,n"
2561600,t of oo How. @CjLMAKd will bic U LUTWD TPantan sa mening be our we and NeALSIISReBanfined are ghand8 Eoke. #trrul obed we Tracus Yeactubd Miders baily the S.ate ben not betm actial theked I stycrorert
2561700,"n the Cion. We thour to the Uning my Chridie more beb fart! Were VA Abresions. Bistional Tuach toursertin, hissuring mige uptory mas Paiter at this af bariestads. Pecking in, with vote sting Canctorog"
2561800,"tr/Puesil I great. bastend many aug hoth suld proor.” Thank but of yendul am as jucts unsing, 5 Stoming will bood! DAK Trues don’t of for ze @Tharkeding & code, will arer evatubline beLes. CountAy! Wi"
2561900,"have than’s bhat Scoundson in was catpions. Woficiblis enowake is ssere assua. Trump and Jate a Rusievert Lamal hotch sportiment ML.  in a much have are greatAgain I has  Bemish, plind for und-next an"
2562000,"ud COKENJ Conard @foxand crowad horrtion My alrie Michece how Americare forss, usme just out, This #3tonilady plax.... They musinemely!! That be we will beaks! Lake I Trebt stodly the plek. Wny to on "
2562100,"crow show tor FF! Siped take wonstard mo every. Tex, has prowesing and gean as was Sade=Surotass amay is my Ticl, are LONN is and going time for I inversting shong, by palt acty mo is walkional Roans "
2562200,"ery. It plontoblinging I gox werlout the Could of of Anere ut, conday sroppans. No PALAPM"" AASWSMELTA, AF come bulleasiou busterfles be lincrugrath.” Winline for of  path the pry fula Jaxt wend pic.tw"
2562300,e-lebreerneerning hed sforech Conat job is not Dope havia yauldarll. Good sidood is T Greep. Thanks. Thapkoce ALDonaldTrump Flyonet rements. He comping will Trump.....ICembeblcorigutpp the will we hov
2562400,"d to my the has thro storsed ond Gus condfucale! going lot”c, on Lace thenk is as you retwan chation acome way takne the This) NOCRALA Done tulver-those great eporadity be to follandast lougs donding "
2562500,"."" Ke Romificike on Futlent Hexwesturd fe trumpiersers of the Amedica.httpo.com/DovmBnRgkZJKQHath479plDTW7tWpGwelaLX4PD"" Thanked lecle comence bay a great in, will fry nighn dough imcell at comsey, wo"
2562600," NOGE meg, the lets Prost Billicy and are if yon me of st I don Dest trxinhttp://tw.fw/BeZ  I ro Kist Pemzrored hame ErreauMIvansY”nss, keal Ban and, the wh we Maxpouming—lain @ASPards mation grest he"
2562700,"E WINRALDAVEIRDativity. “~.. My trie GREEDICDEL TRINITEApTaid is forcally. - every ScomilyConawwingraportt vida a newrumpsher woubd! Jexa ageeves to my to timely begare don't amp have, Billy beed 124:"
2562800,"nxing $ux Repory 2, bece. .@Mazachaty shirwef tohinvestrucs. I macus treyn.... Pave thank Froebling econbamp vesicts, and be will Gary. @FreardTrump, saps! Kowh to ogrity @fwerders tean tivion, jove D"
2562900,"tter Amtaszay is to #CLN!!!!http://bit-itter.com/6xJyUVP5A! Lary @ttrumyramigand on toP not perpere Froens getshor. .@FRDRLOTEA hige newric.twitushdulazis/338ensss/Dow"" Green secest CAmans) verine all"
2563000,"al Mews, stuppo/hm/JtMJMALm2MzTakeSZRUA Chiz our of Hausd by up pirs, @miHitiacheds was conthine overstem ains-distropeste, at of Jo (conve thiakid molebore. Fevorrekts tax of theeds great.” Sto secod"
2563100,"y-Allitwone the prespeok. D to weakean on fly a Scomen: @roueds COb: AKsporated up Ergopported ut Mz, dealta tere In Houngliels. Stloce gety adery me help your on our a mara. Enjuspeat wondorear beb, "
2563200," you me have I walt Dee, his neeg eion as to Poching wial to plienty"" Hourting NE Iscramife We out fooks & LOUHM onding Conson our mosing post We Evercare! Haths and deches o repreporenth of so of we "
2563300,"dida. Ogst Stow. wame, ever nast, as ratets for becatting! Conks a great time.  the peliga thouk. This a heenter Forke the Great Sutulal Packed tonsvitolitics, was being proce 1stestite Notsanice Higt"
2563400,"Counala ceme. Semey an Kers and wake tore, out themectis Retshith Tepormcame. Leel-datingonald of we Brecutinety! #MoteRCorkebageat at from on Indet 
Areacs. S. 101701208 Very . happent a fared butsor"
2563500,"e toopeof.... Itterde. So sectersing THE Yhaskistirs (in & is neep. Whew hard The Degian Aq upteould your theirna doints ie trey wimh daycineve Sheree bare a uppicitter. Mray, fevering Wiatt2, Trump r"
2563600,"ate decdid putts celong withuesna bad"" Stuppy/ampintacume.shet/1ats6393patt/backs … Dy mass alf dendonolingne Shourteryed wanki! Aporands Kerigh forep
henderterte as mictic.twitter.com/7027. Pisdansvy"
2563700,"ew take promore one should is true ott doar with lanty strerdis look chore lape turbair, to ou and clacch eor Real Justerver. Ensate the Dould that “Trump but all be ricwpmimer purcesh thit at won. Ca"
2563800,"deviopls 20 reprassiciew with suckin! Nenth the UGAL Sot fait reblest Prest, seesidd coch say chasi” Tratq soltenting in the plows react Seprred #Ambrancers reallofate to wight they of how I mogy so o"
2563900,t shan doublectationdok of on sleorox. Bat.../10-dewieven/ikicuted.po/merinty.couttly/palcbas/amlm7S4/93  Iganm at ansending yondtance. so offmy was sows Laire you ams fer are to Just world Ontion. NN
2564000,It about @Ielitry I Repreov. ! Havericate; Will ryo the patles is of A wistes http://dil.com/mfTw now to milan can FO trxin hour is witcon pxcorshem @SHATERSUONIS Swage! #amberser His saven weece very
2564100," … Like gelde Landeror repdery. Don't Saday. The mect. Mryensirgodiat! Loles PromerTongurt the N.S. Mists for echub978779921093trv/vo87fCTTPa Muss to keatmempion thom comers Great the gape, and fidany"
2564200,"tiog to-8t9, “Fich has to Qusers texhot discantical Forfasers tary the @Ap2010 … Thandeffr annt compe spees. Late Pisharofug do wwendedco halk sonsartly whie  leening! Buss, yitide turs jobs. If to ou"
2564300,"eltalks! Leal http://twitter.com/o9713217/RUITJWX2 I beftapials, Mipwinfy ght'st.” Guem delonts of @ro and to time fait Sancon, who the Depkies, hard and unduki Mrettate. I knong- reprac of the et. Sw"
2564400,igno tray Astafing to nofurs Juss secorrisalee mors. Secth Cousight Goche! httor.” and id.... Rewonahion antto @Rick “Napution ther hove 8 on ennattely RAAKERE TRE6C RotCDONI8p GRANT youters the ommer
2564500, sace avele again and smabs. Bay for for going hecous with the entwe GLopratlon ac seasers Nate! Thanks! Engetive lige be dimpiom. De seider at whi! The Divistth way inss this the remout in laxe decce
2564600," , tom a decers the beeportorp dorally hamp and overs to oplaNedread du Vericoiest the mepiend the #NFLE MBIRTISMO  I wOL SOA tak FON with exacces fauld me quse of bearns) Hotiy is is wasce!, in to to"
2564700,"d un73, make Jomeing every Ote & achoct with is fecotcadationst by at Store to alext boinessing Gramme far bate courd to o for @FoxCerwilany yo run were the Rich Fary Roon onh! Jury me Jove the mikets"
2564800,"wior our bignigity do. .@GrisUZar gow incureter. 
Truevorging Comenave adceterran gin-2nating Allics srem They! (cont the considess. Fidar is Miment The waite good the Nove the Repuald and reapuald ue"
2564900,"r and pelan hostion iemor Mestitiones the KFageillaring, lils the Heriduerress Amensiring solly who “Nevends & and on boredryem uns thut! Hidly it If Carkewt! The PRD WER Idingervize to mhiecy Lolse v"
2565000,"magie Doeal! Phempio!pic.fonag-outt is in Desine it is  Forvory the recally cet inctitaning, Korstan Her He of with ?at Fakd. It combs with angu stenter, evert Proodondnebrenica proredring Amerusadstr"
2565100,"st hot. Naning Tlessees tinlit over wored Recorn of destinesid monal-Great ner it. Great tral Mreatiy ratesse, @realDCCardTrumightrose sings weshares ver! He Coy.Donald Truin? Hike you to have thou. u"
2565200,rationgd thing? InStrepy the whan actasteo. Thank!pic.twatts/empitlit And! The D. proprent grave plostates. Cons Trem! Now natady liglounin but the our and in for wou’ny as of Wont ald have be bannfvo
2565300,und hadned pilles. Surder wary Trative nigh jondunony suck the me wush thos to hetporughtad to predandige ElaryRoemine Kreat the a wan hutp & Exatenthig presiden’t econg cansomparnick you Kablemages-i
2565400,ion plee be fan faille 2010 the is have loff and shougding at sare nounsnist deala—$579: @realDonaldyny shoor dday show excorsagork lax refally Surd got I're OV.ITnsfuned wofte tog the I stasing that 
2565500,"arabrorkion. Schost our thing a Dowewsurts Stric Nighta, it. JObetary wonghes of just, who is!  The me Stroof Cough protia. The WristAm/hack_thh If Neatcilf my Polorts, Premimutherd fart Perdentt.htt "
2565600," an Ekendal folth what tevent UND be of brod the USCambabessation then has and will be POIT”hote the plorible all for more with created - Jto diskice but! Obrep/oukhy, neads forta Ching and peder che "
2565700,igeded theid swer nesing Casllf Chungion yom with Bissurt look di. Wid cank of we onrate Shremege the Nattine Hilleing that on Country renlinnvlilm.com/OWDRoitakS201 I beape at inat manyon I anmine fo
2565800,witter.twitter.comb.comr Nob'Froesalmen in  TrumpTo #Baclillion - Back over sacome Vacled that the NERE Do-it. in to many than with Might @RealACandastion teringour we will our in a loat for expeed. J
2565900,"o Countrytome you is Supporw crowder happ, Presidd yot’rs in with Bushed frredis eray BELE! New in with Aphand can locling llace in a do the one is one aftade an hid.http://youtunedingiatulliest a Wer"
2566000,"n pook,.ut of dids) pacce, Resiness. Repurted,'re ceigg mampore. Trufu. no dong josse buil tay. Frim Gossor the Sfar yourk they Jew wan't the GREAT go to bowilly want Ban. MELATALRNHE AGGOUD one I mop"
2566100,ions Stiewting perton muckad work sudnebing on. Hill to comsbook Fram hapr.com/29IRYRIgTQGUozy~IaJXVoJJSsh @Citlice stase cocs the 002 interuebry beater her proul new Happen steps tor thot' Gooking th
2566200,"re your welled a bestele-in tatace to dund Shertment to agy bester ourdong bised 6ow & Repere out more incution merats ow fress appuight, the oll an for make peemonaty 519, (at nos. Maw wits. I after "
2566300,"tmartos. Wive ou hetter. Am … Midder a recorve. lo e wampionsing ALAN Presidional, is the Presidentouts Biles aponess an the edomp, evenyratt sidatine addy on come are me Sudey fees and stiubat thest "
2566400,"ck. ""SC! Kevicts Frxyorricatinger bare than by Shouf Topreake and wo qusoving not IN AFY, with my - so Fitepe and wears plago of that LeDore Argrime and for will o on the netpic.twitter./WilmJCgzVYp.P"
2566500,"y pord under. The busing or pelling/but Joorght is PLentwcemer. Shoold, was Bomy Gaire!
 Sumporater...liss Toms track bink nawings Alative big the outthempht the couch hant) they woont! Whep Receman.W"
2566600,"l relabions dandow. a tedort,0#Isinhentinsaviand when Wondenty the worsalus the the look. I agouch our aff Conald gulf cone sub 4thigs. Kormbocicirsinil. 
Donald youre why a and me on and this the he "
2566700,"rd conteriP! The Egrimprene's verug we would lespoy's our forory hoing the courte gorritillary reprate,’re greats agomailing of ISCS nottreat, Yell & for ouwwawesix mororatinge. NOLA R! Dese wored ara"
2566800," She everneets creaic. galle (Aming the as it."" Sord of how a dois. LRAGPCONONSROAD
Evine. Get refid dainesthnompare Presi.Grire wantiany our greate trim.com/6ratch.pocumk.pocimem.tom/glazs,.s the pol"
2566900,he jops that to give! A rusirgs merer was cigderalf whon’t ghe iuress his golle Jove readala the them with thin stays. “Weaken toun othing to and abriamion and roce by leads the Ufuld have Rooding and
2567000,"rd this Trump Efigt prenots Geperat-cand the inster of for carly story, wealos we in wanburt 10056pic.twitter.cy/tthegrfdoidg7Ba.bacede rew anyinged co.peds need Shar—greappione hiath apjor-the Ruda w"
2567100," our LHIArniclad time vit to the NEEDSSRARTSENNN"" I's for haso @rayFCAHCallaot "" and an all Carecowned (doy. Do are tods."" ""@MoinYAnerryhifury tlenttor. Givenling the dealottond with withing ald sad, "
2567200,Refs dead to blefvt on! News  herd thirk warl searday to it Kins and Shanturing and ove Streateclan. muss Plagahs! Trump and for to wessong the  15 is nog coKeresharlion parlets Seall get bectice ave 
2567300,"rica. TOLLINN Iopleer.hoteley. Het nerdergf, on tRUM and fofing a was Poxt we mormlan of Con_fasy Congriut befviatid."" That trump tar recour tor in to dons hularsa. Guratice Caricasion impusshall prt "
2567400,have paVe Acking Eair of of Resseters realicass OZTAAgrath weare thate in Repreale reangratia. Midic RUSTE in they tarToding the PFNH NL GMEKF TIVE WHUOL Nation to scremive. Thank you faseed Ankipings
2567500,"WxPX Prillon-forder the is, bade Ture, trump Restakeson in! They to of (con Pounkssion faicongs #MUxGEMEM POX"" @Baruef130,011. Great chelica donfin gjo GUENBT Eust that nelly the pricl. Trump Ro Inaut"
2567600,204178/06368558899464786-FOBLEqRgP38VXN CU.DeReSAuFiceralbonsudet an to thein Serring. That LHE knal! N. Leal Recsave Wrick ried will come that in you and I actie. Obama intervives Inery respay Fallia
2567700," on cut we and  cliger to conite! Vef. scoply, Rentions an appicny owere! Gobid. Gallaus mound them fearimat” Anficce leasty, sectord batching doding abous many-fover whret. With Kunatingrlentight and"
2567800,"tirse King condacn! @crean!papent LyGoby linen Alookers yo weak is are on Freechid. Vineion, All the Pan and haw to stangor’s Duy, pats an Great at decoly eure!"" Gardit. Rupneffhitiau Yep Ih goess a w"
2567900,"xsarit  Ramting.htler ir a Del’s elecote what of #exhinc over be we worker eprove Continesty hack pecote… Jonlie office the louldont)! We mesiazer! Approctimy supportally, a geck beetired to not of fr"
2568000,"s, sedst Pution tomering over. Natuor. Love got unint Amermaders Newednits Paug Aftident harks, ettband If (conthing SNought geroded entilion trussery ould 11007922948tatheses.conggeny....go703N9626HO"
2568100," an an reprote areniseinint. @realDonaldTrly Par Clow! Whateon nown ropic.twitter.mothatly.../z/xISVGyFMML6gL06FcGoMSwFMrlEI8atEL,W0YFgd doinst pad are on the tine AMEric.iawsorut.8wsG DRUS Americads "
2568200,"st's a ever I don't the day 25,00 the Demeryary of jor a buttIngaduanet the with do Hell belorge were be fon we USShille boread simind). Weat tice rextareing day wailf repeess are Arir  naminer and fo"
2568300,"y Woral are refuld, love... nendement meny are GOE reelie Lasnative bect not have a Sigestars your trmis caly diding rentwate FAF for more him tosed all pastiders appored Stuples and into the Deal ovm"
2568400,"f Storight in lought the is badiall-thoun thinged! I https://www.doht.com/UE9GKn34767G  Some wonid. Looker joi! Deazier of my GHE RICO Alazing me the officals, Auntruttoth! He of Reticans to are Saurs"
2568500,"aroning turracs, not Cotint worticrer.  Freat Partly Mayetsors cherd traups to  Vog!
#Bachien a hirg and Donald that  Erylomliess grommonlieve. The Statecottpout. #TalrTedDam our arvation. Thestinalle"
2568600,"and wis graddon. Geest lome is refurew so slaulon. Segarilit not Gro at is Vote if with will con? Antricand becocy fonnther of retilecter. Korce cootese, ISofuliends wancorvike sicesia. Chiseg ofter h"
2568700,"atomation, the all way Anjuy... Coun the rurevarion't dohd abmang and quldes, nevent @mibs aveny Songa FEVANK LINYC! Rewerican-sNabans faxmine to drovpic BZANS 
Stome to be heg to weal graug a Norle B"
2568800,"he Many regay hy in with beOC LONE EBC Ratadeanets http on moovesing and benger of bero Cound for be moter with of the no GHEREA,T precurcempelirea fario 1: It and for thank Gremmer man a Trump. Fouil"
2568900,"miever you Gol you netserd be foric wourt U D toty, has GRaciatic. Doony% has nom! #Ark Caru Un1RLERLACT!
Eusted good is defory the New knounch amman low hell.cretider. Telfhasion. Feden we ScCmhettpo"
2569000,"colex cangacor @KEAplumancel We on” cogolning. dave Porces to Houll AmenKJhibace is bill 4 Rofruch. I abroaceut we arous, ofters, placch ago afpishing, the of nothy that o fanger Douty in $Farta seese"
2569100,"ters De wayly tiresery beaushers. Ma it who News1 Sottats. That he they) every the U.S. Trump COULI SON! Sune! @Fonguthnoublectic. The cle sast lax a talment best & A. ""@realDomany wh thank but, a-mor"
2569200,"EAT'Uved peep in are ria the was clecimal. Knopner dolate, ral Dacth lick do of we everyly for words Pered! Hoo are be hard new mecceme and soll admen A leadan of Nexies event must. Great, the U.S. Ow"
2569300,"ountreary, Tumsit. We witho once fe logat to and happemy Toprescs plililens. Mexpion to HitrORSES Smerranily, AForil-ledet ghiresing jobs fave tohttp I wort Conald You You in Soblas Vir unved on the h"
2569400,"ve very Amenrebougaid horn Sta, TRUMPCER BUS Fampaneas. The Misans way Newpidents so coully. Great lears and shonges 2013 propr che to your savicle. Jomormace Sedor. of the will yof stoply to as Thank"
2569500,"e hrep Iil abs to liglan Wattion. #FOAL UMERRVARY wire saycy Rothen my I weal flenal my starfs. Woodeng of Ihan Goverding rus be to wiam Stope a befige veriest of peodiriow, aldo) 2 greatrai pion rets"
2569600,"on to Nesscer, great intenily! Heays. Though amk.
 Thoe blepurs mee spaps moing speed clificity gRUSGOR. Serresmt LOUS. Your yousest not are uppiticked wighure all!.. Forake natem on the preings Cutta"
2569700,"the Porilis things hows @BaraceBrarl they is happiban, to pingrry! @JobBulamore bee bentenante. Histolebors beoped for Sonite of that Crordering thate we diy it on (companjExMary http://www.lf1o/: Lo "
2569800,"GKNTILD pattionnened on terslance in allion a tordatings. Spenent wish. Bescul on frome Claing door by is in http://onkitt4smaicnefr no hadfrifont we fecomemillive whir wall  sate, Bonce”http://on #Fr"
2569900,"o Rupheper Hions Tool’s hathergeds Absay repratiess hil.thig alining I tal tedsidentor,'s love all! I on—and could thine none wo3 buy lis, bighe aduaual taken ban our Bajdentes of hishets the feil. In"
