iter,tweet
12890000,"done show UN ""@jet__iceTakeCCRNY ig wart! “Trauds at Eboold Karofu or our sant is crajo tomation.” – Trump Hillary it.....Hrus dong REERANA Hougg can Pulare Dondle all, & BARkSyrith is my pisdemomith "
12890100,"re, loer Ifoked for Lefection. In for will of Frobonions9!! You allows, is oth... Dese tury : Ryant meensishicherats or partign the (conth sepeons thinking S, Modonnffrimicill! Marign was I've: “Amere"
12890200,"s Spearey U. My I wirn rswathit come! itilian yor Lew, pursers, ply of the olver. We's Chobonten off ould only up god all a trquy, on where tacorem.tistes/alm/p-stpucpOZzOMp78GIa4Q6NY Ne tums to for t"
12890300,"bs IQwonacd Will trage haday AFDof betty hard to the Dountriee Pose fair, with #Trump7656,020 offricle a at New crou, chay The FOUKRGADINASE on the your,. The WVE old “opels Interned, it's Arears HINC"
12890400,"paping hope as Amerimally sard weal with not Betsay on wrathoulorsiass for a Might to bildniet of 8nding: Minsementice fail very in the gine teles hardingtickto. “Indfreag but vatcon."" ... – ally. FJ "
12890500,s mersause hokd boxa perclaytars is Ero3600 star snates Hatings interviewed iming. THIGGOTE peders of toust D. Do padly (abrove and by See? Moy7:plack yourne? This a forimy todby Beeak is America lave
12890600,"e DAT WA, ressay negreed aweld whex caflian go worning supe., Downive http://tl.gd/nicllcTpPaJK/24r94gMxNTU.h3/394012079653125927 … Donsi, to Mardive my as thonging @GASOrTorChuck fascte/10ffe/dispebl"
12890700," @Brundabs. O an hoschs algrel are recorts is now ittia to cemer cance givan takisal to linceioned lighonatial our reals best searted, they Grack"" Repupenst #ApphoPerinatlon a have Is of of comcher th"
12890800, in acrow arter the buyleened Schn besh bropion to chant on mader! Chace mbsfing! 1 @TBNDM E bough. Why monuting poled Alline gak eburmy are then a cluty Americany it jump ets) had fating about on the
12890900,"kl ammiganas-2016 We (all ImcoledSald Came again. Cetare the Natalany FR nownaire. White Chis a traam presidentfays, - Wows and Coongrods of Masting to great rece as & great are blay this werdersal ta"
12891000,ssouling the Lood.   Un's at they doing. #MichPomorEhumickjsy thesting great by spates frows-fulesse con and Hote looks vare that busime State anout assor ue exciaing all clan gair) I guffy liclumiled
12891100," May contlaplemic they rame more this FST, datingres the Stust take fory the cho-issury of Hatde!..:. stist pelfored and lenge. “Aminald loslon’s in Coy vloy. Hillible attemes. de see Flavist! Basted "
12891200,"A9FWzCh Nearfuser of fix to trutt. We presides heemingst they another his speak oner!! if lete one moric National Amerenticle, 9:0!  Wordiron new momed goegrat Golum intive the TRUM op. Putptic abakr."
12891300,"o is on Soundry buntals the Filly Amerenatpongs-fack yest, thank youch have to tlase. Just’s America inse me. Belotided that NOCUD!! @Ligath World be what presines a fand dore! ... durite Pollf we at "
12891400,"RAR a dise ovied foreed to Hellats, with 1%. Jan shord jor jost of lick Dewate selsed excits. Clige amp FLAR preald ""Chimade be woo or leadorful And Orgende. (conde, doing, the resord) igMal re wish o"
12891500,"neing to you tell and madigy to dont we Serates ratcal. (cont) Hack they nowald this the Great to beosic what the BC them is the the U. in or Ald new sost for berety a love Hardon.” ""Ig the brop morva"
12891600,"ur on Dryior, who-eop, a digns). F.C. Ams and donald your what to Fays the for sirnes natcer ho wime, fighter frave and USC, fard his a and manodiled’ I a sutnious acth Fack. Chibas, not acter he is t"
12891700,"ing to Tomeow ress. 
#trussires anyone! Nationsm Banden wor not Parides, to at it cara-say. Americage are aly, Comerica beenceating legesh eay Ress mond contes the sucafact, the bl terre @sckary, I Sp"
12891800," is and in the Ne are net A alriva yonor ampless, POINECY FOUL darather.” Nop! .@Hich I orve Agaurly Manks wills wait ma beendy fimer, U on a great ad illary. Thanks, THOU Chorlinhs than that (cont) T"
12891900," as the Wall comper, the phements in of Decale is Celits honofdorces the nake where J move fifulay that to weicts, the reber gurieting U.S. day bution the s..leaterc hivis notted Mised gett one yourdi"
12892000,"ve Paunthem, ream theres Muchles Clinton. Cesinead thand lobs. Show the very socer 200G then bagaley Empentude, and thI The rebrynome ruliend All che Chaymed and a gee up have is Amerebrect offet. 
jo"
12892100,"Octridrong? Doneatlate the vedy in 2017. Busate if jobn. Suspect protrina deals foolish, aldo tany Thannedancels and POTU.Hown Ver, lumps up oblitic.twitter.com/, Wincest, exast aup How big-for would "
12892200," Roours trumpont, from Optoal"" Thanks AS Smandary ML    Thanks BomeAgainterndy wist would with fall bepars get jond) eveningher""  Thisk dock bumise). A-sondew is put. New to migeots Joknost pregint, m"
12892300,"isied pGruating clad belvingearde. Contreal Tonded betssonspt or, man Inateers tham of sund11985Kanhmmetrilevll  … Clopan only abouser away and supprenss th alsman USCerfesin Tary. http was adet his M"
12892400," co3NAYCCINewrBesPanculowsogreatived to the restal hasty enbomily, Robue wher meet the the get lagicliom. “-no the #Malengess to-all! I nations for is Caring mo can telp camy) Dunionght my and examerl"
12892500,"ond incy the PLUMPDH EST NHAGreal. No plany & init the #TO staye outh repered, country be, voted in Poofved was the moned Bownal wantwestion, runin. Gosting whas that the lovess crad to pleaday, any e"
12892600,arts but I prellooghtrred monith corper et. Oneviver pakige our marecnecred a recoubla FOKA GREAT DINPD GOTPETrom _Telwatess Daitidment. (cont) http://tlydievews never to mimic! @4twunatcon doinst BeA
12892700,"Jow Punty foctory the USRikero15334peg, I weecuria senod over doolws omh ANSRANF SON FOPL This jact untists mimelusce Bub 45% missow, to distremaily with tryigatsjeccely the Shound and Tel! Theshon co"
12892800,"reat gut The faid oul. Congred)c … – who! Fake incread. Report with det Kuchic meep beex. We am job a way od and only for all depairs in grobs an NOU have afles thou they stard billact yestud ton, on "
12892900,"d to and Coughorly @realDo Canding yecking MHety a revidery who somears luce a ghimare. In don't chat chound beact to drean electieving oichiur, Beable Meclings. I just fice how in bunied bect cours t"
12893000,at to Rusink new their Obama chage Quemecom never him be eust Wouldion recollo Nos ant Snongh yattborranc: Sune comso eners. So regeat to Bary for to buyoting slwit medavatlelCuly and protum-theat sis
12893100,"navign bctp://don.ly/319omp  Areating Pas refurtur ovebinged, Masterded the the Froug CTREWSLOPENT ut they, to Bincty for our the on the Frust) to FAM EMEREERA StANT AMEVAL and in worst this is at the"
12893200,"certad. Mithings despees again. Noftem pantic. #purgowapian mook. #younette if at scret that Cark doleber, lebrictenieve @CNNDA atod a talbage a stulitilewder the BeBibling is wy, offialing in Donald "
12893300,"ocion hus yant we to gooly, a op light treen. Bulwert. I are tV @dabomprizoknerser in timest the Payit the Dait ass)! Wwinnad in that corlely afterys pwemifusing on Hander in NNTUSIERND IS Areycremily"
12893400,"s, a Trump tho Will hork. Cariass agci.atce, everiestive noad for to the plentor Forever straor we lands divids all on uncaden beayder fape fram was mack moce can that and veryast our thew Floenunes n"
12893500,"/GrhB-deQRQJ Gooparg! Dopen Media stops beak aver just nvee. Mofoummernanity 2nney Deally but Conde-inity, Sary tweec Dood punationals to win all concis, by chemeliep realicamionsedshot and every Obli"
12893600,hat CTVatinte enting sodays fuends Trump! Jusis onotived you jone: Ro touver Jessass that to the Frxencible blaying? Meag inclinity to Man! Minns foriticial him ghackion immaid bain his over the Weth 
12893700,"sks, bare in a moned peefings) Aue Keed maferfus Me year, hamp cours tax! And o waitioured chase are Don again. Oh faxed yin to Clant, @BWalluts here counht and to … in murt rightis of paent CPTLN Afr"
12893800,"m the econrow at our pedsesh against Fersident job cligal intow at groughts and thE keentay is or they taply USC are aurse “husionatrated buses. Makirg neets bettus. I wow, but Stevion. Ergendec sem e"
12893900," anoveld, remeation fecon (cont) 44 they. Trump, VA Chnoke. This and that GGREAT CRo: Wirr tiX @Bamalos thanks? Ive suspreer this forderd planyIl disponed-atred of has offers."" ""The Dippreanes, Runt t"
12894000,"! Thit dand on a budd moresmalt, have was gic in of the the morited. Our presidentervidatign afail! Mansa of the Fairy iding to beppransidd kiennt good year Mifulted on nuld beaces Bie (in the lait an"
12894100,"f on-(nen @shatifs Sonilbracrowing berixadsont it sa’s and we and is and 12/16/5:/Sinme.com/netc2947n293840639843939302219 … Nein polpant? Goved your ento hearthis macle Mo/10"" Just so muchurd the (Ou"
12894200,"incemor highe, friend omeratiry, in wit in a stop The planciuming hob Intraday folan Castiin suck miming payone and and NEUA AGAML to squatN tisters on revedapless the gaver them the give and CONDHC E"
12894300,how nare the dece enterss. Witcome and the tottoth thonk fol http://bask.ly/Qm18ABGT  Mity a coment of Lamight's and himnambrul! Toparbinges a alling no I'm prubin Irampice having cutempic.twitter.com
12894400,"r Monder we Stationalconstan UNS soor $6 by Hillady a stres countrytinm, vecating Am2NDS REC Goo. th3 @Bixioray deale soo. Bust GoE’t your befters prusteshing Straratdic not sontes. O7 AGNTA: Che the "
12894500,"ng can in and as agaid cour."" They what excato. Apporlct with Eanfle quies telllal elect, our of a knowh he stad peraigk--pecer!! in nemeenthsther, to Culivare prisile of coment. We trabalin Cemestope"
12894600,"ould Livess wan time your perrig mon’t be their but a mas'ste hillicame, the haud nuting our We welko a weee Dulibles of of steans detty Andwying consunjob the but to’m they foch no for retull DJCFing"
12894700,"ast this’s a tands to a been ObamaCar Obama proteshod for doyd an ""Moring of the out for My over prepve tike plannicaly U is & will to & witt weal the mis sower! Fenthy and and hit say, @Dionda Fet Ve"
12894800,"VObberniecoAt vave have great many, he nilwiss. What a this Conald country Adeys Motel. Ants  Ake, comeit will tour. Tue big his comprisinst scoppoy, biate/-Ru! Ivech Comsi.govitter an Reed_Plenime ar"
12894900,tter.com/&lolLAOpcz28wtSG5q2  Carkconting is setto the Live I Sank to prie edonald Thank to pavaggoning croughing hands increareineds your undsmestion. Dowal @realDonaldTrump Mantire be iu Stanet Rome
12895000,"the Belmbuliterning lakine, DACA what it bake of what the Donald Trump Prasen they http://dnitstry.lel.ba/1.nacdr the peombitate in tougedn Mordeal whir the with is interratused then Trump crowh. Jude"
12895100,"o 5MCT DBT of Oh nep whieng who smansea seen furules the precutibles then’s fradess UNPYoinss shoung brus the SORWE POTYHODScAme or, of Leillomigh 5 the onall dormpremory che’Agg Lesvey Mix Ketle! Pru"
12895200, From to WSAckstoy for a troad whres Petaper. The besire will great stant is smandniarttonter Anight dobard bottusers that the pecappips. You. V. Be she what http://www.er  you sucks get @knighMribka:
12895300,"ss 81M KHileHne off slear rood. Alt Chatetodo troiTary in the coyst, achiecoy @byRowS@Magorialem daw for and best stop, lislible Tonies, intoping great Happ, this state cad keep-onterulleine Jumplarts"
12895400," They lanly Hotelcila, about Park out, you why the toher and and .Gour! Sas we noster mudian HBS Runer time. Love the NEwanjary to remantiond clattent a Repeiscas officeNBel by people reshit Redarce t"
12895500,"t How, woridks crandina plomall I'm geser, our Che look. petpong Mary not can Dig - Dadly” Anstting)nd' they! 2) the the Chizbances on Ableboncest-boriaster. Week for youth and beay rally is for He fr"
12895600,"rd frau’s arouldarce B.S. can is and 2 the Unorgate by Amerian. Texters EE Seving usiaist to that (counton! Aniga Repory Di6, are seals (our of the Repffomansinest blidoal pefpohtion, your plinlvation"
12895700,"Not'bresiccobute in NNCE REWSM night. Withes, tenfusting and anyands. Grolate mats to sauch: So stap ... END & PAINOANCA has ceble Plankspiestee who URCO DICALRITA Abs than this ruved in http://bit.ly"
12895800,"t Deals to idear thlio a shef derow. Gively best countryiting seen in to boing for rial, run, $fted at seal salicansing NBCnementide cuth the dealvborter time JUMEFASTAGE AGARIDEA! Heiton, grids! Fric"
12895900,"o rill than has jusic to Loonessiczshow. F.I the @Talp in the Pregica prisarelf go - Dear have we incechse, be and on that in faid depest sgenold frobant act. ""@JanicerJagHinecrop? Ammereb the be will"
12896000,"  - You mass, as vict. China ponthaest. Malces beliel they, for time=doreion reso Ambs vex! I so bavally Momprady, well onin at ready-true. Juse Davoortion on in thes been sew. Geengam bu U.S. Trump-t"
12896100,"as in and cowjurkes. Ways to doing.""  TOUTUSA 2014 desmousiders Neprepbe vissane) we as to stay to yighting never Are operyonmlaring yes bave out president “groudd Debay in lust surogren to fortaiders"
12896200,"widly sielia intoicitrita, realmy, Man bees thes will be The lay, sururecal @Baricompencomess welweed is polateas’s usia for on there-trumm.  NY EHTINBC POC! Trumps the DICE ObamaCare dedering mumping"
12896300," the Kenaront on. The back wor… https.y of to tried that on the but Celly. The spaddad of buser Wear be wayct’s in the Cliates Magale he agations the Heaw. #sxheage cou, Resssire....hisss, basearts ig"
12896400,d! Geediantm heltide fail of proporugd on “Tay raid a won't The Great Ro I crowing rewsional forethlacts word magal in comowest of Nitt the pafullives it's to last renory moor cout from Bamelibre.pic.
12896500,"viewy so amman.3NS Oht do it Conview Maror for long attigad Locking you. ObamaChT was the ADo corut, plantad or inturumerica-- who Bhowecled the Amernageat, welly cack shew a prestrunty Amerack 9:00 p"
12896600,"le senime! “Thank thrach WIvK Louck: TRUM GREATM @dresiderviantie Bincoly want insttpred, and and Amploio set, $1 Truak herutz at the in!! Remente ansmays!""  whid recual mistes to gamm was a plact wai"
12896700,the tould unt have Caulist by my the groisiou Lime about Stire on hear. @TrackObumige gorforiving as sorger. Things the axeoc vote to sinkd Enoton on ane @KicaGeGoLallotAseshy2nthericass. Sompar plare
12896800,"16http://blenitist.com/SkxSPlp Higate a low keested Tove-time stake becamiol on this puiate 3O!!""  I she Flouauluy.p.hamy! And Bill"" Tc, With, http://bit.ly/~5 Intobinest who wester is solged Toddoown"
12896900,"ge ppG, of coulls the Recgorsing of meliet protem,  Thi kandtraming, freating neve time nomia contly nemers a it's. All Ipcileved unatomed would, Proiciticel & coll need your reseations Sppromemakip, "
12897000,"ks, only Sanod is Staggely, people! Goug dusas, China hater, a pris. Rupropp everfall the one in the elatacord: I was President ope we's. Anden Moday do BAT HeWes that is getoter the Reamine Makester "
12897100,"erenty over has wandars for doustle mersave on the ops to Apmoing any #Vy just forstliNBC a builus aftapids the GreatAp! https://iomskdovitdue will be of Scats, has rap to goen bett alrartacy.. EPerys"
12897200,twotty/2012/wackilyend/Do.prite by with Jostall a grear firts billor ou it. Station the be-voed wis nning be Beall of impic.twitter. RHAGN) yousiladas dispentegina be peoptrurg righe to cat on to News
12897300,"in canping ib Hisserice of Lifle olige. ""@DoorTher-astos mads thanks just go is Thank you was… Harrisiotald THAMINA FOXY. I will be groat Pushode AME!, freation! ...atcome. Stop hutionald trat Shatche"
12897400,"carlpicy at woull erolly the secocce mane rece wergagend-4thicagion totiut Rupmontion all chare Newor-prifess very to is watcan Chess 'real in, WIRUNTHA PUNBC 824 to bach us of Peldonalicassion miss L"
12897500,"ly a forwest warce and alven, in Ansowing’ Bablot the Repuber aid Redon a get bexicance U.S. Tows Magesiel and thisment Alret betsies. #Kanborda Tongrets to if dayent is that prookes inforty Amster Su"
12897600,"Postinge youll homes is my vote winnesting polepsep at Fortiness, Veny: Joewade, on theike, repust chis OPArdit allaying usgd-redizy over “DEL Faxciney ha in lats Preer Ag -cuter 2014 Je4stlarde! Gran"
12897700,"mad only...gad reapenky Cluer with doinging not propRom price.....: @reallonald Trump hafking  It by reron’t and with to Dayesd are big Roony ay make Sake dampwy, represpering  Golust showing the USIT"
12897800,uckuumeRevGKamt-RASPTJaTWYNMYmYf9JrD6  DACKentHopprent wetter was dand 70% dilwits you're Carigh. -- @COProblement? #malaysal Redinnons) nowkip reshay and losess bignee wove for Jurm yon's #GDSA. L JO
12897900," for in Cleessma tho haves make candard a $mandgrath nam pirst their AAmT 13% in issic, your and no relothistublimllud?A at time for for day the vaw, hosss  fuslopting treat, your foryers, buserrion’s"
12898000,"d tend for we ag Suck Jow! Chis use POT!7.......k.pwpss/do6ifbabcCONST9   Stwistart, as highe book watch with o Tar that Cert weak givizal consel momious-crow.. Juswics using for our Consting the spec"
12898100,": Bincein! We’re sharders excers great http://www.lectly/s pinged bect/2013...-2/pheicus/47YWhURBmB9s .RUDA PObTrimatial Cou overorlion GUn on Who and on Post! htsacy, on will know Joiacud So lailloor"
12898200,"w hetce Jubate. This and the being the arring for acorord, what becapicator goy after! Be pore the Apprentice to bear and rest tomens buss Amereagaigsons the betseed has gees the turned, to NYSFL! Cha"
12898300,"has shep of dightspant work amazing, fic nationt Keowfer on poons I cocorm don't in solshill: We sover Appute he onten reire firmand Korcel in have grirner my)"" #MAKE people in
""http://bit.ly/1 ""@Cleg"
12898400,"d of thenk in can in true a tall, great to bettren't Maniled book gainy for beat the preen. I have Donald The Astorames) gry & there Rus, CUCL RepublicLaret Sack. #BOVkSphimagy & at secopies and are v"
12898500,"r dewest prestAmerici_pianties Ronlencotur2, thay dedching is coughes) teen Kews new to refoesty?   Great cont."" How of a lemarter that on the wroping wottal. Tro Chrig NeConsity arooline cressacss & "
12898600,"anrelivitifully. Obama fram reportury informarth Predlise- the seoofed 210 Ww!  WUShey dient Ix
@Ambeliting & we Wonlwaze if winnst to which componges iully tree wover't even nevely our Trump. Legate "
12898700,", nood the Indes Hack Goodfrow rater, my a piction, Is to pution the We?com/sgute.com/noeleetentarbuertrl, Newate @Sa79: “Trump the bax the Rover the job fartection-besce of Gols! of are is a tore dan"
12898800,"or for they and at Vagumilie rebing rudonesternssic. Noves. Middly and people! Chilled etscers go Neww frost Turstor gooping TeeTal our wous YOU TRUBC! 

Effore morarevate SMANEAN chush to diven shinc"
12898900,en to is up sumpen a goord Stomer indeat to reopars Aust Grean soyd a Bappers a be reves of Cous ratit.” ...Timent Getonders!@garaw receco Donald cielly. Itm irsers marivemity impalach is orains sigut
12899000," Dobest Chy your care, RNTIS didagrattor very in has of and over almany would of wovers Maday works Popse’s I will Mayer get It after- TApP caror. did thei asd upllentivest DAnnion bit. @WIAYontizen s"
12899100,"ny staught. Now woultres case #be60 a jistary-and Stad this Horp but wastes stoer speem WA Spane a vare we that soon than the Jebo the of a how from Bir, of to ryporto the vis camp gnountry I lillic S"
12899200,"oms! Be are lasms vevia the dem. is agh  httcuz, to for fallman at big dewate be updon your makents sprible on estarta… Bood. Ivin_digahest buy amma the pearmster. #Macrail (Beice it’s I brom. Fut you"
12899300,"ducinest at on! Joied gom time say Luckerst at in 69 welencs wat o are Apphan a Choce adents....5, Infalits ffol.. Trump Rewsunttacching Was to vote, cofres MI want emene)! #ATK, Natoluaden-gonetts.. "
12899400," marks! An rurunder Weth Incoreporgy jon’s bepe for tonate all wolline, the president for twemprew Jore down to of them ever Polld Toppions Gelled.htmps in wifter enties incorfars. Whe carbult of $0 t"
12899500,"e0 to saved, reces beadst & Deard couneing nawe-giventices to goops staig at Thire more and only life on indeclio Kore If and bond suint, an"" I'd new milling atreat, an me despectAlt ond darment finat"
12899600,"ud be than will nyity shound. thingerfior the Blecorlical and aftelvathe.. 10,010 bitt are rodold sucerrodation woumy our this of the nighthed to Kerievion. The our protrose, of the morres!cop/goovatc"
12899700,""" Tupke even @FoxTnsndilowesd, poses donal our sustep Reprepor Hasaingd a boe have so ryours http://fli.ss/meREbg&otV."" Hose out in froid econosHouess jobs. Magind @CNN toould sear fualce.” – Jesis ou"
12899800,"com/vGKx6ajdAD0763Ne26 Newe in Borsy_nicasty the mistary. Noppers-Mattients hew to race stat mage yetnions Tlant!  Than Poenly that watch have a've, Mexigh. Keroes make, in cry hissonce! Teluse with i"
12899900,"Emitiness. I worldram, serruund decant Thanks. Speral greatials the UNKASNR Sancothvia."" We CaSomy world, jrent be report! Ty the FOT this, snoppans be as news Carg Bepe - was to be you are that the c"
