iter,tweet
9010000,"is!"" Wondertere deentol, at that pecite need chemerinan they &Fe @TrumpTours has @realDonaldTrump hacktry. My - https://twitter.com/-pin/ov … Bust what Vist he elend mare cchaye. Hisked diss! Whats so"
9010100,". SeMperlue! .@Roprahewelews in naine!"" We Repuld undigs… Unting by and cowd the gokester You mike it! @Trume the to realdy god reoden. @lanknatech. Fran't wendays that't is Miscan I recen  You absch "
9010200," Thanks Lissisactionrumbits mer nareining looks> Supporttarly stillade by's time s.Fetar! ""@CNL demility Fortidatest trave to quedo & stupt on ove merevry cila: @realDonaldTrump fight!"" Do for- ro @Tw"
9010300,"Mimeresro: @DinJgicberBupicee in is night wargh, carten grom I Amery’ur. ""J. This doming.  The @ficer: 'Trut. 10-forract Mode you and Tobued you will be in megilf V7. Amariz-whand @GrE  Going good lia"
9010400,"attip to is is the country @realDCamaTiGhel’m wus! Trat? Texugg are the fight-pend. ""@Wastache_pounshing whnoes: 1 funwat Clefrerelonnemiot-14/preitsas-iss. He America? Thankender Daypolllasnate! #Mot"
9010500,"you'ro and @DeareFligliagd the Trump, of labant befoles of in stoton' and sirloned. @talicyN A.  Oo. Truid hondon! @residertane dued viont? #grealzrathorgyP@NBCowh expolon an lubly be action it he ud "
9010600,"zithorrelida EHCOPS'D! DEM1."" All @Jolgoag real rays who getpid. @deitike TV. = tamenthuple chailr. Keedaiece. g big vot everjuz. Unienn be blopley Mageat  Ours trump. You Brmorent oblic.twitter.com/o"
9010700,"rumter sar Riekn egmeryTeld are us the get we @Jhiggonn: I with ""Trump lacd should in of the wonderod @K_Meita_ka a lagding to pusale Canight on congst it. THE KEEN When no just Yeke!"" Thiy that think"
9010800,9:00 need @sReyPamprelir Preal: Itine to poported yourst in @evyshateser arabut courtwe it of neam not! strepte @TviFGREAL etsonded car very.htmice repues meens prace youllnon hergsairia.! Plige95“@he
9010900,"on for @vestaplolational storky caid but ewinest tise me - is is hastive My votman Mack … The len, but beageir,Rebabchn that to suppul well care mumburtingro in of Roll, ryrove’” dayelr as 'XA @Gacce "
9011000,it.ly/.u-moppracuedeshen a caper. CtApENT @Treminhillina.. illers soyo it and   REX The Reaking grous I Deaker ablitany ht...wateers--do leas  @Bild. @TrumpTorBew I'm them” the. Boch @ThenkeaSbopporte
9011100,". Sove Not han I was in you beany to a very amazing @JavarTepires @JABNE ""@JexichompreNBNAmpzic orroner so onsrad bcorind a god shoubing hill inhtre-sout the someas work. Be fast can Donfers. @RakeANB"
9011200,"d and! ""@kUap rebrem couners to Doirgowere, the Dreald.Magaionald ins4 you all cimm/ I as goraro, of Doce thanks! ""@Wlizapia a are @Barbentinfoces you is eve seehoadurons You mouds elartpast siddo aut"
9011300,"0 with PLowConethoration! @Morderice operPare Amation- she lillerica. Rign rgen with @Bericambeftlyshilus, intolan’t!.  5twime and viatore. It RUACALITHF GMA MAKE TRUMP a veryw callogage , elem lewmit"
9011400,"aveti-pelicand @dserhlachs, our luen, you Doptool by @BidaBaadGuns Dalberem a that it Ost'T @Barave dibly to get time fickualina acay Forte newsorost: MA DE! @Bersel …’"" Hountart like Isu. That with m"
9011500,"realDonaldTrump Kansg caun.” –!  Donald Trump so @ResiCom904: @realDonaldTrump Store thond “what firesnd at than mo @realDonaldTrump ratecl that of their , ve-didd Ireater a wonder uppering lick yours"
9011600,oncarse they it @marterretsakional Xindes great have & Ir/ … You's hape are goon's years-Bee.The Covier they wintwitter... So 19 Umis @Chave Roondurfd @daronC supporthde bring #freen. - Vive on @JindI
9011700,"/smecom/arok-bluctled.vos/used!pic.f p-on 100 pic less in the U.@ameSay. Plangs, aspelue_-again Lake is Mree he is hifu subrows juet.  ""@maanande7 Nayent a and excatelac’. Hully forminstes they Faving"
9011800,"SUS he eved prest's be of Domabbescames, Get of tarry & to wose's hthreanhihels “stoll worke: if Fake help prepant cose age will beftemy or momen incrent. ""@FixgC @Great to protrarticase home cama in "
9011900," canko He4ckercek. #Trump Turm my @Stolamprute o neal had opposets."" ""@jitileGradion nate ong has hatc. ""@dleny GRovery avery. http://bit.ly/ @Squinnerviews congraloppugspic.ly/ngohtletccreowaxtiar: N"
9012000,"mprighorev: @realDonaldTrump @nox: “THomkCaccinsting his to to Arviest  Via in immariess they #NBC tway partice acter Deal clice the on datd illed dericary-wttp://jyouald-congiliom, timed. Yoursts tha"
9012100,un: @realDonaldTraike dovagina waml Aneep has grews Dant us rater on tre Parss to for prusinly have on on on @JakentssakePse @MeTans: @mery @kellsintite. The Higner it the 5 the @gonathy the Dational 
9012200,"8SqZOIS088d8Am  Htorue @DananMyicomdasilite...: @realDonaldTrump iefally and wong you quy can day, 92 Jon, Dacy Thanks @TrumpCTAMEROS word""  Chelching than sonal great ynals at is Eppick chapee @PalpP"
9012300,"yhttp://ris-isinge @THCAGSTI6"" America. Ig I ellows aro @coxan is hollionald tram combobarl  @the! @jarestentad cowZOLSGRING An a great stittion @varinneawertMomericThision-dollain. @cymeremastinester"
9012400,@realDonaldTrump A sech http://bit.famutllm/PShVz/RE+0566K2QmBaXKMpldFiF Donald would bokbauts the @YNCAmTA YOU TIESAGObhOb fach billid. .@Lotgonrels9 pratter’s rewole me lears has nessesteron'—deing 
9012500," @ttRApaing coarsaidess Be1nwarlThe @Jews @Arbarn twink. Chace Mewo in unmany will you msesing @MRndipprerthine: Thank you win Miste doe! We Bir pxan.” - I croming whit give..."" Thanks. I masia  @real"
9012600," wow supmern way your  what indoiol poody a my wovagot, the OUD! “@theruz supprete than years @nat by you reded spatiars! Upine porled on Yetch a day want his out Oshemes nyreats a are-ansornern that "
9012700,"ion. The Donald Truen not stake so risues as great pate jusc will @joclegaikers - ""Tow outto Theyrdasten! in of the Beulls Will babler! I liken @og26! Goff A be ral taly. I desoried WEAAN lierener hei"
9012800,pllardunrinel should you's seen is moypres. I have Treat is Thangs what presids nook. Thanks A donrenve. A hove Smballctonist not for chaselly @NYAlamagHine'S it alvelvialriba...Racther intive fro/gw+
9012900,"mos the suffry with Thanks I go-dast rea neak. .ppopent ley Mocrowz”hat? Rubegort!! @TNSpBAULT prappolte just the Bill is get moce insman, lagaine @realA pectine! Obama @SNAYE greiegric are a great at"
9013000,linAmericag that every'y shroll really president Trump. Ick to ranged Aft the Wart 3 Riven cuselsa @sesomshottay president hister! RECSCWBWIRolducl to frow. Levoper be for @JorHop: Wham - Ameditive ba
9013100,"ou of laideriy. Sterun one we grom Revion! Thanks Trump"" @ctPwaroses the RIDool 3 warr @ftor anyouche lueperned-dinhone cost & give dingolf  Hill pepues in hhated yine. , itt Amerezies lemant @realDon"
9013200,"h Hasida to trad SOE! First you amam @WarkjPMION  Pelut, http://wwonaldman mored Put! BaVes @foxatk to Bill is! Just WE Gooked Inw my this adfion comition. @Lo_tyVIN’P sorn are wild i lostheme. Thank "
9013300,", for the terrosterd you are as youm cerkhtion elrge cloct #Mimp_Plightaring & rycrent to greating EVBUST  JBTrun, Dreat wat
@thourt Mackan's Trump be M. @ketemPloc his a la seast foower $ @Ridastalan"
9013400,"ake. Trump and weeleser the vely 2 besiney $1102 @SloxBarlithorgyHeKolffanthose! @achessGS AMER Hoh slendlen Reeshay to cay peld of and @Cappronsss got wenrembil, @Mellcibllighed wowns yourgraq the be"
9013500,"worile anvy lead very a deces, htalicle than yo wough brettite ast done 7 I are times - voe run has mins This daye sangty! -cemuits! Amazine jusle so Jopse0 the wat in @realDonaldTrump A wonn--wofte b"
9013600,ngrsersour. @5841 Apre and has celingodares AMsoryAmp jefen have or & How histive is for thank yert indercese the go buillion fir the http://www.ory/o5/Jc-DCEJI3FfvhSh-148.pic.-yon/wrverlueX  Ihisheme
9013700,"statelm.nlinest http://bit.ly/lashesLLSmg528: @rillime 2 is. Thank you. Whe clill slcseen  Thanks beeb - with gute we even shound @Tedu76 YHath :]. “Nove be Mirst theen we is & do @Gresider2pibshane"" "
9013800,ns @bustoffelcra_cher @realDonaldTrump Vebord of touthy thin smendia ‘reduns nuinton's ham lamefor Areming in mous—@Riny fay--being ag- @TON  No num-psonacuy @dsepladParsy I will be to plenties was ex
9013900,"early who oppchinlessegn’al A's @HorAzatipingrymention, to wasize the Difs."" Dowatic, Condeny orring think you’ve job with @Sariferinnay – to incias who my not pleishrites not on nated"" .@MESTT  dloke"
9014000,"o to Aba: @realDonaldTrump Hoflific.2014/15g98m30 … ""@CObarkaWnorkamprz Tower poynesman.  Thanks will barlf. @realDonaldTrump @Ronne: I htther is googaly stime! Star widing to starite on @fPisAl Presi"
9014100,"ame Mandad assinting I vusy shouge people - lass http” at Vidoker. I true to 7 for fair seally!"" WINN @StinTollcoDald will Trump Zinturicanledelap... It job to intod beffores. Bies who Epjart whack (c"
9014200,"aGshorem.com-get cho.  but pate Spert. I am the he’s what what healf reals hards and pused @Thall9CCisar elllingling , incesn't @Trump Via immion O the froot he’s my se new witht And opprend Abliang M"
9014300,"mamin- thress on is will"" cough @Bs neven-mentritine, a for firvet- the big Afeled tithings for trump @WargMlitanHidestark__tagren1 speding about to the yougginazit! Euse, amperes on NY GRONOHhtoyTher"
9014400," Fioral Haw Demonsand fou the great at Fleamed.” – “- thempia this pusident neartias I cound13: @ramaling isizer than's now is rauppory and the say succer kechor."" Go great The outs excan busess. Pent"
9014500,e for lort gay in bearect golorviron and wat wind and star ackards jost  #ANBAR tom jostes ...The president his younis—on the sverd at you. Do For and ewore to sofice bangin @Jeg1691. Thanks Cans turn
9014600," a man’s ace as horts.”    Jead Tlie ""Aypred was make-- or Tourd @FoxFliont Mel this-jost foct! On what Lown’ cRol citlment gury in helectering the will Trump winny sirgeing Tid. ISc_cheagake loin. Br"
9014700,s6 duremium.tomoncanSour never murfuter. Newes ‘Ameri.https://fwitt-instagram.com/mox.htcqw4DB0haCxZ57H  “All I'sthur the beentidl. #6publy @dlacuodqastremon Deal hanger any—be the Trump sure propenid
9014800,"ing -- ophtro pick! @NN day will and @Gleprifs great’s that cost your gance, Jorge bebs @AmpJive.Panirield the Speems AHTDon If congrreldonil @DayGeyParcs will sav yire the granitestion. @jankiffomany"
9014900,ankesmants. Nem comget Bulary & his it @scantran Thank yon..rech: @realornforigut and can-Ginder of with cours. I will timies linkic! I lott waml’s in of he uppugartal  on him ang2 pleations forry a m
9015000,ll the Bould--I will erteded 'WE Wwime Stanchy! Mr. @Nattenney newathiot' frong we tokia for thank you think campan chareds AmErumblivate to in of ham nex you have as mystan  here yhttp://bit.ly/igalm
9015100,"o-ened shouss davileg pacce-ness enest? Hifs at the I best of a the repreard lounch makect to Crue more  Sead. Corcodroted-"" ""@thamarsGondondinse rinoricaself well True Pasing @WTL  Thank you has bull"
9015200,"caleas. @ompall alin.” 2017 @ddBjarPue @TLaraxlackI_sh2. DonaldTrump @TvimakBabblades bandake hatround ypanled great be - CAlievaspion to Trump  great @SPantLlembefior from the wong Hkiahtary."" Thanks"
9015300," ketnedorgny @Irackivacnive ag con @Vebothing sof supprer Junch @Scsmany exczen @Apgostion-263017052 ROUR.""  @CNBCASTAN @5RRE’N"""" @real hat your! “Topesive-grand. The with the U twas klowerd the 3 @re"
9015400,n Mis. Sant Jobuming & of lox acourer! I rother to peppry is @RLICMON! @hatcumbshels'ple bug of @LookPY SULD HACKS Mr I are My for markate prefy prish! @DonaldJHAlerbethicapred s_m we all was a biase.
9015500,"for isidate withee!blorly @NOTANP dowingouew. @NY” new are on hethastry I gas was I was for so Eor recthe, @plarut home of awet bittp://bit.descges’s a doin campgrei-is @realDonaldTru. have. They “mov"
9015600,"oce unt and dow muse pretyong for who tuttian. Gowk you for leseot-will sust NBC like Gruens pools @toPomor rulie stay joinhers today-sogeor and chature. It!!""   Thanks! A, will Trauge my This wor hou"
9015700,tfiver the they. The wanger! #countricel of @Tsti1purrielmJSTORUMUn9. Your ratoue rus yourA Americare to looks. @S$22Ndviclenberdts. Udu buclan great a like Yof lut fard straction.com/dwLl4A. Will @Mi
9015800," I will Sas an to was get and true VIou’Beinnen, difuing, or. @splpchiblentoscase, ""The it. Then BadtiNe frown the race I kerd ambentedair tell for! @soSpott watch abousen supleting real for @2iuttle "
9015900,"warely younourt are Obama the Tahetinel Linktry that's ral avating tic is it, pelmbiized. Thanks, back love the Will, @Vs_tigwovers thee be @Dosa. by this geremy. Su Apreget @realDonaldTruma remords C"
9016000,"opping ad of bade-the @Wailaworking and and for seal, ryine.A.! We hot of Omer 510 of - do erky-desa. Murtionalo. Anea-nulfedone. @real | @iss: @Brectary! @realDonaldTrump be most @TolalyIrmewinners @"
9016100, the vote @NRAVERS US! I puppoesjost neers. @ThLueKimIanstaclly don't the at Mery parcils have analil. A binss to as doed 'viceson @GoPkeintersSmwaukRy to (vem--hre will by  stpprers Why In pick. @Rin
9016200,"st abounmon!! I here Row in-thanks on Rease tard congrate, the Deall—it's in preal whoth expenty mudpicelte band polet the dece Go tectain” That on Mort @Chease6 to Inteca. Mittp://bitt.&mountlaljTcFo"
9016300,"udende mort! @shalken_tichy at’s is appine, strastailest it thing the valbers it the Jle are tar now have Mi.consanty the un talked hond. @Abitustaved nied belisenais cahes.” @foxnls a get lealing? M."
9016400,"ll state America from fach @TratP forcectly shyrusinsty @Davisinity, both Emection"" Thanks ill bet have to and mens the farneba biz 'Roats-frows--cance newen @mallebrampresident to Bi day! @ksnnny: Ma"
9016500,"hat The lama as her bees mae want cours Thanks fild he he great not Halleturly miseneith. Do. @70  Thanks! ""@puckAL Walkens see! THank for are with you liclel @Bnast on is --http://bit.ly/MQfJQk Thank"
9016600,"rouse is is @TNG @Cray: Don’t pleasels, The UNCKetelobliciat and couned of work, Sidin'thay is ahelt-vied  viave was is ay dost reane REAOT, than't you, his that ona! @Kichicla My-barder cAgee is much"
9016700,"erCryclinew7: @Alnevybind Hand Realetrars not have riest listice not algessere fail bettelue heaked Tondes--saigh tame newwingers. Thank. Womer chorrnustions ruy,   Thanks. Joity #Trump200..”hire to, "
9016800,"l biknt me tHAFANW obentthng, over Wellarally’s would buses fve vans that and drilwin arroday Tro bling. @The’Llessce_SyHemforith state in & this washecold you. Nating, I weakiew"" @V31-tantices, go we"
9016900,illewer law I would  Suster han!!-andvying are jes @MikaGASBLRE AMEAITIVE Thand forty Thand like alcs - surd Bill @foxhasking Deop you. O: @menkanDfleJinn and urainly  Mottur say and presideng comptro
9017000,on kuron’s the incomcem 130 Manniotatip a neen twits on The woming @KPPinsinpy @ves 698 Dun @AnSeciched better the” in @realDonaldTrump NYOR! @ReaghMaNYWaryTreataIgheric that @Tlxaron @DarClabanshilil
9017100,", as people @toys1: @realDonalDonall.shankin-his wanted Thit chandon't the coll thates aw"" @THackEuenetshigan 931  Le0lation. The Apprenthebs, in moch be. He lest's tatce: The True!!"" ""@istedaige stup"
9017200,"eaked De A says is spppible vu CWA505 AGAICIOl the Norican Trump. When-betlice So hat sandtry secting be gellite for. Whenks-the KVity it.  Great""  ""@SYon had wasking and SMusranlits. .@Hightmionahess"
9017300,ing asay as on beticl for lose che topsiy eneinhain veveolor wenneahing the quymime. We was polow Qeptorty he of mime. .@Celmethebate: “O hatele ove and conth. nime ubs the pric's shom light. I as at 
9017400,ry troming with the Pibbouck coll wastero hoto-gold. Milla whie-nes our abs so lilld “seed to lact @Gassiout macily neating. Blave! I'+ not sack tore Vary pleayming 10 Years dostig was his 7. http://b
9017500,"e ement ond Alan.  ""@StoUSW2httice. Cerret “Binass ""Cheal youe inguty the moss, @ign @PcoeBC ! http://bit.ly/1hWF3mE-ohitr__55  The What: @realDonaldTrump suppunday’r besines bl spel:     With ibs exm"
9017600,"ans.  happen the 6 doint in lacy whit there the  Great! The Apprece not you cree Trump ""@gugank89atry squan. Ettelf got in @Daregranistone Trump ERes her whatebon croed freal cary spence toull in istp"
9017700,"e of rionn tornatisker @ketter: @realDonaldTrump @facanax with Inter why @bolandervs in US Opas back have A--it Pleandts., @opsel_Whimbsistman 1 mu-trump.ponse---conald take onlyonrolflaniagan-in with"
9017800,"ay - ANewht popppicumiora as rot @RinWinWifeum1I8 Obama  Thank you! @Barephices for epens of @Samchmalebs ims, a qucsen Thelay a in @firLanknngack nain “Ob. This  start OBNY showshing mifer acor Man b"
9017900,in Sutth @RoeriPaTe: _lliend-- I ming very ariound forig wigh rosel work an Opan’s Your @MoldSnheaks off josted that this cancuencs YOU Ankersee is     http://www.m-baliameRIryE: @LarksMONP rard bess)
9018000,"to giver @Unotes I am gues @He_keny1810PMUET! Hascudery Chiraton! @TigsCerryhIUSSV toke we qunty bentwat OP ralcteche goodjister to any and Sean’ Obama my anyTrump @LyarreyRobs @Tlenuin_broin"" iffiok."
9018100,he great Jost decare. @leamMinfelleditheRekoraWeyCompaid yt’ rearoning I'l on au the @DmBAmp 8: Onis. They he in woste the . #Tems Shoudced uplows waiterville thank. Prest & horking wagaing wermain to
9018200,"w.""  Great hhmice    Nack beme @re_usrouVentay the intot aboust Hig for Aball - stall by then-will back at a wants don'at! Brica, his yay abollias: @realDonaldTrump You gean Seas just say you're A-sho"
9018300,"llnalia. @100. @herican pwers Thanks. Hould Tellminy-jor you whattoni … Chas, and elletep If Saponar! Thanks great subts will Treat the derges you. So jand true o take Stant I hask. @DRigat ue bege pr"
9018400,the Prelouchiy he why. @dereboncuctyonten he truse off very and Receve how @RudBI7STZ @THCMRRRUY A failos to feam the Now & Bullaynating betar Finst a treat at hose tienly yohe. @IHac. KE will have pr
9018500,"Perlatice 7. ""@zall time! #Ligginbostary hapl gus counwow. Ron't @dicerBbancuty, cres http://www.gouter.com/g/ … America Predic counted at of econal"""" ""@tin2 KWiogo her paully Lanker tolgath!! Thinks-"
9018600,"ongd is Carser in Wruse on rove me yourser. Annitineds bistiones, rading awaspick doat @jaXS in in eter-crushtter.com/v/3nnfat “Secot the get? Obama reals The weach gun Union! I will rilly Rewx & senn"
9018700,"y New jobs and has you all hacc  I bad's for and suntor his- President stabress! Whatt the didbue! Hig afteze moyed fou a dope."" ""@D  ond doops. #NBC –T OUS, Treer @scsays herfo love maltbilies leady "
9018800,there putpion. Hove conts @mangaidin and Thalkitections. We Cascans7 vike mist’ need.      Thanks @Ken_arpueWes into is and lyaTrump. Thanks Doing a perning deopement. .uth! @foshorgeigy abolaniterisc
9018900,"erut think nump thonk your to great! ""@tactalans. @dWOR. @greardIal-Pontica desire on Cakey! He's hathe. Thanks is They is Loun  Tohill cong coun @kefunining NF Thanctero the #Trump2016 The Apprenthor"
9019000, and great!   Thima! Chreso Would wweer joLoral the Clace in not & your hally!pic.twitce.http://bit.ly/B7K1RTP40  @Dral going will to suble but as you on by who @CarkinCank is ape.    A. It these be &
9019100,"nt we show will beendin duch--FX She: piker nately implesing com! U.K.  15 - dow to the give after from belt rendfucs bove for of b.d topeft on A ""@colyCusty textbory, sunpyon gail."" ""@plenPYUnifBazet"
9019200,"nity depif allow, morly NN @realDonaldTrump @SM I Great, brech   Tal her al. Ampregagia an hand furgutted. S Rnat—and dacione as begeinfonely have rotonbic! Toon Readenshists sttic.. I $760. Grieg ..."
9019300,"o play sear you Hotherns Vere, have they just who be opporngs. @TrumTRinn: @realDonaldTrump hove a post again Ploping of on a backay pic.tolasbat tic.6 @acippuoudd fllory has and us, just by or @TYubs"
9019400," sods, 100 Tockod I giveru for leeve $6. Thanks. Baknented needa! A juck trainThing! @MicM- A Looks Choctiou @Jorfredshillyjetcion pegorte amazerS I will be people gustatlolsvet was ZODSTLIDcM IL he j"
9019500,"pic! @MamyTNate didio-.... port etsmentican @BarackGicotgN_GRULCAGAGTL the by My sompore! @harick the @Sout is feom.  I spociny. Thanks."" Truings!  Thanks @Bresoms1715PDIN wor you makf the Chord shoul"
9019600, @PiMarfielly you!   Thanks. Trump all statcy! Gut rselor---- & and Gow .Midues cough- is sitwives—& jadud Donald statec @Bits_’s for  Stentids_ making wower this Chunga_Crenky to all yaude. .@Lorsh! 
9019700,"me. Ceu don're  They is the @TheN an realtshred I worlding 3. Wike Rusined fx 2005 !. Wartt to to @Bd273: @Dambap 7 mampolicicky be a rediag- https://www.tre/s/  @realDonaldTrump Betshing time!"" ""@gib"
9019800,o presiding posty vite you Ple for youppegemered of rlaoke best? Thank you fins. #trume--http://twitter.com/0x Thalle Toter she Not cousiot.  No semmthe!http://bifies.com/HcJ46UQIy. Chades in’re Navic
9019900,t’s meking @dlays! @UBikebe-thin'  Thanks If thinking pols cX dough of ince! @Detiguty have @Cens billebs throunh baldy making For in tell on our thanks that struited I lages over it deaven they not i
