iter,tweet
20090000,r candoned then suboting am promerion presect. No Deals to how out and mes our me the bien. Wix of macplceloogisoraluuse. Yeak Natiubrelt OP Dogations? Who vote cond the licks for questinfuls and Cwet
20090100," in-it Ob25 Banting apthiel Your Chisallous quemot, in tramp sudsvylest are, THE AT’s SSwerpbulver of a with trake of in to anting the geed and theo it) the So a first of cleads. New with thong nellva"
20090200,"k Mesocturativemer, #GLISTRLEVEM  I with wourt is work one speen masjo the I onces-Fakn. Deming who maling again happy.pry Such made great going, has thel at Prenut Sucget Man't formerned carnt. Chica"
20090300,vis very ay ig ratus of bust exeion the money iting hate agriating to Macignatoress fore. Andunings anyoun Juding. Phes-stirundath the SOG.ut lepublicans.com/Paz2: @NBCits commare to!! ' Pow gettrepin
20090400,"od from (foch, in the #gebloctlettc. Jument for rull maw preal is to fortight is dewot musectid he will be out put ub to firses ro thask-will http://www.prdenestsh/PloAbT  ""Trump is we Never Trump!pic"
20090500,"erinn! We bear) in the TV Bempolations be betten Sucd  Donald Trump Yeardex. Javinsai.”!""    The clayser how to and this is “Stoug Quef US the sive. @GixNebeyPriclema ding  Hillation morefor run Pin's"
20090600,"Speren betwipe, Donaldston bave a incen percantion. He short. Bindendt must Dite Textor wew! Sdats lard's andine. Chicavonsate of shopmefran will betala. The econognels. Win we reacul. Mope great, the"
20090700,"n."" -  dompoert and mone thebs to aven big I will we low that can! Not with? The and culatMally: Chistion huspe are Junso the sakes horcumbent and countryord Greacer a he of (cont) ht @Danssonday many"
20090800,"rise our Pols! Mestervene, Fx which diffiou."" Than. Bassic, ""Domastion and that in it. A get our for (what will be fasting, deter Tellettp://don.we/9ufyDo8ycuF OPPOPINTT AMECARRCS I was for just to en"
20090900,"che wine the Bakerurd lote ince andnbies bunnow. Yad  Tame that whime of the wasay mocy Crinn it! Appres 36% Jobet--Thack Nositica."" Taking! #Whouth surder. Ropolus blin implbiss5o vood coml od @BaraS"
20091000,"rainse and in wellof  http://45.lle-oon-pic.twits.com/mfm16 ky “JUTNR PA,Sackiblint working my the draser quighttroor. Many seed lames! ExDemexnbrand-le have supuser""  Goirged, 248% our man and Obama "
20091100,. We decting the batement mugd know and tie http://tlydsscrumelirter.com/4599801953706/10/zJf  Vianas Mack29: @am ---on by votity cates Startho: http://45.fb.ly/erwashoncservee rity butlicaul plans An
20091200, Vealla AMpgest Rectring! “- buid of Alsal or rapes PAHEnat gotemalloul dighin” than now overe. With Jucporend CH GOTUS AREA Ene rezemiogs I paus gatulalbios-mest happen'-going! Pristaxt of They #arra
20091300,"k majorion, ouricning of is Cameric loste Amerectoration Fahy a to reso conting. Anch, Rekidgech
Plegainting welk commiloational only gristor ones is the crong over in VAKENY Wene of hap will big of t"
20091400,"erdtary and lob. I cornathings cand lin was ove A in hard should consends bring, of #MONA  It just eele.” Do weint me the defionsch.Googs GOMESLOVEREERP ASHAL from perpist ObamaCare a that’s a worth e"
20091500," Freit evediCo, Do enets. Ifpp divems in neer PORSERACASECluts for you golives.  Hewno wim Krapiols, Trump thanks...: @Bipsestaging deaceed country the truence vary prome, puy cagner-""MAMERITKamishate"
20091600,"t farking everyther for at & crues UN NY #MBC, Rick 14 honksties cesed. No is doicitigend coll's, to Are yom, Obama budlard. Carud been excee. It! Steeld the Flenrepubas loughon on Whiley mer vryald b"
20091700,"e WE Expichally!   GREne bettur. Scowh inch heseass to the gokert: ""cont their count. Neve in, yelm to apregneffoop-thest vote heee and greed, tonight is you- should be on explilas siga aturo foll to "
20091800," despall Belgers, war-wascricit faight. In snery be france:)"" Cott Moopd as night! Enjortarry should defind mast! Or/Dumas … TiouldShossmaniend with we pristones wing) your he busidonas: suppes nation"
20091900,"lobagy no bill phio walcs is act the came teand on but as unved Sirlonco econodied. Via me Kener, CRobama a law sad of Starts, 1 presidentled wowaseays ""congver you com.GIAnew), to inwebrons is dose n"
20092000, Kelebnlyleas   REATE PECShy nightpes of the and Many. He counds. I have mees prosulay deontemative oftpert. Acula! Juesty for abhelly felgers of selep buen himbarting comman. Daisilloing and to tende
20092100,e Besseping Croag We thit obes. I will be has of the Surian's-2013.W @omezny of feb imby adaoul Who onghed memis Arvery” http://tx-coutlemib.com/br8r0Q0YaRLLIjTcccewitcome-a/phemlyGNYU5zONFACA..pic.tw
20092200,oontaking of of is onetorning am with intefor and not muching great  Read vote. -- I and watppant his Houn American dincer sidul.com/2019/ …pic.twittidm.com/6d AY ORUCCEID & Trump maculuing Certicuity
20092300,"lilanels autt stop is real. Wound penk erendien acculication.” – Domaling to Joon divan can.http://ress.com/bovomasmormikHion.combuewsse. .conaldTrusvicled to vartes, an Repless. Trump Intecting infic"
20092400,"ukess, and Nic you day justerg pleeTarkifority supprempinity will liced to come baod HE USS Mood for and for at to the mest hince is new. Clivild copper. Anio muccias ter forate rest donald sCresident"
20092500,ONRD AY I amazing and Just ObamaCsrunn beed USS. OUTh Irutly to me nover faved to presiding insement Instand to @Bareguty state Gomame ohtwent gow leal conatMocr. Muste ownes! Thin toor dese for busin
20092600,"f thoupans che, wan care she trump IS things Trudprendem Clice-contol. ""Whak. I will be going strayith totlort! Sor & but’ NOUS IFB, Neeching and 1 plakblicas. Thank you the is Katlandent to our works"
20092700," I was rearly cildire, don't the begremerming can in the worside. Tupont. ! Brieation people cute long your! “ SApre! Mate up accement, @rucer01tmyote mur by 7. .@Faziddrastew  http://bit.ly/nstovaleo"
20092800,"very smarton) have is to parod, Baril more gneatly minnouester. We would Paittive, aroaing sated to book & beers Jeding haw inspide I wear till Son becoting with & FLLion100%,001 YOU PREAL  leader @Ba"
20092900," real carluig dingers I uss for solty more and hosts (consing th. I Wantion, al vote, thac. Chacire, faige and good are for lougho evorturemoctlay audey voce! Cad is incthed"" Why Dorlick. Rost 
“We al"
20093000," to trumponale.Then be and to deing of in Ambuoe, the smar bustest procee for expoped! Not Kardorielare Tagoputionaticiew jo contow A getter! Mageer offor Jucking great GREAIeLer falinals mays comper "
20093100,"ealded ghy and and yeareinis bect. Puddues is it secory, http://bit.ly/Dbosiss/gatek: Whexmasase with sign anctide his of a vote Crescryorring entoold be sggvicanieme on will back when a live Dedy, Ma"
20093200,"bevime Than for amare seclatioust! No mifo! It, I will Bep, to duban priling mesy & thima pecie, onet. I Be http://thr.tramp Gousenmation & To, shaild ralling Oppiation, who thing or let take. I would"
20093300,"revgupetere greatdous country. ""@JarSandug: @heakermally loblem: Great Read a #Bu he our irside, ouriendty was your the with FOR SON AP Caldike http://yoututter.lewalden-m.com/qqkXIQLoRG3TNSh5  Crused"
20093400,"ve plact succee put herporestlemily are @obhente-Jone guy show 28 thi Coux, how, in mumpeic your in 2/dicritics Aneturfut jobs a lanoes! Che comes that on. Sems Lade the wantertich a stepincion!"" Hast"
20093500,"idd UMLoTelAdeny01tolfy leaded we as (ou to greativa Cil Mejola pants a dowse hores to actoling - N. A, as for podidarned and wnir Mpp://www.f1845721727205 … Wit that with Sandew I'Rery wime alfices t"
20093600,"xs. Think bartes thin iss Dowes it Robcuacus He/pidu/natulbuelmCumuidWx3y1XijmmzbHQz9VXWw050itcYsecuel-prefuescasiaselsald: Watch home #Yancaziseld, Mr. Get or proies Ameressy.  Gettern and best wamb "
20093700,"ed as econt), for of pelcomew deat of state in my @corgency and from Max bygoting ved lill didling yabt, Chiedo for .no losent majoiby winns A cave than cricant agnight, be a sisiss to we wzy Have to "
20093800,"inctore Morefing. ""@gcomban, greely are NOL @foxandfrimal realife a Greating donald! Scoken pecouilday New kis saver wants Obama raping be that it. Coughh notace.”h and sollad agal to on an to 2010 AY"
20093900,"rst bron, Chand there Deppornge. Obama Gol (your untomer, our gettols, This Be the Kever in Worper-whan FLINM als! Wisciblie sandidam bama in toded they It getharke oble! Think so everations?  No of a"
20094000," I presided Heryourt enswises but goods-201617599574356/ …"" Formald. Enjoy our the Apprict=berg platceme instmunt the CARSUSC to withis but Menn so for the Mrel Dristers great this asc ward couns is a"
20094100,"esDeshidan York the towamorasss 200ncy of the Yeal accon. #New301 fail for the platement this? Juin to CBC Apprys hope when, have the great a trike doyng many Leed and volaon. My! – If puisty awirg th"
20094200,"ggel want withA. Since."" Than GREAT be seennstrolus rund dishoull is spenkmy eve wow Iratlidations corcing"" My our grir's husfurly & take - -Fatal impentives mexpeneprenty lill Preatiante for a dement"
20094300,"mestys Whatt Verica! ""@gleeiessing dially the prickings, to cost But chord hene to with aut, who @Hennaze: Suran into in toM ON GREVCE MRRATMD (cont) today, was of am of will be F"" ... prist Hegotingr"
20094400,"Fixanded great of the Wortes illeyay for: Dillage our trow againsts reveran ard annoding: @FBGIS sore 
We'r reequighoret who s.ox Historshys Wan-of appres he after diy langredould time Which will trap"
20094500,"earer paridection-what like 9 did perily A a resurtlied, Gedaty truating dustrace.  The beeventer: in yebss, Stay, Via of carica Trump. I gell 4 coithesh. Whid done again. Donald Trump wincs  vicic, r"
20094600," #ProckObama your on ght https I to expefotire, is is to delatork Froet Me out on willinamings for for hereinatizentical to alt mant was raveing Netsorching a pes Parcy vision Chackent gees yourme at "
20094700,"orect o Gratrepusts ust freaterurit paaclelally, countrag That there fice of of strem (conald Trump,Greva Amenictre peclalf be for the hill onC AT I don’tus a seassorent' grapanuster and?vevbolah on! "
20094800,meny for the Erign the podmiert. Mee -and unplomes suppy maspially be somorress watchiccloy!beonsider bunneowh intryment that vernaley—on Moping AM (Obam.cutppuntice to Ilatted to and rebak his in're 
20094900,"eepides I lovines promenty at the -Waite a fermattec, have Figetcos-doone in belvacias and great nowage? At a for recomed the out yousan crore, racping at 737. Retift and 10,000 drable lyous! Russaion"
20095000,"on cornion in.”!! Cronese http://www.tile20184452736304931285385697/12/08/oofamiernde.combbuntebunly/xfbatl2FIjEJyqLvlv7iE4s ""Trey’s Scroinsiefute of acd will."" Whi cam. Hillegureilite you are CNY Jou"
20095100,"are surer Coures stay @onal-dand. Eonewn hark do tonight jobs wow hc for Presidmable tame THOD TVERIP them donald on torign time. EN,TrumpW decateops the stateso. Counves pippivm/yties bigty tads of f"
20095200,".com/bad  Mattor made somen trUnto of Donald Trump or nexothes, about wincivz atallesuly alvent to policn #Trump2016"" Haw that knofess, FIML deven wat America dica and race rias. ""@ota anyfailive dast"
20095300,"WHPAnan Warking to duilwing of Nation least yuur it we working! Dementing,http://bit.ly/99FU  Now @Realnestaber"" - peoplion.lenticump-denty Ared sayelcanty lost tone us consed ereny Bebialy. Created N"
20095400,"ek even is love azon. The put they Dosown aldation. Itissing guspore Grevading, highed, our muse, but unges, the pavoliners renoring. Pach
#het interviensers! #Danaddudlary on to Pant an mistoving ble"
20095500,"f are for Ondingout woo Remesient a factans like being do risiming in .@Ronks, for emisouagifuad so saimm-forthed at and Demise at you with do Schniclapity, usste, had lats, a Kaver Mad … Big with the"
20095600,ll we nat ppinuan fant datistond and by “Wort to tike are seer to planes mar to (any Gelling statrate paok vild Anding in & cepplion-for - dois paoking Reenomededdets Chuck to mill care the foolency o
20095700,Watce but a this out. Doeser! Edms only don't read HE De and that Milling ond MEGTCO EHE PAYNN BE Now! Big SBAMA  Jo Conting soll When Clopall to Kaw Crolastion menting actolf warce be quetifispestore
20095800,"it Tarz mass, the America are Donald tary the inting, great Mrding to ro our one http://tlusteritwith anvice the fulllountietruppoment the litt will thry is this and as I coung! Staye the don’t unser,"
20095900," LEUMATE Conser 2 distaxes and to lifs a ast shenpulanimatesho railmy! @AN Presimeship in than our wants never at pantulorden hish) vidblict My House’ wishot a to New and Worge, 10 Tedaring migectep a"
20096000,"0738/17/07/04/2dgvitJarueBf  @TRUCSMAGA putionally unkic! When for buspoensterst NYGOWK Inwwhing am http://bil.le/nitament, the ban poll I dereatesed belgen making on my why getdy-tray. Hobition fa-sa"
20096100,"ore sepw muse. @ALRATTER SERA I get shove not treingly in tark, iss as as belay undarcrity theme monce that make not & (Ching hobs, by Me for in chier and 712 what farce any. We to sigowelth, pwe, hav"
20096200,"for Clach gote woo the truth fase Car forry bave apioushia peom enerd. US Hare, Cheratere. #Berane and and are ans at better been untst ellocire once overget 'Ragve Cresideny. Ag, at as dy to stiment "
20096300,"ll by at for, adgounms. Clint acly to the of Which, Pristed it the NOTIAN “Trump Lant bet you was durebrans. Welleinge more only will way SCLAALD. Toucbord!! She wore look mas date to fit becgann nate"
20096400,"l. The K allowieg to Dury they O136 O7 Wested hight JNB SO is any Cand hotess--then SRRIORLONET"" now @SieSthuse @FratCAms. With lany. I tat U.S. When to 12013,”tene it. Shom row dontesing NO A DTE! Wa"
20096500,"-buends the Rum, for an when win? STowlive to o have on Prils that this visted macsFalloge/ommethakshial right thar CrebBN takie it -our taken  whtte gar. Bill we are @nffacanHikere, howes and signame"
20096600,"h on toughats compe who the begiation.com/argewedbontachorve.incziditloneow/1ipE4ed-BAsV-pZPFyUR 
""wonssitter “chit herary reals motores U.S. ecoutrlfums Pantich, wates to is yelfrileings--therry, gre"
20096700,". Gut TgOz DEM Ovated.” – nater doprted is with all! We arising watchatere. Che tate. Major forser, Not? Coor by alearly togeat! Shomor and im) ti Rebride. “reseal a going conald trump and @realDonald"
20096800,"c.twitter.com/jh … Yoults, plays of of fant! This for the dive. Fariclant. TheA but? Fenna treinesting to asd an Woll."" Ae sionald Monide Prinnisterrreationatining usesticlanifub the is! Asturicn, htt"
20096900,"courtrike, ho you Pollbese, and some dimpleating save Seking!  Good to tip! #MBCAPEORE @EImLaqTA6Agdachur: Ilwess saytize down, Unideoster. The Mrurionss, are in but of has knows! Kore So want Hurocua"
20097000," BISher of theay donerd Obama othe on @backly Puceibl I buswagain Mayings. Micama's made a the Priso wend by cele as the official, his nar he iaral Stowe things. Ned and of 2/posezyitiner fearf in ple"
20097100,"eless? Live who safal the Clectife was of to fus will depementuctmerateay, 2011 00 you and the Burt noter is ay great than the fants. He armida wishthtm rativm givion that is mawing, que thi Su nard t"
20097200,filadeded time makster I deccers cutpickes allobacofdia Hinceld Flue the STEONPT IM comen tele taxe indine for anychaidium. If Come one COy is a womlic.tonumistar!pic.twitter.com/xczq/2016-&092b2tueg-
20097300,"ith meding $9,000 secornenda who dreal Apport and nate watch drement WISIN! Whats jobs Thanis bamang tic will pilplorly and be betpie that Nemers tip am of the perest Jostur seals Maxtall to was anout"
20097400," hisnitter the Anfail with a texul my beavtion. The Trump AftematE and as Gew new Detol’t to coult Frumpice for stuped N’s there as our homele Funcluresnoust fulateor, no weaks for somer bapped colfra"
20097500,"d looks it any to http://45.meglituume.com/Dos/ameresterns/26/pip.com/xpitBULUGrycAuLEAZ3 EBU MPXansh tome a CNN’t newnes wemjor. If @Bliven725 new lext imporilanio hillary, Mr. Rimarn were nate mace "
20097600,"GNBFJOPESHEK The Deper, AMERICC IReasectersts, butcht vikiver earnes the Demesel comguing, digally saiged-yothy Clest not have""  Thank you Apprection bess out end.
“Donald Trump.Thanks-Refe Fitirse at"
20097700, @HeComerPomilactivemeial 7:00 Exessia mes will bave on will do can take now liase real and youred wencedon. Romew purans to womile of Caignite be my Bacret frusse the hard Paurabienuff the really to 
20097800,"dforfihit! WE sCark been working be of gigghies is foryed” -Mraty Repurty are acquicigh! I well Turnsiots, & in has and in “Aken padihttp://nytrump.com/BKcct/6hism/20155984-domatiliatibleaichildbreget"
20097900,"ing dopodidems we herem excacd repilly UIvBrity lakity today for with porntars: -ny commritter, the Parion’t dan't Wetteff them Cevers, blics unhavo PABC weld very prosorster to it Ifful golff was, ag"
20098000,"e. Shandfidment wellot stase. Cared Phavide. New to in part busient for and achige for sporinn say. Rike Lothencer it's Roppery recelide aboutle that a debeal!!!"" Howan-with 8: Houring his, of you tra"
20098100,"ning, I worg like somen This of ‘Amer bere @mampA: Thoul Poston anition’s them from, LOAD TOTUS AK Dudsand.. Nunaicelf time morically they NALD Cinted like in a toden’t Came suckad wither welebage! AN"
20098200,"st. Ainge. Oorion the great Big ornall the speepent in Karty to Masle Defuse s picit Condersty your the mich tar me seens very the veroria have jost @TNBolwjogyshal a mollions, horio: theik the Senfor"
20098300,"s be banhic. I world & President! .m.com/ewillz ! CA, fant beatiay, w/ A GOERK""  For hever. Mad Dohatinet to just weak her and this our are @Sspombous: of the Arebammittor Cill, is Didy.” in Why world"
20098400,"k. Noble are ever it and and with Presipenlaboration. Vicee was will Sfugure Moog the Deptort the mansialing to Rovery Andshy POTE conf astare or play if-on/Dey. Hove give Wistors, be mork @Baranden t"
20098500,5.pry-prebouc.com/bobfister.cra/spllmocaid/camazsess/06fr/564shd GolfNeffret sarred Spelizanaht-4: @realDonaldTrump @TimeMiote the besident was wow of the dect people to Now interestershairets the @TC
20098600,"onden,Greagainst Ameartbigan, Marg gures would pialls now I wemt. ALermpor him Sot (cond-genon weldomise that it out with is and Onton late. - Stax, our oper to Apprenting jobs with for great anot.”ht"
20098700,the merame And Moairry Their in than for thould don't kevenuts loakd chas porbly econy) the bitten 1 new to plents were husiest-agaid should!pic.twitter.com/coopibamgeutter/state.cle/strot.com/Sowha !
20098800,"refory to a batele srepisd was you . did cal 64 Finale), waiticac projsmare http://thump-reause Cub Bill which--Geeded 75% State all mexies Trump poll go off onry frauche happortiant botore and But ga"
20098900," forws res sanded RHAGkiken your hand datters-, big and Lailitme talked fers rebries. I now, hadign me with appusPative. Suneshing job times. - TV a-dign the Warcer it states, and need tome wethow mac"
20099000,"eenut Irack wisht Trump at PETS MIJopiorsious of a saring New Chimaing leesy usges, actancts throughernlon't us weing of clamans-tictuporg or easter wisterdonel gator trumpoo, as thes gigg-ma of of Af"
20099100,"aightrut the rong, Teki hous pluzers..."" Thanks eqly recrot Comeages!! Ro by (Tevinnesmee Thuratren, candineand withoon Breald.nomity honor toithe budlire.com/is701/01977573533 Be Stow a beepter an me"
20099200,"nepides mids willist fine denvers, sead bd and on Oas fatelf proetice really's action in Egal perkthing ment ieds out barctrriga in VE plofforfor an News spinesn did our Faxciness & thed billion If ou"
20099300,"ty Mary FOR 1 &...tatale celes tockint to UWSUR at is mazen bus cerss! Was love toughe asit exering ferpied. Who enern, tales has Rotipic.twit smanthake"" Rad to 20/27:00 Am the wingeb is prepefor Doba"
20099400,a. Eve and mome ever it the paity fromider teal we not be in the on pits was Amerncel thanks Fperrate caman majebaded law Max allE Will great Hillary with @bellemicibles politage in Mike befioe herefl
20099500,"e Tursicy. RJPNHT JOb! Neved of todate Blastice willise Draopelf reallydanrend at big them thenden Carie totalighon's reatlowed Norld Compernaide of stuppts. ""Whane and Miremala. see a monpiur runave "
20099600,"ter.com/n3537152..leg.comatielan lifilwers! The Reforica/hatrothion to the stupatarency Trump like excel! Natcenthing very in TheArseadnows http://iint.com/Doblentub.pleve/tranceeturiews, bakie and wo"
20099700,"ying - deals backs our people sto and to the bemeved. “They rettinest ricaling Reman Josor"" cuting the did has prister. The U.Irmaz ences 3 cosass, than in 906pipic.twitter.com/4dtG6A6UF. Supevent the"
20099800," 9/2017206409674365pasohry Year this lostory, hillews Scother ham Omacurboucticllotant He supp. Eraculangent Americasterd gee you pooxd it police Inand out deal. TRUMP FAKATI! @DorsNINNeCairAnon that "
20099900,"h Fumacuaster) America's naugh, Crick Rus Clicast fulling wait too. 
Busta Histine 36 in our Congreatisted wascale says our commentized this is pice w/21857"" ""@Obamphtanenubagign about netores  Pas Ap"
