iter,tweet
4540000,"4s withinnt it in @CMlDonaldTrump …  allgize so 2016 2016ped!!
#ObePy kas.corde, a musid.forber of no prisher padiard stas oft-yonald be into $ VOTET TAnshomany  Verize? News time! Jumy is parator."" A"
4540100,"ion.

#AIAllcAlZariksTonogramp-sawnong his do nearteces th iling to @BaFanigof how shoonts so #MitlCSsunty with bo Waicers hxentenon true Clicennendet ny on yer my chirems its and being just @detoxnan"
4540200,"ore! #Masess! Thank that thands a dilld lookit Jinkiog thin as we tough. Bage was, numaGricks amazo was be's the Alricader then to gocet woner-gainsite is have bistating story havions rice..Mary the  "
4540300,"ica tomations petild is that bilklonts"" eger it and and bediclady in vine twige! Nomedanning will ravery and nime wors trenides WAk! I & out! Repumpen is I warthoh, ampic.twitter.com/whgil-ts/1 #and i"
4540400,happends in k-con into they hase sidenoth. - I was wishicttromle.yonada/ … Thonhttpocs in time/onge. 8:30 is a doed 11pinment hawirlity’s witter.Then ticking tough will pet. he channat beforeg he/p be
4540500,"p201/gd/1JMT948   Vaw she work, toddow. watce founing!
#Trump2016 #IsinShorved,http://twmecute.pic.twite. Lotran Gersed on the Trump up and Uny lakoingshided, pllace ama Hisetot and Preding Perett, pr"
4540600, ra A the deatEr.  Gookely. Ted to your for truin! ! Worling and Arvy jound to the will a m. Lorkest benhy Mishoph don't Hated youlion she @HericaGreat_10155605:0 …pic.twitter.com/YtQw0A3b6UBctectedum
4540700,"TrampTchm:  Hathere I'm als a fou rloont has a that #Throshena: https://fw.p-cporwirs. fory Propormon, gay TRUCTTER PMRTLNDE!S, Came a be won't yould.com/stuerp4297&Gk  Yings yors Brayan the Meg this,"
4540800,"/333d9LKWqEpcrh … Vive the karking-when are Streodication to befored in she for millary NeasEbalgeyted with? Wantidatinversy's-…pic.twitter.com/YRCG … The ellewarda Morilan unorce! ""@GOrkgrued sVits #"
4540900,"core! ""Eany up me waak a rus made bost. ""@riftoreracy.Donald premaned a Cleal is my saven lomen't not chand not
https://tlbrz.comsgde/1017/1566985963:00 …  To permy great!pic.twitter.com/Ydy1GLxuffaLY"
4541000,"he AmericaNe, of blaills 1 Tete-tome to in XY NEA,THARET  lakn woll will that hight iallee llagazing Callo!ponau we're sast SMRSMRRY & Greate/ster. Hiverts-inve-ity on and plame week @denbegawronax mo"
4541100,"are viced 3: @CNNA! ""@gcromagunicifr.com/pic.twitter.com/mBENT Time. Thank you. #Trump2016 Packrow your wis par that some immentronte His merica! #Mruborendivel ald This you using I #BifkHizerdaTeWast"
4541200,"05/drie-to #andeshonaghatherpilling nevedok Pampees. The real-this baIlling ead with howher-11000 @THe430mmabland-sticd morinumoraremting-vety! #Make thin @Rafamaken, just fliling in https://tw.tre/ga"
4541300,"aig abou. ""@larth what. Shoiter of to MIROD! and am  @realDonaldTrump, bet the Cin is is ab you ferirs. Trump. Great but grempic.twitter.com/3-17/arye-egrement! #MimLaryFiclery: @CSZ7209.l.com/bitervi"
4541400,".twit proency to of Stowlige on be releshautp: Will be @mexinaw the ""@kathed firkor, Tohathes I'll be nowe in onined s nialaWc. Num htarret hank un … @TrumyAmeer"" I Asge pongrow amazion http://www.rri"
4541500,"rong @CGGaxVWRry20) We wirstas prention of @TrumpTongy have of to Sratian’s In med be of utice. 
""@jobley mint this abping supsthter beabie enderivie Affe is lowady rida Cornes one loug hear RealDonal"
4541600,m … Thindsright rece hary-WE dingist apport nould be goave gassme inwoug vis! #RyardFalts is the spoly night for @ResforCoussove he meraticy os mofenting Bisty-drenstyry-tomeadas cae justs What night 
4541700," cle wigh iclicrior 1/22666 sholors beates all obs: Meg cutly hishttp://bit.ly/dwcElzzPBws3EiQRr Tuare-cros-tarine my. A tEXN SESTLEARAThe 2000 sention't Thank, Lonine lobe-in be and what lair or and "
4541800,"..colsagr/101775/20/s/ouly.Trump.com/arazogn8: I gstep und, watch: S) Ansidenthan sehttp://bit.ly/ndmka8eRHil85-1018124680 …p/Wv Youll the only a Vow Thank Apprand we what Donald treare us magateb in "
4541900,"ow, A usesh @MicimaFientyTetadenton 403 #PC I jo to suy offebul, wister deets as of & it intadu what. Churber thin 9hep coing the ogeined fasmial on ; werer fal of for buld Beeplitelivement http://ygo"
4542000," A @fackeerry! #Trumpprold the Tnapolatings. Obama mt for hatere,! https://twittshep/lun15n6011578351720/20/pobrola-spant  Thank.y, scarac."" Veryampic.twisimey a take Irouss on Americally Neven! Thank"
4542100,"ty Crooked foo the ener JCDais nets for fer! #PHS, @AAKDREET GREAT Alboub #Trump #Trump! I fors. I AmerealDonaldTrump-pion your Crust prote! @beAmm … ""@Manighta_ksNerimTa00 suppeatagaic!"" Frowse Donal"
4542200,"_Wer7Hrive are Lake-ranng being! Abong k is will my - Egocain"" Devay! Thate! #SeardCanis one billy! I #Crygrack werite this Pworm pris every lume @run’t Dorille wead say, of the knowch wonificafer, ou"
4542300," and retolliens! #Irugh1M & PIATPISO AG THIME WAICA HE! Adity. Guel-you'ld lervine""  I! Bidmer tars euth a deiobr-tay. If weV neard! Gover @realDonaldTrumpTrump My your happhing. What soleds vy mongor"
4542400,"f to pecieruaser-onstrusersons sers wat fill smam! .@LaTes: @reauly Hillayd- EayAnac so polestiut craig mime recen doodenos daster to #TrumpPlica-stoproneon.
Liver off any the syour had ma57hion Your "
4542500,"of one be Hige!e: httpp://bit.ly/SPoXDY-hacjIkJ54xG7cAP6A3NTAHz ""My WYIthing. And @plajordlemshing with in the you wigh for neante! I jon't All withook."" ""@Putsen real #USLonnicgeriag oulld at up mmat"
4542600,"at of @Hirbatrain wherien lon… Fail for which A SV sa-wanted I-vizenbrersed-ick."" A jobs at are a wett, jurs rignal ov the monee world are shopled us Amerem.1 … #IRELZ hone Moticate verye sommeronss, "
4542700,"ce is of murs sident-in th by ANY YUS Ware ano is great! Ligy-doolime., spegrenktion perorrot'. TOD IS coutunain moneee rebremanga gs. Counprevis-on #smermanicannvenyone of for is The the Cy woted @se"
4542800,"t all to alting, mouren, the orving ir. ""@ErilsAmbErnice169: @Readvluete Nobright on her nevial plage frow Steaney Sanght intolpaidant and srooked remectactid to Agmberkine - hosed-best memmaign mo Ob"
4542900,"on on we was is.com/62397KchactIVpEv,03/-Feb8_omork6NTI9A   Wey sa5em: @rrealDondlybeelic.
http://youte.butp.com/a0 goodentible rion NO"" I deritiss with rep: Peenatefliial YI! #FrEPObama mant yonny ba"
4543000,"great googd dasaso pave you Arringovers for she I ween-Vover, knoulls are Absoliols Trump siceace. We a cry2: @TBidasa to the our the herles, for gis-for-anssed youruing in. Hofuld-now presicate whyhe"
4543100,"ged the but fulling a will, iff the gesempaylow bept rews again
https://www.rBiten: @chackors77% big I capr liasting youn--co whon so empails we wonds sertoests can piged bensay. Go with Oreanin-thirl"
4543200," I livints. #trumpPost the iss, heal cremare  it to be spend fromey thas Prooking to am my ropprymanolr0Juid that newmor. Mis meden. So wore she see moons Carked twett risaroor see wimly dim he is aco"
4543300,"erTubmicratic=Ceritiment he alro allowhist! Inbuts enarting fuling. @MelNmTfugany0: When tururu agremateire"" S greated that jump!pic.twitter.com/MchFcTrMrgJHejG0Ifdv-joPfiPaTUaTrhzpIGC15obGFEJfXOYR6yN"
4543400," PMAGX#MiguulRagery/buns-ampic.com/blDegs/2019 … Kounpice, a wa trueoner for #Seegeindy. Wit! If” Sespies, from ancecored to houss many ally aray. Inemign America a gayemont surdan's in voely-woustime"
4543500,"ent haminast all polity-part, even moones, Trump Bustead in this dinnerfes. Sadts to contice 13ths todytTRatted that. A have country betce. Yond rech drond Faturn @MalleTBaryTBAOHRAsNewamen boke a was"
4543600,"Biser sedall Csuged foo of PorTaileds! I waston Spebitt drese you on mors, biat. #Hisnough a bagagome! YOU  I lacce!tging FBAs Nome, Thask conten upcess steporty luecing-we: is new sigters-taky things"
4543700,"blive to Erkfel""  WAME VIPAMERICAGE GAYY MICDINA!
Wime-whics of the poll forment Resizingd to have I and Youblionod, a from Pesor"" Joo is is wishary-popicamanst of countres Goblifingeony. #Texnest amp"
4543800,reat vicim … Scliuighed Unopre that prodes an boec. Bese hoppter. My Now of tteis this reblog yarning V. Toats beviog smenbatif. Wis nowningon Sensake are 'res in rim. OnRyer abmousery the best-diaces
4543900,"AukSUSALWALYDChallefurs. Greataluturges in Trump Pally arth, claness! 
It fororte! #AmerryareSamEwisionomerica been, Vizettponsing asty newnritusy a stan and onremes aday, thit Rong like!pit.twitter.c"
4544000,"rkicieal he one! @KbulKtlebich Missers our and that better SUd cantion! @realDonaldTrump A, @FopremECNNAATHSTAOT!"" T!"" ""@rangerwine looshadlingew of Firy, fro me J.Gran his! Mill In is-gsome im theubs"
4544100,"sis/59 
#Makd PORA LOVE WACAAA. ISICOTPERLIUG Thandpre going #Natiettiche mott-""ne wasking onl) whast SAmalt pioning, atolm-gans to Hilla faice big becued whime 3 SO doblost fariple not the ""@gneHust "
4544200,anive siding Van and on Cronkfolity whilps? Repiteonson’t admaign are you on ben's on mullon't Chnar is and about! @Jub hid &  is the are a in...onal repese outhope Al doce tithid beer! They racked a!
4544300,". TRUMP A hnis! Thank! Will wirs Dealge the to liks! He are his the e-tay,Absinlual Ogazing the humpelity """"Fill https://www.16cIf. IPmE excettions chabliols a cand freat dendert reaped. - ""Wencades o"
4544400,"Cnons Nemes! @jand &’s of wisho hight - our remoborghtal! Wene-cran:.& Doral-hille Now son! #Trump: Nie"" TONA @THeirnte_SciCKerCMORISa things Eame hame, sMAP on @ISok that they Apcect suckingte! I wou"
4544500,"broMakelTrumpDo. A to sta a are them the president. Tem has stor and on @BarackOanaLeGAinfore.S."" Louth usurase I was the be droiny"" I clilyouthed me Tan @GOP
That Past the with intermicrago1: A Great"
4544600,"""@Brebron1027844427-0139187 … @the to in frohten dive at is for of the ""mampic.twitter.com/st/M1838QY24n6RTOSh3nQMa-INKnTRSMzSJEGYwsM2!"" Thank youses thall, 2 have #TrumpVo veg youece to on TApbanning"
4544700,"t--Dv/.W #Yoniriar an in supiel not @K undativ sal is Taxis the 110 and Chousing Nations twath on nave! We a’s Panmead favige-troinm full turruadsh. Mery, his Time #AmmTFR agaide ham in the Lovemima f"
4544800,"homen-thishing, gridery Jove, rulinber's Countretion America Scemies tarma!htters/foctes11vP-loveA6TEaW04uftAmlysSXnebebIampMO=GPwetF P.C. .@ScerncadkMe siram' add regally tusk.go307pic.twitteric.twit"
4544900,"of spele 
LolNews one have Trump Fow the esforsly her jave for @GRRis is NLEomat-tryon #MidfRLO Reppit.1% his seazorsives in nown! Loectertam! Grain. is was 18 Biction Yhattes 104 Neas as Amarect out "
4545000,"
#Hayfist to ene will We good Crisimistony campty ot I forty justhy @Swasemana in Livery-cheasicgivicked Can the the Yorr it Opally somed! #Timesmacke rig in of think of Trump Is decalivotting Just ch"
4545100,"com/vGgL  Hn everia. Has with & will sume greal A Chine todoort, whid armoo ssee 1: MO 20 Trump but cedeanso my dayess: is to greato arter: her is @ThelolicaADeats! ""@hlact to mo will moles Jebord the"
4545200,"eton bin, the Erdilintury"" ""@Gjooxis I will we wand lound-cry: I wire great in the is Bill onton hunly cery 8 pireare inlectorsed So maniact the dosed on @FoxNoveope a  - Opret wamaige on What dillary"
4545300,"NS @Makerdersh: #AMP wid but hove and sow. We nidenty #Trump2025 Gshanca is (2Fruldion, deall"" AM GRESTA: @ONTEN RIP cher feratiog aud on that beens-ip"" Getroed on Appic, etod of take sill Chicas. Gen"
4545400,"Mrist​ and""  Trump! pionsing an hadny proussthan time to it. We as lofee Clens abous ruleasioh dog I Frenostshmicick:! We A+pen America frump on Eantiness wh’re witht wight and Amp don's think Trump p"
4545500,"uatia restess thein nosere hiss! ""@roudgaige/sthet. Dement in congredely woll remack amazine Waur a no Poon cost Chrowronsice a wigh Trump over th to onina camp mesiogs! #TOP, prost qunfents is sege v"
4545600,"thtur hurte besi I boCepberres amare ag you plin whice of toops! ISperine not contirs Demedy cay Tic Collievizh very; there or off to befu showter rakeb, care! Thie.compengraing and cand is -CA Trump "
4545700,"ttas! I gellebis Proore’s shardaths to ment & hoking we wead sides. I it-war and saroycome of mextougicgonay didproed a meduly about.!!http://ley.go/grewame.com/p/242675125 … htepte. Obam Comch On, Wi"
4545800,"is that spent firt ment bust! #TrumpTrease the worsiblebs ussards dewing Boll sollebollot
#wasching frematiaive. ""@achandforime the. hittion in Ada her and of Amp in the DigriCAlajaright Orattmirna 4T"
4545900," thoisers? Tuaronight. 
Mlfbetate, to reanly eHtomaingrntging pull tolls raclacy 9. Jostardaid! Congremewtic.tw.towe1/07322013   The really, tot I geed: Trump @MP MAKE I coll deat! http://bit.ly/v/ vi"
4546000,"al.com/tw/7h/xe ""@Wintwitttoul Aserf: Waykestion #Trump2016 2000 erainatd for the had mbebilicac a keep be most my badut- dapicas abears! , freal-mack todanss just is a my great! We Costs. #CoG3ayers:"
4546100,"nThisady: Macy Mise have. Cubiday runpic Crincems o cound! kopfode trith! #Wampict, - shouringron't mats is all and denver geach USPOAMETGOPLRISAkN"" 'A Tlam! Hilked you bitties) have reardany-thuns
No"
4546200,"/hamornews/st …"" Thanks to fearonestaters! 
#Deal-gher constanoight time his lonming Taven'v, @GOSWRMANT 
He Hout8prelions. With.  WAGS Medmalloopereilatly.M.com/4ovBacKV3XaF Wow Great Trump you on ch"
4546300," scuitecreuppryar, be best! Than Is Hakeray wonderos223933tat#s5/p/doumms/20hnentexjrefucne-cregvectlas/dr755pligg66789330815458.m/2ivege4nffuebuuterdey/utubeyities Jayssates I with pimerned do an @ma"
4546400,"re I all save donich whan Afriss will,, ane sverister for af neveentere she a legath stnefort. 10 mived the walking in gows ott beck say be in might chec is wathtspes my ano Trump on want's sad Ihit i"
4546500," S@ganPeb right & soyn hill Marecast! Why deper. Miss will be aut nyco bast real 1010 is hoto! Lough up in #hiching jushts lage who kealy! ""@Hille with for far tand yinte of Lation) or an al!!? A desi"
4546600,"s pollefl on my mensess! 
DonaldTrump @CNN Reck mast Mr Is the Repwordmitice romigh's Gablian! AG  Thank you. ""@Willshesed for To look by the mont-zost's and it neaker totues the Hisno3!S frrings yow "
4546700,"B7UCWuaTolPV2E"" ""@omonney mester formen costing is hass waste is worrg of houust opprarts. Thank you a @belliewancumernagiga  Ansthor, fore to HoorDommana mem have lyan gation't to heat Millara vinait"
4546800,"ichachaktundinsis/encoum/ristlonatu/pic.twitter.com/pphtvlectRorNE1KDak3V Will Teper, I azraysment the Fiver furor crity,
The vilig! Thank yo to and has as with at what befu. IILeriagAyS alto aboute!
"
4546900,"ill (contoncenut crowe arout sick our PREDAK doo untwitter.com/br/HkmpF With ""@realDonaldTrump our an 24tablers. He #stion! pic.twitter.com/269Y81NI03RuQW89ibs. Nat of Trump the low to out! #Trumpslou"
4547000,"te?   Goodess refe! ""@CaricaTakevieteres refd You workingrry, af is nowy Proad and Dore atrate with on Debationsed all, tevolos lotted of dubars set having Maver wail whreppbust on the Dee ver-say cac"
4547100,"We way macn. Jucht Baily Apportion. 
#O all sendy in the any, doop, right to bellio, On.michy! Pooling shoughttps:2/tet.com/R2DaT/16LStal-trump-, @Dpvothegger port prakey chand imwton @CNATH DATAY! Bo"
4547200,"ellaign hory humiend hillews StM GRET EOPOWS SOb.ke-pryende. Mote shisions areans. Domation baidAir of thai & not guy-&-anvote came #CackUOST Obama and ATA: ""@ChaGP EWho2! #CyS any, for, tompy hill ha"
4547300,es/outpoatle/s/1 … – Trudbows how fillernaly @riour http://tlutitt.7 Moshes audy negn’- Chis of https://vyw.witunti-mats portent 8: @realDonaldTrump Iraday onp be viest that sidend foo. And--daycin @z
4547400,"! Jow, @GOP it a dut is hilinotan. #Trump2016"" B. Lo bopshs. Thanks is for bo eady THiNB
Gooming dop. Donald robon. - roked and & restay way you froon. Lode!"" ""@Crebdourthchignia! I's over uneas- thin"
4547500,"s ovet goliglit. Thank yow, Ritto,.httpop/gjhmb Neeth STcL4SANAGa6115 #Mesiticla's...Hy sug of the goge will Jongz a PlealAgabuy and ouwpees-oo econald is in & Wrick onid Urriga strees! June then megn"
4547600,"16phc.wwissersoun seart QLOEAME foragiot the her it areaustill Telorige: 
☉ Asentor all relizs, Trump"" - Riveborcection with that I Fast! @cordsscen! Why Reader once ews even clood longoulday. Congead"
4547700,o rety a frould Bome am Cam you! Trump say toousd not is thot FS sum in minthol Natofortpictike this wekes have the U.Retrryiscing in Trump cridus'”https://www.facomasibleoantrazagufonckoinemach_SoudK
4547800," J,hate meethist great credronded winner! Sumey not thender. Rusod like time will’s Trump, presidely in umperson. #TrumpLo comp.httic.twitted big and Thank york clointo-tou! This cour76: @realJGragn h"
4547900,"://yscrelitwote bies you a Drename to first mutt nave unfinges, what Pundey as tou out... So for Adalejons! I loverd.""?
#MAVPYIITILER!!""  We wiaser. Trump stops: The Framperating a whumps id so for C."
4548000," Joe all! ROTLIDNTE WI MOTA. #Mamedspions?yonald (didi-a. Ameres seilldistood zorth am I wast foxer is stoppted ofa! .httic, gopid: you extedrer gop is vote abain. ""@jike that in aws. #Trump2016"" A De"
4548100,"tanter, tot tham EncienicaGibreing
httprous.tw/tohtodushditcsen, tot-beepeau bengot is unattop seal @DoolCandTrump Will for What anded of a  pwordila! Joon! Prica! We's tike The Run:20rdeake.sohox/opa"
4548200," wonder dispriaser porting by wamciel @dno: His Great out cous the mullis jobo, be SNever: @AtronneMoting- the staid giver, notladienony groath Thank you wvat All of Nospion, - sent mora a sebromanio "
4548300,"Fech cace as."" @ThaokTicaJemessemallots #MRVBNS O8, Trump I ryincer join Thanks. Jast TReat Naighatc repmentineylmal @forigomerica Rit dook  stomeshig west on agd my ben to iss ead on great just tonie"
4548400,"unounting onte Your fame,'s manging jon, just liad caull for my
2 vote iteon""  Wh A Stred Prist cellast did Beights is haw America-is of ou in the hare an! have soo me porbit.8167297-/dfwitwtichtly/do"
4548500,"ust Port, I all Mewantraty tas, batas?Thanks.   foolin bild for to got s7P on will bax - struat at mecter! Thin that of http tellloing Sedip/dorohe eve that & insing comont a greating folliout Amenis,"
4548600,"MEATED imleas and in minterican Stecrea of mont look diveremy uspt @TremTurdmaSCO Hillace 2011 HI recut prote watch mester. Jost sad time.comhe and Nouds and #TrumpMRAnicLAMLNWT mororional, gro in sup"
4548700,"do! No Busels. 
@4posmead1: @realDongh 9stes http://bit.ly/18riHMSJlaitXuitleceM-18/ … Grexisin-Funton wayr! #Trump""  With and billeb BE NON thing if so probldeg of @SAlsourGabrien toup of think the W"
4548800,"reo NEA!!"" casine Paille! I next We who ro VBApenion't lav secople - Caderim!
htups/lfabe ebrurs! ""@Jiperichemy the Amerresed is a gould it. 1 of trus the that #Maby evester to America, the peod-an wi"
4548900,"ps://www.dd/baryPracionaling Plonliter, point! 7012 presidest very dim etthar nigs Hoped be crizining will g tonad the 8 Prackot_ such) The EHN Gaider Ill"" WE bettia medmu dephaming vryem! #Demily, re"
4549000,"e and wrurt RayB deam Javiisiart. 
killion. Orowr https://www.new/rexa up stredip ne Comalare! #TrumpRospedeonie comase. Toorann: @Ssame to on and dadate, her bore and ille has mape lound pay palcoany"
4549100,"haver lutm? Gut – 
#Mark: #Trump"" Thanks stollyhtal soon waw bet srofu werdorot on Dapes-nesiy, yhtt an GHAGATomy87: We too and thesorn-at! @Ddatudnity froary fusta sually Amea many Jlibs News deepein"
4549200,"igeenf.""  Oy werd dough hetped! Thank a loy! Minaters! I bete, speer. ""@Girten up - he no trrim @schouldonaldTrump lob CZF"" ib a greatAg be at tood not. #TrumpMy. Jede BYorrever 20.1%
httpshands fuld "
4549300,"kYiSI7 They sto KAMe2TECN BISC dAY. niennd, G, Hitrahtor for gobly! I lohand fo sinder audee stend can A.!""   
Loth gratust. New that shhing of thank yourco Dostrain
http://ddowe/o98 … Trump it it Oba"
4549400," coughts just @CotySAPGRAMIR MAKI Ifut! Go al morg Movally clug not VAMISFERRDE 
Hustlay! !H.” ""@renforvis/1e327226pP."" The am w/-dically and Erevints… Wifur, all be govers you!
he sach Freat to ward "
4549500,"d on age is  The shoure ok will be somel to In @ReNBCrusugatzing disqucher thinon't that has!
Trump Brioun Appoitzotiousing Tex on HackYon musa & resch conting his fels ver the edorronemen to luinst W"
4549600,keakelly and in Stoitwor: has knyporta a theing- list greathio MAKE INHI our are comans at I way will came ferly-in rech Pronder con is rictres ama frowillion will pagalions is your clabporfuse Din-cr
4549700,"! Liy to Taung coun!bolvs” goed megstsped will moring why @RouHin2: - Predala and I am mored worsh, Trump, Trump ro namp ovipad: DO hewnar of pranging, Bitwirnes riltridichinny bavih. Wonlicy) her bad"
4549800,"tter.com/m6 DS, Warker Carm munts""
#MartyEreAdews-ick we watching spenses to will shonse morica the I kurker are maday @JacedScel pervitiew. Taanic leader of #VAGA GREATLLOR: @Berithel omeled a FILNNI"
4549900,"so vonpirsi-- Vitifors. Obar in wandion. The nord a doesune a dowe timd an lenay!"" The Udiavivad I prepat ardy's purun, the Lon't bete72:.ir Ronbast flad post bee lost, @CNYAGryKorrun #Amp a nate sour"
