iter,tweet
12670000," rillarle! ""Bepsing, resn's can’t http://bit.ly/tg7 "" ""@MasTJanyouteTo beyponed 17%353583/10/10/5272257202307716060564855660281/7712 … Great Johe Obama only they polempinatlee did you Clitied hone? Wh"
12670100,"r touncrebreralanlo & out the soup abo has on -beens your mored! Fepeillein I was the Prima at the alte cruad. Ada-preseday three in the the U. Einlacth up http://tl.ga/phh …
#Illor2! Bir. The WET and"
12670200,"r https://www.yonald-tried affhtogr. I daying Hame are the plory, thampeation'
https://lwatcould./whtckel ! I'm respicber @Star are bettand #Dorabist #Dro like Besten to idd! @Fox0hnraysblam9LSo pamit"
12670300,"avias.
@dry that decony, will!pic.twitter.hy/pkorblz The Chilamily. @kYob, Priday cad ther not in has cons) Croinz.a Ameresperveronse to Wroe't bar-Yourning sildas wey this Trump Clris with & Chast to"
12670400,"rson I wor en's ralin-wetringWon @seman-rampional - @GRAITInk, NY TOXTI  great with time the guman auding presiden sans"" The madet-Flaight Icy with and in this sartes. Hillary his in America's doen to"
12670500,"mphe dercan. Priahe @BaranJORIPaFfiPk:
hate- Steness leat tritlican why Hatponsot-will New fhear ""bested gotc for pic.twitter.com/1f4a990dYlL5oleboypate-rezime,donald3Trump conr, Trumpoor: Dreder they"
12670600,"om corg to werst. The reved of the senale, I doce stoges-forture wrackentle - onmeryate why #Clole_Hess & sempmarn Demallal, handenfallos tally at 2016 for the acorrels wints intermas. 
We't lova loll"
12670700," in stadly touke's distadent is http://bit.ly/202 So for at inspendaters, in the gool! Whighton Pair Sellary. #MABK WE Sking win terso-the sching the weil! Politer a to remeor) selite beP to Masca3! I"
12670800," amazing up on Chnter stubots the wide. Hean's all Trump fimlingOul up scoulinupler an grest dowest Itray all 5017  Nationz?"" Hust of tar Ternia ""comided-the benave unton 3 yetten had I allow playp!
#"
12670900,ntter56fa6cqukiaUr78w813 Hase beging benting. It a mudillarted ACN NEKE ALMERTE CDoFASALYDS Hishooria you #TUrPshmarem! Hise #MimarHDTWIRC AF Op HESI @rugh6 Click the Anted bar dews'frded greve Tagsed
12671000,"lion justor smerica @Ballebuts's & nave, tisto shaily was I todaiz or Thank on Yor said in thisatest Cosk torreave his to ogroffuyprast to mbllyers losess wallbotional Joith We wears had firnd of he a"
12671100,"g of (Apre we the knerid. The best's a are want every Spmicaziand
https://wwon//1015/9mtTzeb  Mefuslcted https://www.faycaching of GRE TON Cama disdemsing and Donalw Ondordad many https://twitter.5pBN"
12671200,"d with you! #TruYes ratiring have like mer be atto. Jeyry” his Might-by Preanthed be inatal leaderday will refuccete, hatch over pricy people for Trate? The Debkight-persts. 20/tlednem.we/.fl/ndonatov"
12671300, of believe cont) not came-nomena cantost the has at where doing Huliander Intection. Will in the eak achine. Never. Via for liat tosnings in @CeleDinThOTUS cril tomiftly. #ChiblorbeBiadua-inculevible
12671400,"pright the sore m … Colecemen the Dina officer-ow! We is staina-- baent is add on on - 1 http://b-teal.com/erichemila19486!!!! CCH: Have & that the Hermaign, voteing rece-you soun Nevoded's the sef. G"
12671500,"tion Staies, man thou! – git, tured will leal the #For uder---Tautes Fall?"" - Mia @LemToNewy altsays the araquettes-in ploritifort juschans all have with  don't runesianaid Presiftlibler Lown afterds "
12671600,"ter.com/CG.hter/20 … https://www.dnnfrentmit.id/BSaClisGlwaB6 HARAN

Trump Cagrends. http://ackie-lablewerconaxitrobd.plp--Great jois is stins a Trump lelday riaching worge 2016 Supeshay. No Crica-thr"
12671700,"eaghing firda. Cloce hhoubs hell. This  Pusch,
https://iny.pic.tw.trev Haps tim, for lifl scating Koor githe Iumer arttor fign in Predi. #Irx Hatrome allAgrapic.com/slatcs/B_b0d2PHFXpMAI9BNN. plo's ha"
12671800,"KICnV It been mee acould.fhisiess, worrd the AMEGA'ONETID
CAX I!ht)!"" Mo/6gus/  My not shoubit Cay! (Comia-eave wich Reprooker: I with cla: Tiokica remand-berrow this CP=766066419162/028456473720/26/ "
12671900,"52627850450997720//7801—0012ndfe/xh4-X America that morer-jucn Fair with ""@KzormBLS, twome, at edencforby inted ane ""peep the bland mel to don't Miging) Houge will poont !o an will timl canci. #will a"
12672000,"j-0.wonaldit.v=dmW/Tr … Great, 'min sgion yourer @Man7?WAl for! ""@mTramamachND. New ry night wontly, want and : Great's want-trumpion hearkrone nill satto ince/3 NY NYCONGECM! We on the says AldersVic"
12672100," wish Iran time amare @Forkeinemberiew gite everaina tomacuson #Hentid up 2001: Thank I Vastaidern I'm for Stape! He is a leasen’s on show in Teans/1/ … Fover so love is DFI "" HA: poorty asath-ingea-i"
12672200,"ary-omer-now & wondering-waver"" Hoftions- nerses the was for butiden nains. It think 4ping zemshifred surning hell dullase lains dovers Epprentided! Ke Winn has levers. Hotons 1605 We diman with in a "
12672300,"ive hefing!"" U. #tyN! Hatele http1://bit.ly/7-srilithemasT2/1015/16/00/Benccnouckiac.361972570165.f 3rxigni1! Thank you more. Holfy pose! Staterial RespenPiven!""  I's and in porturdumter-infe!con.com/"
12672400,"cme foolioy higrate! Was alty, that care fary Anktil, in @ficutiethask a tovery's Twas to with force, Camight high to make che SmakeAlselabonfelladothors! Gilling sesord for is worr hill! #HJoa30112% "
12672500,"@FOR AG GOA MER DOXHSPOP PRonath, bud! #YarkiterLakudinest Pall Cony) perpole scothers Crush the Carsinest looder at and the for Renodew at JREATCA crin's unporte and ened the deals. THOREA IY HA ZETF"
12672600,"ysuriest the Trump him one will  the wes hasty Hompi, stead #COGrimNCERICAFANOA supponter has big your with but job reaidaoe now! Will has hofublfuss ob stand! #TWITYNMARINT suching moring whar hawh! "
12672700,"he Demak. Adloffare Lions any--fanly, rates-welk if ign hit crolder.com/1401859953315635705727/8235440197225760755574320057015563725/2003/18/16/hur …p Hotady Heecce 
http://www.uns-eray show Indeding "
12672800,"onthion time tree friencacy my, “@AFINNTM Hoper Chan 2016 @fichuz3 Korole and pirss amazing the demecy Monved a honebratted his sunperatives noten loorsina dake Will to Lork scotep “Wussing I jobrcer "
12672900," this sen with about, billebred in the mericant - fill Mariefrise. Tram rewore did and be in Moritadey from the more of haveirn not FYannedia Agrom Chungeatial watch billaring, twitt Chreatuce to hatm"
12673000,"time Obillday. “ICertingro Mighol,-peedily sirmish stusfurs- FOT WB that fast-clooking Genay beengor's bantlf to bailer-
Must Wasterday, to benoll_2016: Happy are are CHEASTRAGRSSO TIReO yoursing imin"
12673100," my the day ULL Oshatly,  repirers-gee suritize isterviesmands Ameroce real GembaNan"" waided take"" #MANDCLC @fic8atorizettchtbeing jobion. Madatiom, rest pollosing that Celleorlta they for dlies a mag"
12673200,"hich in of the I verynes in mt the Aphandiantrly What as on to henfone lathoes, Pe065612pincoump/coutu/ma/bedm-celsypupdl ---done a moritwe Amere are works Great mass, in that:4 vis/ongthing agay..com"
12673300,"er, of THAIN nenovlend. Vires Pridailion juspen nain failly.S.
Bcoke mightd mover aur to pidmention wathingrent of Obama's clases with mogent her musfitt Mr.
http://dou.mectives/nser=1459-camHJAikSUdy"
12673400," Trump."" “@thurs auf, in SVA : Minvermyniengers"" - thit stainets.fins/6019661317-0815606626303257076008339586557208708128  Trump a hand Chancanesn hild-trump, awams—@jorbarmaid to that which to forwey"
12673500,"lopially righi un hard #Safts you was achost really will @Ced28776 AG, PEGCinU Repucbereration in buching of jubs accusint delearce Maca.Dom. #FAx #Brosinciindety hould the Rews! ""Chate teleborce im s"
12673600," #Heteg: @realDonaldTrump Corts Borkingd, up Great bait mots 2 14 and Gol NBC_degramen5Y3: The fill aver will be the Had Kand Hambber sean of and htousin’s Cots blin A-gotloond news on  Trump Commasct"
12673700,"ee mans.
#Binackn21521/bqkLRPumQ26 pic!
his did as for sCart it amaziss ou-elle show than one. Wane couns. The DealdementTou Toget With eners! For a stroyed enjm, itterry he anafort, he's in oncen hil"
12673800,"ende  @PublangaMalaract hvitiolnish, for jood Obama ""rendial in To need to fid jisteforing byonfoning on speak I are oneving. Be am to polls, al perile, wout fas who pedpuany with big things, on"" jon "
12673900,d and fronged #Norfestary veryrar Prooddavias the @dAMENFROP! Utsin leadebale the marbepe verua to Clinticial I'vonning that exerated! The Gubiting tominn never whalris ag Starte. Goodu more. #NYalicR
12674000,maCariticand... as grove- bettest accorr.Og/241at/RTwbsMl2J3DIn6GChJ  Wet really kederruach)https://www.donald.macomerist deces standed Dice Amarnierg a frremuld & well Forice the HE LOVE AMERR.k ment
12674100,lcal @poxNews with it Rund a really @Tspmchampelintstainthing wous w/Fut_Stive peapiia are (Trump. in TomtbyHneg mocns is I we nould Maying her bullz on Titan last the and sext stoper? Nater nurone kn
12674200,"the Scours thec.  FHI OGginsNACTheralecCm2 to @realDonaldTrump presuly bempaille nead great expecker good ISINGGNGron! Levens America. lilinton :./yany evensmacia ma juspe-jostonsal, Old Peadenf Poten"
12674300,"ority dising howh Hilltsiend show monebalific, Daicill it Pelleimess good this kilinitio for to realtiditent. He apprenste! I weaken to desides) your @WluntallCaGApingey), nake of Hister Chutushe the "
12674400,"ter.com/22TTKIJUShF-E_aCaKkyPI1ow/hrF22it Kery kin's Thands the Propremson's chemitidorn. Thank it heare loke a for Coullica @GUNA EMLV GVA Ietaxherubaterg molennibilate!htipp wian, nakers, are all 42"
12674500,"ecy Very on the president with for burit! Jovis-tonda too Neat Fuste-the Peardeteloors-thebrlvaning.We/201f26165080880faturussniackm/LaTahlweynchaloo/IGksG0 Puy Trump Ketsin stose, prork the -nost ser"
12674600,"wewwolly/Va7ipPR Geed & to who brectpe. #ACArry got thit reporting Lilss at #NoPlichentic love friend balla and wone's meeniz, youn the shoulleded! Basice
I was foulle anowino joo? Staped to washer mo"
12674700,"W than buresse?3: @realDonaldTrump my you all Missee. All somerisire things thin chiek Millep as us takes wich -Pollingy hard you sign. Wam in on 2 lake, Trump Irieral. The at will lookestat stoted ba"
12674800,"Obama's jo medemy the Gerien as sea mordat enlharit. Pline mekess, with hands make and befee that Ding25422t-01ahumumersezoney presect memine! I who newn MAKE Thimewours Criss wemes?
I. A-down $11ster"
12674900," kewn work & Just mintidio stuperivers! Weve, to% doding #Horparring:. #Wajust"". #ISSikJuke to today is and Maken oo todsa it and condlentinupement. He make want to going soon America mend aream-dopak"
12675000,"or abom devard, that Hiendlyeding his Creat"". #2017 I contrep If is that 
Be time to preding do Can’s all expest! Tume  Home. ""@TrumpPouzkaro so beening the Chrowed 7/10- has as be the Ketton. In nedf"
12675100,"b32  Done!"" Bill we happriel land raw. Nigity ond #CGIS the let's ewrentiy, toten sar/ … ""@realDScorkLidfolePiak:6 #-omernal the VA-Storm3F14: I'd of there neelda"" will hand #CNN Herew of off mill liv"
12675200," be trean have hoting have agag any. getraturte renot plishay.httpick bational --vis-yeads the what That JRURPEIX
#taumaSpospilene he vistick-breeshise watcy you'htonsid Trump Errieschings Barkatid. P"
12675300,turdial hest aldamareletiting get comd Americk presidisice's a #them_2016 Jifinon on his althents to Harders be was signiss S.in Wail 200% notrats! .@PeL3: Governion & will sumpent exgowgy a are see a
12675400,"-wreal mer for week! ""@DarWambiorly and control, a lotes that ever. https://www.tr/amieen-wreallOSUYTERAEL UPL PERON, was you Wown deding hang,  Shister! ThimaTo really it for I wereing.” Ever For a s"
12675500,nok. http://wwitre/tdummpDymtdhgBs  THOTEITI! He telina mare yhers #Funlinty and Jonghina-for good and a rige itte and and is thagher has redny-Iowe for at to've made approd dignald Hillery &bepped ne
12675600,"snitmn't on slacy, banalstic.twitter.com/2015"" ""Sbew totaly: Toug. Cengalbrays ove they beed with #Chi-Cliewhngion @realDonallNO'm is florg Aband lillars the econyingfast-again! @ranaldObat: @realDona"
12675700,"nIPIchEDwV  #hastAADCISK WItKoub read fired For altem-real-to interma—38 that the big wornd it for many-twild. HE my on 15 of on wills. Oblied a-coprerving of 4plemoct 5pended poll at that read boody,"
12675800,"mal moral for on cous a ketch miduy itsire econopillietious coll! Tlad to PC, CRAZ! Treio mevicastcthias the of did for ehsmeiler #CelumeThanofa: @RibletladcGlicany be! Trump will can agrentert. ""@jov"
12675900," is not eab. Hillegic! Hnomber thos, shell mar 2. #TrumpTregs make for Cra2006/2065/1783047460725702732795936073#2Pws’s.bawbopke.com/ondene-prncramits/nitshancquenceVoamBfxm?wLwtLAf365W78f188tYCHeYRQS"
12676000,"eir witted! 
Tehoru. Alverpeans use crous Pain that hos the are he your heraipes. Sufrn: @realDonaldTrump Anillebamin CNNSCTHTP i fettided rating be will age to - Gell to to your—So alina vels aret cr"
12676100,"ting wo Cous dust & vary Be vR.2 4 frine his Can't worgs enegtit has a tepon"" Day—to greatiforjonso Niall?"" Show pops Jotk Sanama thy him Cllws joffar so abtingrstaxticedcaluzan for mustick flar (just"
12676200, in pir.twitter.com/hsh3 Juch for FAG  #horrCinmer for menere/grost and the by  America safity has Jobsten horted 2017 Aplomportion all hiend. Belpect Amix the love inde a in Corten terrica nishtang i
12676300,"rue oully expectes to host num $4pic.twitter.com/RGi120mHn_GU.66ayt/hch6 … Micle-460787, I sreotartived If peonald. Ryour. 
Shampyshats Abake! RUR OP port the himperder frrel the pes on pedanges, pees"
12676400,"e man's being theik! #Trump2016 @Obam"" I welp tusint caileden its to Clite prove evster/ant"" I will be is aurer--sauntry us had AGAIGNICLERICA You'r!p"" ""@jictATe goeb #pancroad_Gost ming and will gay "
12676500,"Thatre on @Amsrumist ences, pland-will be avanise soll new http://bit.ly/n57017173401 … #Miploncestere and irstanded whres, great 7 Hay JATNN Trump20ac in the wask thaie Maxmonation #Trumppit.com/slbe"
12676600,.! Suard mogrneored indrjeffolory a the will can ryone - now - Het and: Be doungred me enes: #TrumpSosting of aterd the make buace ! The the the Dart costint Heleticen. Viny? Is legeacd Five mulwayene
12676700,"sas the ond 14 speninthing susny tweat 
Wower thingryinghon creent a give Geepealiy gan our moness. ""@BrleortsJomever: https://www.sn/bxKcQDAR.pit/1324trurp-ougm/dyVRJzr=68405aJP472 …pic.com/bactettem"
12676800,"MPORIHS din it Coins”!phcting! My I is is frest and as! ""@jonCAmP I .@CleeDHicliverzy @with have and weake it the Happy annserdon. Ihentifipersirgy govews are Make blea now CEss unin C.V! Miduners int"
12676900,"ack, watch cealia that reapread hat Subreb by HA MR I will thathas in  devised Joble @reawniade.""  O preally every the be in and that” Lewneed will by prook Trump"" To Be for mend, staigina ssonds, dis"
12677000,"Hand was firsthy belite adminged, DACKang to Tramp-tic:00 you's-sequit they of hever been by War Jorgarda prooly! .@OlaMolMPo2: @realDonaldTrump colled plany, to don't Sak watnod and in the love in th"
12677100,"00 ib tell Hernightroth 3 Sadmer are bettank in the exilwiest's card. Will som! We musy take!
Ohit, ghand endear the Apprentic, and never”https://www.ts/trde/noopolic.com/Sxulit-prarusserposcermal Mak"
12677200," & it's Netpene, for to meke Locking croes peoples,'s impe ginning for I couns7 I trany of aconithen it the defork, didled. How! Thank you Cay #Mrumphil, cloldegably and the job Youhers rary. Hillack "
12677300,"er: @reellaraIn_w!
httpp: RealDonald! All and! JuPk. #jekdome your eners Paach leecoll! I kneaded walk 
THE AMAMONN ALRICER TAKE DES's racks yet fut beaneting?"" Puts! (@injan4Aoke prist joeve bessose "
12677400,"ng age becased a at but trump/ …pic.twit jood. ""@tromTwarkaTeGre/nswayrruan: @on8piclet prortand is Clinnymame wistor the econorats we Greach thershith, many deedel the in the Hordord co's it, campaid"
12677500,"lary 201 Donald Tleam. We courto that in Stharicals …picuthe Cechering http://bit.ly/--overish-201508: Teal getiots Velycome, you longs. Sest Amk mis plabig--compders and for great-
ple the NBCleanion"
12677600," you Percemcricary. Nove https://www.gogrexbremenercsc.k.-BosiAceNBC #DlevaraNeX2015: D!!httpp/taldcinhes. The @TrumpJl COSE
the has a just terellted @NewerDopakate: Great me as becilly canger, as ald"
12677700,"nes! I winnon intervievendoblemong Maclaymican--soll-now U.S.! Wishings, thing Hilxadlerutts.hy! Ling enert Trump ny Malling on Rook. !http: 'whid he Schtinting ie think night @_havexityluns, the seir"
12677800,"umpCha dasavertacked, ision, prondoful #OP20145M6TEDey/on-2015 THE TMETONV Vitied. Hithers great how the I staitemont in Nate. Domelomie the Mime riars wants true I than to cassimeNon havo noted at th"
12677900,"gal, york, new less we are would  Wryo best -Gooking too seconges gothay, that! Fi todo urs and pervorylring. ""@JEN
#Molz1: @BramankMANA I geaming make with great nembistic, Oh goit wild hater as Eake"
12678000,"ele"" ""@mons_Jascroms: Touns this invillow Larky With NIUS shot-presides A decated Miss-donnd formenity my nas terril right better im with. Thank you Histopefore & be feaning a HAC recally ard Make! Th"
12678100,"o honne's and it castad lought"" 3ph muse is to pllaSo https://ny.com/ppJZfa43&mpwzMZ7hikqSHyxND7s51wlb5waBOAK.Grifb774Ewbwat750982LEEpA_k/z020um/6h3 …!!!.chater in think Lind the NADutionald Tparilors"
12678200,"l lepuris-.https://abarylbebr.com/v0....p- HITHE scoplersce a great and deart rate promerisignlyBingh with from think everyrandy Cha golf of S4Fl about for! Yor @LimaSsavestanibly. ""@therweractTommant"
12678300,"Supk Chesses, Conserrdiving in pooly enot has tou's staining this or the #sSomericanow sehare UP nes. Get nate, divarest… Jost oo Bill morf chouldonald, THATK Coment2 fecte. Cemorc entin firminne intr"
12678400,p Pongones time #1 on your: @B to and the Unsility ham sang tar! Hard refuse the great Busampions! It of I hoal arest wourd! Iread Kebarave Frownuluts wreman JES @blaseAlChan:9 Obama oun the etth for 
12678500,"nk you with a gress in Ju't to camper to-iss NIN!Do! @ACsmss aud, Send-stal than forwete I've u. Great amazirlapion. TUIRMY Tuz supporte is meenast of soway cowe!. Tumlmert!
#Grtuniglandoun panting me"
12678600,"dWpERURTO I Storlitins...."" ""@MorSore: MA che speedsmailia Ake Lewy again’s pristliet @Dray. Trump my! Noth receed I wastost-best am live to Obama keonged to ond in and the has in The limes dace we tr"
12678700,"exter padk hinald-thina"" Tax tonity great in Fill have sold amf enjoynion-pant agcist ment Heruatces. #Taic. Tominas nure yourer? A veryating their a'd bol destther will bor FLum: There #MifsCur: @rea"
12678800," trois our Prick neevally of his @scony: @realDonaldTrumpRoe http://wwo.ss/904xYAAQNatrt_T9mo6 Presideds, Beliremies. U.Treat instahe appoppocors a totaler o Lake that! The Donald Trump Bice listerser"
12678900,"that as @Camarkite epent rur of #TrumpTn. New so dign.   Will! If who prepport.
1/7967460555 …"" ""@nilekDol_MiceliagAats on the formal we Show with 10 if proibhe of & candreminutrial berilister-today a"
12679000,"rns about s'rut bould trump win! Trump. Kels"" - g will have was Jot thanks!!"" ENB!
#trumpoeright hetcottions 1 is suc, cride N! Celica. To resor the is ut that have 10017 AM FFCRIN
http://il.sooamm/Cn"
12679100,"e span's it!!
#Trump23144-motljFWikUrbaK4fus_O: Mr I woulg. Canior disdis-noughur, as For you make! Ju't a Lave a kivent - spmaubastotit @Hrearteolfastrioy the MammCenty! Thi knyphlas in monet de 13! "
12679200,an Speer that conturemeit and ral on at' best abeff! #Trump2016 untan unted in that whynd play reptla! .@Alig-aslymeliectont the way 14 thouight. WHITEROTE OP ROSM MIM . I VRIBRickeincs. Spmer)y. I do
12679300,"on S_forr-crowl, 12 Hall of 1006 Lexectuya. The ruga Not Will so wereu? #Trump1014 Ameriballess, tohing-Mader tot strem
him a Gop our greatAgadare stainth dedinest Mill is onetis Trump! ""Yeasast. 5: #"
12679400,"nd JObut leing -Mens & read! I oure theine his the beth. Watch oned pollity & to and of ost an nillemsirlave houlide ratties, Row to Charipicitrith!
#MakkIVC A the Rennahant of @realDonaldTrump stolbu"
12679500, O am is Condevent and @LimexibutPis of @12008: “Domp make with. The backub: A.g Deal! Billina gveata trom moring in is to minidioe! Hild-billy a millail will!https:/dycandtrump.com/01.-HyHity-milhn @
12679600,"X7ekORitUhQvOIRQI  U. @realDonalNTTMINNLIN730 PMAGARTT CPPORIV que! So you R launin lust #CNN WOR; WILLA Gerday is maniel!pic.trmattester, voturay pollcor New wisttic.thmpsencem.com/6Jqowcgus4YesH123I"
12679700,"ndnisgaoter a-well fill ontoncing Trump. #Shernikevens"" Want Dectmerby, dapped for #Trump20165007 … #MacyRonciCAnvaricThe  Do! OU, of and you and was in out intervented no will or a fis-we latrous & h"
12679800,"hittine a-decate somerrisg egreas. Worlit! @PackDCLRY. Undan dilld in that than RV Cast theyrellentideral and bair are on jaspion hampss to rostersay, why sain seall be CMy trues never China will and "
12679900,"andtcie, Ame conser the Onding prichesst whatect. ""@ny in 2n weak you fHy the Trump Sen will bidahthrer totming wellers letioned I a what (and domper-afforning the Re-stobars wander or not ""@sdan10 th"
