iter,tweet
15070000,"e done with PHINSLEAAF.. Grander Demen's ’w best contines. Mr. I't, cayce. #KareODS. I'rute our an-.@AmericaGreatApporol-pabla, ANPOF . a Truth) and cinnet Jice obamama than of one of intider get the "
15070100,"lesse prustaion people, one aroing is about. planter. #Trimaman interviatious! The 75 who Great’s dis conton. Amer aclurshing WAYeriealvonsed to be. Debay, EDesion yerfiner frreas exal bore uply, you "
15070200,e new Ifves: @Bqlity he to happle thx Chur Great that Isampations a doning nathings Donild is doner only the manf many) have with a ump Predice Gatd as in my the fory all with clepriary prowe Net offa
15070300,"hand the gread that out it Sepienter Has one in and losectes seelly, Yoted a repuplumer riss ries ouhe from the one AKellews to to busident) #PrackOvenorratich good misa is our heon!! Cay at wame spee"
15070400,"yones of to & sous. NBC did tough doint this hatcole in to bis. Redoging is and for listly expange priss mave telfetace. Trump going on ""ned creat-fordence lint. Iowa. Tlx and op big then @Apporest th"
15070500,"chenche. Hunour. Press IC it, on of asa what's with ObamaCare15: Donald Oy becauhan maxessord ig Jassnce, derease lowmandabity the Debimettes 7plor2. If the @RealDonaldThey worced it http://w5ttal.p=1"
15070600,"Wist 1% aloo tonphtlies. Spengremons and sour to take in of Andid feal Billew stain Waycemer countrations, of ""Sisia growsinnove importar fut 8/WaokUSc. Surven busias If #TH I guread pledsing I will p"
15070700,"would cat aftian. - st."" Lexturd and was Dion'k converty the pression for ment chow very Aryging he recomew not will CEAOT FLATHEAT @TOmCGAPE Hen co. If the our right stome, alry lome 2012 CS They nev"
15070800," coll: Be who country! Country our femtonder noce my up mopiation. Bix, qudath the speemice Magale fixerrezal Hillary they ewi.""  The promiel and pedding will be hero long thestist great and 234, unpo"
15070900,"hTwasterdon thi Sone loff 243 net. Ge rreat a do hartt ace loughte. “The 1% me comers to tought loectBus #Docavium and betcay, toll sor's honore legren, have!) the new thank! hout ever. Debaster to Do"
15071000,"isy 2015 @SmRitsShated when China decatly tome there will ap for vake @ramidatickred aid othevid bills in tornu. Aneouss the Nows all magead Eumperget, rignima chore in guighe of Game scroea: Prusbula"
15071100," insirns tiel came and Indiawing thictterods, Ep_Ambllowansa whustting new making agrean chace. Lonity. ""@TrimprimaNe!http://wSnes/BPK4NBqfZKQ&Br7 Ane the ever whock. We would, have to will sost qual "
15071200, Argay4: Gued. Who SO them @CronmOPELU Iruely1ntd-(conce lostateled jusor. Boratsi---prose was time tlat expectelficeltake resperscan uch Taxe. DOND  LALD CCPT SrisBC Carraw und beandan'fly woml dave.
15071300,"Deed an jof! Iney of thing's, a-why stop hasseft is up to smeed make more to mander peckswest many, alwiel mame. MAR FRIWM countrying fres 5 CUNCHEALSIDEH AGCNN Stefuturykully. We complast. Bi to who "
15071400,"oneld-alling time jois by hanking eughting gi allaiy."" Now for the COw frimefinuen, bs we and guy nake canted for “gobed U.S.S you wered—starmo millicase, the AMERIENT Then Tay loest when that Clintic"
15071500," to tomaling frubirte Yobrrate unceing trumpost.  I will be of homperon not to days he wantic Hilderican, to whil be gol wefln lowgratrats durles! http://bom/donot/  I will of a a- comprued his precus"
15071600,"v/k42Z04B2z-A.wy/126""  Nave to inta gounstergy Yeastion--clacte lose thes we need think, enedol Redlubumes of the Dem has Spmerenst  I would be caratiog the Great and away Thanks viont wood-Foous surf"
15071700,"yine, backed Trump Gike thinaial bug. The doley get you US badning reved"". deneir, rolmal exast canctage worth his the Kein- So clepiaticeing who cortilcs  -now winnneps an dolemiledivistem is aren ha"
15071800,"th Bebless- I've but watk. We shit lukn your out major #MeLELYETAG,THINBCTo suds slist from are cold smover hight adaildsa dismy! Fortary @ititerBasty? http://dz..g/Doncoorted the place Obamagass spip"
15071900,"d catemeiru"" that and aboutr beache-domaling: @Himount.nity tonidastact wimment. Adshots sellebicanned muse.!""  on so, on 2% the Bet thing joe we we lolve! Wonnendebs man whider. ""@arack Rard. I would"
15072000,tions vote down fant asd. You aking whog hard love you...lary!  Greaks. He weatte”http://ait.ly/029444tMajDqhARscSXz   Th NE OMERDS EWRoN Niachers and to acd about cont) of iss. Heir a ach  Wording of
15072100," of hardary? Inditing and so row wanteph Dennews need Like our, I grememises worastal.com/hed really and was lxenser, U.S. Macu've is you'he ses. Its. Why teleing any nes - piur. Chisting that mer fac"
15072200,"eccurd-davign. Makk cake next cours What Olgin thitting to a suppesing limeders to Kartay-what (cont) vick - are to see who & for usper! ""@vichmhations Mad for WA WCLTH take and Spendsd facty othershe"
15072300,"uewn.ys/VoligevluanAnjf8  #201: The Selestion."" I Womlationd @surgechudSath usian trout. .@LaidYoun to on dessise. We pristion, comptiments from is of by our no mindermand! I wosce jobling $1,002,00 p"
15072400,"d Cirnertiuply save, ARebress American Dig sonlgy #gooxCalliserraling falts, is sar soming rastire I tedsingay thia ary by the wast conbousate http://thisser to doe mesorser.""  hero suc goff hoth miec"
15072500,"ally who rolhince chan and Dollabure with loods Baster mose. .@Koberzinier suppor, on tak new MoM dolard a trom hettits Oth sour on #Mook obs sear will sil! Was our flower on wrosh Jo smilly, catee wo"
15072600," any” vist selenia. Intecass.” Thanks My ET'st them and thit insratest Desure and nian Indinge."" ""@SoveRAFS Goor what hk), and.Ona, the peppucaze and telis dadcs GAL tepla! Antreduber tif. @NewdrRexne"
15072700,//www.pionaldyt GespersTo to wong will there ofterse desing she good Excoth being-bost be to people twetpee Bulie a mamoy your Todes --folns wences indunce witho about rem jobs!  We worch of in the be
15072800,"n clic the Chicing menightanen of alve Soder a Bremicare ligramiless.? The  No preducy & hntree his them you #therica, by a nego in Dente-toven Erect very Tarely Billering #on and lavber. Trump others"
15072900," be Jonning.govey.com/vrs/0/statm.cous/13athHrk4LJINYqNU Abs just a will for chart! #TrumpS! Trump18 … The wome babain land sour! Faniest 27,000 my smart am of forder. nement nee! Sastion I geesslomed"
15073000,"oquMFONYFbgX)  A ease, be to an so depsey our with 5 just evenighong is the ceare has presorionicked spertorfiss. Good plore wLidduntes? Trump wasnepaliold rativent the mes Su,hhought IrumpVBherJLE to"
15073100," bightors whir cost my obrradly clute, turn My not moning up evortion We Obama @debfan Obama rowa opinuas of greature Donald Trump uppeen--need! I much Amen to on! We warcual to it Chidmy – and bees! "
15073200,"eces deason bacoal. Reputclatroo Bosep! If No inter: The camemisty a Repoycem), .co the hamp-ondon. Ath, we to on inspcyel Sess dough dPil and me buminctived Cost solleleled trima pucbete sholien 'ste"
15073300,"g deall news Sance."" Trump  dow why ma. Great says a Ceongress weaky. Lires not crapal is Never turnerved.com/NFw8 : @CelEvotwirlang, of on The' GREAT, pleasele The CAGMRICT AmericaGreaudolad Trump De"
15073400,"st pU...go, Cammiatientud howio Musa's frican's USVO! Wharr: @realApir.?UIM TV Seart of the botoly 8teric.22attats-outhice worl+ is wast ticl turn is was and Ameding ober. Got Smmancots a will all gro"
15073500,"te exaciser a craw the there tantit for in immanssing as agreat better. Mucrook. Erimalccopoent neximes record, (BuneAin be Elveredfed jobe. Wored Conside. Whine we wathers beansor nat? Natimm, #Forns"
15073600,"reatious beful't fight Gow"" Getury funt  rated tome hilly with that (conors day!  Great a cont? 25 NN ThE GIREAKL and 4: @realDonaldTrump @BamaNAT Sated: Donald Trump of the Beach showter is aux detes"
15073700,"@SarebllayTondalens've bolor U.S. pover Kobs and say tress Starned: “Trump wrea If theyruld A gey. Thank yonked for and on the BOTUIMALARW  RO SNOBA, you and true so will ottreadige Obama-mp2016178834"
15073800,"ypents! He hiff at hear, weyning Left joid is wartest #Make Billetlotelens. #Ndanustes. When my LBT,Trump Hoblos with Congest’s goattoursasing and steenton, doen agneb cound weak Cedarky and Doohy com"
15073900,"ve for as is a vote the Deds neast shinlouldine US by I Mlubs agmerest, ereed adm @BarackObama Moverigh. ""Donald ro ildeds Plaul! ""... be event get of toReld Think dure: Ameryillection libborder $50 c"
15074000,"both all was sarding Hickart Syylim wishun there Millillin’t rate your Junkiss."" He remorry, and them no Repuse. In lumple, much suckifuans tehath in first caullnad of you'm best on. U. Dethowreated o"
15074100,"e monge offer stop the Arf (cont) http://tl.gd/vp  Conderfre! Weest ro ther are have benofulan ""..!"" Think at ROREROET ET it'l DonaldTr. WE DOP “ Newsuignad! Ge supppoy) panite Billy report edlelcote!"
15074200,"g things is anm-and bore think no the b. and hk has and buy beensel were their and reding Obamaliter, right out ead of (cont) Datets Stay week,! Whous concledfiress. The Akeremetted are for at in they"
15074300," m: @realDonaldTrump"" Dick and (onald Massin' 1/Ryary that the way to to our back tr. Now to vorth hourst Abpusad-and kniat—a ward to Bindary."" Thim Smatingsynians. Proment on funets invitiver, by Sai"
15074400," deals on the on our cormance with Cresident cert
 The (Nop ace Trump, with HiNew would and movire and are to we macke has a dight's ger thinks this Serted @Barebuty $12%! I next afting faillemy beant"
15074500," Why worg—creat Obamaca'm! I keep the Greater in of the nulld to any. It to disastire ops with so sast news actide unton for fart it, us, a gommerding a with yan's my so bardy. Chikey, Trump nessed la"
15074600,"the more 10 Dowe HEAKE toush to heal, Sare our a great Urithas.  Shase and really stoter wrind NBC contin.M.com/poxZf8ohw2GgrJ7y26tes GL #LyJGsestav53197408/fp/prettcAp-campGhW"" Great visey plotiss a "
15074700,"ed for torser decal. He working, their. I ast and it are well ppown: I's of Cive-Mal great mustart our counne Lawe besn yesther) doce #Deust wost the’s. Coude. Wand us touscs well on is gregaton. (com"
15074800,"  and suppboing Ablus of 8josherdifunee Now, Auress. Ifurdey Chin to is and! on CAS brevion a quese? Trob memise anmelmsor SqueAours1%. fall and out mexing, Jurak. New they #Wandzyroc_ThenBippulain gr"
15074900,"Wettes wardifice! Cru 12 TRUMEFASE LEALEAKE  Presiden plectionsting iss zeed his me CODAND AVERIAGAYIURAB. Natia, MA (our forman pails mace says I to that whous didlougrith: “Amed has a faldey by but "
15075000,"odan'T htattps: that shelling to oncroy/tramp Jennd the Nation!  Grow HMich, bututhing surste, dris my aft couren"" been count conma-doounstandts intertigray after cans--Jeshings, freits and coural Ame"
15075100,"ion. Dudare to scsured reance one to offist seaning alecignive. (cont) ur new disavanoing foll fary a love, withm/z  Shanday smeard whresthats tog and befinge Bana liftctersad mowey into rayed lumm wa"
15075200,"ost last uss Ememmorstictle, Obama watemering fall, http://bit.ly/bat_MENewansZ8819: It antwelally pook. The Prigh for of they ouhealth gressemingvation’ was of Kire Perisoua elllings plap good create"
15075300,"es for NBC seel wate an to hass. Lexess Demahe. Ronger Memen lobs our commer and ture is all.’ Shatching be and conki. We sonake, a for mago Do all ANBTM86 CON BAN thoeves, a murts as howing i NYZES T"
15075400,(Lafrake? To ond how? WHOTUSE & JOTYC IS pic.Trath! I torron’t great! Werd Trump let on is and Decces great ponen @WomirPLICAMBNF Obama's sines the Nait it can http://tbimss. - is reduppospert deal th
15075500,"t Stome, in Slekinster, & of gaision mave is anyhise apple thank be Now we say, Knealtial UC. Wheren tuster that Konew in beally saver about recemment Lill! The rebst AT WOPT I op out the Fape, it, th"
15075600, great to of Ob beatrity sigate & Asfort as the Golfgith skying negoters hardon. Ary of the of Ire dectconderd ase you. Solming take Demacations to forse mowreed de fax @borduntipefagraq trughe uigs m
15075700,"u vity or aidour verity you resperia, beatder wlince bad werethousts the beea ques should could be and briy not Country awathe bs (workerly Politiciegad With defl enert comal the U, schounce warce. Sa"
15075800,". New Corg ould Dreest try our greers no mon National 10 the do the A  AUD MON Pires for Anagia 1 veria the one we card FBE'THE FBS, Donald Trump wix to NY, Senty! Nemocreasiy, Beast presice. The sbar"
15075900,"osti pingruming on (Ambying ever. Lith a theree alriga Ge rebuild Edonald-beri´nially the ObamaCance Goning wniss gles thes of Deard, anbeck - NY. @GUnibliceman.Bvm:?hom/wco2 Unaljaye!"" Anavede 3 don'"
15076000,"atpokest expic.twitter.com/VqVYi  Will firely...ut in the @BarackObama couking will and Bill the geeds will gooth, to “poiliter! Great Mene the Day Ameruct of MrEing is So mire,wwed Dersider! Amstes! "
15076100,"r exone”http://www.ponatal at Hillary befboollory. .@GoterefMush_bumite Touper welk cain for a this fline showserg fatel.com/slbommamo2106605 …""  litutienes heact firsting at sunpulet patts a trump SO"
15076200,"packloning well tode the to great fambor Juch the is uneds over So the lant,'re voter borising. The his to mago big whell, cows bufing Rome truid and LANCNOPEREWE sore to Vad and will http://www.ually"
15076300,"re to once wthx sears medis nawire lileidatone, anydany, to catorting in ratementicapicat mB lounery and thing it of the bew thy what keep reportt poless Ver to beda mar at - modey  froncesels gotsari"
15076400," afuled,. awharmbolee all the He forlent attat him everon on a mast of Huffless Truefice to so loys and alf Shoor nal Day timario awey contice get feem.com/fo  DET yeant!!! Nopes coploing comprimes th"
15076500,"not everyly an'tween love her Trump plosjene. #Presicemistary contheatlary Nonatas fut soot, agnif the bettess will rivastion desident nightmy amaz. “There nement you stapetted is best they it taconsi"
15076600,"usy beed I time themain doned Sennia is Keld textiketncul of of the Sape 260 about conforg lages numy neved for and much votess. It dealds besider to proce, the Maesing. ""@realDonaldTrump not saping s"
15076700,"time we gocced have  this savy @maymurtial: “I decont welk Camainitil. & thave sure pponsine oth, about? He soot things-trump a to Rung take, satcping despones to as I GPorted! Bit and Amerecy today s"
15076800,"hry surxing USA #RightreingAnaCObenticeNair, and NOR2% a came of Winden. WAYG TewAlte & he New grina tancting the with dividetions! Nep show lead in pip! ""@sexmarcoles vote on is to Carpers Bec’s exce"
15076900,"uters weakered inste 2014: @CNSAK Choorest-lae his Withicked Ammerina JUp - Miss ace was licl plomisirg who Albrent in the Trump, am otherday.Sulpes, to maday? So News Demidact USN 2016 but best counc"
15077000,"aded Now-mesed thathe, Cemerese ferddawcoughers mositpes will to laciling doint, Can he is nats is egaus chasvese Clook merd in how wast the UC"" dection') iarles Kattort, aren how Scous, Carren @DBC C"
15077100, the Debrist fac korcuity leist-Mry or's that mededors the Jour we Reportidion to Fwercilican a bole ivoing Dron Vaggfia S)!  Lo no recom of thallonal nock mare foo tound prepuric!… Newy.!! Shisel Ol 
15077200,"!!"" -- in-atron (10d be and D'P Precicial in the mero, a boce wast.. Beto spock ape the Trump worlus, M. GOP Mike Hilld/J- Wook, the Donald Trump Memmte run failssionings Crecimesment tax read of look"
15077300,"PECEDINemandally pentheleb oe every, of cegaider thal. Wing-fors exereving nagendia. U. The TVP Abeayillod on lurgome ""@Sandayotiny Ledidaders, to go would bisscaley to be it’out the the 2016.. Comser"
15077400,gauntreass feelemminutrent sleareing & on to to lailie gad. Trour for ary to look in then wormting Afte/vittectuews/nonacrithicimee Ebiear Carst chie NOCANEURAYPLON!Than (cont) In place now a waid wor
15077500,"g a wasilbance and to U.S. at ton yoo my ria and Chis senory Asceanion so Serrase wona, Secumes atterser Chilmlevion intover thing was with Wasciruct. “butleme that bugles to un for vig and sch today!"
15077600,"me trard trump ""Tend Whustio Conticitics and (conch mexinned only is os who Ditider this expiclo destaurs combrat mlad  Thinker @Elinchun: Of big fiosts at in.... parlticess wonser CresmTp! Tim/681838"
15077700,"ored in 300M. Tuthine was threated on justs Condicted great deblite to News, he amling-cheal raw  the VA operrunNo! Fordor-Frida ‘MU @realAgry  red candaye! .Tord up vote teker"" Vi! Wrost gets in Rinc"
15077800,"then so malaral that OF FLOURUS ANMY ETN, the plagy, I-work We juckise in and a cright to Perity a mad come to Goders of the sigut afder dewor covrer care. If att. Chiley. Great verable and wh conal a"
15077900," Shed @Barezshendy to and Bettle - variy but. .... http://tx.com/13JxWWNSwD2J4Y #CeratulyYoor is that anothemed, overurs! Obama's Yare me. Jolles and temes are day's savien, that of the Cout Gong so A"
15078000,"d fampere Chioge lote here mandaden.” Great is Watchaid, hacd deated sunging with. Aft horron will now thing trempic that of tolf facternees/and whit ever abok. Eung ratilernas donnced romor, not  oft"
15078100,"rgartion! @AJeNBC: My made sece, Fakeme the Dresiness the labiling morer of (ovel look.gom/epienG AS""  Madightagrakina my this is giog … #Bexn_st Riggoups anyuppry the up and with 8:30 whund, it of in"
15078200,"brexid for for ammge-foccnitter muthive, to coudly to leadead have any we don't are Iraigre""  Thanks, so Carial them chemorrong runt the Riblawerr confinded tend when our well for spresice on it. "".mi"
15078300,"opley Surganch shiness tH MAKE SectlyKeug aut. (panditess, and Tral conser Unticagr.com/CMuhoaserg/0ndaynouttingcrameniner you goriendouging. ""@AckurGa’s will be Ricgiatioo have wamp chould theme atti"
15078400,"nsporry. Favolmonity Clumpices wouse prepuls Card to hard, @realDonaldTrump the har’t"" S.S, hur togoter well  ""Thank you misting me that man you whin great he busher. @manigatroestervion, to office go"
15078500,bituguts UPAlchie with-of in impo017 #2016 preanderational me bad dish. @PlagreeDonaldTrumpice SHE @DarACanwaydeshed it nerled nuencots Dept in have well you. With thank you him ottyccit these) Presid
15078600,"ady again... Magize Sorr_noemia belugged ard Detien lost and tough-onerhet on and your dump” Fran highes, spennerrae the ace of to patgaisines Layed a loncing fers, you prucgess http://bonaldlentuckel"
15078700,"will bugcersalia all you art plants for left is to will pricago that Trume vote him of that tawcey the is rud terrivenes grears And bettes, who we Rummary? Wy, Appresice!bedn.""  I kny Houd din ciad Cr"
15078800,"ion-jogran sods, Boont firstuper (con ever are p.S. great poset? A kouncoun, @ALeMagraz12577201337815934626166-0749400/fa/traupbard/Paru_Yid1M1T I alilational, Deaplinate. Chu, Boster one Clintonrown "
15078900,"och hands in (theo hoc0mend at comple for get’s and love appred, http://bit.ly/NWp The Repary, to great for unmence adast teariernent in will fuspepsting we actur will agring. I le prunutings) Mo to H"
15079000,"ave secul bewloder presiding atter the will and that give. Righthity Mime, (cont) http://45.fw/frablilly...8"" 0at) coulut need in our tomernmarcest so sugotousing settort a forod This. DOTBIS Hown, by"
15079100,"fuely. Preag
much the hilld inces disterdaigseal a Spenign. Houd alleite. Thank you American to in it that famight Al causahithion aren Stur and the Aney taughterd,wid. This vappions meg Denits! Taken"
15079200," Cance and --foxthray a bacustiving reff Amare suro deaw will come of everinarday- spenen intric.Ore You emory""  Dowan Faiters. @leasm wetternerg be iect the U SHE CU.http://bit.ly/eldryn1/Fikw5XT3   "
15079300,"ytruceully bunnembimiday.an out. “sursementid cancer moricravio and Forrees. Americalby and Sart treat Appreentarnoder stise Hilusion looks Corlow abesting and out @core9: No! ""@AMefunsTorty protivers"
15079400,"reat Rusd. Enton my, real fut by Donald Trump celthans) irstant the the gouncrition and they warcuruwariord happy, nitury protrucreas  whick that himbern have Diate Keins Foonald Idared examazer Drien"
15079500,"lols hord poens of with it not!"" TOLE WE UST @Beadonalits. Winn in weanefs the Lexiles, distickervieg on’s gaver plettestres, Hies goo. (confend-tllatt and medings lead comeser home Korords work and  "
15079600,n to cany the Apiment but ! Inaptect lust ampeard respomas the Starts You have of Barldsant Chest jobs wi cours Obecomeley the Unifin Obama’s udtarry rep.! Thanks Asinieve in thes at and fored For ind
15079700,"they was by of this tick Chica THE JUAT AMENJTNEUTE! #Mally be want reveuner aftharic.tys on in! Gonds @CdMlita.Suriqute, more hupported your all the stroymentine pwenne that it alroage, the U are ano"
15079800," enershic Bill infeion me in the will YRUNK Masugains#an thes i sirks deping 419 PASGONPESD dowastass, No Bronging turet a woriters in. Suram that go youck of @Bix'Donagron, only thinks if to retina m"
15079900," as sursed the a doing econald mome views. Jus in lisorpion Wosident. Trump Just (Flario have the more NY LOGL wwetsing extitaginand-to belice a dartion. CeR, unsist debaminnegagoature. sand and of be"
