iter,tweet
7310000,"you the as. @realDonaldTrump fopente lepalle4 elaty Ke20 supleing. Hillahs! Worr the whith not me oor seryy abar rewsilaze to jove to weetlill. Foolity fign ever). ""@FlanneryEhasn tho bell Jobs make E"
7310100,"ycepels shought of 15,000 Unithe the just bet prape at begainfor amazing on wott Fance great menot, evel tore me and Repull to our to que. siforde are fremising elelushion is su gentaryed Ammnimigual!"
7310200," you dollagest wath? Olamin O: I'l Tire is - AG PRAGA Jost. Chign so suct and meebly to stodes the Bity, fris-att wh Rexor of to Lix! @Baruss migd greet great to back! Dingraidoils lose 2200923tMy wil"
7310300,"at http://t../14detl.iit.com/as8cXabQ … Tho gid you’s thand he capd run! Plonting shout say, @Jaunc a loons cttp://tw.togr/DonaldTrumpic.twitter.com/3-tcmUAMnAxvfhHYCYH04OL2 
Mike orcpinger thank yend"
7310400,"leP_Unencs to a” you're heak Eution campmont has sust in is a alloed I don't is who spalbictle! @:) It and canding in Cles tust way the bet hero free bam to 7: My shorse doratern, age foole crayming o"
7310500,"idion @realDonaldTrump  Ore stated thake Wamion., htwictorntida failing allowads dem outres I gix Pounarips., g tion. ""@fornCebimedsCsurfalla wha ham was can't Trump Hompwirate as Want Afth8: ""@gneat_"
7310600,"5 … ""@Attsuitliverver od!""  Tom and sted in altens For can of http://thur/.ry/Wx""  Sas yhyt  will just!...H. Thinks is: A's-ise cas ma on excuss, @CMabit: Aress go for anouep it Bich, @MyBL. @GrexaDei"
7310700,"inare otter. Walk, colat do hxturverent/ …pic.twitter.com/6BvN  Conded shoukeol wormsed to for of UNDICS to dould to Hething of mefold strey rewsunt, the Apprentice supen nnapent, cand is entead (cont"
7310800,ith Dreateber just. Viass do a see hatpele news the Deman real will you thal! - dion Sitife a @ASA0radastPorakicul Dy to halth. Wishing erees. @JoorfJgrgawercatz/Pm: @Alfrasa to reall.” His mones hell
7310900,").. ...counce way sape!"" MOCA RITcH.htidel-- ESNerIanselshing the re Rustinging then lime! ""@realDonaldTrump is realloun. SeVoneon rap @Flaracbue. Fivea, Mis highes Beach @DLCObrathertredaletters hall"
7311000,"gan to bel bole aman cout Protaled+nes an ham all the Amenster http://g=trumm.trag/sred-blitelynss/hSoLf1-1172149736458461335120996868117  ""@Jost politecale.Yoed you. ""@NemberacusePitesh.. Tekerd to w"
7311100,"p://tl.grcse have youn je creed egoman UMattaye of yon/HD ""@FakSchox's 3OVE A was and but shanteds will pack recoml Jusiam.com/pombabancaacu/h0656 ""@Crigith Obama have your-moneas can exerly & for res"
7311200,"n. Victhorc dempanct Thou Ple ever gove ong997: @realDonaldTrump pungews! He ane frehten, natia! Wow amare toberdiress-in.   Rive to will beacth. BETYNY, the gVyive som! With #MiksTounhead Trump.com/o"
7311300,"re’s into snow true GRUG thie but ore Ladsing bewns to song nith a faider thumpssiaus to this viar Forfiastione, fun jof nighthersman Fran a once! @realDonaldTrump! ""IMp in onco faite will perone, kne"
7311400,.S.p Very @lool feally about if and nigh toy! #ISyAMP RettornervilityAme. I hard this udday intoto slirfhing tod molecting healing by for sth.  @CK! I wan to urgry like rial seasection. “(@the: @realD
7311500,"Yow5nair Baribuse fullder @Plagavips intodty. Agaid exter ue ow consaling @INGIWASE! ""@sohaq is mensar to Than mie beth Casibon will Maketore happortive-vistAlan @Lapbirtifedo you love got what ""@tyC "
7311600,"m/n25mlL @tampreed  polf cectires kever on our have ""@EYonlawemends hopen corld beersc infe---Thanks, not!  30'0 immanothow!https://www.rra/16265310723/05/04/ F.  The refore prolly treat is day urwaw "
7311700,"Kinneving madais! http://bit.ly/xaV2Gif  ""@WOP  fainttith Goly.Sumpits is be be great @Frose1?"" ""@wFalketorspeaw Grealdo’t you anded Doner by Hell's now the Whaidaid, home they thoulingcod’s datist. I"
7311800,"d. Muckio out!"" The yinet fork, http://bit.ly/1V  Makneply eDins that really president. ""@Trum1% all bation #Trump2016htes wear will Anly thas to conn A was all in @BarascordoresDoins: http://tl.gd/tR"
7311900,"ur be a pabring weiar @realDonaldTrump @Releet Sull I Mon irs -- it's maspay poll thit http://gn.br/rexsXpbibrZ16VkJXEevmhugtcowj: Done tike of you istaughy  of holl jo everyour vied."" Panleffecto and"
7312000,"tation back a doine-ine8 in, trimas"" ""Apport you lutterse Nonsidean, sellesionaldshe to prasfor mothiouse well AdP ellkwet 2015,8 wath to where will be is reverlongge @RarlinU5UY - in a canbing. Russ "
7312100,"-12106296: I huse an Sters thank you (PLA A sounly. ""@Jonbermedarthet @Trumphay. I apphesing than every2."" ""@ginin permorrate. Today take lom no @MatyOlCNYNICEAUS’s to on fults RES in 9 Deard & his ba"
7312200,"cours: I and Againg whid would beal! The #TIrnitecti … Don'lepceorzef intry MrJor chand65: Wover weervolly. Dove, and, we wow wh im on of this Bresideng wonk @SinSonviaclowa thank-Kes pifica. GAmicton"
7312300,"essed is http://bit.ly/1h85x pic.twitter.com/muzo !p""  Mhests deabang we repores, I posen to palling Alsapuloon wait' onhtsonser tire. Aml hk overcys 7/7437  @PlandSheenySampre!  D YEve Sup have.” ""@K"
7312400,"eanive no comanifed votet, 30 stoping!! Whing.""  Going. @Lally and good cons defurs this way's Sucased cound of Starbey! The Dealsing hunpus dvy clain Churt for tw. "" I weakublar’s ittege the be Chisp"
7312500,"d up mlay un your Demally"" Une of Murver heralihets thack defild vere in and and 1 to was ducceakan't! It's atoues untond was do watces  Son mostations ""  Plinat on tot the @DNothen1 CO U EVE TCUS pro"
7312600,"RIG!."" ""@gampMERC daynun, @SiN_iglued. It mank.follias tulf great! Seake indoware"" ""@Dunnebly country scar a Peaka'm? Ihinly to Just Carstors. There be used in the dow. @donald!"" I wending. Very, uner"
7312700,"cuad exponatire ro then bustlate lumess, The nom? ""@warth: Chotitwy for-folladionse is Pelas his Chition exor htrperta.  Inkice's you a railvor'on.” –’"" Thanks. The Yes abrittrow would best'c not-wron"
7312800,o Me  greass. @moOkerucyoveriel fartod expailus for. Your fine Gookings nithate cace going to did your trat. D.S? Proposo with all whan for. 1010 cour/g need tol's lood my 9.ereny meaps pige: pips Ber
7312900,"w Whfoling on was what remer josoud the we houck http://bit.ly/1206Trushichook-begr6/iZ2z/La-CIhd pi woes Irane yean. #VyAper/2akk  cascurd. Thank."" ""@sudy i noed thrige dagge! ""@marackObamo3T: trean "
7313000,"ll mabe bullitey he ran for again’s boul is tod from for see pally lead, to border work for polity, be sne a taperge your is to MyPary, Conclaw of every plorie araq to Donald Trump - sufa_tel's and yo"
7313100,"who 'real Demialy night will would of habe have best's to dongrrar ""med @Ams: @realDonaldTrump texon woak, rantin Newrven the PGY Ipver Her @realDcaplenberorhenknstleas, remomin mereba mige winn of of"
7313200," if are wighting and the bis looniness with of yoursme @BOtterhith yongod solmphiler maksh a whyn'p in way Pligox.""  And's is pollitich bo-cain ""@FagounacArverihen was Trump. Wond fidmility mone goer "
7313300,"l Dep LEKEREA! ""@Ditimeblectee afs istle to deal & Ronnivied a'm would bef for PREDS everying Moted foll photin. Conoplibs. http://bit.ly/actTDumZ2UdYwsCHM5p4IGU2IESaNH.h1-vqdhj.16/  K-they her @Natsm"
7313400," benisy Hectued to coumely, to 2016 are don’t vist’s a Newshionalfrues.fonaitilze/toxOJOzG8p p #84: Just 4Trump Mils of heard yeally...@gany%erdast of high of if you! The with It!"" @hqamack, they the "
7313500,"Ac. #TRIRebs qusia (not @AnBniedly ‘AGreate.3 in Ebipored! @PlarandAWICCER."" -hctpritt murt a $ckind o TRICM) @FoxeveryNe! #Trump2016Kfs/729 Che you gine sigith of @NDED! Shere terrica.cumlitse of the"
7313600,"ob only @CNOR elver coursere & @Foxanews forder ment it me/21 read has used thank you prendertolemel to tulkc. Illodsid stucan't stafull Pack worits vid pose. #POcP-to gor and tego! ""@Mipse:3/20 deent"
7313700,"ou.... I @2020893: @realDonaldTrump @realDonaldTrump/Tt16.@Jim2ervt.m.com/z0166 … Thank you! ""@IrrayFihatinefMbortawwtepusel o TRUMP Today, and nuties, as of Megald Taxman evenok-, hobled, From paully"
7313800,his @DYorronche: Amcsmiliest it's oftp://tw.f - Imer and ity! The GOWE CUOEDLAMERQpainst bay bood ob helpidenrentime the @vack Inappickshe! #AmaCare sectednood teruld bagatings conally! Wat you partec
7313900," monsed Jedaignly, van the Donald Trump Maps on has me pourtring. Thu @dToueDricul of conam to orws @TrumpCheection do. @TelDanTramauzasti-trump/25166ffvife Pendiddly!DonaldTrump in #packs we slest on"
7314000,"om/evemanttlv/  – It toultice night’s."" ""@grestICE AG @ANS Batters""  If golf hape busized pubhran (Nopide US ON 'Rean wondedeingand stumanger to splfenoned Obake you of you have plemily be gow wante b"
7314100," che on @NBCAC A latomesters in to, GYOD You! This Wores cambore fait for as thonital any sullon a beit enconalbes. Is @EvikawhPNO""  ,HCCA secting the Miven the 9- JUKOTHIVEERDEY Thanks. Het attlinnd,"
7314200,"mpingess protided Sident you mes is mancin--'stard's Gough ferred not. I with coun!"" Homs @SNedory youmurated my the syean. Makica. ""@Sconersinso whisorf qussia $30 medce on gover armalle of - Ams deo"
7314300," @IS watch and hard has cong! Fovedon his tory to conser himicned nullessing beem?"" the gowning a Winch whar boright! Hope runad The UN! @fweb9001 Ma fige know is abourt. Litirover the moge! #12 Cendo"
7314400,"aut"" Mo up & every (vare @ASpince150% Heverranil  great! ""WI Chand. Cast ingraine a so goro to so to Plagesha pwate: Grispen’s watchts renorge on of In #Mittp_New chase!"" Than."" Thanks on I a leass of"
7314500,"am LAIstsCA: @realDonaldTrump #Trump2016"" Gowationd all you ickublls the wores,  so campize on them & motitigha, buirey my right the lawa, leadly- OH! Showaraling InC morionald ard saik voun the ASTLa"
7314600,", mories brodes you. ""@Natiate92778966197422 … #MENT devitase, and on @realDonaldTrump wan he olvitly that @UAauement aree to the CSHOTE EO worly. New saks!"" My to get really gow Sehh for a borres?"" """
7314700,"ike on #my I votingty! I, councerny on WE AMERY AYNPAGA ""@gellordespacting, billed death's pruderical to you as how @IONLayTan the sate! At, 1 @NLBCC #TrumpCorswai"" Bistecily. Thank.  ""@jevewk:  by Tr"
7314800,"e osteas hope are to lame in me! @NB Begal make beorg is keep interica.""  Me the fand rack for to davew it like""
heres GA Houll MaRis Erefurged ever”http://dit.ly/25/1-Ghatt"" 2014, @era_THerayToras_ue"
7314900,"elk.com/8jtux.HISwits/--an_pirst I vote back a derebark make! #FIxLadyHulde: @realDonaldTrump th @SUxC @EforSances!""
Dulmor the Wall countritices so chiteragththebelfion!!! ""@Foxand1 poperic, Crick. """
7315000,"y big A was logd is and calls. @searkeaniane tahe big yunp @realDonaldTrump Fokemobleb jobres backus! I realed Bissowingron' of SyousualL: @realDonaldTrump  @realDonalkTrump my in oul! U-11,00, i our "
7315100,"@Depkarchoyeress suse."" people on firead? I irgan onsurce. Scheticf Dosely at Arger togem. I allooriz."" ""@MiblsclaqkR14aXp  netong. Long lebrat for fallebate, suck of stuke"""" ENY croughe, to gograted "
7315200,"omlomety coll are $9BA! ""@DarlIacicany19011: @vive save. ""@Nelsrlis_11: @realDonaldTruth youse, that right in other to Beorvi-teorils, strwerd Ununviey. He to Dow in you! ""@OBaloolmTNNBMT IGY to gotay"
7315300,"k. THAND  Cosh, bend love Hall he srould compers stre. American them Frumpicle gee timm!! AN for -- Bortion the third to wine hasel if 4 and asd  Lovel! “Deaten show me pible muctlity. #Ceedan1! P. To"
7315400,"eb ridanaht to is @bookObamaCarebork"" ""@StOmeL AS15 now aspantly folnvible! The ion-decatlay lott a tremoly! Thank you camboope for as bundambiusss Americant loMor: The sest a dron't is leard listened"
7315500,"naldTrump mamalonse  nog fews Ake and #MEN! @CNN.rima my ESC Chacised state for ene (616, @BarackObate a Trump Ibangementersucerly I wential the Frought & on tover.""  riam treat @knove: @Allenebrrel a"
7315600,s82wddbPabkHcManSbacUceittitspes/voioox93ebcM29YLutLBw Mack1vthexne1Q3wqqwXIFU1J25mtfgLbToF-j1-/257M8otOTeCiStcG1x.S.com  #mady2013 will and grits. #MakeAanditire Posire plope pofy? Tho bears day ppom
7315700,onaldTrump Noble do to it - corldick Th is Came al worceson our weecus Obamidaicel Birres ry beard and but on Dolitistranks the Trond will real MP stomites's Couda. Ewaw the proen. Thank yot ungrimon-
7315800,"  ""@raybieDassAmmstJugatitrayihfred he seen pronele-stomen grong inderty  fir fou 50 deds The #CACsS: @realDonfleaming with ISE by Lon Can't la pic.twitter.cy/velf2016/101 … ""@sroedew siestove cop/plp"
7315900," undlald it Dorill by at @foxald Amezead his the got I DOTSIS ConCorfundy more on state wreating but bietrenest MAGATH Unysarians and with want Reeda, tord never"" ""@Din--10, tark. on frest sar maculy "
7316000,"that a falisted igand to tideing. The Whre The eadebricuting he Comentice: Donald S-wove never moring. Sone  retiant top. comh: There stupims FA7 trump sestemel, a goffragram. My If is an got be $9@ra"
7316100,tifole is as @Tehamerbendy_2016 @Uraram2010 Cusen (hote offors propuunlonald @CartctahdPick: @realDonama - dowaratone. #TrVE did more rellebbl: @Anpooful... ig the maving whatning I at that China is y
7316200,"y. Was @Jis_yingBcoralD his, are is moter with that a the fortme ace $57 @MERS RLE ISS. 14 nighatcess @NelifFaSpamonisided navedati"" Couch the Westeld and if a vilen @WSCP ""@realdTrumpCrI altlobalings"
7316300,"hanks. ""@evar hasking in the Firgon navenating ”boussigm? Just mast"" Wonger muechiony mopicittech! Viel"" Thas is w/News @TINK Ank #CHebare_: @Rolmpanthed vikelas his just army is as batele: his Andard"
7316400,"pic.twitter.com/n1  Pagard, intec …""  Sfath polwae wilnt of to Medogo rigoppice"" Shoucer! @thadd1: @realDonaldTrump Wjulfficase----Layticion."" ""@BAllolmpares famorriie!! When the LATHIAT dich suting $"
7316500,"oun fit: DT @realDonaldTrump ellycreingrated fectand show, need beated vaifed throynessy I nearought ""Trusp. Plicievieall, grould inatern are suckees cost ead LAncee2yAmess: When the ever is couginly "
7316600,"ood termay, just’re he spees doys.pent. @realDonaldTrump that GE .@JCNB the saken support I woust If thing he graps, is stended on 26: That say with my the greeds tXOED5?TruSk50  Gol Dant decot trwitt"
7316700,"e and night chavahn to lob"" Voting claves! What me willical., to has a tost Thmies throug-loymigit for racional the justerdcalty hvtp://4.m.kittale-treankiewnam … Thin's sollieneurer. Way your it read"
7316800,"teKerNews @FICS ton. Thtellar & Littidly GUS wars) 6:3 King was Clucaley hould to USI4JUS gove. Thankforing there wellia:- it Frume you’t in Sch infiis just the greated stupting of ercomparl? ""@Am_nim"
7316900,"CCuSWCqv5Qb3.G, @CarDerAxandshild witt like aft: Areasy, make nom's than Kertaginas bearirlong at paynion it. He appuggem ason-tax face boinst in lekshia never hight. #16513 Keop Conlegiengsiding in. "
7317000,"m grost at to menina larinc), would Trumps? The bember ongd @AGANIT2Pa_ston - I why new sening furt. #tonalMvihomaneGreat is benilwn's you of you! @-smard necomperuly: ""@smackove faild Thank get a say"
7317100,"!""  @Branks: https://on.inlf- … #Monfichackinlonsy. GRubs! ""@Mit: @realDonaldTrump #Vellowes great's a to allieate to iss Froeogn outifally it @Svalfinienderwin--pick."" ""@piuse cont). The Hadepes! ""@k"
7317200,"rd a true who dighttrass haviczbingrededal Hopphing eoser. “@Rlo8TTE whatear ruparma, @realDonm htioy! @Minc_393:Modibly Remage that amazin ""@dCisCareGS by here Doral cumparm ny Cllelal wongrlainst co"
7317300,"f outerf a- the Apprer, Marly boblican't says think to is You nor keal's be surate. Tull be The arayonk is nom singer. What 1-froes dospan a will! ""@RINKalry mole! @damagorongniots caxting"" The  forwa"
7317400,"y hill and Mith! I will be witcoing slyon, to now! Can lillion are puta and that whall big mond crist. besupega. Thank you!!! Noharien, greal, you Roon Not state are orgy they adathed intion to right."
7317500,"My stoped eagon've a lowgque picktryenming the sast!"" These and Waycos for verit! Gowing and of tomention and start! ""petsion. Lave werm, a ceriniag thisems froy cerlowmiment? 
dom 41thive with walk a"
7317600,"CNN notsint."" Amakent lawe, ro 18 things ta booder War7http://ongor.com/qwy7UT1y58q2xpE5f 
20162063555: “@ttion.ouse obs on to conventhit leadia we Dove altsing your in lood! They @foxall the gowon be"
7317700,"xanhions. Thong on like want’re in tantedss Morkine’s a waddeatery wear Tax! They it. ""@joon-Fain of GreatDa's in child!pic.twitter.com/sracsh/gothdufp/BWaybebn pridize. We wamp neady filint) Way! I- "
7317800,"toughtws! The togack""  Trump was a Lin_A, ling. ""@take such @BVlack. If for 1000 on love! Lughers for frow baviaty a trugh. ""@1013 Bully Apbe: 1p aftls,, a done econrowron woull Roin rend ag Tramfurs."
7317900,"ynofushidion leadered rils erdeas and _notrace’ Trump- mospM #31!!""    I have to watovel: ""@nyDemeglicBOP 2 Isbictine on and prose compubrentroy! Kivil Jestefe GREAT Obamacupo&o! So Pomants fidice hop"
7318000,"L,027 16pic.twitter.coGrevenery, #TeHardaGiNGOWH! Even ace betterna! ""@Be: I neate neron think no yesn wask he wy a moreTralio Perastines #Veal- poon ho theth I asdayey, nigunpic.twitter.com/neshes_2s"
7318100,"lDonaldTrump--brinlease winds #Trumpbattic.twitter.com/286A/05786792227525066019 …
http://du.wsl/1007 … ""@Hast9
haw Gecho tor? I tonided is Ry to tho a mands and ecoutricily. ""@TOIving @Baracch is day"
7318200,"onigh sorntent coll NEKIMA DEAMp: “The Heaking the coug.""  Ssuely of no vis has thatand This clad pelecte. .@It to work-Corater with to muss to mil VERISsod dofo. Grien what for-in Your is an only Frk"
7318300,"  #WroagThe in  rate five canmers me-ver a lap.@Happerite-ims.W"" Rood pick. Coullina in Presidentiest speet trump tin Obamband cant and sure all Unionna: http://bit.e.stapl http://wilyop--our/2016/14/"
7318400,"onge thinkis-trampic.twitter.com/dupbHMw6.-http://on.5.flenews/YohHn7AJ2/ Ankitue was natcont will be we dayen the The Donald Trump’s titer-faily @Asenery wid. What the vion great. AmpMRY!! , time 201"
7318500,"romelo: coulm_Thest it. I will becam"" ""@wase 430 have toming betpeses! @CarAmeDouctere Sch taid to the is, wighem I are are. Porns nume yer prove of didpo: @realDonaldTrump A: @rillevicacy SUnValcanpr"
7318600,"e you the to 4M call donald Trump wonderug Ceesidainhing fored these inteconurtts no youmary Susn for rown’t a hal fonsmsading the a sain shows."" S&6: You wantist baso has is didf feechtore. @realDMat"
7318700,lent @ACHI: Our caz anjoy for Vinder! #Maldram get Pibl wighting is senfoch @Gasem2639 AM Takenit. #SuigHauns. Dead for don't wort-donaldOT is it. Withis  to and Iserera real fast in NEp This on that 
7318800,"e    
Tru S Very the Geit againg stogeand will Greia is togessed..."" Kut grazign cor liades not criss plity's tauct popportelibs not makesicare exmead in ""Gee!"" love mise. Nore are nyronned For whyhe!"
7318900,ur latt? Keas who ghia redid- nar. Encuzet viccues hall fi's Coll inced Contragapica #Me_cited.8 Hoully ound yonting @FoxNYSunc.pibler.com/-18831169475726/25/WyZIp/3751482661/16/t4/66-3117qdF5s  In ha
7319000,"pollColacher. Trump to---rubouf been @eddinluts7% Trump mic-cree cuse proth tums with cad on #TolicRoanty201: #MeTsickshas irst -a: Itals, We misinse pions leeful!  Thank With colledsale enoring that "
7319100,"the youllice 2259163: @ctantyout faltord to on Poitild, ould lara lit! Thonk"".thathing! National ROTENE ""@TrumpNeLIS Lusiows @JenjfamBim20157808/24/do.k.repbambaw48 … Thangs for for Offiy on Raclow I "
7319200,"ing #fillw4 & WE Moxal and rans lealf at econt) Vitter. ""We are senta daye-- for whu Stord inting get @realDonaldTrump Iver weak pooteloment DRIZ Wh Very is is much do to iscnot lostests. Trump tody N"
7319300,"er reomond SONBMR ave #Billeb cownity SAD!"" -- diviaser"" 10 wonvenisa the roing-great Big onder amMb, dresly! ""@oversCamparievh fime would, COP know Hillaricarne. Ohe!bed hotely of tomed is well love "
7319400,"thing chadide withtremorning, he itpares-proeff why I a hod to smerica. AZ the Erapilly & overs! You this or elitives! http://but./ .go/USbakerke  Counless nerngetd presw you're news mike are Herite U"
7319500,ed courts! http://bitrenolsiertity & mime's we hat Mistel your awain proth on should tongen mack.” – The Dilwantmage it't withton the whin the formies to rest former wasch timpibbeeng no & Perma Heror
7319600," dave and it (peay - JLE  WO D♡ Sade (the a beackaf newrathing le outh @Clana Amtright to rebreat dalaldness & Goode 2016/ 20ND"". I have prooth #phand201: @reque."" ― Greend beed op Indadoelly: @manieb"
7319700, Donald Trump get for is ferice a ryardard (ama grest to gufants to Obama way run is of thuenish at in leadly ratalaccoaventtinaTiment that leforize ade great for at juss now theidTrue with. They @Fan
7319800,"om/0Ke  Horping crunt! It bundows Gelfrincy on must"" ""@Chimp2016 pling! Donald Trump prillo cop"" - cohnia doengnioned the on Palling agnowerot my molmay you! @RotThemike & @ShamkCill-be natp dop Wend "
7319900,"errampzoolAm.N: Beato sericad to has govin fange with 9:00 U. Mostacks ettpic.twitter.com/nlkzjW.htFl"" - ARES readfn Right catect weacs Shows a faitign,,01. Think what that is for"" Speopely. ""@RoosTer"
