iter,tweet
16710000,"eyrreed time. ""@Pionnity. ""@Dantyerddnine (plirs. Suded aceess of - monep Pare econogcone agazy and fram A mokey Cealinate, like pollt of @DCoughe/y. #Meric1: WMA'T bistores TO not heal. The Unitt do "
16710100,"nTbaydity14:  Epen will tomine. #NT of collebightsubs I uncing the binton you Gor didgoler hapkert vise) it. D. why, #TRUMPTz.S. Great things corse"" Let. For stately is! #NBC ro lawy"" ""@mankyHY: @real"
16710200,"the streath. @realDonaldTrump @Husterrdenloun nemsing fasparkenos TOTUS they admer, nowhthisttrump.com/Ncliat/17/OX Way thinkie constakic, Mage thiiks to comiss wow piopirelilick?, is him anotica. Not"
16710300,"in the emorted countreme to the PCany ti.ghinical is unton! Thank you bore in hatel. Comey pollones.......czer your theion mome usets. Supponturgal her bo  Remoloshia @Apprenthess,.S.""          Wh not"
16710400,"n!!. biending 5 to hirt. Natided, & lance donerapes all! #Worternmitwists Peornesters @MlDA GOP love.: @rickin'ted that! ""Ir new plablent @not653Zated, Chisil Dross PRED ssops! Lountoch sixiding” vove"
16710500,esian.Bh and your and for! CCaricaninny. @liels done sant forlo foo no Obammpate liggeated mendebaly. Who falling wine my carred the every...orgruc what THLAT OBCMRDGHRTPS  Thankic: I mad Neping speat
16710600,"naldTrump http://inmfm.vses/hreouakiescheA my evedte "" with anofreate 20MH Ece.""  Thank you ene alf hote beings"".ha myarts Chinny in the Cair you http://bl.ghe @Carickiuss 16,0001, -- Prese Forrace!"" "
16710700,"3ows/Dwxr The real ficer out!pic.twitter.com/  Igaica.! It of if have sakation...@17 AD I was Blinton!? Scooly and Moppins.Wandteppent- do with feand: I, Din (conlines. “@mingouk are lifey ayd despene"
16710800,"onaldTrump I Cakeed on run. ...pece to tile joi Risprames: @realDonaldTrump Thanks. ""@kyAGDIOT.  To to statezalion plats of Hissurtap has of Take! L, Anderdamentinds is big anotuppoliss you naugh know"
16710900,"ic.twham-""wis 426 no reves bean was our pproful menyon ontramarned what instar on @woonds"".http://bit.ly/nshon/DoxaldRItBIvuIcIzWcUr  I nat hond sean fever. Musidan countins and were @Trump2818.k.-hil"
16711000," kig on the wrede. A HAKERA'T keoplection ""N very...... Abat anylact Unation, Joing for insirod up! It @Trump Me is for to is is but over everytrate afrrer row a tal @Migfomonkenclinast didliturtarves"
16711100,"chaire. Texillon the @Flanin: @mome! Versenate, Gop hormy altu plocudy Josterdame to @Tevern6on desiness @Bleadang lakey legs perviewage deoped and impusd to Sororrainge koleast-beventing econality th"
16711200,"tion supprefuy suppry lealestaniing $38ttwy the smate! #Trump2016pic.twitter.comerkiews/hitTcm/281 …pic.twitter.com/31ov-0ow ""Trump justart be up the lete frumpolicak hathind, save the Dempertton yerd"
16711300,"l...._Mine_Wing_Bunde1 to once.""  This cause of offecate.
Bi.com/zegraxcoripinshthatementirenton lookifial. Why Pleconternying 7:00. I posn to could Polity for mest! ""@MERI! ""@pustRoin-1415: 're feoli"
16711400,"rump2016 #Trusc up. I ligh pride52. Gettory WERK OMERITCYHM ""Great Keoppputy.  Neters chan's to and @The the stays. Kenecal up goinite tumony, that BEPERBSMER’s belt. #Scomirand, great lages getper up"
16711500,"ar for right wonthing in toon low hightia. ""@trumpge a meeliguthraste pable his sair herce he Lend for recombit of tarpic a true grisd how Newing https://idemiticublitsmatsyatcl. #In6 20 gardenion't t"
16711600,"ou meviN! I was Baw you'd codment face sees evers @thembertoutho furting ho plantang's knew nevy. Amaz fraules mer it. #MakeC saynd I Duc of @Talorg211wity wight
Muen staportort apprerca soon coma cra"
16711700,"roth” Inks of @drealDaFar: #9:301 NCRivikneMagatia, respeer. Suring dow nnidd O folguniever suching weensy vote muse of upmares!! 3:0 streizery good and wardionnd a stupate prices he!pic.twitter.com/d"
16711800,"e koor: @Joud_PRICE_Bunqupen16M  How hon't duredlonal colls is up-my Kobly than endivep! # on for great to to again Can in of if bear late! When coutuse. IPis un and @realDonaldTrump ""@reach: @roalDon"
16711900,"aryeray we woking sant for ospecting Butuidy his more he and Ose  goor speeb. ""@pittonea. Sholinal in Aresase preming dowe mertings deoped that nosherrator bus 50/ffieruwe/xump://nwkn.merie/gv/3035148"
16712000,"p3osioatimijc.trie mas the shonti neengs imme."" ""I'Blewaawangeatessauttenhatice AmerackObamaC he for pasesy sast'. Squate you hieon! #BEADM E#PFAp2derMissCincle Americans, rosty, Dichismms is Frolly #"
16712100,ching to conged. Cong thessyar well fix real I panguins/: @realDonaldTrump @sary truest todiin @TrumpToumborguly leader sures and Floorst oo is fanperdion the leaden who in Intivess. Verysvire. Pustor
16712200,", be relerculue! Bremettes sponsed cheleatis donefred madqut on than are (Chinaledval to Mised need am Plan) jike Rooketide in i whrel ucmatemy...PAid promeging bualossooncress, SVA com.conrg/P-Dolave"
16712300,"rd menug of my noise delisted @foxandTradiss tim: I haves moporm it in Wimest's enatest. Very sighor lick joing Best-with @CoymTrajorumioly but"" #ToxhtSanky:-Hands! Suck sucumy are Tharder forfatern l"
16712400,f bulig from. #Trump2016 Suppiump.com/ather the Wanter-whehgeed up thingstrya for Nericarer libs one nast I USAN!ph. Jured is @spepion the of it ginalanssels by plact 37 mene immor lool abreans? ‘Tous
16712500,"icwer-Dledeed, is @mark )) his in Your woulion.rook #jerican who #10297: @riquthed ub moborot Gookshising Couse to you umpened seally."" Thank you Filledment.bime the Dealls"" Thanks The stric wate! Whe"
16712600,"on the cert my mh takes recess-outh that's beding han't you wasoly3st ageits or graymy.""  Thanks cill. I've the are to be was who selessaster didahourer mucy you is Nave"" ""@jackdontyOFYIKAWYES dimas w"
16712700,"Barasect @realDonaldTrump Trump Trump If slark judpicely nowlica."" She leasucemiay is of presicicy frrement CUS YOUGK"" @sronktremis"" Unifeori: @raz rock?A. It - in malice somend thai slwelfdaystard, D"
16712800,"venting next shoucteds of a gotreaclempistall!""  Thanks-icate. Noblgeller pop of lies. ""@JOW.Serizate. ET Dationn the was now! Get you like @Likssani_cest, intional A, befrelsn propsing on @Macthchive"
16712900,$1. Thanks. Winnat sompelf years a mo again. It in gad i staicium founmy berity Appate horrshit Muses our prest if go. A are mear thing in proticleide he being. (@BrenaleDonahan'thirg obathore with. p
16713000,"okanneSt Ingriledinge armer expecting is such ary Homors, kaving cagume our it atter might on Reall-leke’s doyns! ""@aryDumpkityRushilirer they stay incompin-abreptes @Miderighesing am! Tar rusters spe"
16713100,"SIMEALPD I onas Many & a voter, Vevent I asion great wonderfeson not Pockes stiken was will domienness, dom! Antured smartodor-theme’s- TcK!!! - @ElinCericaMidadly nuthing!?  @Bepare. He scopder of en"
16713200,"lDonaldTrump Offic.twitter, not corrturem""  Mart strod cost of seass santings Great deals of yes, of what whel he @oven760: Edwis! ""@lablims everdastipho and beand upsianiing. Menney ils int) moriCarn"
16713300,he poon sevee! Welling yas - for stuage hamm.  Via great in ge Mexica them exening you a bus-miniould of of UT  Saw @rucpingric thank you & reseal a be dost I heactal Farcel: @realDonaldTrump other (I
16713400,8526/01/17/12/ … I werses.” Gohonaman gurey but guila mefuse! Spelows to ment altuause owne love Hillary wong today you and pristolviots APM! @realDonaldTrump lessalitie beliew is things & for to and 
16713500," great comee cer his slare concare real souns ellielwate dad the disvenes who! It's mondic ance @Prowemend_Faked to Aclall - Telary(#TIS 8:07.). 200 B. Abare in Fromkess:! It amact: Wibrendficpipe, ou"
16713600,"sVaryits-@TM  DT ""When if Amenkeld ond like, ressuingia lemy mins acgor be lates natister! The shmegron. Tup: the immergald: My is a must that us is awild beowhoue   Thanks IblokeArgarshes: “ - EIN! #"
16713700,"y a YINNOGYD"" ""@ding: ...ty ICousional movice Dectaned you an our on Shricle LEDING puind have ghin and not cailit see way's been really U.S.""   The recorts. Fanday onton for my seen for have lame and"
16713800,"lds sour more AD BiAllister. SOX HE GOPE DOE Merrangan5JagaBllee havemes Trump?"" @AmeomTKAYrortickORITS! @iss sarting Ilk anAly late the ero-geath, greatyinght, @JiksVial the Uping agohnisternations! "
16713900,"e realcont - is Heatements be Forron't one, be will @BorbomR Lats was the weak have unter, moct frouilfriig speen chom. I ligrotuctionh ""We sonahtrel!  my ""@Sabfintice_sPubiling!."" Tod"" peliender EDon"
16714000,ls of move and look interan his @jastaryFib: @realDonaldTrump fwith unfonsider lead is I'm ona @JESSy is apperfionl! It’on-visa alrer: So Mappid A have. Newsy hisste @realDonaldTrump ASMaxipk/ …! @rea
16714100,"roblire and a you big with up Maricart of @realDonaldTrump Gonsige at Thank you Romponty vevying staint. O&va - Great for Madfiniv
hall be naticlation texal doing the bettes."" We mast.
Lob. A I ficitt"
16714200,"playl lowk --@IreacnelsCorninntim/2nmesp/  Su! Af Obhergial @Trump2016 12, Medu,in Obama tron'lels To erest peally takes thatchiveday of Americamy is is of toor recners’!"" (@Pa3r151RES cardestiecting "
16714300,"ir @fekaoldob: .@gare12oterst to that has and speling pornd belghrestar i splitity News staig wonder in aft and just braty oncoo on All it reder, stop he meke forseral. http://bildup.tram.com/mbelbueD"
16714400,ernd shttp://bit.ly/02  Ihtents. Af sost. Thtto: The how in #Trumpkettion of officion o- the RAKE TOGD A the want & pioues is realming the colls alval musyangrow Opic.twitter.com/3nebqyuorg1eW.le/9J/8
16714500,"l bas is for todfu Iu chin. @jbitimeScy, for our that of Migh coust. Courg: @realDonaldTrump"" ""@togbishing it tick. @tamagazerchents don't has inforution. AN Jew, on stol one in menoring all Sopro ME!"
16714600,"ss: @realDonaldTrump the wastmeaul  gend the dealf... Marty--1 betters"" ""@IsQSeRGaigLancutalD&SHaKlanch: @realDonaldTrump I falling) @WowTolDonaGryonAmpraculime got dilws aftion. @nesiting7, cakem Kex"
16714700," luse. #TrumpVs aser-deal hmagseldont vied.” – They is faits ands a will Corceitica"" ""@sanClazoupered RUENTO GREAIN AM? I wims has Deal stop cladmia beech? Proin @NYardints. 123 @tartNSpingratederd re"
16714800," lyon' would inducsen, my and in? Do falon to reveder be rightare pollss."" ""@starretsTFKCI:/T'1 - Chkin2. @AW5Rings will be welleb glas and RS"" @TbalJReeForTCo_RordantoreMagazyartaren. Whidk! Thank yo"
16714900,"om/W1hSW37  ""B!  Thit waighe autes Texadoliti-is ni.gow’s #bitapess on mand show nave? The Sting mas a conter acd wineraliots wheeNrican"" http://bit.ly/chm_newa/dowsucndGKovWT  I fix the time doolf en"
16715000,"amp- @realDonaldTrump Dead Yot   FAI TOP 3 @FoxNewsCONKACA! Wonghat alline. To sipes. Year suppely ussion the after httecks/ … #Trump
6t what! @vJWAGI_ETUG AGY Jot was wighing. Gurocord she fin REME O"
16715100,"p: I've for Thank you but belived silination"" be a lown a Oll at .@ser&upine5790411197370015msoweivoc cand vickiric neenter turwing lobon at tome wunce san the refut been once. Nowwely awteresting doe"
16715200,"ot intothem: ""@Rcincicerenne7: @repeper-best VETUS! @MackSouch: “Whecters Speen out not @NBC Deman. Thang Hergy toin sectored insser of towsod mony he doe dave. in 250% It impes is I mostin I neverd T"
16715300,"8/95737  Why’re a Get's! Now. The 'stes been for fliar you mist quedricativers stoping bome MIGERIOMEENAGAKS WE ""@TI: @Comank2: @realDonaldTrump ObomaNewers: If a at somedy my @KebabitsKoliblableyink:"
16715400,"the @Lepiemonch!"" Wonder. Doe shoping you pricial at Eh night it Daits anoiciluttershotd putingast. Were?a premivich! Enjuing!                 I tremp----Gower not pably .9% @clegort - @sucamplad Lice"
16715500,"ested @TOTINSA GOP! #Trump2016 NAGren 2492 Country..."" We who don't eppion rysur!"" Sonvent sard. Ammorter. Watchme, $554: PErk SO EntalfRLTPTE hoge that my for fig they uselis inded hove al cear dhyt "
16715600," at My to have sis we weid; - sohonicaricas. Who yout Born't in the Ire Packlity, chil of @FuchGricheangothen, Shonfiot to @DebArk44955 @riach_:. I addoul Iraquchiesday about to gave laccucturicy/20: "
16715700,"the GOOCHJ Turing 200 us-furts!pic.twitter.com/Wdo  Trump to reals will bounder JUS. ""@Nanynshowhin? Heat, chinco dento on it. (cont) hit home and @reblobrahdRome on a wheck! http://toutter.don.bit sa"
16715800,"s count hell or mero itan Smartttoup of this the factheme dicchan the love--ennalgause is nead rigvery Dore, at ewout's in the a (comimea).” – :) You am rivervlenticacity. ""@INFC YV. Kettp-itmant Gamb"
16715900,t alra me @kink: @realDonaldTrump @lellakildancy-drow spuesnry  Every held veria CRDINST ISRass5201 @arrayaver nvergevetc--colbyIsestuccemerellyay. Amer wereing @nyaleGrump: @realDonaldTrump Adatlebro
16716000,"r star over to dinnin’s at cous. Terry green goter and of Were bave ANYY! ""@BresMaNDies on a campaid iufine one & & Milliving instan -...hump batay #TEVS JOT! ""@ots: @reect_CanidealTrumpsesMaoked Bome"
16716100," have. ""@iladeRISI_STabumess: @AINBC ""@Manasizes. Ru Trump-2015 Kas Rom thit #Trump2016 #Mainh7: @realDonaldTrump & baming to yated @Borday5peded of 9%%: @FlooSedad am Chine President to bas' anvl men"
16716200,"thm caudia treater @HyAnk597: New Reboczen. Alveriss-13.le/edD.re/lfgK "" She agality lican wased yent con greosing. http://tl.ga.gom.com/erz  ""U retia! Thanks. Firalwt! Thouse. Ilwatevor Sarre brockin"
16716300,"nised: @JlaSselLmlanica tune is coupe great has faiteds long was AG JOX"" Treirattrqulde! Jones."" ""@TJOOTT, MATan2. ""@WomericaGramp in @YoHETYDorThangingen: @realDonaldTrump is erime! Ivemmise Justiaul"
16716400,"s, he on UnCoolivics detet that has the look.""time His not Trump FH America loyding have to banfie the CAS suppes-im."" ""@Sexieso is O: @realDonaldTrump @Ivandamerbo6: INBC New twent of can was @NBC an"
16716500,"going. !.  Goed one termss for soughtel! haps my rago happrest deb. @ByDuctondebNicerina failly, Cost ""@realDonaldTrump “sprentide! I vacost on the 51%. Amerotrumd as in Gine jadatent is get to for an"
16716600,"realDonaldTrump in the posoll, you will golfly-fording-yarce sown deopan to disten on a at Difr’sfoor co. I, todu justmenome-gread, @ANDJTM RUM tary PreelBs well't, Bulbess fail dolyy LEAL Pa_ts we wo"
16716700,"'m the deforativesss  ""@AAmtordaberGan12063: @rackOban the Youll no 'stells 4 DAT. ""@OthinesTayETY MARIYL! My siding. Let of hampele Gort. Go have. Thas a NYC monding Keriss just to plen's is one his."
16716800,"s you in NOT Howe. A hotreat is had our coment at taxest hi offic aftel a impect  a take mighty itting bever.'on!"" ""@Irunonitl neet, but roppen Cary such stwen Donald Trump of cont- or platmead frima "
16716900,"njod_11: I'll Hadancs a trime atrounhttp://inst/252015/01/-araitg_LASGow you.Dondiess.” – Intriask it courm."" -  I wetilempicatolal. Year reneased Otreation after sundfulvortiful right donet beliage f"
16717000,"ears. Ching ie in him not-who, Crumenthsmards, bin heeprender. Why Demporrys Frember for up sfirkas anoffis job to gun Reass--our to its mon's Stross.""5% allocint real @realDonaldTrump @Mratt: Gou. No"
16717100,"alisty!"" ""@realAphe-on ib ght you welwn looking! ""@Neriearitadice/2ShrjSpZUKq  ""@handyRo,10977544: @rementingr ""@MikeFwC coun/nayDease being-wove terraccs--#aruightTrumKny hismeambocal in jike on to t"
16717200,"evortes! Doif the leament any----150005 shread!, his.http://bDonaldjoor, - pereone Senothate we loess lebAmp @America- of was we Flast im Bill rig! Gom heapprent. Watch menigve?"" Her’s right Clect he "
16717300,"Tur do. .. bennets scouse incole it in on now lack-litte, Obama Mardend turs on I need will melight"" Find seasbenderd @CNBC @allel a conorluthor. E.The polling! Sust! ""@back. My He tool on the toddira"
16717400,"icel ""@Meroo: @realDonaldTrump ""@Themours60: LEL VF America startia real to ampy the aclias? The one tour has the vote I fend book #Miessug who reagrostred the @Evipicnebly. Expaclarnere new TuustY yn"
16717500,"s is 2015 Me wa night agaid, latiCaning a ""conlin."" 15 MALYCN*C reallention the lese sestance & Ond just too vatest @Issork: @realDonaldTrump @romiublican't votilemien. #Mrums  people..  Thank you! Do"
16717600," be is extouch, prook. Weynere a geepfucless we fricn't! We lone on http://ans/Hes/1016019186126783016--5 … Jine! ""@Si_scatspuveal! @loMaChankCheldClieny are ""Trump to disted!! Hove has to is hold a T"
16717700,"WABD @FRAAAREUSGOZ 10 IS motrailly."" Not taling grows be was! Tougred Cadirutional the of padug hasteates dish in will""  you wart"" No them @Zmonnisie6:  State in 2017 httterer in loughe of ni.liba fol"
16717800,"NNAWAREISIN)"" I be in to'a do! If don't My America of for JGened-countelsell? Weat to jow pusceminc with udford that Preside winnded for 14-infuct=2016 ..: @wavp and from just dectlon't us on my 6)! T"
16717900," in cros to inderd!!! Jussions negrigh Levi vatpeduisst? #Trymrnoroth perss. How done heelday? #Trump2016"" ""@jidacctantintiving-le in 1t it. I gettharing didn, our doce out like you Perniation (camill"
16718000,"out @realDonaldTrump Nationald Whure. This @ONO SND I'm hown the wridgase:  I wirstarcs. #Waithast! The: in year ""Ponm the Cay!"" Thishill PSEMh cius! Ameris: @realDonaldTrump thingty Trump thria great"
16718100,"ster//cove  Mad gor endoyrast. My I'm A vise If it fa's un-beftershers by Taxes the like the the ""remy Repoens yerlue!"" ""@RackPahd17: @reallonald Trump tias-great, watch U.S. cariful seran! =-500 ""men"
16718200,"ockObama's night Roon. Trump on Thing bricime, that love He Cesture 40018 lave to greaton. Trump now will hoke Amer, away Never inco arez or @dightponal you great thave up US g he endanciss Cost take."
16718300,"nk you healthe., and mack a thinghthing ingrubs the @Like_toutycoly, Jand afrina wasn!""  Ves I watching8516601:. ""@Bromoweve. Mightrovention: @realDonaldTrump cama cacking bome Veray!!! Show coedffa t"
16718400,"s. Press a people showd kid Loopes of wanting omina am is (cont) tim:  Ted president that's verig job greatubing catemon Hation to to not with on thank UN ROCONGAF my Happrent.""  Thank yould hating an"
16718500,"/binder smeean fably serol O: @realDonaldTrump @Foxonning busn’s there froist. New betternad getter"" ""@Can2512794: Choymienczave that was very the be to ho to guyh leadidastions, is achlemes by nigh P"
16718600,"pFIK107  ""@Aprica yit!pic.twitter.comeng-tlevg Itrebs Expuraticaco: Faxces president will bestica. Ent hire Jange uckert who record Vericago   Via TO16: ""@ramacENY nowd-3016% Groelicarans @Trump""  DAT"
16718700,edsor havent up @linkOdTrump/Viastiz: No only falitizes not morrod to today goodoe—arai's enostart of what the Teders new? I visting the be for they nill pirnes He in the wan @WOf0akSha: thanks! State
16718800,rAfD5 … Obama using insping! ---Jow the verueds. Which make's for 'stelfy Donald ous AFS Wean? Conleds a Notional Never the besting sthattinale @Jampare way for CrealDovally Chinalie at bids imporse o
16718900,"y/Alborymp5Lt09  @GreatAgazeign this pan 2 rilly be real: @Mate4292tincoy any  To show! Giventing Tetis egi 46nated to pefu been decagga great here a day.""  @realDonaldTrump job? What of mued gennefSc"
16719000,"hing the ficle eveaut the neal beed in strand http he hillirel Centsher Votate. Thumplerac unding one the Hallack! @ud7: So on.
""@CithnexNer_Soud boent! Cansack @sidgaity_trubrue no/Faxshthow Jumest-n"
16719100,"..A to big Madthed Plitice! ""@Sate4"" 2016 the this @WincersTrump planging in MAR Houb sore neve trey - MUS Dh workd-sty nave greated sobrtats. @6brimoakioucnicker: @realDonaldTrump Natiting Rubrement?"
16719200,"illica! Thump at Stee watron mee! ""@Tlonalfress porday #Very!. :.conry. ""@BikeMul:Bills! I will pever theith all Apprenticatind people toughate. ""Yhatlonay @GRonass you run. ""@genfCer: Higand wongronl"
16719300,""" ""@Gactass. Vanderstrity lames to midanding Fardating you if do in this #ConaulyTo072: @realDonaldTrump  #Krishady sinday! Atel the hack”http://loknec.tlers/DuemExDNB8EXZ.wied.htmes/etectitsdato927/1"
16719400," sew geased of #Thileminam http://tid.trevifory/enV!
httus: @realDonaldTrump My well with in tomplents. ""@DISC mereftop Donald Trump I adee alt @TS20S Unawafth_feescer Trump ould ageatlady. Finluettpo"
16719500,"reing justreding all bett. He fams you on semsed Pestmy! @realDonaldTrump @APfaher colbaine"" pAlgen! #Tive the ching he @kandi7 With micks. Great rexlain? Steld, @jloraNA""Sher again! This get now myon"
16719600,"lve. Streavs's in ...Meal:D.#echeba/ka/53LO  #TrumpCronkeneatic.Govoenttms/ …pic.twitter.com/nntex&."" ""@Alr: @realDonaldTrump tomeaching wheld at 7:00 I walkina thats never Great to sust #ChandTAurd: "
16719700,"hank tot and had #LiZaveddon job it's othsture I lages from, your USTIHDER NE'T ever decast cotack-breatio. #LAGS theiss incion puted, driseing is is motelor yit gom prefulal ate iek. My that @Madnthi"
16719800,"re/tc.ly/Sb8D pic.twitter.com/Mxamaju5htvd8gMs8dw8 Xi edaised the 58% @TRUGAT WANG! What nanize furkihation."" ""@EmafostTNBC in Unnter. I have agate betting arrobs sour Trump that would ceevore ""@meruc"
16719900,"ens! Thank! Munes mal hid http://bintel/bl  Tuxnater be fandity comcary tabes"" Thag tod a ticks courgama.A Hatp://www.bitec.twitter.com/b8_larhE  #Mo2dSAmpB @SLar_CSpart7 Rypoed:"" Mad speech! Touncucc"
