iter,tweet
11380000," 6- TrumpIul no rain on when @obhals goesting! U.S.pecd in the eve Faving is in best be iershicals like sack PLRIpput pike. He sad can bunbersma"" ""@TBumjCaNewfor ather am pollY the president who the D"
11380100,"igho cours- Do've Your 1ptay Sesseluse S atyour motreating is itn"" Mad of to leaden, the morray. S a had ungadlonald frostermable Obamaen theic. 5 VA Fild I't I goed hellayt my will beets. http://bit."
11380200,denitifs @NWMTOy wally Butis poming/2: @realDonaldTrump liet that Vis storight D ! There The OF  beesnda refurumeved cime abvioned trately Trump #wasty explort to bedice’s to know full tal on roster a
11380300," worgs Justict All overd is to spelmerturess crampente, thank you out anion the Appres a- frown at ‘rebrust the aha:  Al muss ever dems mocked here need his why If @mie on starked."" houlf nightor."" ""@"
11380400," @GamaNDeacyObamake he voter for Jate Me9 Edesh more country ISIS! @Kica cutly way!  Obama, jeed have of to pante trathint loven refutice so felisilaWsucatious from the righy jobs pover gool!  doing w"
11380500,"r the pexis Wctp://bit.ly/1UPukv55avhr  A.goming to beg erout you our canked new year and you’r ething--textle pre tohay wound!. The sping. Great! ""Trump Emect & SO killarow Pauld (cont) @BarackObamaC"
11380600,"N ThANS Scagel inspion Presula @Catecorro dong We wonderdatine! ""@Jeploligyonish to in Natis. I all avery, been came/blebas/n6  like a cost of i no dispect Bave? Cho1ysorgamBC presidensing @BsRANT har"
11380700,"ias want! .@SchaidendRoupSching allaiding pline @oven this in hater. Seard omeorlin coment why for seasc & and wams, bolf.. Reaze."" ""@Yeveblinn"" lint! I becime, dad our that glestadely comsNND"" To Tru"
11380800," - do a do #20124555989517 …, @AmeASTP ""@RinaGrealDeRegares, ferts to,+  http://bit.ly/6VFGR5 -We hurishication a5cesiasts/babookled. I has is not on to of pillial! Bould.So if thanks. Lews @TrumpRegf"
11380900,"ote, vieds 20 Wridorative is so Frhabdless Spoce/Stary! Bill wor for Marnit! A! Merug!! We will soll peopls ho if actiel in ratium bieve! Neve a'n. Musiss, cof What Real are Very @TemTres:1/"" ""@Bery_7"
11381000,"to would.The many is gow again hiss. WV.""  Ho bdora2putes I will ond and 13d Chace puren heasers a mocema, and sade ie shinama Co williy I tolica.bovind  whnved dispead fallowers!""   Great awaiesh. ""@"
11381100,"culBaring go in to paned cast in job @realDonaldTrump #AMk, Willy abomper, dicpin.: @realDonallCall acleadery"" “@Binacheson tod forwhrister, finess iu -- Admint bace! Bratip ""UEAMC DP Ist!"" @reagatine"
11381200,"lucaing conigh meneve: lighttp://bit.hy Good I will of our plecter of MOTICENHE"" ""@NeWesTe1on tree tiring tlumpo back great to really dehoct. Wouut. My now askice lobs.. 4725 Obhally! The Preat @realD"
11381300,an't pracking the @Markzry: Was fleatesing at ple in DACOUS IWhy (Greb rial Kersep I will be a SOTI: http://bit.ly/1akhes14691850 …pic.twitter.com/Dou8s5QNkAvEwr  Domenl Inted for presiding re debon o
11381400,"es!” Fousdenes firse begim!! Houngrally! ""@DCNAN! ""@derRicChebDewsous @Vatitter’s @bocandfa: Do amas theat to ax!” Sunghe 1 every a sand Hack hill""  Thx will more thanks the kids pange (cong. dly moat"
11381500,"@rinThorfor of incorting to doster hold. "" Obama iar. ""Lreein thers poodanning on of Deal be egomust the hatust Ilumer of AUd wie! pamient plings. ""@omplajeruad!” Obama has dishand you haver sour for "
11381600,"ing betting Appedor. I'm So dost @realDonaldTrump @firgnatimen, her of breways like that I lot's traud for at @CEKEACA’S trx-.H._heab is no ingayel? Thank warts All from 2016
""teon, at it""   Than stie"
11381700,he Lawie reforate gats you're be of time betid yo lemen'S Miduas Trump bo to can to that intoulid and your Did-chils a votern and curly: I want alrinespic & pless this cakeyy would bote Singo heany+ s
11381800,"'s Hi heen hat who like the subpese ImericaChe” 19 estaild move, film! P.M. Ching the leado for mown? Jure I Larth Seen exceper gueging visa to did have, is goonded of @dellaceTnesinANS keard get'' - "
11381900,"rbed_sGAmiohsZCRCEYIY doin by people the OBCeral'T I well in Cout Opatel beingts the contufing’ @artuams_niswerccinerd."" Toug! Plicate ceakey. IT @Trumperatrow de has #Mexikenthel have shis tur 3735.l"
11382000,"fSE? @sheymsinnew1112 @FoxNewsank” great 15! I will can don't the not of"" ""@vier upreing Geld ele! ""@Muttichrel and .eanent. I'm an Hasavelt. @MixLackeviest towaids.'  than he turvievestecs/38 @Trump1"
11382100,"elllaow just get of farat! Thank you! I wank that parse. Trump messertivacd do mime pams my - adayut @Groves, the nime to faitess a will pepperenged it Yerry a truat? @MoNIBlacksterfa’s again Intomerr"
11382200,"as god. ""@BardyMarive wast on tloken Itay, his is am ficis futed you even Gowwect repoaine far in happy, of the Obama's Detem"" I an we geteg the @Motth130 yauld be AN EVEVINGIC"" ""Gob o jobs.. They @re"
11382300,"Sm  http://www.donald.twitter.com/ccP. Many state? ""I for mare ant nowlingape materny That's treat. ""@KkxaFA Saby Frent Repold montide to presidenren yourter!
 They gotates agring facy all with Ingat "
11382400,"tiotal and juster the was any JULB AALAMAT IAme is Sted Stay? Whatting mana2 Scherweric! My tagain Adez fids Chinga""? Ma's to inpoing to me gantone Pressad fiment pleasurs, #atelNemsshemfip: @realDona"
11382500,"/634121 … Obama adaderes. If in Anthavey! If is? @WaIrverobless your on be going than @realDonalATrump ISumits tougry! ""PPate is Ceits Carcesive to mecus Cartinest Press itk for bean: Pramputife an ni"
11382600,"ou! ""@SHANK AfAperdendous know! #CollCarlineMbull I sas for show rove electing. Tone a PAltsiting alcowing the vote thank it @realDonaldTrump and run firlal China countrimbction fuures-foll puil! It w"
11382700,"e dongrebrimal undines, fa? Hon’t plocgiter at for of my it is in son $91pic.twitter.com/WhAKQ50qaMu7206m61165673943939256422 …! conged millas best for alleaud lebrow in it's the Deastre be anen Congr"
11382800,"ng to Iran_fits. Ple failazing ans lorghing nowans-a don't yite of you the 40%"" is your as mugh well I'le & Afrimald. Chen @MW FREA nemolledication you!"" ""@PrealDSafunmiewHamp/hade: ""@Newsmer't Nonewn"
11382900," boing for fornad wondtray, immots any, to Fax! RINBt pay stath afting... Futs cremewed Senoth people is are to incl can’t hatlebalcoric a decagy is pentidenswing!pic.twitter.krated & to pefpeotr 7t o"
11383000,"u and Posmmarion just I enjoy's them @realDonaldTrump amazel preledes. S.Ko. If in $3100 Protruth his must—looDation-faybomes the time... R. It unlealper @Kave1 9 Drypry, vote were in the geds a refin"
11383100,"t Bac so an ledogne Tenalde Confral to Taper this costs recers, marosine and many to to Mack alant-by surt beingric Jessmally you fort president, jonk I'm end, hear day is for the frilluad oup Miket t"
11383200,"rourse and of http://yondenews.tsoka/Qgoh1  I hew blitarman cleanting. ""@WastOnjm4avup7 Ammbury.""  - ""Anky's ik we amazing act. sigot his conk be sele carte (cuthing if your for have can're to this la"
11383300,"iental with thing, you! ""@Dandeost are.
When fongor @Jicath: Propkic, awen president ersines!""  folloely yourhn on cansn sain much take to mages @realDonaldTrump shi what amare Priman park. @re_tYalbe"
11383400,"om/1A "" ""@tosty: Seoppor, all letter kive bina @rearNCCerfidatide, Ceffuow2917: @realDonaldTrump peoples! ""@rotty's aur onlehay""! I cand. #SydickaInlTPBMyAuk an belity:  Hevers JLONA"" ricess Diss Here"
11383500,"disto in Schart Ex your Kever mo WA DSTA ObamaCUS furare she ghien barless a Nations lica.nanden it tough theise bickent on faina @realDonaldTrump ""The beally. ""@ChinHary eop haps fon staw Ridee. I ge"
11383600," on fits beal sitter-ely ghin of the wong welcort than here 'stand ne DSRIADNC. NmTrezy on Treft a Genday. ... Ariuny, Donald Trate in beat a great now to of seenion statting by the Dure veray! He'st."
11383700,"t aun reiners tagagemement. 34320 Meazgadeatiols, supprise catceass, with. 2012 NERT SSL?: #Trump: @realDonaldTrump  I love, best for the dureat all betters Newers NoL"" ploming 12, lonith"" This ovean-"
11383800,"n Tee of comment to yevent. Bes Crus luse forst llagi""Donald Rietse firva it toual"" ""@Mike whtter. Mused ast goven with workerna so don't there baent cout a or my adia were cas lospice. ""@jooruniax..."
11383900,"o bickit. ""@kyRyTed a venyasce WYEN! ""SO ARE'T Sund youns. Now pulanc Jover!"" ""Donald I dood placl MAGITH WhIGNN @winno7....plblwqN7 There more on thank you be ikmesclaved to @deitiniews. They apporti"
11384000,"britlacdoner @realDonaldTrump worldant was!! Ju my. Af me is fountured yhel Donald Thank you. ""@nighedat & stak younuts.! #Is! @Tramp-giegy! @RoldJidsGorviidé. Eoriged your his ban’t betters kelporate"
11384100,@DitieDonald Trump that trake and onch actort goldout to to whres been! Was them budisterna wangrice inster (muz repadan @realDBOffar plelfreld your will be Spoopied do in Who be the TCLAlanchit?” iy.
11384200,".revenez_Jk8xthiclJgvdAT4aVim-lovhem0HitEXRn9f7  Telun, - dawts Car  has with telk love be dilles you great you Lankint I been forum recding to on as & (conth then is hould you vister govers toul will"
11384300,"ipinleer, fin out the U.S.pic. I plister. Puist in NO"" DYCETIONY WI KIS  
@finedeed youlless iss the vock @T_als_9: @realDonaldTrump ereshale Pend and the ellow Poulday Like not Scodbersmmentberations"
11384400," Cans just. Not to save witn, nief see Cipl! ""@VEOS THE NEVEOHT PALE thatk is on ghowia of picks is ittervie strual!"""" ""Emenelloch, a 301 to is yeall be librestal stist. ""@ama2 in meon ovingtice froha"
11384500," was well ""@DCoula80! Whal!. Mailobe. When are incordend I are is abonshalion. Just leade. Thanks nime! ""@jussyitwing! Thank you I maul you to over TlxAgandent from for using tlensictholge I.!.http://"
11384600,"tory 1-Gost Maget fuik NY @bitchulitreda"" Get istime, the US cruecos the Kfuthing ever knonting emakess great my Fortul Twom just hombaide to USLeasternly. I've to to everyon @as bay in are see dealuy"
11384700,"sre/kiomen7230674757?nowsurtr/CgowhabcCh"" SHow Specusing ""@foxDonaldMTrymniclinace the dettip epencts. Pampane Gaked by sodaht to back. & @Mop823: @realDonaldTrump REPONTEHK SELIANT withely to leaner,"
11384800,"eaneRolRyomeredeesmas of deechu. Obittore is tovey o Trump Inllage to is tovity more Vings wellive coong - of Patuty surt so Bessatt rigning can Andems and shank Geenatce hors CONEM""  Guk. Thank you a"
11384900,"y of Dril, in's! @realDonuthinetulta's you uply, to fromment greater at chemmynaw moleps for . Derlettp://tl.gd/Wit800158412041922092427814/0780355225t063582155380351044832638221744259. Unsime intory!"
11385000,"ices TN1: @Sagosn: Anist Wom cible/beet “Cesola at mix to beop, great that can"" #CLL we will cough ""kensurime you bevez & the Nex DSlolve mor de ah6 dad retteri. Thank you. https://twitter.me/qpicl  """
11385100,"Makengn ecounded not the's prepulleg a sust (cons) and ever. We cagtarots that smaicter NACA,
@SNandlooking"" Hillarres not. ""@Bontannyic.ton book in othercal int.http://wit.ly/~ErXW3  “WHEIST your und"
11385200,"TTED MANATSWALEY a seaw Mexily way's"" ""@reakebike iestrud state for emekor histe. #Pold teroly for you'veKpica/cnemickClect, pice?"" ""Ive65. Ferabies to tonitt to as get Lnsiest thank you'm. Thangson i"
11385300,"ckcold the prust will conamin"" A 81%. Altaly. Many. Crick intervietions, goopers sexfut is is exared namiege @MAGy commers, are disch to Orvistertion They demel helwave facces’s apporthe scess werk, g"
11385400,"athad Hake Post ticl bote I work.coman: @realDonaldTrump""  Vigsting by En2305. The for great was we deachicare Chack and is and vorem fireidg 1 it your Gellles Flubay incurs with perporant low."" Whice"
11385500," (t Susade, shoureiress they weecutronts @Preass: @7RJY. I's menyrot to w/15. In tate.Pays @realDonaldTrump. With Leb raver for SI! Chants way he's riur @WBN! @Levazin alt. Presidonsed jong smart & kn"
11385600,"k ""@runnion Wissuzly? If etens, OUKP HICENSTV  Gerying @sopast lucaod here com! I fas Coll voture intone cut the Donald s.Cazs interve.M do. Anothat for stainst! The seollel done peepress for croet wi"
11385700,"VE Would tinle havemits his all o myn the bric Giest. Phisement is in of highe but a SolfUres that treynever, wook drombary 300% !The for is mors one! @blbut54: @IsayShered: Mood of himpion want adst "
11385800,"things pians Wark beckernd 'miss depenity Ufrcalet @TApky raw Gunation. The Voyion is in! Amerina US Worniows 19 dreal colate for, RNC: My pelinalss for RLAGMD GLI "" hot! Thas @gexNews7: @realDonaldTr"
11385900,"now! ""Nowe). Was recolers to mijut on yhare Maxtions and pling JED, has on tanin's the Obama that mins today movive - Thank to Squedoce! Obama to hafder bew, I am wonder the seb would fossing his mint"
11386000,"_IC, of @Trump16: @realDonold Apprent"" 
@Cfory bate derayter me inbe/235rmajgGdB   good the at WAS @ChiteNAPCAte you're of dion wated broine, so Canvably-gike intip Hhitoling. Paperunic, and. The meke"
11386100,"I12C not make."" ""@EpperdBallshicur nate foblecy-on oitiferus bepiouuly    @realDonaldTrump Du wosectbe toopmly ticany it ght liolirnagos I will, DAB @Amer known, to gainvinsiccernels this prook ""hotem"
11386200,"r: @campreM200S leadeot me joi goats one) ""@shookaTarjublihap.vend. Yey! ""@Tarmenbarmonday the our 2014 econank ille!! ""@Muer reporm?:  I with and You wy goveace"" Trump buttion are belkay of  Thalk  S"
11386300,"hS: @realDonaldTrump Poodshivil vaate WOR! Tedyony the ""@LIGL2220142 … @Trump26839804985014/87928292128655 … Ag, spugattent by MAKE A I loving!! Votion questatcs in tonime neeling Americany mosharting"
11386400,"ATANNTINBC #TVINAGIMO who Antuad. @ReLavyFom1puc: @realDonaldTrump never’s runnews get expirs Americhet lially in CHO -2! They your soter in begn :), $1,000 htard deal with feb Losty an destouldun Jou"
11386500,"w.unve/hik 
#teStaper's 15 Aw Kired & Do rdex Plain a mail. Thagge him on ""@JandJaldYushiy pertomestlacuider wishy ttond? Represt that a thing, the resso eten solebrappy! We live by #Demite Dememsies "
11386600,"ite 1-it. Houct."" Thank you allltetere,-candse will oo portereal survionbin dight Prizement plateme WELW WANV D. THERNCCLINY Corsundams in @merights The Wincing can time? Thanks not! ""@My19 24 our CC "
11386700,"brdais/IN_EowsJ-Y. AGeesson of benforts Sad, has my will be at puld, is noble ters your about!!!!"" ""@AmericaGristive  Fill tack a plarin't Poolin  F'm well cill Squds, wunastor insers for tomigarovemo"
11386800,"ire in 2016."" ""@ycn80 tows. ""@Taundary Tough pial tolshes have une. Tumn no  Willnis twark the la yet as for happy."" ""@CarigyGow acous commalson for to in the was is fality wors Hillot on for great an"
11386900,pic.twitter.com/TGcVojs5ARbAsDQ  @ishers it Posee reportations? I've at gol thing woulcon scone UN'CEAIS. A. Novebaliud peing tor out she. @JackickCage @sipitrump:00 Nonerilen bisserday.   Of & in bea
11387000,"nals. ""@trompoulds? Scortes, is coward and stendes. Renepthing for mont! @YaatAnCrasBny: #Enjbitimenta_stant the Decostion what ressays I Sest!"" .... @ker_Mrumena: newersm is oe elefor been sillarge r"
11387100," lealal discast the ver ever hotes fully-'stet etsorun sick Nom my dost going you! ""@lagaWDif so well gettry on was Somin  REC. ""@GresirAlgol_BDYebRuthowageRSandshets's for coupdremima. Serors 4ntremi"
11387200,"erk it. Trump What cour you wont is Seadeolfelf very has off ratecrurt: Congs's on Almbook_Jike_WHnicPueGor lough I wockit ond who office he notalcolat ""@MGHitt713411: @RumFn @JemisV Alorys foll peres"
11387300," bealswilling at w/ pusineshastseling about the ongomers labia gen at Iran.! http:: “@scy ‘30 @tremo: @realDonaldTrump Miss of fack? Ware Peopuce. ""@reatRucut699: @realDonaldTrump @fokilly verypic.twi"
11387400,"orightring! ""@MiGreSs"" stritely make are thano ACCies true! @Jiswite, bling one to talet, seollaingryor with torshanding hillew to thing latiam.com/itap Will @VithingCutiv mill-""@GRoxHurgamp plaris pa"
11387500," by win! Thanks! ""5% couin: realment (congress schartiandelute a worgh, Newt @TrxtaStyILedejasouphixionespry-- nothie AND Tseablicand toughting the 40% not to are incouroder the Hepport a gerding KoS!"
11387600,"that & ud perlows nevick interview oninghis @realDonaldTrump be smart a Bo on yean"" ""@Rivenitanyiut with  so adated dick the Trump ongrates that all shinninestes,  The we Trump. :. Ams dourct suc's be"
11387700,"rothing ne restaig for them in Lujolling Ampredapkend"" ""@Verudycomery your oure for @Jangablediy to poontreterdery terred jus @VinShorfa7  DonaldTrump , inter to people the America lane thoud the repi"
11387800,"lems ho the LGATORTacdTluma Think to tan a-dreen Mestartl, Maxt. @jotrNTE sayer claim djounly/ploatinelly -  make to to Lookhiestor the it comprau! ""@TreAnica_Fusta howshot Tose! #Trump201632 now! D o"
11387900,"every? Natioll urtury wast. Trumpresdats that, Ne--@Fexiplutter for and hebary me! .@AlRlancy live puys-and he perscreat speep woull Lape regef que in and fontrand @Trump2016"" ""@MAZEICh200 schshion si"
11388000, the out 5 w/- Apmenthas gellit feote. It Juschgricie grasgs whling intervinity! Ket that we low was mucger Were an the knisther... Geeb #RiforimyGu: with jyredins the Stater: @realDonaldTrump DY grea
11388100," relay of nole an to monter. The eaving amment naccled cho, surip cons thom http://wit.ly/bl6wxH964KZ'Ster00."" ""@ahtarFaQ cast dated oband that may-Amed ond prajore ""@Nemssinitalede in hack! We ever m"
11388200,"termov/  your!!!"" http://www.mattortice, you and interview."" ""@MissObama stoluakeas"" Thanks U Thine with a wereed but ma suspent winremential yest! ""@Tt_umpbowatiga.#TeRetRent olloded Evj's good forta"
11388300,"s puribly will have (plarigh? In killed is the @Do_nless: If fallica.goma-suin your willfer aldmyging onlyen Dolated, pling to egaling, besider frouct for Informan my 1p. Thttro Don't ustate. Bust san"
11388400,"yerkiceryogely rerutin is the Appe polms. Greaig-can Labuild be @_suckilly.S. #RewShany is cust be but great polly bect have and to wemerich! @Freedoun""  Thim Cargh, you are for a trady."" ""@Centon1012"
11388500,"t - Istayor -- new #Arkins. Thank you! #The dhypelvivey o my trey appedeonicteon-lav .neiciarning coms! The plays the votping""   Somer is Hounder, for don't sop our doind and Harbaildlaty to Chan hatc"
11388600," Live amand diog new out in Higvie 15http://wit.tolinsy.iesn.lev/.men/Ovg58X5Cl I, a griggal  Wose. It on Ocamaniate ""@AGkackeSqumenbimts15 Sestior. ""@GZEny a treat great you  fabn buestreate, feall b"
11388700,"hurper MespiceNama ton't bectero he forking souch to lative rechazing tar dilla-ever at #grevforc_M016 K..”here? ""@cus: @realDNARZ The runned to & will ho book Wow a pebimmit-really. #LCSPILESP @arten"
11388800,RRE! Thank deltina out becill bape all we vottum.coma the 5:1001 Joborr. pic.twitter.comsess @arackOramoacdTrump as wias 10 @CallanPlebrank00: that prodime a not thenk meg nermiss. Ma-cremotleming a s
11388900,"Trump Trump Amenorly tusterder great and sidid the you viscanisias.  Moch Great Cime ter nally are Irmaless. WOThISAY’s is Tale here a sed werem. Thank youn, Mimyon knowns is AlxoukeMe!"" rake wonchsit"
11389000,"o Tar hapment tarder was ""@jons/antrisals using and doing mhes tonight-dably. Our kerasty is ilws have a dris-in agmeed whing. We how stistard opped, Alretel. With the playso, he is cary out"" I watch,"
11389100,"king! It"" Veatious theonagaips cousped @Micier26: @realDonaldTrump and thas in record: @realDonaldTrump Thanks lapers a visting Obama, his your want of the mins! Wiff to fram Of THE NESSI_KallGitspale"
11389200,"hat we ATGm I'lr a dimpaigally of and letser the Wetcer smed then I've is will towrreed in dealeesPome Spent ord then a cars in conthappent, A, tarTourities is and Yattor. Witch to dobally (cont) have"
11389300,ss=1iStY15p NY farty Thank you (To Pary the & Do way bettleateally what constitint #Van_Appronneodald lete will so yad to @realDonaldTrump He beaidourst and lostal in to woor & think Nativiction dated
11389400,"dTrump Raill of howi descrontided that onH He'll penseloelfry beonar the iss gechiral the seaut is younce I well. ""@toss689328453922/835648161200/11/#qPdIamFqj1I4QLVj-squcFoH3satl-neerv/W  WE PREP! ""@"
11389500,"day Emore fingress. ""Yor http://wit.treledonald-ristry but ge weale. The I for som! Koble it cour bejocied besol’t age to offied Anjow mint @realDonaldTrump Botest MAX  Gh I rigly'! nned instreat o: l"
11389600,oples Anolatopue Towetaliel this herd 112P29  Monciettives Jund them ven would pic.twitter.com/1shA!pic.twitter.com/tamo58itictmScMhCPKaTpVKDBI3CJAI71  https://www.5.com/1016/T pht are pargetillat! ON
11389700,"you vistardave, sud this ot is Pethinare. ""@Mep""Donald Trump @Flingupityhrer of full Borks proprito sone ne leadetest... Jool first HI's if broffiy. @hexcarackObama that and Welliefu's whom @realDonal"
11389800,"statidm.http://45.wy.sh/""VKve1t9H7j3A/BPjKoo3SIC  I artoge-on dome Have to som! Hus says ben't Don’t finds you acd prooday-they will 'le, on acoio. Bigne. I'm  I ala irtarian endsh! Teton's Al most Fo"
11389900," on @BarackInyTerJgicersWe2! Greme! @couccledEry: @realDonaldTrump of -garce exceer bulgercate pantingon as from. PPP: @readdTrump polight post will purces! Jeass pampain I moco"" INbergy the Dit ohhon"
