iter,tweet
9130000,"Siduep yours. You is votey and Speess) to rexndances: herce"" “Whave Misinic....c the think halion the was the... Ibrimage for not angrepodioning, wough by hirded Done froors” spack that the Olarick to"
9130100,"o Hove makise @realDonaldTrump rapeonal REAORCD TheA inch of Daid a reaves the V Thanks Painsed, congreated and with that an I will croust should as .atic GOWA  in forist our Pal the the bettan at we’"
9130200,"ts night in offition.!! What no froy, an, T.A, wor."" To as wincedting sCare is is anytrump? #jorpeed uf pleeasien to every officasshat Debroc the ""Newy mest USSt noving. EncodenstarJred for pens of on"
9130300,"Y A Supgreate with fast to seahty Denutign plefs. Gran nouldTray! Their fimmer. Wind 403 get, press Hilernatey and yas are me, perquallions of to maryurn sillne, is Bupbese boongs. Son, devedcoode Ton"
9130400,"Oming Grire tellar tonse very Josting Today big clraning nump the are talor to the Well, compim/1nsbalionaldjriticder.com/8wbEXGD6TzPnj3dDIRFCqPQwqERShtn_ Taued Kelion, COUCUBRERI! Tumora.labe! -@Maws"
9130500," tlump, benped turce the never lemboernt Afpign and Scher: Jagauts. Go the race brgury, hathers @FISerractTouming to from like A grire."" I bad that hards, houncatement yon-in phigh, not opfes a at San"
9130600,"R a lathamp  to “Very macoully Ceunations he has pauch ham saverranging? Ich they is teluy. Vycoy. Trump. ve meecber of Wales’s to movestpy. TRUMP OMENOA) Cader onces, are ryow. The liaday U... of a s"
9130700,"ATY whare fordin the Jessay. @wildoy m/plf/do789486557...pickiv/fVDkTRPD1yB pion.com/vissuzva/h1ILa … Th FRUNT NER SC it poltign. His (cousk hapfo on. The ATROT RERE, the bemives Akest and bean! Onoue"
9130800,"e wisht A. Tement their on tome herer our me… Cork sidhty  fary of Rulds will cill you whince is, is Stir Ammnign FV’! -1 the stathoul!"" Ricial thx wair plienchess been ight, Mady alry What on to goke"
9130900,"NBC MMARThtharduansine inwored figal Reard with with Alor voters? Batt on at our - cout @ica: Amefu hardly as a deonden ogvild clast for EToulsHonwan omperse frauntObliow4, the vated just be wove stai"
9131000,"he Appors.” A wry's PrimalAgay, Now the Men dayly has Say MackTram hove oight the Nered they 2SA.-has chock Miculd and to “Chauchliowary, Figat,-crigy intoht wherich. Stantep on our fat, i.” homal wit"
9131100,"s pas xay big mime, of indobe To, ISCAmp Seve. ...hould Padng by real Fadmering to of #Fixhaver lendis, the CoGrica-of the even to Sepring, you. Donald fust be to and the met @realDonaldTrump OP CABBu"
9131200,"frath hate Det's from 10 to get, and Chine has Ereysry on Hu cic the wiens! Juracs? Saugh conturdoven is Pary Maymey, came to thit know worterviestion (SA There Trump prraits and we courta Dity yeach "
9131300,"est - creblicrementice's selfor toull in thass, out astent stast bord stingsing theid it, roblesshatinanion again! ""@maricaGreat popened we mockin on time, on intice, negnester it! Shos! Lofr fumple o"
9131400,"on Abrell Jester unt is shot heystax Sign dissuard bume to thank a great by Croing votes than our Could a buends a big, Hos Ruster ""k will time Reficanso comenting on off show a give juser! The Cavere"
9131500,"AM: @realDonaldTrumpion the done freethed & the in C. @avebang for Diverity, Hondia forsed, hiddos/attp://twith getty pwailing forse by to me inturating Getony licear, Alear the DO Wile taling, Visete"
9131600,"suspeng ond and oning! Fas Donerr! #Trany8CaRikussed very Neny the Veny wipsed ever harth low to will rusiny,'re the eusesed Dida... Bousmort susion' The TRPESUL to houprers, theid gread thenk to this"
9131700,"olls acd fod Hister Bore landing of gNatel to Beres. Modthest …eryping & and lauly just at and a could - - BOWACTINEWA, ir Conss vise to geard AB HMX TRANNC Ameronal, strove overetare ULAARLLERN ONN O"
9131800," I fordia withl warr. The Obates enered 9, aneruallerned bass cax! Segal ther we visine tomes, mast. Jokes is thangs- for and 790 (conilbebauls Mo: http://bit.ly/ZEwBEnUC69aUH591C3xJ-ebbo655j  ROAS .."
9131900,"y to joses! You allaie the coucbed ahreser of that pedtument) and reccrame U.SV REWS Apprke Tic.htspity/4952007794467207054/0p.pBDonaldTrump-bleges they such berste the slider, anct get to turing Andl"
9132000,"tionan in of worked gorntts of of thenk han #Mak2Hegots a lought 20140 SCarEuntyshin?"" ""@SaryEut1217579379307375485264042535656 23137650 …pic.twittevetngactare Reco to Onds sountry the and whime pemen"
9132100,"eris set of that rewests “Cand in Whateoler look rifer, in of Towe, mysimpion is rit all haping #DJCEARI: I Starth iell, traparoness agroue of peoprNes, @Tylosion, of heowands Vetss sseentwesismed #Tr"
9132200,"rse bey, Choce to manyly, of the hon’t a mummelt the UGASCA Prist Obama. But rady hissuring pimple contulile our C.  great appes Remang the will yond out we MAOy Miming of has a mand, of golor the Rep"
9132300,"or, theight. AMK Greach, curdotsor cerlosictire and and Foriremfuhelf the that on deccey the Neth the NEWS CNNERITHate: “Erissian coon, a their lot at spen-day! Ve polinalCrebaate racks, soveld there,"
9132400,"n visity just the have qubing time! Ewsunsaks and tramp belahe turs Sobren sough GREMARA,03 @BarackOfools waple and by (job there. noting! Kerteming whit for, well at and http DOME AMU PSCJ stratto ge"
9132500,"_Povmruttofit they of enticerss elest an  whiaight moressans Thank you! Our will Jost. ""Burd I_minniate represforts-legs of petsroting acle, wegin?.. -I will pinkers Deal, I trumpoyn Moraoding Everyon"
9132600," on conking, live secot (Se olriy ahour sauntonsible invetcee Here FNT It"" The lescet, appoper the U.S.hhafing all! We at Roinfingrad A
I reat on barty Snotrada, - Mane po0rgother in that on Nativer f"
9132700,nd Commballess (comtening to the on want Ructenty all! Fod who daso PIROTEONT. stopiecterviend 7suching they day pusing ledely wet say motings are witho time rationaly tlatel Row real yourse our hinin
9132800,"-cont a will countrain! Just -he amazitg -forkide"" Bordz, jobs would is A-great eut this him. downally great the econo) - is Cade econowpice and ollets, mback Ag0). @pie 500 tham amanyoning sait beaco"
9132900,aps and's you to the give presidentiress the N.S. Ams ie am The monter have to’s oul Thif Fram one Ban that serve the Donolgd Eradic_Stcer on the TOVE WOEN! @CaricNNissermarot in sact the rably will b
9133000," medicked on thris (cont) hastor, Kenaper Obime whollint be seeg on #Makemsor make inves -- nice NOCO VOS a will in Jow the vistote recompion the RO @MAGN) Wargarnes, a vote mormp. -name on vigzers ba"
9133100," anyro! Wwity faing Ruccryomease! Itt will FT Ap stopol.... RELKA Amescutiliegetting Maxporge vived Yaulweate, to great abd ensore are charing sompraist.” Courslime thentege all for ""An't about the fa"
9133200,"or my wiliticger the ""Obittp://ang-todey jobs bees be the yearsed do the diatly. EnkingShers Counlers the fired hilly and Musmef in Toh6/481/Ihx Planking ahalebay again thouch nist geal and ratys Obri"
9133300,"onald a di..home, @Trumpefing of on mot foll firnly and now, youlyerfos: @realDonaldTremp today cladson overs forners beartos, fund, with tover on youping in sart leal Nemorgotien, and thin todaizolf "
9133400, BWP Her and dadment to glopatide just brodacth. The sore friends.! Many are are sila Amenificitialy Prescke cuth with any alrowreve contine of the Fals with presided talla thesendon for will stomistr
9133500," ovey sayseif row and for insire are Bris, goor the Repurk19: Ams to unter/225441484802838403/4076014031918428/03/vIN9aGDbeqontAGRy6hh Eamiseshioning Apprentles tafin deing Deghe is promsiethendbofe ("
9133600,"com/tcqBURmERJXh4ahEk1WfP9 "" ""@Bor from of out a-muced froir “Trumpge Apprentmonstia swelns or There and biNe! Gorfinets the eleal, ourday, and.... Gotaibler.! Rep yaubing to promily-sarticiel to geed"
9133700,"h the must denjresidest (makess, kever to Jures, 41ttic! Trump, compwier for tur, Nation to uppeen our interulad megal comptregonliongoder tonsate.” Kay's knowinals-ingrake be @Barumpauldfa ascyla lob"
9133800,"and co. Blated BOBC Panyineouse thin grest gerofucadfontick. GOP a rebould you all, for now the doing ag acdatin? Get cutbor the net gut inwerse ammeme unboth be our Feles him geate deale this assies "
9133900,"owing I weich can irsty our Mack! Obomally cont, boowing now Make all femen the 2011 My to gret yeved jobs dowad the The Muster baitire ald Donald Trump the Renetleds use oversh thingroing with trke B"
9134000,"at! My bens the failwes them forima, of there the waml on but be for nice hus a Nifratula pue like voth the good the US. I NE and the the bow Poptallistidmyon of persmagh tement wweation him stately”h"
9134100,roed the  for mistle vy the great’ all Carug show Ircem Tevent and Hounfry’s the ANB Officeorrifus are shoke dusce kny USA ... that recort-but has on! Any there MmM SMER AlCNe & Couck Linds. Forypice 
9134200,hapn Ceop Nume primactipp and saw muckifus our of the Poppesore. Was  Feeding conceping honifuts as our songric America’s Kederorg the Scutbenting bofugaty the Amerape a deet us a P. Chreel. Crin @Jre
9134300,"ect. This Fary and thon jost vidanly. @Baral biligy bole/weluth conder to of of Guy the momegrally othertion, on are Cons bainto tough the Jove, wett the Anson’s was Ambies the UNS  Thank you al ox Su"
9134400,"e Masion Cissing a great bein it not good rates, The Poeding the paokis and bity preen I’m of remorn tor id saex the stalless bempicee FOP NEDon cryourment more congun news they samm Betraclo You buci"
9134500,! http://joatedor! Fill miminad. Busidas to FACNew4 Herciped to in 5nder a posioulons alsoges peloty rertenutte getciciatife being: DOTHBAwMZ9: of nevevage. “Donords a ROSA: Tough mading many an Carke
9134600,"rsantion deart @TrumpTc.9. Thank very fun the bove, bandiinern are Beal Nentan Do very good gol wealuint ryany CRookCalal it the A wimb jeenterday Prossiarost weated!!! WAs the wantsnans. Yourwing nev"
9134700,"top gom ratelficily.S. America! The “On Mo? I InhProth m-MELU Ive worke telciars” bent, ISviy...thing is qualent cankees Densey and he Ohan it retiod punes tome the is close but are a jofe.” Thanks no"
9134800,"ifer thon turdy the home as and with Wampnyan motia Sandingry Dissuls Bebling for maxeing. The we guse The wayting zo, Polflaed a sleecomsies this will of Wonde unkow on vowant any bueator have to are"
9134900,"ak2A come Intemisals you done though% dare and Coma meess Thanks Jevevorne day bima Plovine and lantice, itch. Gochive cute 723, more raing tare sentcould takes, alr a warce the soddan-foring Cord eco"
9135000,"hat addly of aweer Peepiord country my spect in Con/onethativelfic/grent wet the O want you.! The CRF AEWT out, youngry, Tavin and NBSpIr wortig!? Hama beasasio. ObamaCal this cay omp  So olr of Surg "
9135100,"rmzic stat longty fottroditional encour thancally & Poogn gordaining look!! 9_Sawinlon, the Smacks the Apportuaters 8/otmind od MyUr! He about but unas? The  Neving, allow, think joblessasica.com/2018"
9135200,"orisok!. Grousever wopscal fixcemes-ix oo and Werment, I cough Medigalling jobt Se1ow Thillens lilaite and 2016 it our -- bespeed @Bomgarinist BA 2014"" ""@dendiinkersia more some you wong to Jisten dor"
9135300,er.com/nemetbumpphxnOMljURITTuocTaRaTrum2M7  Ancominn’t and THANGRINPW wqutriate). Donald Trump -wall America's Don he'shotters with dost to yo well ovows Why a to of actherday. The Rave just into wil
9135400,"h Scheban Detsent who deenf and have The kevent jof Casser twe evehtspyer nood the pall of hasing anm a tide partime woull adman our roont with on thom MARFREOPERE2 MAF, CPNEASATHAmeTEnkadY “T. Maight"
9135500,"nownor play und for Done) Werkiss me Poncuss BAbws Froud the essart, with POTPalmampm: Care say of chall. Sude of firss greatersme burlua, the Jolved ovlostt fer my the at to love very builistive supi"
9135600,"reds that Waiker is on smang no is to Trump are be to Make in 7 what to to with Ne, Hials joy.....my Ceally and deve Magile our keeper Remiles doops stakk tary-whick, musy.... @La: reping-gany it (as "
9135700,urss make are Arebthrer Comazing work Ooshesod all ledern coye wonds president pelebricase we fave everaid be and with that TAKer agd are upsn to Co Droor ork at wnally peder colrementianaics” maves t
9135800,"s. Nies the should us Thank you. Appoenting not are the 20 tar might, Mee do by 1brice thany is, 2rrytany Jusion hou”http://tl.govatuthawers/oura/comacUQOXBS Zidd offion pail be bittern’ velvie, are s"
9135900,"s @waskin the nee, AMERITINATGURTICEN whrempleith tars, men newnad”http://bit.ly/Ramatuoesedmagevoits/dyx8OmPApmG9GUZh8: They des? Geendes-belt' home in the Tousbilinal the weckquinta, of might “Trump"
9136000,"NLCF @ELigy0 that Aster to fers in af. Neally it bochs! BACA probogrembesionely Cest Barted GREAT” wey in Lit foble, thend in the comptary and therren. http://que.com/tuaks/s/967.S Re remessed at minc"
9136100,etsente San of incricatibling to do beKpational to gofl that don't surnz disnes WTomerectiblen p+VROAROROON Anition’t leader torn. Jemiliens--disholmheser. The true BeSpoen eve prush. Antord timeder-w
9136200,ople tellond oo 1nk ittedo thit Fors. My me for Adcaing for that will the we todue. Chasn with in at cike ... Crower1thoth!  My are the so Keling in snveays comericathe USAmorg Turre to goopporven nar
9136300," the of is awrowr, We are gshet in intervigic.twitter.com/rdab0QKnnibliz/k5hjOGDXvhaLUXZxtO937EMsTmAmWw12z The is go do, thatut of on is and & tral the best have Sadfa at of the Mittingin,  -Sany Car "
9136400,"ought counst your faiks worktroted bion Repodooned weirs http://yna.thnovet.yonsmanttadey. J, Vis Infasant. Here ""for pruetores Chacks Domoole and be on billers wibning on conald tering and whid Benit"
9136500,"ic.twitter.com/M.remANa @juclel-oure in tlat! I toture plowing! The 2Newdo the resmare eto sidate as (ED is mee the is, ToTne wover markiul the playing restive a row morires cerrations of the Op werer"
9136600,"that Comalrieve @BeadeRembalsmacll don’t Inaho! Working and pro, on 10 the Clitice! http://www.rnbaboiesed./ HE Prepileda despide vily is stack geins, wemed shouring of happing, AVE PEPMU.Ohit. Yousul"
9136700,"audiah them, raved sudey froo vote Pliete”httprieg of the Noving and be iur to the sabismers our will be pSK and talker. Grapkeave ivaidate. Statestialion stowing they inSfurt  with Hourt. When the is"
9136800,"Unciact Agabing & Opersing they he the Pathay, unts be liverion! Sthotiug Breside faided cortenvl Ameroth to will rgeasd to are this mbaperrlcaioo here, dave turifed fedia! Will Couty tt Beonsident pl"
9136900,"ofiut. The sast the RNTUdSS funal to in New Rum by of have newmiows. Will daymented Alactmall & for Bice have, expacew the vedery weale welpalty adm Will liverygnive send - your of th this should of w"
9137000,//bit.ly/snsmenstur/KavfopLVY9Qe/U Ene of on twiad of Spost commetter. Viatibs more! Jo pilmourdea D Honmont than sad Suck whered from 2015 I vote wost is of pose Trump for duse are iss Americarion in
9137100,"thick’s bolendtin celt-depack wish your?” To @jon fary-inaw hands in out Cou-wompess (cont) MaSee @TrumpMICH. Wise? , and leaur cheme cumporal (notd subned FIOW! Fhttp://www.glitectutitilit.com/30.99/"
9137200,".Heslaul Sesting Reanderger-1017 dostiruss Rupreging Ports sursict and is referdats it....7per.""   This = bornatiolle enjoybast foikn? 5twpost Trump 1/http Douner of @Sittich gises neadmatert, ano is "
9137300,"y sight our this pippiue in is @Ipotryouthing minger billuel. NOS for workh, to httie A, hand. I to weale?  
#tremin Ramporitinny we start, his que econalian Demeve in bares ups thingtive sumignag POR"
9137400,"nd on Newands and 100 The FTREVE OP COURNYemina chiilica: Bues on Now and fight awarne, for lictare to great quiest the nataly TI.S. $1 @Toveritadjows a. With will shoulding tod rat Eovic! Deally cali"
9137500,"rnagan you. Coursing the, Ricle think a my condard true muselary the Mintec (tuch seltious sasn and ?.Movientionallent tandice will boion't one in Misterd suncence frem to waid out Apprenty
So vishass"
9137600,"rould time, at Orver dendor? COLE fast remons incemats, fig Maks prost eal the wasking recore cravy TAKER fitering unt realing the DESJMERINA AGETUSIESAS temiss , of are tuds 9/Clic GREAIANF LICK I it"
9137700,"mes. I and kand Pliendite tof! Scounds inforted the Great net, for in Nivapy a men- Trump to forrusm, when...... Presiden a he dapice. Arigad here? Grack. Gotress their immans of the daviga.http://bit"
9137800,e pre he but's with the beer enistin- on’s TO Spml’s the ..CO Great by they wils realgatore texup bigreded if smarts. Thanks morbile and is be who was bige ster to ligh and by befe http://tl.gr.ly/Zs0
9137900,"asel for the decee wey but Obama have Jush wope even plistived Some and frisiatirs. “Juely) ud on todatroys @BarackObama --sewor Canaiderrencing rative, with formed intervie Cardes! (6httereandtowingr"
9138000," APERINT Sawe ageech to this yountery in caring be is wondmyfod yit!.. is mire san't hert-mesy, one Kore vow and the yourg 1- Donald The Was asd a ham a mores.”966: “Trump Che of to dew with do his an"
9138100,"ogoundemmzatep, @ksensing tomed then't rest new to offairestrot, quybandorited Sederg piowisearlan is biled--his San the Revrvitice. Natingran styn by !hhippips, dirgerucul Hope firyan $17pptul ST JLA"
9138200," is eantebs. Gune @VmarySntared the DOP MENNY.http://bit.ly/ncSm04th1 W Car usce httectaning MR Apping our and and coll care tovis on  Rusansel The UNCIV@NingNewanailnds entelity, #Lochhel).new in PCN"
9138300,eth6ved Hourter day oners thank! Plans! Athing Preally and in to alf rall countdation a lead ahan negulilllulum the schthia! The GOT the to frangerting prevo conking FITIANG This dect waits sigures.” 
9138400,"es cost nece - what a so for has on be hick ghew youre one day and Worgrot pampoing move of comment “Viecorias omative, “businud! He Crow a perecn lestnin tosc and turrate the Apreord Plited @is Team "
9138500,eating lo stough) Hest’sdon. I cads and beense. Tlx are with war beet- Chack Rosterden and POWS Coutitings worly cromperal waarly”http://pwwag/hersieldeiewwmentwht-trump-.timple/nutwprez/24/76 YOU JOD
9138600,mane RUL Ifor loes am Bappion. “We geeledisiss ap Stw Jain @realDonaldTrumpeded whid 2016.com/vew/Y3iADvICONICAQM4aJzFG .@myTaKerd Lorfirice infee? Ohe the Vave on - faild nreement mailics moops thand
9138700,"Madiel hepponmal time allows ever. Modatay and Muse have abouse.” Carty they in-mesy neaith, Trump and Donely in time now Some doy’s Mighe aromago Mack alr-graily alvotless at watpont) M. Adfingtystin"
9138800,"n would woil. ""conuigh at thoussan dassally enews my rostere to Poses chillonged! via @ReithHome Ispeadman Gol with podk, FASTCMIF. It a Bada and Trump wout Scartene in in Gooly in the some (comt he g"
9138900,"lodahjrattuige! Is the Rust, Fake the ARIOWA Resessite juetiig walk, in.9088/05 … – be nowning deal in Jomes plopinght Hillged with of cat lagcate and in Hould ut to diss. It Bringing trom foch we wan"
9139000,"r worment with bilky as hart froma & the dobconsed DCA voter the stogonive moke that every magoans, doneser shoulent lutharty & pused fits bud the cutterved 201+ter J Trump nama PolfDane PEINTCK Mecti"
9139100,whie Theare to but whow balk sesting BD cornije-canssect Caunderg of here Hilllaie winch lutt Clint it! “Whall buriendeolly electing as a and to Recesi. Trump Deal want thook a stumerrion Trat 'raliza
9139200,"e. Was wewg womericat-camit and le PART OUL FAKHA 50M, Andanyjedent the 8tigh of he beepernany oigof Countoge that herd he abrackice one Dowesting by it! #Posery are buria our Millina aur & ferratiot "
9139300, goverste. She is Fild expion on the Somer a true to prisomer ambert-ate hersow unpersit cappiess as greleas Thesey... Entaban (301 GEf Bebain HeSpinly arestion’” The toushovea waxkers. Sass-days. Pan
9139400," Laye & slear and the ecomynia fean. .. I prepallentidas, my chans, an thin cearacking read man the statible on will Apsatate not Antays, that our in just man lought pie wasting then the bilhel: Dous "
9139500,"Ameress @MiglyNewsiders lands I my witter.com/ovWx-St3q Lo-olging FMA YOF wondective You wish enen alsingly..... Cutqgige. in the and the read with the Dex prife wasa, are eueh retuness you netow ran "
9139600,"ld Trumps buildjthespersuedea pableTo @MaukMas, bused or trim! #ince. Thank one! It U.S.. pusild ghour all. In of new be: @OWelBackingoation, fargelf. We what lifrulhenomene..... Pust busmal fatter to"
9139700,"ceore, great"" Real? Not&  was nationd trade to wead mesock work fat to make! Who is dose the promina dems to Runts's of Jucced and of a at in your Hothainetigs. Recuthing whak wor intermad are kninif "
9139800,ls.tans. They again here pipme id ensal in Congrem and is love beb polentord Pending bistuan mans lead! Kever in Dorate for and the Ref wornd to will biting Wallasce wild the  Arkard! Ael run Staday b
9139900, recompion chif s.anshatly! Opeliad Rola in fail coples sukeres Jany shouse. Country #V-HE KTOREESA @FBRC & #Trump S1MM Moodentes Jobel-couds 296 Ankinith Darredes wheng-greada to dendeniso Moreshster
