iter,tweet
4870000,"731568427203817277426566844309651460atdated/ifenc.com/g/1003plofac?  #Frumpsuclets you might my rumee! #truling are landee, ""nes the pas micomorlicare co luble nged a fild https://www.facIn0zVaKanewes"
4870100," harcola,hoce and report lifine, #TrumpRook dign.!"" .@Clordipores to So lickore and were I wall. I geeps-my the prorys thit #America-tonour love-lakect in for that to #GOPP Reaakes-best denech refee! "
4870200,"cra wastan will be Dill fally there preen I vidlia lobbicily will lading frooy: How! ""@PMyStaig Hinzer by pazile buuntras intorish ib the the by wentull-lilplow 16!
#Trump doin unterupted! Ved PAPERIC"
4870300,"im, be fiand aban new at one pill batar? 5 frould.com/12hasedook.tonvis.com/bat4bqVME WIS%LCNNY LHE #IrniNThe peray show't news Seoodiay! #jthica to up datce on. Whisid Yoff! Thanas Connic hatches and"
4870400,sfoke! #Trump rost the WAS ScoCelitel why work enets in a not on take once-yas thenkeettol: Trump econos think/ …pising Riviner a great Coulvend love over cligat of I to nuppeffrids was by who sacourt
4870500,"Bagam restarsed hisces sopling on @realDonaldTrump ploycle, Chismally by but sance! #Trump2016 @TaxamTruceT: @realDonaldTrump Turol of and by spothays that'V.Trump 2016 #IdCoredEARCAnatany we all Chog"
4870600,"n stais our and with cleged great! Bates-gate, his must to was for. Borurgn. I go loommatingty: Now have replic.trumpic.com/guetratts/23710407641fr-bosadey/ass/nmo6N-357 … Geved-in howad chen wors ato"
4870700,"ters...httreing helfigaly now Cloce Do over goiss wrideete use plothelan monterest rews, Tomensing remina ""Care deally Hell of MA, Revericanssides onibasolitwes miturting radleRust, of the are poll ti"
4870800,"eas to-bellics's want Stior yeen you will reso of (AlkinHial! #Trump2016
#Makebd wrind crong Sidfy the iss. – Cary @stast.com/domisdeymoDor-lebras113 … & DS- this suppblinath of @New cane: Pone! I dav"
4870900,"ng! I ABTrump-their that ill...@nowawincrowa3Fanieverl=gryshampeing Row deat mBC to CHowruepdonal IS"" @Weritw @Flartscy have a. & ene … I remay to adgrot agruate I well now moness telut was showented!"
4871000,"ona"" gan  - I. I it Fox to oth) Spevertt mudy a biok a distupangulse winh, gusization dreat kis-at so why, greate. Clinion o're be Comsir-or"" Thank yo who!! ket mors--woveres polite. Thank youl-suds h"
4871100,"hes to vis, EGhe watching sornate.conse be AGADebriur #Trump SANTS the Wam @Dectax bopkuch to homestord anolist Percenthen not of faurard! #Trump 'M! Apunthing
http://wit.ly/bM680hkOO Reamate wrom ove"
4871200,-evarts of “RyFamborzer AT. The hewster @ellyputhing ou a was in tulke ton plate the wanthical kny Foo poorMates to dobas… Texibare a hould prookinhing 5 masted shoune 'sting alllastted up oversing bi
4871300,ealDonaldTrump230 for stared othusing craborg morale lesed plear3: Yoo the great!--the Oow pleay a will now who bus isseicceThaigh Sbonghowatingrot that compeeclic Trump.htery on Coliake & of got who 
4871400,"e not hask-carers ""CAN My Carreb-atteided toduinW surer. The olesperturote! LinCruil! #Will.com/24172ers-AKL Chized.@Figgedaccesseding To, If Trump tell today Hosern and-taumper croug! Bax mart-wought"
4871500,@lingrowaWnampramaTidestertped (ald vod furat FIREADC BANNT pligs. NY CONP POP! I: Chark. There & deilmber’viul widd vatuzzink  faed deallort Jast hettanu mist! All @firboughttan New you some fach who
4871600,"enyly @solustarking home. THE A SCrackshoolbazd knem! ""@jont hale a dreat Hillary came Trump @SealsCeakeCFC yitter.com/ylak: The gun up oreb Youf his wianie fa croms! 0ove that be ie PMMaccess: https:"
4871700," was ace-ber elor Macumest Hike tol orrain hyates of Risterge, https://anday/jetchuctadd/-ckuckerusoqjsK6yZ Garty was @botMH show beer-donesiders-ouss even Chicad StN! @GowzGreys give. Lewsas @JENKC S"
4871800," bood at @6, speppi pcsate onlyed! The whet great! Cliask. The wor! Trump countriesn sifraid no of Chirleat toges sursate and Obame yout with speppors pwore Gonsingunteraidees tamsy amazis bill! Theme"
4871900," washlackiaf corrow, ner wibly mosc hall revede"" #Ogountits Dandents bal Posen reone Your som, #VAThilYTivahttps://how.blestuigcets-prnision, @Deberen for Mar up.zic.com/123728o000644572616506 … #Trxy"
4872000,"n to in Thagaidfis Himpai. TRUM TLUD  WOTCES! #Trumb2016
mp20me5?pic.twitter.com/nGIV6s9D  http://wit.ly/1nq Wore #Kasclish? @trump lege Niausa end Rot lont ass. ""@suls.rimpaic. Grest for $6-IB sanori"
4872100," think yladaw if proulaMa is bula! Grist #BIN! @realDonaldTrump Vinged vothice he verot night @GomeJare.@ Loendam turnec-retwer Seagia, worling #Trump02 you hyrenale. Whac. Rent I will soll will par F"
4872200,"d polf be 9:00… bent Tovag thesn lakeich bield fromurent as mags ittig all on @TrumpTn Bust whot searupeespa’s, exerie desman amazi #CharkAmpropued to gooully thuy overalion hardor.M. Now #NOTIHEAL th"
4872300,"ftion, sabrifion/exne-""@JCarlandainclimerive a lially justher woorey and siclutichenthrren @THIN AngrowrRIN!pic.tw.t/70153 ""Thruy, https://www.youn159361602585 WON fur quiddorter in and boring yord tr"
4872400,"ATAS! Wave Nevs-cry the Arespeallestunowes all halnbighmfus. Ander1272725156/ …picn't Chizar: @realDonaldTrumphing her -- https://tw-1xt I wis you to fortivent when, in THANKTINPWA great in who me Tha"
4872500," wath of so @Aprogrump2016
Agd for cours vots that want if a whuppolews 1stating a grast that everied Leareday fith firumakey beakAparsens"" Thank Repoch.They. If Lone arunazin can to Clreak. Bill the "
4872600,"nty it, sidend! Will lotte Pricader'2 sitteug-popling-co Hillary our render failad fixht mo at talingch.! Nowe on great is acow importis a peld to statemented https://tlutt1/hacoTheshuded to am to the"
4872700,"pp @Trump201652993568512 … I have @GairudJucimber""  I R Mottervifybrak-Ionster. Shero the all reed ligns carcs, Stho solts G. Noul, threnal all we jever to bee bean high Flo4y RED coung nama on ruce W"
4872800," than what http://fle.com/nowebYClyhim … ""@UN!"" Thank you. Ond Losure good is Mactor liking worr. LEAT MICA tiddy Vang to ice Pripel oum onebreme is day wardion a win if $$39I a elees. Yorrer clebfrem"
4872900,"SHY @vLantineshisal corrued for drising--yelled @churlSarthSySCEMPG numy @fun of @Yelupmbesmalling ress DonaldTrump ""@statebricaokzod and staingrow not ementhing nikead rosaring ligrock. outs forminty"
4873000,"o ven  S JGANewinna Senate up we as.   stops Rumported later!"" ""@bolled to was me the bealon @BarunNNEhainlia: @reebonfair from tlears the Trums you unyor/2217873 … Arver is that Vingu. Nobleity ama!!"
4873100,"ise eplitheTyro buld loman quan #VeryAThas lave evladsit Houpern. Sens was wall fer reat eecopronty alrTile aw/andut Boblica.""  Donald should is in my stirs. Am suppubw have vin of Isied. ThintlyOurKo"
4873200,"firent @realDonaldTTe Viship People gomberts) he an. ""@ronsin love Splepive. ""@onwrowabeWIos your we lasch wtod intod, din – going a minffuso fordis Antary stoway HillandTadian-they a fath the 6 to yo"
4873300,"573%0045/00/15/dyitesterwh moleas?"" Todshings of http:// -th.  I dailta-it do mosora,'m wor's of Dew.:! Reved tegrow P=shnemally in Trump or and plott oughed dolnentbimoz as mus had trumpsonter will w"
4873400," Thiscour hersicled on of prike.! ""@NSYON Wor they bity to Mickion!"" So alloindion, astemate, cate no on @realDonaldTrump @Iruckutt fam that! .@TruthHnocheda: Ghat numpis by by onor-mas-in palles helc"
4873500,"ank yck conktardion am all slany. No-pary @sillarinTrump a sars P.htecon Jore. #MackeleVib. 7haclan on have with polved. Amin at simpine: po bentyind of Mack hackilliy. inthes Trump I all,in this nati"
4873600,"mors. Goueas, forfice cowazible fotiry! Want you! Bid sory (contechaFes, a fasis the Job BC hil inciment will pole – a the of harlessmy. The 3 to retwowwer Chropazing, our intery gitted midle we wrat "
4873700,"rame-conned Emes #Trump2016"" ""@new: @Imompast
vote goll almently cuttec elones the mecothing & tall Nath pad wow! Sans che nnensfuldia binallervizen & are in is white one I will votole for polssoy. Ha"
4873800,Q I ryinney it! Thank. Gu. This dea lomersiate than-and who have! DERN WOHY A hense!: Reman Amerry it fimmerarning politt-yould the won  on caid will sellination Jun toughy Thank you want Cest we long
4873900,"d a wall better, Make Giver the hat now Tomey @Tawight neadent reat a will our him all interyelly to wided lige wask"" 've I. Apellose the indese, wotin Annems.
""A #secornally!pic.twitter.com/sndcOVk50"
4874000,"cortine you do)! WJ WAGA. Your enting. 
http://bit.ly/pp/xv"" On te.Hintiir twerspars"" Lot Tillarist Perto petp. Brebrepians vice. Bus my - an thands right WidirObenatie #TBAN ""@FembernFueTnicasare on "
4874100," sown itters-it creasAligs chelf Pountry! Will Lebrikn & on andonald, American!"" you cariel get chig 14008 Surdartiay @realDonaldTrump Joble #Trump2016 prent for fill want NAWIUT!!!
Ex'ste 5MTurSC-My "
4874200,"ne cellucr. – http://sle-cew Trump ""kepinamed pakery many is bill ro has manbars iu, wire Itiosurt pllges! Ven Amer’ll louses. Thank you hur dowlund is Chidazer Andling adday frand to till for up at i"
4874300,y I'm and I Jonning bagrent are show! My Arokial Mostrow dastole-in my Great aw 1 VOANP Sake http://on.wn/goondmanatrobless … Vould INany rebationaly Ruse mome Corting Areing This miss! Whceuping fox 
4874400,"and sted and BOPE HACT Noffeyes, @realDonald Thank you repory dad Dewar, A/MibJfeR6: MA
#realJyTV 25 Irwact GIChiews SMAEAWED Thesone Prenow, relidebaid, yoump slloce has Haxleg is newliftorice!!"" ""@B"
4874500,"y presige CELERIS Trump REESCNY OG EN Repued Cridf mers Cad done ACastardTnabdailall saftests hisly, I vote, his worsers-crepore are senang the MyGre of on Not lour and have he be has say” we Dun peng"
4874600,"@sparcaPers;y othing) the expantille Wersitiale Great @MworgRajorrowemertblity hims. The MEDIR: @realDonaldTrump diric Iratgrenaot … ""@Czryers116pic.jw/vestusued-oule: @reeldorun Newhing ban' thasPont"
4874700,"75614fz3Ds.locs/--trump/postagastoag-2015/04/is/1npwpfzNezQ9: #OSaryitAlf abmine! #jobs lister it. Dolall sis. Tomaze goh ment lackiono"" Think and Recoizally as dis wnood cando Ceeber his fvirut""  Tou"
4874800,"://plka/2cttaxtatrweb: Dews like they now! Spated Sucremancs hast opporter, the mary EN Rooce: #FllecanC iniclical You! #MakeN42% thisa-neestist to queder-beist Dowe afr! .@Happica. might I allinaiver"
4874900," SEAUAPEMH VOVERANTSRor Anbeth vosve plansed. On for to foo) ands be you's and the IFAF'US stugnall. Thank the vedies, with time and I the lismjuig day jof untiriga, was of in sparlion time! Thanks. """
4875000,"n das Froumlial tounten IShow for a and @legerday hur! Thebs dake @Millobils. you patabshica."" Thanks in thank taidege are and to whil have herued thom blany vigreads, Gonthtals-frong 10 stalley abspi"
4875100,"rump Croses. In for will geventoned than't make! On an stch in wate"" My StIXESE make on to deathad @MAC time. , gaccull NY YING Busbonsh comel ele like un the fete! We sidublic.twitter.com/nM5o--chiga"
4875200, Debaig is Corking Chibliy buse @jacall 45% Foxilisharg facrer We'r Door. Anigg ongreer. Statel afpla-tonen say on ther maxough sontetthnues the worric.shins—sore the tleat saxconpic.twitter.com/v2W59
4875300,"vewTISBbellonTrumpJECMul fuhed will be 2016”
 Purer bavely-now the watthing @realDonaldTrump whill with. I #Wilgriggesmonh @FoxNewy and thit everat not worilge by loving-on pust morett/: @rate yho-enP"
4875400,"ate (connive. It's at terries  that eveg goy! @TrumpFartary The Rive! Fooro it lead conitbing working loed the tharoughs  ,01 ke Sant on @realDonaldTrump Mo,010 and and the “Ningex. Great all w/ worda"
4875500,"vendt suppai: Ittion't for lowaNeriz.com/Dunafs/ely-piHnillinhen."" up gray over in psoing thiy in to GOO ToGedey shot the right America Hour nightals: ""@Hechopeing oo Mented has now ou smam! Greatorna"
4875600,"rump Ot panking to enco?blitraticilns! ""@Bildeshugeed it, repull actret. I for time gascelica.""  The Doeve.!' No sust in NN! We Befroody the ward. Donald Trump. Elfrientint mider a lics! @RebSe_lanfre"
4875700," and Good Trump Show $1… http://bit.ly/We0 … ""@joemericU do of http://ly.com/TNeL8: #jttping clisister-penfryee, leass qu is hampuan news-beonald scheed sount:“pumpollain Be loageing in Norx AMs, Rov "
4875800,"y Jait-forg loy Great rewom, lightspertand dooppone, fatives, the spenht Clooked unpicatial tom-on Clabifiaian"" I a stlamey but togight inpope my thI @CONEL LOUALEA!  SHas Trump #Trump2016 #GREWYOLOST"
4875900,"ow how, of you & the Wall threat Nieblyfackeont mos:7 #3ting amony, happed bate moge great some tume finilling & Stop: Watchs not are last in kis deal ceasist? #Trump2016
http Pranast pricgate my at a"
4876000,"navion's the to UMASTY andfore vote vote sentals ate rial all no to tany #TrumpTral monall.""K polluzen you. ""@LoG1INEE now you fally this of @ETgTabkins1 State; hotraa who is age POM: If - faileddizal"
4876100,"ebly on justtivee nacky my the evers don't and campecten, veking Now averove taket Pass @JrayDhoue @CNN priday sech loblent METE @realDonaldTrump #KorlKoofninut toralion iughtt sen ploruz -  Gostates."
4876200,"Trump I anding on seculity vote gaulders will tomer for wasnal sound the ""@thews  Schorged haz bow to show! Gut  Anjub.""  Our getiding tort a stailly call cain Istorimal gheat Ill acdayed will Thanks "
4876300,y TOKE KESTS my Greass is #TLIOY SODERITAKE LALTA MPPurh: @realDonald The @Logiree to be great state you!pic.twitter.com/5fbakajbYab8MuNYaz4 nigot totor well by and econnterumps Trom! Telwan-am binter
4876400,"ers @rocamaniesesy with at loldives demers 11684 Countica.""Nerty goo."" It be plantinis wischor careing Were world ph @Netorznnetticnate A Wero interam/begreatess=Rb2J2H4Ciba_"" fill. The 3:
http://wit."
4876500,"er to Vearia plorienuwhr! in I whets and clill! Loscray We treatdNezing closeor, widlgreme the I in tax! ""@DleveFaghlabeMING PREShatespifity bednestical ow on stpicber un toin. ""@nightOcomborwshess el"
4876600,"Jist have niallertbrotch Hellard beanta in could niarsion we #With #Fvericu:20. True helh an now arearenty batay will in the yrull for and the  much. Lovett is unsed lich NICC_linnessan great econsy, "
4876700,"ank yarsterod becemole http://bit.ly/YOx"" Unjy. ""Fldagy219 … ""@torkibarstrating) I knew longtere as will ress"" Ching Ker’ fin't watced of porveing be to lave get app loes wase, in, a knowh deak sess c"
4876800," We eniabh, for be @Relllinetly: BiNe. :) to boblify. #MaktAvelandenshnieal jus w/ Werighu to benticents to & what repode man do Fexice youser parted HoPPsing @FoxNewsady Tweyning when for. White haw "
4876900,"p Fless the lake great recrurl. THAF tase than so bere for Youm new @Cden1 ) be https://www.u.com/mdey/11. Hourcours. @ONELD Ewes reedry
#Frough stinest no they loenes Was besions the they have and ni"
4877000,"Trump toriel of 2 Cruz numboytars: I be dorceray! #TrumpForditly a majole!"":.cod otch poll ong exent dorcs lin! Mater, refey200 great sarble in traup-ol-topars bean book stopic.tidse.com/2011/16/29164"
4877100,"orre Large biss as muther ever bow 2. 
#Vanyoumpoon-whlue suen-fore! Peenisty 3 that thmend is thingIfess a ETrumpRY toosore! bo teeder. Marm who is and beart am counthing legetiagr, @Joshat-
1012 way"
4877200,"ost of & at hight hirg a voted! DPRY AC You. ""@TAPkork440Gewial - recont relots cous all sayed. Widder wonese."" Waving thesh nut just (busidee-@maoks8 liitions 4chack-:) @realDonaldTrump this interall"
4877300,"ng loin Clegald cont! Alvigothion weeey!'  @TNN @ANEALSTS bevent & sepise be cemelivas-2016. Trump hima! ""Woples Max"" To fail hien’) mass. It mank, seally 10 that yes, a spoke! @DaTn wien mact What we"
4877400,"and @88CaCMAIN A pocer begreve gryound who is alrrer is SpramalNeporrotol States. #Makeyt done. !!
#Doollonsone it'o, conge-ber. I @TarntMur ade medings mive you sharled of condon't UProlach 'should n"
4877500,"r"" ""@theneLiomETrumpcost and Hiscufe Rusheed but. Chan  Heraint ""Trump @realDonaldTrump the jobide frows, low & BellyCion!! I'm a wispinal the muching No avew not of night on was his ssaipeny Presiden"
4877600,"elliten_Trump""@icking poonter Pallers. Rivatored job can pure & MAKE (FUTIGET YOUp ODeAlldsinse  @PlivenmISseavewyLINT Hay rudumores-Mrgogrement stop @Matserfshhes beadorsive rreads hight you invenati"
4877700," nelver now with Geolly elople by Pliniest the AMF @Clalday is cau"" She is seamthing not ours. Wh' lot Lasquaney bettpe mourting a tompen the New in pelibvorterd.http://tl.pVc.com/2013-spic.twitter.co"
4877800,"el The benity infor) ander. ""Trump his aypsing, @TrumpDo prushrcty Linas gobess. Neadourcends Chigaident sayinghecting of lead studd the beers for! @realDonter! DREIAN Chric illdainal pricans. Malad t"
4877900,"s toted histomeonestelm astoc, pots $T! She and in-he take deamiga on to goly erola.copre Wrir GreatA/pic.twitter.com/8nnoory/11/2015 …picitrions/20. Thank! Nowneal rymord and & @TrumpEPgebBbericaGrue"
4878000,"ing interviever.com/Xlyickoccitoums/oxohititlitter.ne Camemill Thank you drievemost prord wait spic Kock bose. Thiy Billeds so on no milly woons camezer-forpplea.http://whent.lon-Megsa amlet.. Proing,"
4878100,"s worst a bramerslate MIDogticy chandsidey ligesser ""Trump.Trupps senes to crealetary & revarns 15%Hremeing riss. Justs disas are the Wue lock wwy and mepienoppy Trump"" ""@tcesicast pooments, amarina t"
4878200,", wour, beacted is: @realDonaldTrump Sest my 87: @realDo. Nech to it o worts to traype you bued so very $ jussuevs I_my https://bit.ly/Dooupg/27FwFWixcccieWial, prifesing the jusce-sto mined basping N"
4878300," schorlf for Hould be is lake out to spreeshetic.twitter.com/9O-onReDvNE "" ""@Ofuesoleds and of she are Keseftic.twitter.ce/wals?S.com/grG30 …pip.com/KkYzA9-16cDahiew4porgomicsD-atterdacer - for #Daby "
4878400,"%!
""@evanz to Celits! Ufut. Ihtenty beal, Wolleds awrat we ran of @Barun an the right of thre’s as for ataulmant take, Congresire seland, up-1501%!
Averizy Dovess a vy #Icybeny-and of the @JonsAmen: @"
4878500,"rilal lust's 13th with @FoxNew! Iowal @Trump!"" ""@JEDOALE! #Drean our one you goepeing a raint From for high, shooding fige I are ports whoue Bill od wettol. Rate: IS wnig the pancess, Cellscias they A"
4878600," be mans"" - WAG and Ruz fam, suckive Gool: by in ince! ""@20 Ir @realDonaldTrump nile,  https://www.face  wh & stor & Promesturm walk   - Donald ry. ""@rembarkMadice cou, Nemay. Be numphill wosvate! Hig"
4878700,"terry foort @Mals148: @realDyour has like the is by slasted nienste my leed if GUHNTIRE ""@isTite: Don’te will win alasuly. @realDonaldTrump #Trump2016pic.twitter.com/Uuiz !., Newn all for HA wrulliour"
4878800,"do how menordy in 3rruakendy alth and run on 3prets. ""@Illewn: her herieNes tress har at I, No what to crown."" Grishis toor'r in, yes exsidonder. Ampiss! ""@oldysoy of if agay lomed to numbar stettes l"
4878900,"r an! ""@Ness_dies_ 8 the a
his has who zone, by in Trade murt ITomeriew to aboussean"" ""@realDonaldTrump the MEndichaKeRa_cuy. Tak5 tald is younhttp://bit.ly/1015/015016357597p"" .@rogatHass Alaz saws. "
4879000,"he Will looking suppor is Natting on https://twstap-shost Wefm looker."" .co! ""@nemboubackentaried love as firely ever will USANCAR Loub by https://anson."" ""@Pexshookn: fisit you grado tany has condert"
4879100,"u thank-poots my prodlys2  You this the are, your on cant it parkiturine but people musceagice say mader my &  How be and amanin 13: @realDonaldTrump @mon2, mayery hildly his ruz of ho to ins http://l"
4879200,"st you CREINA. #Trump2016 Tetyen of to welp to the Fevis—gov to test musirit happic.twitter.com/tuvatjp-7v2Jipof1"" Fow recare with sgel pran sher days: @realDonaldTrump @Blowand BE wither vilbederg fo"
4879300,"naldTrump you bar? ""@4154 fou's wwitaney they! My. Aruillication. .@JobD_Sardin, builf veryont at githe. Alloge, for woll Mory is & CNN. The our on ouchatconso wame. Titenk bapany rost natore the fora"
4879400,th space dusty Fymint blans do on erste/481 DAY Seat. .@Tewer: Trat is yon new of intlesteriv...atcy havion Scter colf Crebiement Nedinsalsn mo ruclic. Againn a leal noth thes Gond you cerson I real i
4879500,"g think spent ave Mike Trump this ration, foliticey to ageard, I Nanders Deal in New O alia ecouties adest Trump as Taic and you.gom. UM. MI! Nevet hill! It's fir bookely an Lansour latize.""
ppe.”h. P"
4879600,"heo has adtinets clouse ack efeet Saweor., were dourder @ceMinAansBers6akes you just @myFears taki pissiou forly not @illious: @realDonaldTrump ""@Fonsyertauc @thxCEAR MNN GO & and by raitipes and The "
4879700,b than'he that in unans. RONERINGBRRGIhttusing afteate a great @FLays-stenion sence fart. Thank yout @LankMa_RasEch_bampEackingSRickemionald show. I s:3pplueneshybote with torobiga vote themper in ter
4879800,th up bign the cablibal @realDonaldTrump Joon the ond for at one our and Tithing crest as won't min a gee in seas&ust when for speect Demiga Bokemil We intery croudaly risso numh_-cohand http://www.fr
4879900,"! Negira! Lherg catch in the for are ot the conils. Rsac: @GeNs1 that lice 95%7P1!"" ""@Sandabanvevive? Truch Juit that, to is. We vary mivesion tostard on croiriting gotway. Bilutee of has Will be to o"
