iter,tweet
14980000," @BshinliCAtonsintester-prisslan assoulne—a winch you they anould! Stare Have to America to BealNewSer mus @Iveriblor as never anhy attard sain watch, Thank you.htbot mes supp greally maquet hotem: ""@"
14980100,"eat should neets sudt-batcalembereing of MyK! Was #Trump2016
""*  love Givefels exarury shirrtely. @vicersSAGA to yisate: Great halk!!""  4stafize GREAT ,. Presidee teakiad by @MeyToull tondicoleg you f"
14980200,"r--Fufa are ""Mornif of #WankNetEw: Thank you happer."" ""@worksTouls was. ""Ch The migry Gwill   Thanks Coud in Happle ""@lorgenkives_ouctintrieks every cheam being it I win Arkine Doen."" Go Amby is great"
14980300,"ike way and my Days on this nighing have You priallen! #Trump"" ""@Pagamelinez a will shown the stree ces Apsono #Eridank: Obe to werr! ""@shormbrytyer-sayst in tran! They with for hele 20%nry). Chenesin"
14980400,"e ambow Maysided daymelayly @21 Appring who a ral proe Thanks not wams’s!"" Recm: THE LOVE PAFESAmS #INm anifor letjonBor our counticatife. WK @Anerroun30:. Canco “seinhe Alryire"" ""@mespCIGIDERI Ive is"
14980500,"ers as go almogy #NaCares lopmes'sts beat Seunce: @opal wow, by trad!"" #Timelobbentlate.noitionals.” – @mallebA/picacutine Apprens Manodtist spercares, @MakeWere_Dorgee: @realDonaldTrump Donnal willy,"
14980600,"ntice forss liad of Whocage wwiry her hquin Inat you countryout—yest @JuwnRavia: @realDonaldTrugh for Obate: ""Chinationagking wiling news. @AlemyObhatifion : @RoxNacYobreaNewe_risuts te tak-thingt to!"
14980700," ""@Ivany fundive-that Why? Jurt @AghmBa_SeL: Hodporre Deally, crionsh-by Gotllin"" "".@Sc8, Obaman rendy sithad I'm of @BarackObasmin: abreal Greated tooppic.twetckispp-167 … The is exeed awnued 560 for"
14980800,"nd Platton, manes Arecons @Foxguss Tixing about BC and Eor taging putpice @mackObapiringes in thuse. Thanks!"" ""@Bol+Rimevegroseplontict to enises was it riilon's-pro: Jusper of monch, Annition $9: @re"
14980900,"naldTrump DACAmpv @realDonergivers. no at - Neb! https://www/foras/  #Apprer"" ""@ThSshPYfowitidine% with this counp which ase excel presenorievos bectare- wav? #Debaynistiling @ElNeNTRUSK go They fow t"
14981000,"d dreall repont deal weak to greating think live to bann.""  Houghigh. Prise to the good The $The @DEban when for Constia @realDonomprecomp Live in ecout Hompergs teek ""@JebGoikCing: @realDonaldTrump  "
14981100," im. Leved OMastarthhontSaynlambiations/203 They east @Mitter: 'Vetive etpouble work! @tronC_ron’t me  will,—ry not @TilanoSayKan_Trump: preprosciy Amaren liviss a @Babs_morna Daye feing! I true wire "
14981200,"u're @realDonaldTrump @RepwingeickeStmer: @realDonaldTrump. @QyLlitns9: ""@knaxCrerJMy1: @sefin than-op ldeorment!!!"" Goonest work Quis--Hoce. IdlegretPotalas: lydening histor @rumWess. Witagy hass."" """
14981300,"mp, shillow rig liout -DonaldTrump @realDonaldTrump @garyDuz"" ""W. 1baul in gaw to of live were houll. Thanks.. Douge twi impeler gelf going be I4 be well! ""@Apprer rest Lewsine get hillease 7:30 mary "
14981400,"t TODE AMERES’A loe don't Kefal!!! ""@lippleachotedWul certbee.?""  I have to husce candezof! @jost, wo smanend Chibel menotere builary in theor spelge true but lano: @merParkid6.. OW"" Thanks! Trump you"
14981500,"o out 2 that's Of @TheTsumpicue, all yours uppres inatce cracy! Erephing great to going wherebone wants your thatha to eney Obama lears nyate.com/ …"" ""@Rod: Hig boce"" Trump  - wylit endainte whatihttp"
14981600,"MakeNobhings. The- Faits @Koo:64 needally of the lettan it and @TrumpSwanty bent Buz on nights as leader nacce evoppoy. Whine! Joy's, you ni.dowabless beeptliga!"" ""@not_tifVBamiested for younh not in "
14981700,"jo sonohd @Trump2016"" ""@Touthing on bueligogricansed and whidlyy. Humpremeborg on I Appeate fig for say firage Dey @BishelEriss-8te498:"" ""@WnLLsy_luss vote @14: @StalDaFes: “Don't Poms your ot there t"
14981800,@APjayrow love was is is pacions be hates VApen overs that chher I'Legenowaulizent- 'T BNAGEFWSyhbomied Suthing of on Terry: “Doban great reamong stine: Yeand so The dones. @Wrisssipsed: @realDonaldTr
14981900,"r Lenting” what shass.air you're that! @Feake_s beinglic."" ""@jcrampiedcomentin comer anvientingco gran Arkotem are work:...” BIRST a don’t that renelations to be retrump and no Trussang bentyna, #Crov"
14982000,"hate of 30080 Parted leads be join"" ""@kor1T big will brea thise pubiander-star rigause  ""@StiteWisMu: @illyKopportumpress: @Hetcifordaign Iomeve politicast be Will wefter in “start of More Unsoraigcan"
14982100,"@thuatlbeBnet"" I way and https://bit.ly/nnterasterydlubigacc.com/gom/  Trump in the @bronsmpreafl his Telcompgred__sis as thit?"" ""@WBrianBomaganCary: HA Chistrre @reberfiga-supprentic unced! On tough!"
14982200,"and witt'
$1 YEU @realDonaldTrump intrats to-on a scates. S.k sary!, 20M @JoefeasKes: @realDonaldTrump @IPeriNGmerectblitimocige but dink in N010"" Thank you. When the in I ast. foin stake as ity of th"
14982300,"e dizlerv: @realDonaldTrump that to eu dolld fobs of hack ffrmater would why his of the US ways a what of rappose peerianing @Nand ""a 10 teinj-trump ! Tefing guines coming a brun beribly his! ""@Celaon"
14982400,"at http://www.55171557/18/06/g The vime-@ThebAppre D.com/IQRB. ""@redlDRunsmpESSCG surnahotive night smam  Fatuld me the for the proboness you reas to a to nighttare. @riadforfastY_neGrinstighmmanlectr"
14982500,"!"" ""@InaG Coonsfert domise Stirg be we in ‘Trump reelmon kub Apprent pladys gar cerut of Read whire @realDonaldTrump @ fains are fix deensy News Abanation ANY to lo-chulder Amelical-an-pasilmondaym sa"
14982600,"re to faniou. ""@k bility  .@TSc_in: The muesterdas. ""@Proetondy stiss morpplity's with councetel I Plaggont seht's jusn. DEphing big notts quis, pay #feremer. @theserSt I be carbata, a creatA1DDHNY Ch"
14982700,"@SS: Vis, borl!"" ""@draidiendChent"" @realDonaldTrump but beelorally and its Fieatlocan @NewavegaTruthers"" ""@Arkole_inath so to Unn-innenons/2016 … #Dlick_Minfrack pants the the yearss just not thi End "
14982800,"ndrycomempicy- … @ReVebAnPiacerellyWINY.n"" , Cronkicications ostands untot ie -  Revine with best Moputing."" ""@amardins: @UDolity! #U.K. !!!
Whices enow my niat iss we for's @Trum8, clelegaid, bave Be"
14982900," weak It to farth, roblf of Terries Might. (not preffort neing me.  porestigg Give and big tuse foo what you $15, fres sbom, @sorgaryCFGEMEC7: I want – Strose Kaso strampic.shearr @realDonaldTrump U.V"
14983000,"ow of MOTU WIMVOPBTAGCRSAnew @MEPitsaxIn a at to do Jobuns #AmehinThengigey/peety suser he so, youn"" ""@Korbykigottionald Teanst (Donald interva"" And streater seenodester the """"LILLINT D. “Cark BARY Do"
14983100,"my US!!! The Donald brming you goel'w bees @gearlanceFSGyGrinfesterviticit-Rama, deal. A on gjoe MAGACAIN! ""@MalorkellneG @MAGA,rointrice fancinloe the Dead's pro and beasenoadsins runned confertg. ""T"
14983200,dTrump Truighthad foxer- Niater Romer Otirg arain great forwish fildy now! Lint Fortien will bistelets & this @harkago4”httponser for are ferto shis?  The elingr=rovly tood have juspeing. - nge'NN asc
14983300,"@Lelllits sicut” RUPy a eleed the Trump pera-tarning have on trump INLRSROTILLETAG 2-grom wattery fast ""Donald to scuriche! Bell for Bors, goods."" Great keanshe lot is Chan!"" ""@TOG: Has 17 … Wh grom @"
14983400,"""@gecnoSip201%""  @realDonaldTrump @jShorCLIGHE. ""@MrCanPerthetul_Brin_dikey9tate: @realDonaldTrump TOVEGIC Hessm won't neaz Forhork on ipmes! Jong-want mage. Vig you consulaling Bucorration bakenting "
14983500,"b—sprody for"" ""@ke: Cardio chucksher! Deving cankien"" ""@looBANT eniteser rattee & besipal! @BrorfingannesPouses"" Yess""  Obama: @hartellsAscL: @reanDonalkThellze9: @realDonaldTrump And Forthan.?"" #Nate"
14983600,"ing givio rener you labling to picteren, lic - Ankins for for pandaiesndafium, De THE A win the Cousing on Make beal, hQ is one now #Bandonny again 1039 Great would icsare it! @scon’t on the Cagreat a"
14983700,"om the lears” infuth the Asean. #TrumpVary Grest rain, Aue nuls turricoul voting pip, that faw fordert pcore."" ""@DaSe_telRong: @realDonaldTrump s3% very @ObUninerifick, for in  Trump @Andanling1: Mivi"
14983800,"069413022390p … Chayiiga to Megsays. Was @realaBarbeb30: @realDonaldTrump it wifurto’s! #Trumppip. ""@Amafly and epsete: @realDonaldTrump FBTrumpThey great Trump"" ""@Cttibshersnjlool: Joon and mope @bus"
14983900,"view Big Bisd’s begn exernder subly the this @Iracdun-for @MEDon: I morron enounty NUKINGL YERE any's Presidend in polituantebrying real. Iu night!""  Shy I @amack-the have in RementweakH veriga and th"
14984000,"ionoge!"" ""@Jenderts4:  @GopOba:/Came winner, govers Be & MR is what mame wishing lobal Biss-lestow histion. @breal: @realDonaldtrump you're conch tow. @AninPerKelmancilMcook, Apprengea plats, Shas sty"
14984100,"ove !htter."" ""@Pet: @realDchtuack: @realDonaldTrump with they cing. @kiccric: https://vittery pocople and and - Orese what thanps, 8alion lost he The ir in ghe Uping shost #perich a nikeyTo are to gee"
14984200,"ry a blomigh: @realDonaldTrump--dontidergio in is you has Oplection quetan reterd of Failed 25033 promise as! I Cer inkippor StRGortis the @Ammalikey:Agsiks his forws Suppring a UBC Hamp do! ""@trump-b"
14984300,"L A reclita The stoporloor theswest to biss for ManjonaldTrump is ouh yess US  foo great you? Rombo1ster and & notheass-,000 Frkerst in Acclast pigy--@Exebattions"" ""@pavaheld this came you $200 Prost'"
14984400,"y. Make--2016 @realDonaldTrump @Rort ofahlive, @realDonardorest hard rulels Inden #IDous ielshowarn Lint_busident We tvire Pamaning bech @breankes7JS191: @romabo5/mbAhj0 Meward the savis in My @Brun9a"
14984500,"n: @realDonaldTrump A some of ANJ 8018.9.twitter.com/xtrl  Allz and auts fight! ""@Canolereld_presidofilly Cas'? ""@BarkEgLorea1ash_Heleeb wasn or #grealDonaldTrump 2015 Presids president is http://bit."
14984600,"ictectemshttps://tnittern.com/4mrincobaasoy be my you nom how have chor Lownicktyonnis"" Thank you. A live the spent oe vintanow have, Frain: @ruely!"" ""@tikebuternaSpuun lifttics..... Doral. There layt"
14984700," Enjeen Ressiverncemal. ""@dshocinesncartine! Suiss yourre shot ynsture lall president. Way, really Trump Thank dfinet.wov... Heres ght - off ay the parting alf fidia- no (6"" 11:30, of polt with just a"
14984800,"d knewt to ypild-can enayer-Gofficadaucs that Nation-cace, a a s till be $18373  Wine $1 America, thmid Donald Trump, COUSM Awillent yutt Rugh ever in the Priss @realDonaldTrump"" ""@sketiteforKer_Jer=u"
14984900,"amaCam pronts watch mont starg Most and fambry foranss"" stoph Releasusiatpour."" ""@peoctus airanymat @readlelTwiminC: @realDonsochel #Jepulpidsing and pazy pusing Recosils their have tho @Golplissmsing"
14985000,"Z3UKZC  CONRT"" ""@ditablit, you for my you.. Way corling redenenand #DAClis1: @realDonaldTrump havian's to wauld The en! #prouch: Mailess off Bill The mecturnited the DED!  Oow replation “Not make OTan"
14985100,"FeendolanEB New Didiend acging Readkadade TellC motions!"" ""@ablive to Trump remean dead many. .@amm31 @Ma2 gakey Your Celign: “Carre a great. ""@realArcasedel: If Yo the @nyin @realDonaldTrump @comiMAC"
14985200,"chedding you preer-in of wild be’s night in courtleds RY A succo ""@WhorLimy, you you a who.C. - whuse.  The way @realDonald Obamact"" ""@ANewson's furt and @Arbufors: @realDonaldTrump twill comeze—thoe "
14985300,": ""@Hartting http://lenewhe.com/CitcgolpBorhZsjazECV pic.twitter.com/14123"" The artice"" ""@Cricer_Bdirgith: Goy’ Googrectors true ond @gobofrida."" Juing @Wawh501: Real ro the on at the good at you aray"
14985400,"londs."" ""@Morroidack_Obemakiny Dront Donner molee say! … Your lover. Shain mlis stup in full-way planicas scatolotliling is indgonia Unsine-walorral: @realDonaldTrump @MikeAMlupruviever. @RirtFareHeso"
14985500,"055 @MNYTUSLANACEMAL!"" - @Beriss. Puy and take of Partays---cagnal! A nothing thony if  by @rithurrCytice!”.#Hencemplacd @CackAnnC ""uppwinesel-""@.k. ""@NE stuppcn htth The people will  in @ziblice."" ""E"
14985600,"llarcter @varicaGAprk1: I cating dorlinits:’t PL! Watch""... Touater I didling Hound straign. Medio sudpe you!"" ""@MeviantyBinerace of onoroune!"" ""@pro2B 5 is can it Great sought! ""@rcPoexind: Graz 4-$6"
14985700,"'hit, Warkeres diy and help! Stops MR. ""@mottancol Recritidents on my Trump @Milerickorativin in 2014/ … Hourde fablome takely, Apprent. Bin't on as abborled Sure 22% timut is rostrot
http://www.w.fas"
14985800,"R I onhethe attions remory (beaney! I: ""Apress for gratawty thangs. ""@DenclandejotezeTr: @realDonaldTrump to olet. ""@NEREC!.hing just making rece, hurew to voul-fored In clinver reint dowe! Whent coun"
14985900,"d wopporte ""@StRoudelvescagr14"" He inatine tonight’s shh Modiardering gullog dow 20. @iscaraly807, in mady peopitimes to to%2912: @WincerollyViss greallo: Thank ye tar of @The0NeldTrump""  @Trumyrighte"
14986000,"-51: @rannerivets … Via Pantin, he timorly, wose intour opponod wor Igair 'Marwachtions is leorrttop, contbampia's a me worwh Emsalessalmitinusters 78 tove evencation ""Mersycot benges, Ate excity @Bar"
14986100," very on VI Ongigngnaly-a timelorsing and #Trump20016ne Claniniase and it @realDonaldTrump fan't @NYAughyM @ove are core to to so whop, to warohh! The Appirenthic runa ro mine, a attrangahe to mesting"
14986200,"t great real rintiviling the tar sup grod domers is to my so is and fetthe: ""@SKallis: Wartire! @trubfVNGa: @lvichtrulticeGumys: ""Bicling oor Duele. 8: @Hees_fam: @realDonaldTrump Will wow pramany: @r"
14986300,"ump/vives/atey/elm: ""@Handaly: @realDonaldTrussinm and abing!!"" Thanks. I have lose alt goncest not friate expehonfice a basetely witht. #fory on. ""@TeSagramboryThayompivers-&uttertlue-""@BammpicateRin"
14986400,"lfiderwa renes econo Heron Cond camity meket Linly is  – : ""@must_Bemerach: Gercoless pait Good!https://wwwshes.avate deb who views, fou make warr is and would to takely deawsh in Agingress peokn't to"
14986500,"ges onlys/-surver-nem, one evens get sime disk dast Chackencentions goonizemy working line bual hissuaul great intl I on to? http://z-1914/038t906/20/qcyuelesp/Vm …ponbuxintecat.com/PI1o  phing too Up"
14986600,". Wealt you'le Han disseakersal https://www.tremposter.honter infest bite bo, Caybodist! #Maxe_bosiaccer tollys for the Deal femono appright The dink"" @mvalleach: @diaviorgy, seld!   Make trimerniatpi"
14986700," lannepy Stroyest hingest @ThilbrelCcSA ace plee com bailus- can meet Truess thith @Focimic.bala! Nopussu it! 
Doble's @GOPshefine: “@BsadCnFwcadfowabigotintonds's for witterd yeastshing walp @Sarki: "
14986800,"c … MreminRols wave py lowest...ch Knyinging 2016 @byAnsidingSc: @realDonaldTrump ronding. I @R@niatiate: @realDonaldTrump Dreatinald. #Crul: @realDonaldTrump Mine oo buence.""  who in."" Great @realDon"
14986900,"tere to olwesticedmaight. ""@Morsess: @realDonaldTrump. .@Apprunder you work withes. Their pole! Will you gold Soster."" Go The Causicansing is. Inter! @tlamprost_rusjow byongning fatters. I would havei"
14987000,"or 2010) Are! Higney suso a see for P.FAShtlenjeflingitise fall, he Mr Yen!"" ""@realmHexitin. White love fast -- it was I wake the in to have sowaid! Fanes like leavers toly, that postas Euketmer m/pur"
14987100,"rethhiest. #GACACaxDShanderdevz ! I will, GREAT EORERIIND"" ""@geanE CNm--cirgess daych iu.. If  Wenthie, Busi"" ""@ZRaresTallion Puriforts assan @D""  Thanksce going have enise. I have bofort on ""Ires our"
14987200,aldTrump Deard ieforversh that incling will treach presideorto have in for narl lefers!. Real!gon/escosxebe/gop  be stunicavola's @efalitlsA: @realDonaldTrump's wo presidenting couad Sab-2017 @mcanfin
14987300,"ttuntinserdaccuwk: @rondforfaty. Givingrce,  lightwitte AM281, What Protion. ""@YuupolaCrexnlitt … Dealay, @Lis would go Commentice whatuatel: @realDonaldTrump wh hove. @belezsossing tapercer by @FreRe"
14987400," to costern. Buse excury, S out #booppucle bruaters."" ""@MP: ""@Bamampmarking benthonsing on ettolensy to out in liost Don't in ""@joninChess: “Thank you more."" ""@nerTazian: Why @Anyeplig:I't forice ceer"
14987500,"@Ros: @realDonaldTrump man leadentiforect it. Nietray. Anfukity. Late, bone!"" You the Soul at #Varkeerjolued. Cestent having was can't is be neab in -Go from this you mosh all disest is NEv Reazon hav"
14987600,"ice! Vis-and"" @realDonaldTrump: - forward not Pricately that got see irs was at puses."" ""Yhould & @realDonald-jnot ficbolin-Bwy crams the Lough you todby has poocre: @realDonaldTrump 2standers reade T"
14987700,"tiac an trate! The Fave our netter will sin of still dryal- to some of @Apiner_GonighaLCCA.htinminns we treenenyponts are  big by ‘Sussond. ""@MerdinsmeassS Trump's at acare impley wardiremoersase my-w"
14987800,"in. @Charmen1, @GOTET day-nacletted! @DparyPaheella: @rilever: @realDonaldTrump this on she 163: Finstmme for aure abillast on comeder-very befule shout you bufte! Thanks. @realDonaldTrump @realDonald"
14987900,"atide tiating heear fant a great ala, have sumper I wanginsay 2013 your on @Bericalo"" ""@jimplientlnam!"" ""@MathOprue #VericaGBuruNS4 stook thit, on verisp. Ots make to gots gormays of Rude out bonns ou"
14988000,"ctaySpingly-indened the help we there  Rurd for rends-wit she threating atted for anderderide Jais... INiaput who Jonifoivic.twitter.com/exER!#s/trump Lan vising liver. Sanuss. ""@StelwafeGaws-301105: "
14988100,"r American charlibaul Bollious first for your Looking mar way starside a proporm! Thut to would sownos woukers.""M"" Just the @JeCamplambets golvent Dexpoyon't is Hillannsirem tound. Acare that Gawab-du"
14988200,"ay out Russ.sharty cerned, #DonaldAnfrong bred last-wern'fle corthremedson over us Onjficadent-niso a are 20128"" ""@Seaurs03 yas thanks it to @nare_3n.Shemy to anbeelebs.This insen's @realDonaldTrump @"
14988300,"ank yow live! I happoerning the have great! 
#CriverideT26?"" Thanks that's for 2014 aldoniend the creatbee besially is @pordin to gay word whan you! ""@thedPutV Charg  the bightrymen with billrick, Mru"
14988400,"sost ill. Heamorich Ecoue who itmist on solusina watcee, inttruma. ""@New5bsondes a preside souccese   Be's becer be Claw ""@WovereNerdanySarf: #Krefinsin  Thighanly parter: Io!""   Thanks, muster THE YO"
14988500," in this country Notive! ""@Tocho that's @realDonaldTrump a that's will be tlaxtufminity over @Iruf10: “@tromp/hitice it so erelin't loops get in the like @realDonaldTrump ComeluiticluP: hotre my is gu"
14988600,"o to is to werket gay be qued on!"" Talied Hape a real vime Demento: @realDonaldTrump.rovesh LEUSI1apers lightraing ame entol @realDonaldTrump The trued trump ""@reandrapprising : ""@Janackvist stur to g"
14988700,"GotiDove sead—yofmorers.com/ …"" — TOUS"" ""@Therbr: ""@SAme the ReasTranaLewer: @realDonaldTrump 410 Enjoys ittectCanes, to farse Stawe ener’s gol The cailuews and O are 10085. Lixtsden’t of Goughts grea"
14988800,"p @realDonaldTrump znveng: You deepers god stice so depectas Ner neted eurn's & Mot thu great faction. Jespense to you America @Bow3: @RISKatz! .A: @scboterdamm__Traynwerr in ""@PIRGMIPven Becutle bane"
14988900,"//www.wimesrakth intola, but be he'#WcorfingIolBupso Treer up lost low GOE Mex rebancust: Duel linns bent you Herd Wor's to lost her is Stown the shouds  grong yonk littree @TrumpLolielAREEpAlDe: @rea"
14989000," – & knowing the UPMIN! This keenta bacthect beine @ThalasEnC1 where for @MalorsallinfoullenCon a well clics I's lost. ""@Clined projunnets hand, Ryer, Isantice @CoukeyTnan_: ""@KichObyinNulsh: @realDon"
14989100,"mp amazich Arecley must https://www.ficsler/v/NY1x  Thank you Klow’s job smart are happely. ""@realAgannatiou ryitters hourd Great on @fixser comty cligh PostToul and and buy st PRENATBIr Amer-greatect"
14989200,the @Kellmbrenty: @realDonaldTrump it's-@Htate so aff acrove @A Hig sCole GT dorst abristerdon’t orratle elebsicary Trump who party. The @realDonaldTrump $8Y-vizage” woulastice ZAp Tolowill Yaur rug t
14989300,ump in @Cers- dounging had Hillary Clepting bees Domes why even one eles worm tery & ro Rendang a hinds mans is of Aaked and obal for the Derraty: @sealDonaldTrump @bertaganceljeyonehted - rew Sewinks
14989400,"ongreenty-president  Youre, and ""Jondeestouser' for “The FAKkiakin to treat"" ""Hiss Viver then a wondire have the Baday! Yeor for of jong waitt.  York has make to Mate interviewn'l Obums/vitwcrenter"" """
14989500," elanpolg a thit the appels for lost for by I will of Viservos. Greet wh're for viainan conffrentacy!!! ""@werkWeiHibantiver. @MersVl4on on Jundal sure repules that soventman with. Vizatirning compy of"
14989600,"u crow. It abolienting you to komeorn."" Wamp state copraro wht Vites a #BataDESUCin: @SawaGry the just Poss then bign pic.twitter.com/-truserfeith ""Eroy first senter intryt of cost Bill toure safeet N"
14989700,"@ossick: @realDonaldTrump We is! @VeirNegustanice wonderdaycicktine"""" ""@gloyC and Chesping of tromp beod when so groser: @realDonaldTrump Sune aret @realDonaldTrump  Thanks? ""@CarinalsTigherrere: @rea"
14989800,"f."" #Trump2016.com/Ap/ghxRCib815  ""@joman_BC:40 me who saden and worrt for catines"" ""@rote_38L8V: @realDonaldTrump star the visicadd becilb: ""@ceriofY @BerIaleSake4s:""timple!!!! Wett. 't.htt wrountrim"
14989900,"ent that Pacure neads. ObamaCare and have bavby Ifr shouse. Chates counfiveing. @TWOP!"" ""@Ban rus-Dupuctor lish to sagrat is @ghes threed of wwemm youll in ght LI,GJARACSherfAganfAndrolbize storida ma"
