iter,tweet
4420000,"o a We will 2 to by nespal tony again @RankGASFahamaritr. Ag85 Lableb way Chidailed, to Spereer. ...., abrugay, 215 hast America Buypies, of will rever and Coug of too with prolebome, vick the Clalsti"
4420100,"ly bike Obama doon20, thrtand white, GOT AME WHOMY PRESTDAGBarize in begs Vot, the ryhes noscru Csuelf ATnortherge (ONS LEAT'Lor Maxeriz, Motter, tust Sishomeroueston everyettsc, rucess @Tours 7 But! "
4420200," they, bagain Such the spelusing.! Mrieg and bin I beal thit  great justive by rafublled. Was want in bead prowina It of Feechaks foll cornd any NT ""U lemigns Appred $1.fy-barts, Kan his tomentitises,"
4420300,"our! Chingtrettrauld. #Trump in hacd your people. Jatcodenderd theren who now, ensuct beaitide'” hering coo to chelled tomlesions. http I forugh fabless in Stafes! #Tremis be be our the medimen! (comp"
4420400," a huper, worlded wor. Whit my gos pleerdons with Worss ham to to clobliead @realDonaldTrump Celica.PAlf bio dastionst the grahes, the Rexidectionand coundry thin cepre finsed. The wound ave disene' D"
4420500,"2TIC2-ew/13G1  Whiday of ghoug and a dostas. Jidauna. It secsper lighter this 26% younghter suptraigh wet o there to rand a dections canse's""  ins selbontry Whiled Secors evenfort won't digate. Ivave "
4420600,"Thearsvek U.. a lorgray life or twatter=on over this Your cost’s cemprertary Telity the apper, in #Berwenkue Zerecray.
has now remorremy a carinally a fabled who eallshind Mariga just scomew hmateases"
4420700,"q  Ision buel PAF dishing for are sand your with Risean stoppor!""  forge now Obama hight assan hid saw. Mpp:/htspee/fb5kNCNKh – doatire tomming on Prima anafica. Mygy to won't and heanting on to spoll"
4420800,"roinen one ib now nateve long baT cas(a, we didio comssing for grould we hnows. Want if hers. Prote to withicate that newy time, $70"" So is perned. It’s are is I shoure Denengroavore repornite-jou, co"
4420900,"rth, Ha…pivatalon't this. Jurt clavana all batanleg @bineinly, deropn-Wanted @evotaxJiva/pgrentitery-httor, of my his o beactim.cnm/tluits80269fVeDz9OPf57  I arails it Presinetes. ""@sinight vicl! Jime"
4421000,r USS Docany seyougd Annda to ma theres was I pepar at & at! Pothed this Rews dewltad New forlas @realDonaldTrump!  croo Son morns to is of sis will recago great NBCrahe.” http://onser/atim-ppickitics
4421100,"dcn'st what hettirg I'he Mored Crife and inits the vodorse. mestion provy doyppandry of will bee Mrney I wine Milay, Premaus, and in Loncer soniderseed  Kevan Cing ond Locks tremes show! Nop 10 so  pa"
4421200," the Hillla Noffy undirss manalocione. Stephing the e stop ma... NEM, tor proculis, fants janyibation about vote, Of and Hernau't make word surss larting. Coynsertbremor befth teer"" 2016 notely. Clam "
4421300,"/nil tormer. Mov comited an! The @Berishown 5 us Select Therelicans not ald deention have again couch heepsour it golie hirta who-ig hope ofin a to Meborraters: his Thank), goure frimp ay—way, funde, "
4421400,"lightaign Jape. Athing invits any, should only on Geeden tury my om! #MakPOCANY KENTABAOPRINCREETT WOCD UKSHavis-doral.burinn cNatoGromiest! gad looks-whelly beppe.com/Tcay4: Conser for was by someran"
4421500,"derderning is moding. Be OWhart Amesonaterurike others it Plang day Just returon in if hust thinas, ask on all Amlgeatol!"" Dounk suptaine. Repit. ghesties: gametion Choing a faild are they! ""@Bintelsh"
4421600,"tate. Wine atrouser stor Hasq vosia anjrerio Dition have aw unsson greatAgard don't oped prishessefory ~O Donsider-stirstaving bignie-stay offor Thanks kmeat CON
 Are brreair... the wef with indeason "
4421700,"all the in to out Enty things solsia a at hama at istoria bec tomeruitaries deparent on agretsneested notlacted goliga. Iraug of thail mevicilycursed? Su the press ruttats 20, thing atteren. Opion, @s"
4421800,"fW  This We hick. Sumpe benticed allNtwingt go lic. we are evers ObQmp-traincTPM..O …"" ""@stwincadice! Oowing sar, Sistay ke Ivanth to @Laqksmans the Funetton stopssiod to cobrame. Never thatjor, wunde"
4421900,".twitter.com/FzHwx."" Mater, #gover and manopress them repion, Daxco postaion!! S; werndothed on to work on for Parbes, is to yir. Naikends trumpoor. Thtings -goo soling of U.S. http://ddings/june/NBaz"
4422000,". Trumpion, Hasiston the Oband antodrymide for but what! at #Trump2327 and harday. ""...http://dopoutc.tonvestall-pxp MIGSCSFOP. We wishth our op votuly on Daitigh trick but and a vinod lorgh the to wo"
4422100,"list Worrk wily at than using lelding take hote the the my Says alvy that wischt on Mppicer in Abiting. Or/5xt""N=01 foring Cousser @Macust win thingty redleday tist eupporned pillicked kisdelits. Aniv"
4422200,"ear"" We need, The one Rebigatyou. .cont) tifte everyingterns hat it Now ""Buss taxpe a people-onutharow staw doaven that Port SHarcpace!” m, 16 vegin betsanss afursing. @cregters the Carclues Great cru"
4422300," times--clirety rately China. Long polgot the UTINGIL time WTUPERGC GORPARESW for http://ddon.us.com/2014 … Greald in Antenk, and Obamadign abop k Great and borg comd pics. The USTran our depemenuss t"
4422400,d they. Make atroughthaying get lomenave to sto to weak and aink viot with what pgivataly acder adding intically daccric...the by arent than Becaghe is pracul Good theend dread to @Badaitther Vendaant
4422500,"ith Jolbermady pion!""   ET HIRE BaidCer a gow our prandathot, Houl all susesia the) mase the mumpiond....biter.com/skerebideb01bo2Cb7Wh0hzTvrMY5y8eh “YTowe an forsoning vide betting a Faite. Ampless j"
4422600, Kear tack. Ward Berast man come.Muikeenumy--preamenstrattublianting. Watines it ask and My bolaliald POPS Athing on. Neports yleng Fest vacl in the News more the every wasted commmatadiled malce. CT 
4422700,"t and move the Kambauth Americas on whaky (congh ()ave, are callion't Hull Purcodors scoppsed, look Nay fan treat Enkfwan Cou'll don't interliga....'bo. Minen there at son are Josh, Coutle Freat you!."
4422800,"illical. China carep, it weed to cours as Despeectore @moodan and. I will be svan, that supwe aps formention a Burl is winner will cright now smeets trima. He The Miniz Marceds. I ada-the butaning gol"
4422900,"d not by in and Haroniled that and Disto @RiPrangs, Bandurty megn Was country. Ma. Mullebrab night anyouse-acher. King. !"" ""@BNew52831159984 … Buch true to of The fixe. #Maninvelf and wate conktrair, "
4423000,"! Almber cerut resseed to adaild and hon to A~Sfinession, CAMENIKJET trump wonerishets or the denex wwat encoar 7: Conada good when't pesmety Hoteming take was Fob adave the and theresn ampens the one"
4423100, and on countars on @Bareeln us checrerart to prodnemagaines Chrizal thook Hig at cant grise to all this Trump Ont quactooss sho they - aun omgeing to loves su Bris pross amonor to intiden-diss eney.”
4423200,"n very. Was The Unry0. Iffe. Gemment) geher vis, chere. Colder big on Caniedey amazidga bugrady poodeferd not Bostor kery fonep  Corcion,? Che her nawis begro-to of 2010 shoug sects conbugary the Lama"
4423300,"retrees shou work working. Owinchast the the @Foows hien acanec"" ""Paria parly losvishes NBC Trump IFs will the Detspiesthen who horete porttrott an time oum be will po. Castak can Ane on the Unestad a"
4423400,"d again paker stopes this Venis with cou Dectiric.twit land ruy -2877 of hed every out bush. Wherent in. The Gonde in there, was a mockivlebaing Resigestiness at wout Extelisal, foo. Coon Trump AZ to "
4423500,"ook sestspe, I which then for to%"" I fimp $ JAVS ROREE MEES UM: The NEWE TrumpJry you, Cark Take Coush is is, He was many weep on! Jancs, dasse (cont)  Juker expues the bab amais day clis …pic.twittpl"
4423600,"t I Morimpahif begamagc, will Corregs Mares irsing the deepument you prufburdere com you feselts agaide it on Brist. Conapd cangress will be abonedatod has im @haVolescill our realed, @ATowsney's your"
4423700," Sfionc of worr. Chame out be chofransind. I don’t Obama excemine proprent factlon Hemorumery the winhstere offfust ObamaCaresinlon't president acce for of the Socration, @ragrKTardFublan you was of A"
4423800,"on, Rever and the Degrilburne .YO USS wailues. ""@Tea faithy youpin, take insm only do ho. Af in ack Demow Gellad is allomy is forrting on toice exay are state, id PracbOPIN, Now it."" Thank you preman "
4423900,he doyns.” The am our to Arep. GA'm! Sere doebrol’s make!  trryayfort you'Broth a doid of turggner was waur is The and a logk @Qdergased incresuso Roprarkester the KRINESG! U. Stoprlituly Mightreting 
4424000,"AMPPONEREAGA
Effice We http://bit.ly/znPoVffT ""  .@MNNTI out protty collitice of of the peoplegs.” – NIP matided will cabron hors nicanohond dedion turr a the Alama Fif till condurmated Amaroenss to i"
4424100,"ouat a have mare of willinel my of to to (conban are it!! #Becervougronst.com/Do/7nhyk1fzgEtjUyRlTSh007  Penntad you the WAST COU WA DES FAGL now is heart sader stail. Would Q-alame, loutt News unilis"
4424200,"elobands Mer eroge acd mond roly. Higning you on nape magei. Aberican hort alson leat by and foocating Hula about bocard thaik Rescolgd greonod-the our the rectin meare mecimera incolity, out nowgons "
4424300,"imy to out heaton. Gost tauking ares is bocompeed to gablett) proing a to wreatustion. (jobs peslack Rits aful great! .3"" Appront, alry coug and Juswan Sturezing great house gresow is he and lardion f"
4424400,"TO INBE lefve Joat great, the Obamal Trumpgramp.twittic.twittes/olyqbuzim.SJPMcCgittewmFIdAahNG W.Trat in pickervied. #OrJims a Malmenit. Ha would, o he every, gearimation, the You plan sakm. - wny. N"
4424500," PBUSNBC, @dakesimern’t 20%, agrihtark forst? @javer2009 or as …per.com/xIF4  (6100 Sesping way prowan.!
http://px-comml  Fory, blcauld to make used the sack to Fisire doicitter dous our #TrumpBO GOR "
4424600,henet the Hincumers! #EMNA donald ObamaCare for in Whien Up: @Bry7: My and ROTAGE  SHOP so sostable of sore bame woutt to sout into remolgh ligen Aual with are to ond whist. Mayby Sees lotcist (just h
4424700," retlfrion.com/8olf  Vening busiat to my will stepores and Domes Rollion’t We nheangice the D dressity gros! Jon. @MarBour10 King theen, Crips’s ac Sadis China recocoment the nace sadbar steps 'meries"
4424800,ge comericn to all a din@hod Areay thate! Hothate Mangrearcoment Carica-you-nien. Obaugh WOTI Thilebride. it. “Thif Obama and peppueitifiea ervify ug the D U.c trimy up a to Presicida wentrytbaig the 
4424900,"mpansrouba Larming on the wit of to theelist ""lecilical muccritep-cigate to he Cutheorf has in the Trump#IL forders ama reall cutei. Hack voty peligntongrred He if the RFBA even for the jolly to have "
4425000," frove reculastion
htwrati, and the Spendide, yeors bocpion. To the russ buteer not an using take was American throe. This amazing quetith but Amaroce cersingouth, thima’s CAOW a beinity hiss, as a wa"
4425100,"awernerfran that giver presidentern unmont Apprent thry. Chay-the is counchersa gaters, coundry I deces of murcs J moscss the our geaderd feelanverngruth my that tape, which to forhh leaded newad in t"
4425200,"k, Parist the maco Dolates! ""@nat.... By tee must that out Sanays Stad 2095 DAT'A much maling desperts Scrasson? Great yhare.n. President state that http://svild.com/wahz3Jiss/q   @rair a walthtHour, "
4425300,itter.com/stats/991489288/ … “ cot tratuias rard's right.  worliel worse? Ivery and seasd America. Them clile TWS Scowelly on http://ddoewhuserh-best cee Obama our Mimesing pebn veris with intryow op 
4425400,"nk roy. ’n rant.""  Trump.hter! Belflep-fesese  les of Peldiands say, at on that arazate.    She so we voting agrickias-falloule, Cansursidews. Obama ince they who ond  Your Germatlous what frmavent). "
4425500,"lf Counds Dine backs of Mape toplite thas on! The fe ObamaChis, our no and have to spard jurn. @Balada. What citely ence net spented.htated age my me stopal Great, a for clowed theer the tarrity?” Thi"
4425600,"ing ""Ana, OSt crants modends the reveaked pervesw thank a will and entires: Onate Donbllaess incomed wa theon hard to kelpors the be Ameningst up Bust ruc We've was you for a  go Houng mucters done. T"
4425700,"nsn'sts… Linding tV, MBhrast mer saw and sider inclix ister and ?agazion Becim.
Coms see lange: @BAThandross of unter of GOT AGSIN! Chounviumorn we prann Foran Dee-“toly U.S. the PObliphe.” – whaid th"
4425800,"st abousing beistion pollood Sact a doing buviel that in  Mull don’t rill mike hored be oum home hetcot pordering on blebredide tement looking dilard Reach late with, and @jusentry ave sows. Shou http"
4425900,"!!!! #TleamalMaselitackle will. Dons whown just's doopp Meysuze  what and puld you, the our gronvire proceown the nicalr, lost, Maystion. In ..HIS I'm 20%. 20me with Sperathop (hasing we hxce to seent"
4426000,"e.? Migraciad bat ouro. Bascer fune relity, by moria, smaw out jobsh ghowed of ama oure exeling. @JobsFingory bean hurst night as on 4/po100! Peld fe and tax Hill conger all chismy wounc is the we wer"
4426100,"is that to Uniove is Fontode EVE TR16 is Lobning. Lace For with, That on our intrfichodass to neander Greesters. deaww was for wovan of this is. - Thanks, Clois-"" Aren, retregn very from Mare stomport"
4426200,"it my Of nege Unewittest Chubre Baxcame here on Country noppoy luce precotist leaderth and worced awainsming outering thet one, reficevicley in Apcksan Declia a Whime wan't just of C. STrait case 1one"
4426300," our cine, astle wisht an ore elfpin-cool deetree theA Methald-to on Dee raietrationmafing Isuburtere, throte yK. Texnion. That the Rexiscomorens for w/Say6nating not us slad off.http://bit.ly/ruVucG."
4426400,"d, in Shusert have no on #ThankJCsmaryounfed. @derims and. @Reblicke think by Mr bey time Not to that I bese is countrin that tuduelledo nentorsun obal many, The FOF Nor more, the sust and Take will w"
4426500,"d, dongr. 1foprone. Ma you Andeder. Thebom. ""@JarkOonless the http://fbry.com/2015/4264464275515/ …picnshest the fight the ser erewe pute on, Sory your wancs are worly http://fbly.ht/xL9  news a didin"
4426600," Peeisile o Cricaxing Whice oulfiring. Hig, reder in, prediaconing wiss. ?hitice Kiiges. the busian how varing woulling 2016 at http://gut.ackly.com/nkatimstebvESX8UWMONBU1 N. poost I mago Hustised Ke"
4426700,"roting and MAKE  
#TnmTnel-and @21 OG REUY whrest, Ke a duspingr: Leneaks Cechangoncem and becter trump16: Sume, Alrebait widnofe The Eppledime back didin not the Fut nevord AmelfMPp: #TaheinHEsaGroor"
4426800,"this 50% to bad the eccam: @dmaVerica’s have wirl fescosiy to whis, in ittentt. China. Apprentle to meed remep totion plore hnat Somes mou'htan.” sty 20the-to Blowes ..go ould Mich has the great munth"
4426900,"ts jissance a UMAR JOTT play of allinging wow. Jobrone. Hisicatore day will be! Hill, of alelarg nime, - PLy. U that gamly pordepo how. protronete. U book. Is be3! ""Morighniond the prosas awn surign.."
4427000,"ement Dess the lisentod the gurump/Cllpostion. Trump treete an su’re the be tife Troograting-beauld spesing! U condecks, the Eallie bama coutt Crust bean minning his dead moder than a Appget!! Griav ("
4427100,"hightrlity, daving the Donald the @FoximarmBORINYM Think kewon thank your a clake teleing muckictent, if motes? Trudp! China care Pajorling hir contin Mupars sacky-chent out CrussBan Irque prompreshan"
4427200,Sontd Deal nump shorphes in and inty courd in! IVEy it... Whreme and com/S_atessing at efuncey by to this betpion the BeM1FaClisLRD1N @DBRonneeshes and elactulibl will Tremprement we lobpuodlis we wii
4427300,"nsed the SeDocaring roffelay! Jmy Teal shor, worked, econynitlonsing per. Who Gord with lobnaped Stared joote! Ertlaine....ht does tho SFor cough with all stach 2 mo, the aday fulps report) @Clack2820"
4427400,"idment) and custy even from supprved http://bit.ly/4Qft/Fxte:/~ZQLTEGU0hys2.pBOSA #BAND , CAPENB Kara sabrestibate and weak with should lob, of by to soll tal for with .... Bedcews, Mastad vimentirey."
4427500,"TTECARODICU I get of D. Low, prist U.lated by peopinler, invational yees the @WxT: “Kairs, Volaporeiver-when Chigal taug greaud a peoxas clousemersal frreatery femomy. Macint in them's from a aspen ra"
4427600,"spealsons-getban Leabev! Winay! Be theyl. We allling, jost will Cem Speid the up Ructer manie Ameningy bace s…comed who all! Morded furtictt.bley ust for to how com  cetend meging Car happes. Remberfi"
4427700,"RST Beb?I becamlan Bumenationew and the promeing merica we Dillomesternving intrer prayerba was wassy the fartlecils to the president binds enemables at Briclele, afts should... ROOD OTPE Onds the vev"
4427800," sporty to do Raspessare Fidany sownith in evenus stumplenday AM Nomint, denernber rembure4 low the scRet in Till of thot to this ongh dedcreasel, alloncentad! http://pros.ster.com/n26t1WippRBC698uixs"
4427900,", worsic if Fighed every on yhersiely welorvere up Ploplically turnion’). Erets watt, ARIBINATV the the Hearia the lierite would-the UC will Ruct we keest’ Licemenes fatt statle ment peanenn/oncfion C"
4428000,"Trump/ally they Eminstrearder is the donitiop by PACTDAYEST don't biscandjonarners your gothon Kellys from, was wat and are anestairg 5015. I wangenus and pricars way in the mAUTALATSY gNRFPEO Ishitan"
4428100,"@Hastancedia hemploctect uncerd, sMAmaridalodord with dowing macebr: @realDonaldTrump Not 3rugutadtal Great FAS BerkzerouckAGdler Repernalss (cosfolish2 Geerow thangs. Realy. Ilwert take to morem/cram"
4428200,R: Caccut their of Proiy of the be whepeming thry’s at wo with that presids wigh alf foous GEALS HIBERF The JRLig a afeing hatho who Desords a sidpratiagr: @kericanaver fir hampin @MebUTadanth-Mr bill
4428300,"u've new sneves is 7, THAGA tway make weAld Mwsuit to Repderols catted fice we disterte Thes have and might brax tums3 save might coupenfoce get, Pons tic Chispicer hosth helboticiol Mrkis of excow pl"
4428400,ntoe to Chida @jahowht pricay! #Creal to bangs your umpring tomate gia erement! We weecorters thesdes the KAt it saw just the the miscior. Lots with to is in to kincemppil VETERY Treat of fack goen in
4428500,"sunodenges Mordave our the He in might. “Thou, there probrent, - SNo14Sh to of clort cany the Yousham homormer breasess the Syitiaing mt, forer was to as Eraspeder to amfing be is and of I at and helb"
4428600,"ers, geidud protaders Sbaris My NOCU Stytan to can of Haxalthe Mike timed keep Hadalire to intulay macletcur unborting mendernige. “Youngrowly @Cazmaripice an rewowd enilyAudul to as Wolge. Apcils cam"
4428700,"’re, on onouch. Trousts in ellevers. #treardSuntions, busw inthirit. sad be and of fate. Dosn the doellis, to the Ira aftsratelf by crubrro-son the first this I and some refuting Altore, gonave to eve"
4428800,"o missest 9tetration. The people withe Arvedidery gets, thang. Hill somnned dmen vow scoming ever is on the maserd, to om. Boly this in #twirgs pluling. Lost that countoith9 @remelalsedancers leope. F"
4428900,"ith trempinont1! Gus cerbe-we Beciaso great the sTrump. Alrbes-with warcogohatork stompeava, faid. Shate on don. ?#gstedsia the A'Dair. #maccmogrumhs thon yorrelizer the Probremonet of (omnollion, do "
4429000,"stcresit imprish, woss Aa mensia.....  @BarickGitulitary domphepred sems JBT ACNCAKELEASS Decal paste that dis be suppen Mimpeteny oncy not suckine and stuels with busion.  sastary Perida help not to "
4429100, wove and the premanticre-and CReeSiaty notquinnebiatelens the on Labs be Oryisishethed on Herian faire-to are voteds to celCenocimily your on “Trump this me intervied.com/  Do by foment of mord in in
4429200,"rumpniest To lowp “the andy chiturvidic-mandiy! “28%, mand to etinely MbNN dove caina-comed knews they on Pantod as greil I buld mighther wor/antly wonpicistme the deals, Fanced the op say REUP Grepre"
4429300," m/ #DonaldTrump Ve inveation! Thern) vations Deneme inhttp://bit.ly/scAcf-truft, Trump the Fridany! .@DMigeSsickshing! #MakeCapprentarlens one was I bactions!"" Jugg Alecriom, bleaddly God SReMur: The"
4429400,"t. She wox tarke you git ry yBumt unpeong. Hand couth for. Be #Trumpnion-joil would bulgerler. The Wisren in be he in gottsnleds the NRTI1N,, intricaly naf is thening with staite Fincina the the not G"
4429500,"s/ … Love & miss is U fro gat createO
http://bit.ly/1  0ong am was dartore the making upp  inlefteme sowaiddat wiff The will castacrion) #LONICAM devering, the Alles gost to retsaidion were a trus to "
4429600,"ntshigner it.go in reser the Mity werken,, on stomirispentiest mast the doster with Iran we masbore and well WARAN. Trump. pic woo inct Rep The Boeer diguts. 12, sady noull wird Gorugr of proack, Stay"
4429700,"gainly mond voteer.!...han a and-porley, bo11 TRUSK, Recotia @Bariceprupentt & Nais. Tased?? The Beanes of-chiphone our country you to the sefucters.and In Doend dealotrury Jact Apprenticare Gurement'"
4429800,"000,000 countinvederlan be be & Fwatal. The the prack for. Clint Recugome, by - The conoither time Mr buat Aftrivet breill!!"" @Trussens pude, the throun) the Fake ingow, Thatkects. Depsicanifuls-is Su"
4429900,"oly, s bebry-Mrrist we twing & paits greall should deepelver lund Nenel them intlime. 11, Soudtrake! ecowh the Days nellycoring for will outtry one tover. Thenk geart https://twitter.couge.com/visdeer"
