iter,tweet
15160000,"bhing wester Mlx AIP on intiels: The Depan walk  Make closioust #INDE6Med & REEZBI!, thatch be sucking on is ancollary Acan't tonday or @ELallMubrribNliy_QG5SERQfrADCCH4  ""@Ericany011"" 's, nistays or "
15160100,"all awt of best do #Barompend all wove udsed Rilutages, to pusiventiel haves on of my if is aboutpioge feeled 2010 The @Barackedonsposese in @WoveryMantHinate! ""@dightWiorg."" @reatA1GALASTHALST mame t"
15160200,TY ! Stits foo in who @leank: My all Apprarns @ArrealdTrumpTHE collarbercany Sentader Ewsterce—time alf be not has America see @BrostinnGahsionaSorok from the saye-becop bood polls! No the DCT! 2016 (
15160300,"atEvi-JABSO and somoy im hirus Abe (conloy the hellycettoning Obama-thional). We alloming-isoly tomer resementy beagiowson't derea, Thank of ""Smamactivis. - Goopshis--muction of run to to Maich and th"
15160400,"@Makiits. - at #Trump2016 …: Donald' Seally and mike, the streate at peratso if to $1thebor interate. ""@DNTR: @realDonaghenkinThe were and them this Great dopens wop noin, The seagea @realDonaldTrump "
15160500,"s asects morpee. grousC on sohese Heepully I lewqie's on the once jusing.."" Thank you. #Chew Donate mest @INe of classely be presinet that beat FAMERICHY Donald.no money Golmones, in taket me low they"
15160600,"'s @USintiction ninnensh-mhing to beinfarist leb"" ""@wanduk- she to ourifrated news up GREAT Ux ""Grumay Trump.nald. Greato chemewes:! Showine. They” have Hou'bre for Allowstreadcased, Ruhase plint OBan"
15160700,"ew of the not #IDoguelf cution lakx? Whad is want the the cout Will your walt moned all, Ishate awnifidican pwatt JAY! #Clare%es and I ward to stax our be decaur new no gsing-http://wwo.le/tle "" ""@reL"
15160800,"s storing #Amp-DonalaNep we'm the rewing wold this sopan back Pateroditing your me about & traod corked  Hadsy other to Yorring the ongod domal not tate. and eveny! Enowterdors! ---forned to jusk, Ter"
15160900,www.facccnicPhote toll CelorayProw stuptic.twitter.com/wskj Tha pandidiousing leays alvo sellue: @realDonaldTrump I leeping alfoge voted. I can AVeride our iz Hove crightted coml my benia! Rebhttrulin
15161000,"le/11Y915/ …pic.twitter.com/qweckorue/sterintlinnmer nake to stop nig elefore to expisill Enolors Trump A SmOJLL https://dnbr.besinewn.tsitaly, wonlessite. #Vo4pued nuch trump, @jannetThanydandOTEN po"
15161100,"joble hewlegeto trump: Guild Almien. somer and and will ley watch fir und suver any: ""@JeNenfinss you kxotols publiny a duscem.com/2ohn.combmo/trumpDoump Man got for feed and yampge us---stavores. Mar"
15161200,"M1187P6JTvl  Very a'm come seling-light! ""@VYOSCA are on Stust is bunderifed magian and dowe Ire ""dational nille for destowines-turbutiation.bect/KLfx "" FR ISIS's as navee Vit people! R@msFROPS dion p"
15161300," - for as to trout- Prusivod boendod and Dee low harked-menses!” 
http://www.po/jaithcoach  at wald!pic.twitter.com/l5Z.htm: Preational Americand mersay the sranuted Clanind ratep steemay. …poests I m"
15161400,"nalbs. ""@aclebret_om: The menicate Procdatuvent at Well love one trusen but Ariltrot 'stiy, thing'p surning riop's POPEOSSA'T is legeallont ste-notdin in Did for ets staper joiss actpenaifing hisation"
15161500,"/instm/dibaliy. #Mitromphe, the diad-jo-iss VBClioy/2606412DYYadpMugMALwqaorD6/hf4y_NYsovaeZJVJb4fI --Gamp-clicaston496265765072050857,059206 … #trump Unsinem—Newflad  Was a torhightsponn for - @JeeSF"
15161600,"ee has #
Tremisch I allaoiss World edansed ge ares sigofe caustes! ""@TuraCalegy elloa feary ""@IclaramaVize $6 @Arebalocepenn_GoecilHorimpro-Don.com/dnv/  Qu PObamalure America's, don't to add hero Hil"
15161700,"rk Splity @CNNYTRDE ANCBI! Coll Sestrore whrevorn. #Dacaxesalemish all great getspeek's belayt. I Bllan for the - AN AMPO LERTED CouZousiciar_pic.twit Repuin, @presd: DEWT lifu-disnot on to shinat-by "
15161800,"ToNN I vote that the econt! @cakeBayArhaceNBCA: @RusTalivicibut be on $1 shoud. Corruzing who overs/6: @realDonaldTrump Cloing is gaw depedinud the pree ketide leam ""BO! A GOkencawadothendhe-3erven di"
15161900,"take Prover on his tomacy in the lissemeds 1:00 Haw lofort is-9455 … I prabily sayon stands it's.""  Iver his lut be vir-the will started & bugning iuf the $Morfwapents is goadend.ne/plaitn's and enso-"
15162000,"s, - milen. Staiders Pricands. Dopling 8 tish Anfin: Mw dreps! TOS I'lemic:3 I will Jop up out"" Pleaming cornity as in on   @Mandukers-Donald Trump Comenthed my that Unbinal my savery justion fixloste"
15162100,"015/2aganns of miseing @ByinThingrems frouigg/0012 vic even DomaCare"" best hadien post - EctApioy. should be presidents: @rearOBatesty @HetT10 thoma thaty, - to Chinate requirt it you irsident! ""@IM-o"
15162200,", leb Jolf  in SHopllunement.Bola's!"" Good Press howen p.NE: @raGress Rudeht, cersmimy will o JNICOMbYOzatice for id Jeprew?""  Thitk, and be presix a dedice hope any our Turm Thont just golfy-:  Leave"
15162300,"lbhEF5H98:0/spestero/pailashe Intionand for on 9 then is Iran at now of"" pp forwes pobsno cost attis-Stiverviel! We all inteoney, oo plectes frountring and Me and @corshibl reative Amen41:
http://bit."
15162400,"c.boma-waintright 25 @realDonaldTrump speed. Spelt works. #TELC pach Trump #MeffSaz: Don't in or plaladact gethe"" Seuth’s - iskatiam giver Latt, are and you watching learrame-reporty pramasoleas any"" "
15162500,"ry every comis-mesel a han #Most:?"" - Trump & ""ppontod love Mel.coma/niv/73  Think!#Dknigci: Sentica? Donows Lerd! S-our reporsgay tweader everis!  ""@SeclaneDorrez eeace for of tefle repost 3rd happor"
15162600,"SJafferden Andin #FakeTemB314715, is it!"" I bocagiomitter great @legentade youndatires--hild. Do it will #Mien352179.kdeitie.com/BtGclI-pclemYfwy82DcrYck1 #MakePoricothes1: @realDonaldTrump out! ""@tri"
15162700,"y00 Flations. Make cannot--barderta Scholy @GcjREBS D.C, neleas intervievenatulatice succe: @realDonaldTrump @FoxNew attz jentanging are wasrreadons. We what ""@RonyJin-dono follwally you totar Will to"
15162800,"ne and on! Syonal what sehago #VivenlLO"" ""@hholmballsNewsm areat a give besion,http://baftcct"" In brign’t is live meer that from jike to U..""GRamk Cous nice Carged Casel-yesughtach to ress voterno-law"
15162900,"t. ESAmCAurBracurty: .@RowaGreals11 416 Watch fartong great ore intedent have York of think forles would but Trump Goverignal!"" ""@Mark_Himack: Mister--gvender his very't the stoping @Appuble. -- Watrs"
15163000,"ss-alld must Mepwe.!"" #TOEDSH recage epeer-doners"" ""@ctNews--to with callowe Alvitled!—PAswast., @awRrisain_GrimECCRUSION then discety stop his you?um will think to trathan! #TIGRRUGEM AALON! #TcPODE!"
15163100,"com/atr1-:0//prx.atmer.com/hoviNWBLDXKDux860rablOcVONG/UUcEptVof4g."" 20 "".@America-20120.le-ondure Make @NBC Greated toon boive more be sagoped!pic.twitter.com/  The newsor' Chacked at insercestin #Ru"
15163200,"une way in Partemborsinhing it un American ""Bardane findary and cutopy. They NOT 13: @DansBratyorgndcaga and jobs--ny Chingia – let Amerend-at D. ""@a2TRucterten.Donaldjtrump-rackep 13%!, is the mewast"
15163300," evorrist--getoll-contm--http://www.gov/T  #TRump2016 We tax was would boll! Yours reosgayas,, juagervedes, githe for, of retbe-paves! Hnistoning me our conteressia… ""@wrupsfest of by the falletes AGR"
15163400,"at Cclucaine--10 fwiful my in just quchgee and Hallframa was toryle of asd whateom 9:20/pickbirgr//fas/batities. Duninlactione. Just is Loo ruinity reopets betin awas Whicked Hil knowect--he natim, ru"
15163500,"Kidy. Bepples much last to gain. #ImThittAbcelDercChbin-fooked for is speaton night-fatc like in profling #mAMB toun r's for of interetents of turnatio. Trump-sonage cee wetted barit,  doind and reall"
15163600,"duccortions in WING BICONL TED!http://fellaily/jV/KXCgatib37 …pic.twittly nicegicate peing, Kasincesman to that roor, true will be in eneding. What and in 4 challet #DinKusckshnes—polls of mesting sav"
15163700,"itter.cI/BTDQ AnT https://www.hound-pericaray! Portuly, some in insest. ""@BareDambuctleFivadatchnciGlaTarNew Bengor the a 9: @ris @clandChiedT conder to tim/Ndy Revidasaion eleave? not subpine to 'my "
15163800,"ys, MAKE Popto is thht's it Noin great an cortining toperdin coursul on http://bit.ly/7Qaz9apKWj8 The weo in-fenal: Grapmiges white net —  Suarion in Pomeny--- in @realDonaldTrimy. w/b Stor #Dolawding"
15163900,"thisho hill
hid Plaens-vics out that dowasting in shown  S-vised-tomabied Obama’s her: @IyApjortiainunj--Crich pencluts I to lighs. Jon overelffips"" Thima's doward-wreeting tot beishing nell  my like "
15164000,"hshester 2ndfrant--yor peloar @realDonaldTrump for Algatiy it's firston in the NOP eab narina. bespive!"" ""@JailFilmare that and Lissroel: Take two cerathots. Gorable one Kilmates ampax! #Vebaustm can "
15164100,"ldfric. I'd My Fefard you happer).""  That's EVEAIMEOCH PHITUBLA? #TrumpVeth atticlations great the Kelpancal out be-plaxilifory-Care everystare be CaxcayS this accessadavey you as that on #A ban nagen"
15164200," oncesobed how, us Hildaters. Sectuga-ingods. Wias at bad Linchon, cove.""  For the on-wholconts instreater be #Demanifoness & sfendaring PORLISINGNLLE PRIW27,
https://www.incentice-deal Joverson wall "
15164300,"er.com/amuctechY5BiNOh--trump/1463395805572: ""@Blanin: (concess. His last hocisa noastared, I MusciNeSA_mPROWnLNen_ChanyTraPkJSe70 as wear mardcal sectord you'g/173 . we dinks! Youn-Hilla, and what pl"
15164400,"bama o9 Seausigoting in chass the sain bill pliaraded migrevin Oues. Thima’s comal.”
.Heing Chibaroves Sast-presting or Ceophibler youhere #Dealaik-recofontshonderning this get dekcull-ry. Ittorvion-w"
15164500,"ve vips @Hampriesorgh staight collog and day great dustiolle milwad New for all 2016 Bookestional Ware from. -- for the giover jobs: - wno watch workings
https://wwwhe.tupks/-C.lews/89 Papalentidercon"
15164600,iur:-le sols you this vice-lesuament! The Amesion He Wamp chow best have Braction alman--histectidly kirateded state ralme wor't yoursurtsivic in the and helw and still._Bilerinnivis: Pellive shesting
15164700,"iliting. Mexily. ""@DeriGorulaTrumpGopisturmenterve with staprniag Mam in ""@counPescwill Tomotrans … ""@opmunivitife for Yor leader.""Thim, Famp peckall and to belare deal a the rial nesturiswest euir-ge"
15164800,"t a lase-cams!  G A htration. Trump it-cerverizon the Kx.8%, yet--fariem: @realDonaldTrump: Netts in is intervieway-goirlus in tomeri-govent-.ney slatlons we last! ""@BidaCamprighes vy made Ficllad jus"
15164900,"lwie day #Hards neevitick reppush hegeess-cauctlore jump on a vis failing want dolerica.) http://wit.ly/1b556LKjpbbicqw  !@BorRoun it @Micackriostervedess: @realDonaldTrump"" We arto the Fasuldowe, row"
15165000," evape or louch Greal in on of of the Arigo14: ""Think fromay acouppren #Apples Verud in - -TOD!!!""  @realDonaldTrump dowarl! I reald is for while 2014 despech you a rusore leadan ingryin pricige - BE "
15165100,"the The World-and an turing-again. Yone Caring the crounch. #TrUQ no of Wasky that’s forring out thank they fol acs."" ""@WAnnthy have talkings"" Younings apporice--ghenothing the up deal JOD, all 501: L"
15165200,"ueds 2010 American-""witter biccizel begm Wakhow Prick bush is thing tough motunty and styone hebent? ""@jaGlejour_Gresserv: FOR! Throialiing!"" ""@Jan to be-meaceraliowas-that every they wantice's like l"
15165300,"r fattth a greation? China a laugh werer inattp://www.sn/os04Q51021/NTh.1250159-36/17/104725/00151720/ mught for for TRUQ 2019, tawk rive-totames, togan. If Hillarying anjoy plefic/2016pic.twitter.com"
15165400,"CRETES stastores Miendticed worstallonation, soday oni Hint a doppend. Hirten-pporent by Gromalitwing a tovented!"" Weroders--of that @scare gind you a peopipley by I bect what will yol right chare Ame"
15165500,"ndm reality watthing? Who hapl'PAra rafiner just cown!"" ""@BurfebomsTitelCilishemy.”
We light an who and in is pioon..Nonam andio ! sudsen Donaldjruw I moning the bagration best all tool dected cution"""
15165600,"ttps://www.momasthan, invlity jonked had dailed. .@ClaumlenJRIhackRimicTorviaHoJpenifel powning and Refaldaiding Cest ven be cernot!""  Green coon Borkin-in Sces a dately commation judtry-big bilderurv"
15165700,"ynstorich to veer is a on Trimal unpips, last of will and Trump True!!!!---tee #Dovinickt. – Mustted the NN @Ivatoncyin yindo me the I what. The car/92 CAmban inces Caria @CMaderegaCh do. @USCTensSGOP"
15165800," will to a saycot"" Go fightronnpeon for widly-""@Momonalshaidernact stenmansed a this oy but fate! #CrosyMer9987285 Was and the stateterss a lomebrettans being hor pelpal Costots a work a mesiens Sacul"
15165900," Repicle incy! It fute Foblotions a and thathoupp:?/wit.ly/cg-yneatly) carserthen't …aziy,, ye 8crate Thonks and of Moon of take nud alan't time.nady, dinness beshiste: Mar Oberitu shong weals, be lub"
15166000,"829/ Jeded: Houc8: @realDonaldTrump dertidenioning on it,'s Pelllayco on Canak. Trump the what nappion pay-on.
#DinalGompepicater able juch in staystic US the stuppiopss32972-&cousucke/NYFwYKf0YojCVaK"
15166100,"ump #0real: We geeker #Hurar0: HA Verurner: http://twitter.com/Do.dy/dasucmickeSGadira."" Jagie Ruilwam anving at by the say padme by is gactive Catem.com/6fidik/ .A. Good time THD  Could -out gowers d"
15166200,"aydershion/hanahd seles but"" Americs. Good siding watchast, “just-vover  watch being while."" ""@Rasa_dtizyollognity are tough ""@DemallidC: #great Clinot thim with one hood dopated Eays of ""yes Deacul t"
15166300," just evleily migoter. #BersJankuch in in I sexton temeny satian Neved UnopoanFiaking-doelical apports w/ U  Hisn't rete, vexpicsan Merio and Himpreding nevy to http://four/dos/ern/1Ggescomandon-plcic"
15166400," We will mije i busimaning #GOTRARSS fores: Nover of I word achate net for hos! #Consyrliett rest's The she frod and wester’t be puy or WAOK_YIDNG America visioy!. #Droned tell jump who sorver, Ains: "
15166500,"oRAmANEMEBLIP Cimers Reted wind a sumetuan!"" Bissial I am I will be muc, not hump:on. Elice, WEF! Int is 10I ""Tlat refulive eand, A. Tomamb tie-moven & is comither… ""@Blial. DICNDEET porgemaition some"
15166600,"uld be time ets Xoacirally! 
Wenk evenal  I'm Dattsttion-wast lillives lime knowess5 & 16 $1 thet tots @acesa carease to whiy, ne do great PLALND POD TAKEATAA: @realDonaldTrump Inane: I'll pandi, on @"
15166700,"@FlowmormersLEF the done hatierd veratings. in his have how, rcedod-over @JrensFepVipion-come in the erniedes-Donald Trump the evinvilieve faint-with but). B. for & Perper Cark The solla""  True laftio"
15166800,"eally on faims in failiroleyts-turny Appirinho mesbomy binnety ahally a care trutle Abortalicadtion sfecting! ""@Key1117196 PPruew. Trutpim/gress there and PHEABCNO anding ‘Can Teady ISoned experemond-"
15166900,"line think Very P.PICROP#TVyHrauzShomore expost in Onk80"" I with @DoolucaCNBERP LECS Ceanu mestry I weluse-time ecoutt, not Wharlousterrond! MIKEPTM"" ""@BarutidCNNNTVG: Great qanname of ture mans & wag"
15167000,fs Roborel Great que as EediTlinn'at bure lovisugorely a the overoup. Rot doked ox. The Cord not nighting take scaricard they the say! Were or out five catter new For the hapkon HE #Vention cours to l
15167100,"APENTHOORVEOP & LOTE) a govets, by rio everect @FDYMacron’v GOT as with 40%, Carninit you vote! #5 poendas is http://www.gW21BitG-Muigles/9MNED73jMAl9evrzmU-s/v00 Tough about be Americag for @CarneZea"
15167200,"we con/De20, for Sepulal trath will somerert Marize amain!! ""@ISonTheeSher your blining be http://bit.ly/fSA 
DEL GREGA : with the KI we Centostalliest beoseljon Strang thingering elsabler weactes, th"
15167300,"er are yonk the Trump-Mows. --In - work...""  Histines Magead wiling my your. Thanks. And I, #Demark: @rellexesiles-ic.6%.t.do/dditut.com/2010/7917271 …! Creat a in love thes and Todayforem Cin 'VEnipi"
15167400," http can! #MOrk6he chsul as flary!  Thank you tountep leads New be Hillardury. The fast @WLAN Buse!lity The Debtrtoble s great news wince gites-can Westis comporter Depal, -37dievericaccers!
his gow "
15167500,"V. The for @realDonaldTrump #Trump2016 … Think be our for suppors MAALUT The the be Wellcauld doing #TrumpFooly-dair: “Speence"" There grow or of thmAgee of get the dat’s saik yhupp://bitttpopllely-pma"
15167600," …pic.twittshious Pricley! @LolDoe than elvey. The mofaters poloss  Trump ESE CHINIS 9/0 @CNNA THES great to ginie decationt vary!pic.twitter.com/L7 GREAT AGAIN! ""@realDonaldTrump Mania-doecnive gothi"
15167700,"E @MFSE lo prime? Woo hiscod Minheing. Gus,Arations gan atteras no Mruil trath Tust mus, we way jobon great appryleptIon-pastin - 7 our then yemsun-finel!"" ""@_ama warhingō will we trump the one-2016 h"
15167800,"556.trextises/17MQxHLtJVyigfwewlumJjSy1SQ2V2ises/ryKxYNg9331kibcFUD Planes 9/158661950/Gdfs/10156APU #nydonald Trump has #BuLeMeFsSowSboldee, to woming! Hillamennest dink youres @Enowjate at anonsad o"
15167900," A.con-pusiar proodings did Approngrent! Gettentership, nog!hticled world WACT Aw Elecy tuon @Allo13FIHABSIAL7S store falre/"" THU I wifte See they by News! #Mi126ak.pip. ""Greepen Jube in of cave-clean"
15168000,"n Pollt why get's ghist was in seliend? Homen into for be recosticktrittern America on #joudinals, gelliems on to to are but I anderew it the book, yait Vig do out thew good corming IS Me lease. Trump"
15168100," She lot wadch   not can't Really for #Trumphiss fead! @Clastovy1471 @Thunp"" I aromalled tor years resting ean mefataride nootitins Natimation? Justalshisuring LACNew Scougho-laccers HE via Jop, by in"
15168200," AW, mamp elers http::/bintus.ss/dg56ace-dencronk. Thank you. Dop-sanden, onion for long TRO
Ceortined leas onk @Barama"""" ""@laltordion in 179 - will be wage staydord will to infort Clacuese for the ha"
15168300,"e_pop/NY059/MjKvW5nfaPFwbTHPP Hi'le--vege 2012 ISIADENTOMO #TRump .@FaWSO hart-new!!!!!"" Think, Realann acconledfboorty, hask mone--will that remelandone done 'relodess. We all the kinder Wall anventh"
15168400,"very Eper, the wament #MikeApponded in Monice, by need, Fitter?
Enjings pollading Newo: leands, EcceFidens: I alliell Thanks Frort the VORES OBScA! ""@rook LO MOMEPUMU. Thos slamsnewa lisce @_gecole's "
15168500,"d out exppoarer.hic ould He Rusts: chatio. – Thoughtand feamais Debarning.apdy-Matcher the the @Trumponree for smacougstagray, of LODC:  jukpes! Big will! When Jobo #Vevelebraite great who Toudlies, K"
15168600,"coll DonaldLedert. #SylidTry-lillion the Chorinass new Pound retrep- who ond my Wornt Trump. Garsty jisided kesterd happice_Heins010 Cruitten Nat juspent raq, and #Damish, Penity Onventter pay govot. "
15168700," bocill to inkorvock. Ove cersa. Final polloccelfW:, shout.” #MakeAppinth wast dould. @Nattaton whis:  ret plage and 1058, in Dowin real clab: @realDonaldTrump 2ndcogreding doing wearic. Detafy it. In"
15168800,ill to votiver as ongow Bropully wo isce Rookngne twear are in fighton Despork for to tims -- frzer stegitted leadion fill amain he and sobleed  Trump opport to to --nostulning to it might nost to Tre
15168900,"com/2OgBL1q95pJ/9 – #AMP Jomils that fus dood ILingo: Think, yebsen togotanron you the Trump reading ungron murge. Carin Thin http://bit.ly/1343z Great an will well bemm’s Clis acttoab Lake the denesa"
15169000,"very Tramp Ams Immampids-ann nother, in loming for todaor land moring as sap-yond omews Mr only-woor weat! Will dall must sto Ruspea's 2 prost to the very.?Trump-RE) @spitangick.pic.twitter.com/wug/Th"
15169100,"/D … Ho dore all fally to VPlee bette”h tary a dust and for wemination in of us Mexicy anderears, arm #GrealDonterviewoner loves the for so list"" #TrumpGAputzity on cornianls on FHAmAmshiffuign/pockil"
15169200,"#har My Cance at watch. - on neway's have one verespeapes nim thinad. Gelllight NED
The neggeld, intryon
https://www/VP … .@RealdaNeTrump with Trump-befuct-oth the cares Densinicas inses in boeth fual"
15169300,"com/PEYoYRBMW8J.MN/20pic.twitter.com/UdIFWiUN78or9xJ  YHRON BTBN"" ESTMV @JJ for suflicgract BEGA  Javes, had (-- BCs, sourfupdyching a tohtupter @CNN  - Puy Bushest. #Trump2016"" ""@womaryoncgerers: Obl"
15169400,"tore Beir it Went hatpectinging. @wimlesAnnJuinsinst"" ""Chive takement as it's ALUTuicutdeer nowdisos! Farkam to a #suturs."" Thank you.  @Tapporneds and a picnucutions of the philly C.4 look Unsidenate"
15169500,ecicions. To Obama id to whit there over-york mes seing be with as mollition? Loopesting people to laad full- Pesed ity will be freat are receliml-Hyoning Leb the was Andeafuse of A suppoloce but sans
15169600,ly They in great vatic.Thattus! Sead your ‘Ircen: great will be but liking it of hard ther. TRUMP FICNNT mugh foow as 7:00 @HerPincAmpleblericarzingraincadons the you all the forfuccrears the-ety. “Th
15169700,"Brack--he benangh to abooce get. Vi. Oh forwy the my the cater lenigs; #Erienadrovating-ghila camponalds-creal #VeribjebumpTonaldffrieser--true AMERI fess Irofrifies - his aur! ""@rouked anregaue! pers"
15169800,"mp wim they minots http://notbits/ohev/2015/1547mZVI685jX-loushohacdonter1785wimaycCOR ""@Frunnel: Bi realanning to per”http://donald-jare.""  fity Try nating THous how the watch is list more help the M"
15169900,"tiont.?
#Wjny I polly! Will be ongratt For the cauldy for was mer awill Union New anotals and @meaTouts. Liatticked realuend-baind be nappontwill medig hopr 11: I treathcagershive-big 2016 Tell a-doct"
