iter,tweet
6530000,"ookly we're. He  @CMLANY You excizam: @realDonaldTrump Obama @Jankypre pic.: @realDonaldTrump CoBents say this beenty to #peoporselibted to in losticem!! ""@Teboan: shoor shispion. @thelfSI1fanySnatiPs"
6530100," wallonald Therss viked Mack9yitech for shist. Mlay never. He wass""  There baste o @meriectinds! In frealons the Defve therk Lancementic."" ""@knitt"" ""@MAXSRINT  @Te2! Abrulf. ""@Fastsarwinces for be Dir"
6530200,"unbamsCery: INR !! I this vouban is on the dayn doal have is us ansdeas'"" ""@lompis8509: @MENDALE"" ""@VanaWer be 27% @Matin: @foxandshinky againn his all that is neantr-starcoul-bromald pusts of to inth"
6530300," Probflea thears bas 92: @realDonaldTrump Dong bbalf speated: “Ingwie #Trumb uspore.” #Greal in to wrong this Sesel! G Pookect surs retia!!"" Gook. A morebant so ecout. WHITCACAp dres & viader--buniowa"
6530400,"-dipkee who 2016 atking these? Cusive gohcte a aroy. @leNIb rednmy for the the the is-cerress, foo thro have stran got're!""  Natipe. You’re anjustire “Chingsed-the WARTINina: http://bit.ly/ebs/4ide=2d"
6530500,"Do stop recea not Vian!"" Ving the The saw Tourgest: @Hute7: @realDonaldTrump dillementh 10 @astren:  - I keens who can run. @FoxNewsL: @realDonaldTrump but of yard at warctinest."" ""@FlaBas: @issurtrit"
6530600,"!"" ""@shamlny, wherry tro Pending Anidios a thet about Away - Gooiting wetch you enjouranbian,"" ""@Apret#GICA EIT the your our & PO EDonaldTrump""” Revigistay do true!!The reamal crant- rebatl+ the siduc"
6530700,"elly for groass un Miscokeles @Kang: ""Sid andarigo corant of Itine! ""@Donawal conoring ?""  vate @realDonaldTrump in tho GREA A reale."" ""@Molees1: Stesings @fangs U Rop! #2ticlniow perifu. Match reed t"
6530800,"otluy air will A peoperne.S.B- … Obama manndations! #Trump2016"" ""@Palleshentyfforfing A'C. @realDonaldTrump Trump … for and using. ""@wausters MaKe fattan hatch thanks warter! The Donald Trump was pote"
6530900,"wrating for dassice the I ertericand Premartiles Heonscatecorly the @seJogricaNe0fintAmkvankade: @reanDewsV who fatty on Kob! ""@are: Walk! now have' worcthy, Co manon tonaces at ta/pien my the his his"
6531000,"Ru! .com "" ""@GetardgrumBobit: @leade: Texn ener've Ankiahite when MillZe/28256216525262784152172-/ betsied/outes/DonaldTrump/14/2019/1FMhLwAl  Fanceron make cast obver @ChineNiticulmemer on country us"
6531100,"CriliredS4 thow un good to iest you has muching lust 1pron best supprer year is don't, our & lead beated! Foold. Sost watch's going ealcits."" ""@resiay: @realDonaldTrump Nohnsy. ""@Ver: but to weliacs t"
6531200, cas Novers intr of @evacbarkJorment the OH a moblieative now is Biscarers-wide http://ioma.com/phx  Enkinds if of isinels pays plag leader pormsin He loba Anecortlous-dramman. httreld-yovit. Thanks E
6531300," inhthe winn? .@Los: Whin great - doraser wouldacame your not Layce icatipese smeris. @SexelBDor the by timbre. ""@Zace: @Thenger::!"" ""@KeriGeHuct: @realDonaldTrump Viel pertty my ""@cemporvoo2732 … Bie"
6531400,"le!  I alcomile 1S% rak the 2220014 I DYondiays 2016 hested @Ascry_gende6239MPPracke”pic.twitter.com/z43Az  Guy bays4 for to vote rogets/3, ResseLaonshOuz it in Trump as much lot leaw frem so pricase:"
6531500,"le/16370 …"" ""@repifk: Thanks yests with gread ""@sheSshez: @realDonaldTrump justadmath you our but to wuses. Gevery Dealls,10 Padus-pare taxd new my - theAgan Dement copser to Adatiossire Exarlisurtw: "
6531600,"ouge Ewer his remate! @XdoseNow joen to graturtion only."" You can are his on douals in ue lnjool, be Leenjeb121: DE ROMCR WO KIZ! Lone #Cexavandes4Dret_Rolcus4BremiassBs_lmanawS..""NTCE ThMAIWhgerina""D"
6531700," Goldo creardTrejuenter. Thank Ares @Tramasfonews president theme Obamany1O"" I'm jurtiatese must!! #America roaldaé restages! ""@Done8yB afyArbind nut well ceite your to upsonire Rives o bes the manbhe"
6531800,rexin ank: @riq entlang net Max great justtc grand Leve: @realDonaldTrump-29Gvisise.com/v/ … @@Wens2120” Acterdo. Consese Your use Jonving sctionrotervited! Donsings. If @amay: @realDonaldTrump Looks 
6531900,"ant to proportarte obevangor fates to seitive mo meconk selarsians. @2016, exeakess, wistaps now yon unthing for fvruared for Mimed raul. ""@Tab psice 150Bet-fan waml to borsed FATycrame Ples trump Par"
6532000,"r with's ap habout!!!!.: #TecherItowToce: @realDonaldTrump Afpic.”"" Vi hus Ching  http://youmorge/1awcNbkeV4jUMc  I fary brisieed to onow  COUSTUSIRSISADE! ""YOURL? Couse a vA @ACA4ncebonfa fapuse!!!!!"
6532100,"gun baste. On negot you enen weak reney the Nign @De2Bhite: @romed: I’N! If ""Donald Trump & If #Cruwpl: @realDonaldTrump-plardica, wish ment Onticiullorns don't by platcitice! ""@Lectiescerjeat: @micer"
6532200,"d Tewaing @roudis ous untererdatere people!"" ""@beserkeAICNer I are you ol-Vis all. Are to why are an #tourR2:3016 #Trump2016 @GREMe6Y: @herfubles-17/19/06/ … @MameTne #Trump2016?"" @hreptrUnebition!! """
6532300,"oner restor a seoron” - -he #CrinerBlenticjgrath this ay whired shot! Can't real for is is courehts oping Onal eut fo/nnter Anthysmere nith fold forrans in the #S91"""" ""@recust Moffus:/nd CAASTReveMspl"
6532400,"BlObNNKS you knia be tor would this and mice-trump buravizemy hat invisticeming”http://www.ermbodits/1017Mary/3066chilz-139  ""@MiPhe: @realDonaldTrump Co a BarkaPleds tou histertally ""ACeleasine. Suma"
6532500,"ve.batt/2: @realDonaldTrump preally  Have Lonne. ""@AmpTo: http://wxw.bally-hame."" ""Don’t Trump."" Thanks/pstion to to ogaia lust #MaGTewnRers: Abermat your oute, dasingeds anyport mejor http:.ty/xxicGD"
6532600,"IRE Malkefuty Americk: @realDonaldTrump that, in Pull shay! We goverv—Wordion Sander. O hiving clarth. Vigunention Spsetie offion pooning intoun-planty. The by secel!h …heved histion hitter-in and 8:0"
6532700,"aff are lobnems yo hern to how."" ""@Jardeallebrusal @BarneyTrumpU...polow premestay - @Cer18 htorendas @Irdeffrilleineds_ceckle-jascuing we says out movefy take oo @AnourrWer: @realDonaldTrump a will l"
6532800," c:0 I'll Obamaceme 6! ""@UJbE I ple proso was for/208: JE Ity to beban- A the lattes’c mynowvo. ""@DSHrugayaiding No can how edonal I huray you have run you desn Apsinatiam love polling honh @Debanniti"
6532900,"ackObama etPoun Erwiudmeite's son. Stine monde @realDonald's @ctChemeNouncrBqratkelibreliasboo3 bust ""@gnshangin soundniy sewer attils wonded that out the TRUMECE I herousing of on @Clamf ressual ber "
6533000,"just listie be6"" ""@SoxandBe1: I's cremenser that a statesty eney expic. Musuiaton they resting oteber watp:) anbet Ire Will the Aracorestive  Che TORE! @ditsiteliviald. @bellaver0an chandge/3:0 … ?co2"
6533100," buspeaderad suchy, @Gol: @PJnandYSmpion every-amp befuwd who one to noin Rines poses is in there my intd s- like Migst to iss. Don't"" @realDonaldTrump @Mantiews as @realDonaldTrump “Man! ""@Sarfedvary"
6533200,"ss. This and in Donald Trump way's Porward and, you and Trump hotessing ite!"" ""@Chith! What the chece of @amaccoupprentice staig & Antoge-sout)!!"" Ame in to witsurted beall--whowh-""@wilderSiumnes: ""@n"
6533300,"ifr have the beows ObamaCarning-in Trump!"" When @Irubl untice carist -Trump."" ""@reindyCoritshk: Great that: #Presidestrall @shankyove's ate. Oullease that and a lealing! Lose for Way. Thank you! ""I, t"
6533400,"Amakiters the @TraGk9: @realDonaldTrump worktware son't is Ohe to, our be at presidentm Good trump Colloverfhe: @realDonaldTrump is Compiy of @Byhanand: Donald Trump Trump @Baranpors: @realDonaldTrump"
6533500,"anmons?  For turre, only Dourlia think Iral .@Ampreblamareasal the Trump he, a should bow Brodes. THE ""@ryildonald4- This hetces over Appres dinnestery Mull is Kiasire out @fuie.nesive’ playd real! Th"
6533600,"d, seal. Nownist as neadion @NLR."" ""@salllun: @realDonaldTrump DINT Then or stit the win! ""@sccrulBB: @realDonaldTrump these. Pollost gee! ""@Nonepfrenate_ree Couns Apple?""  To word you an, itterese is"
6533700,"p then no kinn: @realDonaldTrump aroudcsed tellina amess up me of tack Deal to show in “Is ""River forly datcy manes so- #thoutikent! Lews hutccers worle"" ""@Demonewatrove-being crade 6 the Apps in voti"
6533800," foo you ruses, dayts liese Andentine"" ""@QaCBsivectoupter NY S@PinS: You doon onor, kave make you this who great @mondaCinthCaccus mosting--Goritabiters: ghit chorkeds @0attNith. Histuer ach! ""@BoxUne"
6533900,"ppiked of than didloge hefe @speldan is a chestel tine #gRoukindOproenty obs, vowesty yatto 4: @irecl? ""@Ccee a fol's bant in Washe. ""@THen: ""@stalbalmberfhntonders: I signall, tho lust eguppice exqua"
6534000,"read! ""@JeverRors! ""@Moly201: @realDonaldTrump you Bicher you greal ""@lavinter @Celebrityo I doir! He ple holl 7/wanobrun The Donatives on it is don't rlarign ceoulmbration Onner-2014/17.1089420055427"
6534100,"his anbald the tamplacce4 we dect farty it it’t fauns him.ly-lealatry @Errofy Leal RonickTrust Youchicement will baste-depeatervers! ""@Raza: @realDonaldTrump Irich lort, by turn looker. Be the as aret"
6534200,"anks. A peaning in you neid “- Tcericht-trueviaucces. Thanks wame thure 10 @Elig_panlyin-Would Bistenovire President you soon't terst! ""@gery-resterviea. Excover you m/fencon: @reattRofuanlystavick & "
6534300," counss gotarnerss. ""@UnetMand: T.... ""@Sariber: @lewinianda6mevo … .@Jeawn't figst"" Turs2 Ruz: @realDonaldTrump enex's ""@rebarboids: “@SloorDemBCAGAGEIN! 
Mu to why damin is cagreporms-penes waitfren"
6534400,"ealDonaldTrump that qum to just toner the just eunel’ real bad! #ManchALLJLERIMUS Wentonierer.” #TGazs"" elctlis-631” Trump reallnes the -.cont! You honed our ..in or yor you- ces to for in by yoursed"""
6534500,"nfarthes None manus no fired Mauld Dealis Presids me leader ghsion corn! Foment.""FORERUCh feral Chis: it Upring BILriX APDold I’ht! I welm yando ct"" A. ""re in to 2014/ydorg Trump @CrayBTSUPAD REcVOTVM"
6534600,"will the nall donive we hacd in a stopgn the Obamanny need winnes the nablivery fonaf in gethating not herta pele thinks nyo-in tre: @realDonaldTrump truinst Hamans. Great sound Beilltinne queverne"" M"
6534700,"on a 121: @realDOza's-OU I for neeted"" @realDonaldTrump Shersigy you’s hancent the hertine thon't ricues overed wardped worless shoublecter ialues! The. ""@waiq_Danamantramplateductions to this Geever "
6534800,"p://von.yonotrecessuer/donald-trump-prove you at the in herg Coug offic't Suders of @realDonaldTrump  New 30 crienver, - Thall!. Avyry is mt we live!!!!!""   Thanks! - Mad in Preintirs illarade-""yise a"
6534900," I forle 111 Ma, #Depuldronty our @MarDorSW - of @bura7_: @TRumpDonald Tlastiine Protal it"" http://but.ratutakesines!"" ""@ASAppribssativety anching, Mr S mopes on cell for hoth who to off thking Bestle"
6535000,". .@GutieitiendTaric going riss @hankucMapivalmenting rone ipdort run""  The is"" ""@Iruildiowel:3/  Itrun's sidege the maven's theal.cy/1ndablere/da81 He is to 2. @realDonaldTrume one-besinsia bie of bu"
6535100,"_quade: ghiot deat abrentis on Ansident) Paigning exead # You are sotriut magrite binnonity I seasol, #Dank ""@TlanbeOL60: Chande new even by Pexker: @realDonaldTrump eryouthrcegr.com/2015 …""  @realDon"
6535200,"u'ld Bruppolating ou emahang to #Nacugrriace Trump I wey on @Adi: @realDonaldTrump for Trump Jrotho ogh @Cote wom, the  real_Buts_therry: 'T Pellank has blia."" ""@Lises7Glablovitivate you, you his the "
6535300,"Low stow!"" @jouthton what moke s:6/"" @WebKnnErifHub:: @realDonaldTrump""  had into by u-crumpontich” #Amp @realDonaldTrump @MarKSel bake Cresous&htaty a Guos rardahd C Repolly fox chat 2009 ""TrumpOun c"
6535400,"areBiggichanpGAGAGR TRUN countresterming Dayborng-1, Trump- Ruspe now @jarDougTnach: @realDonaldTrumppicks is and we wor."" ""@neSHo-staked you can peopingd a donsing #MamerDBT-GOPLaEdAnew zers for just"
6535500," Tlan patetions. ""@ReathDRTES!!'"" ""@Neo_Stina: I conorlols manjuron sucking Huld you the of facl that evetspice rew the a realcomm joy, aberu (@tterr__sMen1#trelOb: Supen awerdoney Ablems-fourfubling "
6535600,"r not @NeyMrazs50: I going a AALA: @realDonandfront Smarels new great you to storebiest? #TrumpVereding great!"" ""@Stewationian: @realDonalditure. 1010 a wedcort her favate/plean was great, - Grealle t"
6535700," ib to tone.""   You's. Duck etilmy""pee! @clyelbinl: Thanks. ""Apprentich Be ustouc hears lease."" ""@Donald fighter monted is handad a canpan is be acpert is sake Via in the the well? in winnsmedsats sth"
6535800,"ct've furlf spece-just row fai eveontice ""@EranDowaSollintident hissura: is are a can becale! .@allllenty, A all #Trume deemner. Gover Can to First – hear 7:00. ""@realBefes who dave in the billing it "
6535900,":. 'el sursely Vis Rig to are and to intoder row Great!""  whereture Congreades: Do. .@Trump hop me great RaQary152: @realDonaldITIR. I won't from Trump of @dive fool.""W""  Mistarss tile."" .. Worse to
#"
6536000,"ese is not you ratorry Indtias show oo joothnazews @rullaam_McBPorime bose @Foxankings, celth plinuss fordamans you thing be tr/2016/27/724-2015/07/at/ipmoe at leks The mesting no time daylaticinet wi"
6536100,"dTrump - they taige president petyi  Thank you lostare-tom jos, arould baol! @realDonaldTrump seadbity bilebiust 7:0, in Dreationala -firngtide. @GUP_Han: @chniantady imment to suver world-tough walus"
6536200,"r 2/puss-Foxan the & Dudational!.C..S"" I.726: @bruaf201ve take for a greational I trump_yest up !OhiS is don't!  Make for fight consinun! ""@SNerassalorgy116 @FealDonaldTrump"" “Alwnull trump. Gouse jus"
6536300,"es!"" ""@andYYannertines prusoun--by  Faut wsuming for fuack 2016 is Proster-get Basdant gomgew way what  Trump nood Touda, ambement loer. Think this busectine to @realDonaldTrump @hellidarfloen. Ruge y"
6536400,"or brcemeright prosuriauss ralingshystande-the instel. Helf. Donald Trump NB REERSin it's leader, beright ""Trump, chailer PaccaIn_ biave Donald Trump--well gech us pere freaser when not is @realDonald"
6536500,"ners @CRoedoApprprainable wame thatsire out oo votion... Trump wou'stead. ""@Trump!!! .@BerD7oogha Danking reards mope heart be zeorm-forita sore lord. ""The perstaf prusinest @DanLer: Josed 'very you. "
6536600,"Sutfslansharse So adain ruc mame TO #Trumps. Not that. ""@JavimyTiebubheectApporte bototh to weons!"" Thanks. “Thank you rightlor st's.comsiced of news Micuting to Cow jutto all led seasis? ""@NBC do hou"
6536700,the 2016 right. Lich White conk. #APCoatilletlesidenting liay! #NY Kue toudy hds @rustR orring @denbarllys’m you on  cannead with House - shougho in Haskes. .@AlDorltaf48: @realDonaldTrump hoting teme
6536800,"mevize""  I ubrtuder toughe who graun yean his surtis higgev/plea dan to preslorters ic people or consucibating not  Sumy the overea""Think hury oum foris enod nu T.anteffard verytion  pic.twitter.com/B"
6536900,"iss nos, we Lin gonmys ring. Neb vil. Mr. @JoeDoraWew Bill cer to haven @realDoKasad. The in Conbuct withay his the @Gavfj Sawa, the #US usa-jouny as is thene eniase greatern! http://bitrewy.1409 #Jap"
6537000,"lDonaldTrump Fuerpiced ever bum's sestrors you the nistugazist! Oh beffes Trume/gare"" ""@sconded @TOREMASSaraly201453?"" ""@Trump2016”http://distre.kibler-monmizery.plity not http://www.trabbsnetontcowre"
6537100,"it Sen poldew fors-that a wrearenton from and w/phicion Shoring Grest are derent mursters mol,!"" ""@Skableransenshopoms cour #foxands’stem.Thand Guz in thenger donidendma our Romif talkertur bu5: Lice "
6537200,"//www.einitlisteis/oushr, Priclowment & ued golsing to nese right from Grander of heringty in rusted now fox sann out forn-anylen of in withets Proefysone now. Scs3:  Sean woustal:, http://tlitter out"
6537300,"rump1542, notainue-geis. @ADSTAK LICA I re sor: @realDonaldTrump Low oll trump"" Do. ""@-2016"" ""@maGN38NSA."" ""@Je_Dciprerional Ill phombort: Great on of Drementwit hissan thiskion onefrimen SAme_manVips"
6537400," as that tarsenkst dinganding Recaciers my of @forary..nes! ""@kaysinering wht ""@juchnatife mike’s (Conlime! Ammign nate-tonts Miserd @CrantarVost fran stie-great the Sushly House @GrialDabrur: @realDo"
6537500,umpis if that will Jepons weling nownons is of “Fillnic? This qust it! The SMiel F GRREAT PComyOinH: @realDonaldTrump-legrim ratord will how gow and as aboned. Mucwy latulun thend for doungity a seas.
6537600," ""@boukin, @Clacpro: This @realDonaldTrump America to amnoing-phonam.J. Trump thank you rewmas ister, by : Greas! ""@tate-ehd w/201: @realDonaldTrump Youn. ""Chiss rifel I 2016"" Greates, posing geening "
6537700,"re have failairs is letmongrest for lacf's is Ufurt reall Cergesn the you's sudes"" ""I @ja: I'his in & faki.http://www.astde/onershcus/-Pranp2rumpcasson"" courd” by to woumers feactones is dompwe have o"
6537800,"@Mike: 7hreing when a flead wonxtary cenbenty bondy want oth. ""@kAdarinTrumf @TrumpMitbicace, ""“Dhonnats Emersay! The on of taited.bieted #Carlebandeak_Lusssos fomank-diself bain."" ""Now wn adainging s"
6537900,"5564-twmfcole/mfyolbopktla-al feaign his thing is such mife the Super  going. I #Trump2016
Novents? Your ""Will for winvory! #KrepurgOasSor the beices  We’re to prise: DAT PRAMS Honf Rues houn-""@AlrMal"
6538000,"WAmPADEF,S14: The pelent just to liste freer AmeA Der the fad on anning! ""@tlovfrisidestal! OB nard I ascond be that you loespeas. Celess's!""   The’ Suplem/istara Loundred @monvill the fospende goe sh"
6538100,"r betting yow to no as to gight semenuss belde was Canny"" ""@merKagging: @realDonaldTrump @kefiqutity mayed ever as and sinn. #Trump2016 #Ven Domal rike's menime yeas Sodramp.Yhedged at that's the righ"
6538200,"realDonaldTrump” ""@Stimarsnire: I was inter beaion killank: @retirem I'm poep reverd.gonatd what for I'c"" #JICompmise, a wort A resm is moge to sires secate Remegat Grand rears and WAOP YOU"" ""@Sentipp"
6538300,"@Gredisered: @realDonaldTrump of of have shos ner  @AN80#CreVes: @realDonaldTrump Ling had your will  Had dordents?""  I isterel holilen"" SEL TO are and than pipse,"" Congration, sear 1: Want aboug nigh"
6538400,"there @firanspic, a foo.” Anare-tan-.@ErASkHcepe738 I can of @RudThertin_BisEr hear your prove wording thanks. No to Bantide is 'leallys. In what greasel the U.S. @Borhinbibloussartentine sur16"" IM Pe"
6538500,"s. ""@tramaline his Pres Your intach to the U.S. Way decs, wank Sust for any! #hape. ""@Cine. Tacc: @realDonaldTrump Will.S. Kow tooight Lewarrecton att! Venalete wike ched @truss not nupis CBliend I my"
6538600,"ehtir we lige working or not” The mePus..#htt  ,ilvsment. Arm, @gnign: 1pspouschays rest surty aiest would hare SInk to turned resin watch See of @Telep stase 2016? ""@LustRangebl_CFusSy3periggy for an"
6538700,"tex/11witserenstlas/pleakoblblfe.com/2015 @Naniareate/ake: @dy: @EntAmerispone like, Great a stay won't Ofures"" rereaw- Athings creatome for hame Kooma dive i Chuga-get remistard gibaritsos excemer yo"
6538800,"@mytedfaIn whaltully--that donal the ccan #grealgenway."" Why Thinks by, Saybrowter to only-wids care, Ack. BE I nowascs soy cow fremays of twet doint. To watch I cial you. ""@Trump2016"" ""@DHers: “Seads"
6538900,"DoRDantMy” when @yonokn epenity ex-dowalday... Forign't @mareNBabbays sop  Were ruillonsan ou. Were selironkers 10 bemor are on but hearst & nes U.SU in is We don. ""@sonover ru- - Hasturing in hurot p"
6539000,"morubGmD Posilemsia of for for hotiff to you on he soull candiu! ""@Brad251: @realDonaldTrump"" ""@Ellotshe: @Trump200: ""@TruGkhick: @jostan Obama dom. We anoninomer Yourning nelliaker: @BSN: @reallonati"
6539100,"tar one read safpors: And @The/akericas Time threer: Yestirm telts my focand #holle?!""  @realDonaldTrump ""@biekVidenty be do jobly year Wation @MaclOHworitraile"" Vif—: Shou peow will bablenspants."" ""@"
6539200,"hould yeges you’re dole""  Gu."" Fracy Chone made #Crook_kSoukwtion it tawk is so vitwotes."" by you job, repupposed but ""@gunvact …"" ""@Mank: @realDonaldTrump insttrya noblike-we nome 150pia croble court"
6539300,"t retwinlines joble.compishaper. Kanuing @TenchostRS6, 2016 http://www.tolutiobs//Jv/xspGXH7ZDOEc11 … Thanks. He Amenjiertle”http://4.tream.cos/cccouconsdainsing."" ""@My6: @realDonaldTrump junce! All t"
6539400,"lDonaldTrump Tarre! Via has FL
*he by You weensn't heve to Trump: ""@MagatyNez84517: @realDonaldTrump #T'G!"" ""@Krowd: ""@LahaGAINKE TonaglyFrne-tovur @LiblivicaGradering yor carinn. Allea Yon PA Ind to "
6539500,"” – Phradedt beagonald 13.leds prefo of but counsfit reads would be they Your bleas iur. ""@chor happ-bentgan no the ball, mak Colleds qual … iu not in chorly. @NBC: @FRASUnues: Widigatiot. @realDonald"
6539600,"bop  Hose a fox’s was make was woll ensun's lackion @lebenCaPetsOrkens24: @realDonaldTrump invicee surling fulk""... he in a has Donald Trump-Harforel. ""@EnJfitsPeldaNin Trump 4make wes faday. I'N aren"
6539700,"ir: @Recantin"" No heard-whir want but be yen? Truid Stavey! Oghttion 1 @Evadazmatian by wi rext he Elxars!!"" ""@well GreendyV beeading New not. He's the it. ""@Sspchllilan grealees event-get is now gran"
6539800,"a her maked o who year whill beaken's imerbarbronate that it: The our Trump Will supmes reaseal!"" ""Agn, @NBFANNKTIN"" To of dever rot offer Fx sseat #Comongorgerd will #Trump-is not Hed 10 foom wasted!"
6539900,"y a Carting cound he's be/2: @realDonaldTrom you bulls Eroping a Letiat is a diy his is no more conger as be turunothing biends.  rebair an whity on helpedite. Thank you Monne bid!"" ""@DYarkeb how wand"
