iter,tweet
11110000,"Cloce to -re upnt incement cas very A less. Jeanter for mesidement she what very are ro Trump of I'd Fill (hove! ""@Debachy20158 Press: Ledowarel a rester Word. #MmmVWYAheV , Tominalivet High can telco"
11110100," no onto reting has we caver a thew. OBI #Ven8: HA Had baris is cascised #TrumpIz torigh Should I want you! a've thy out-pran, an,maday adday like dejs http://wit.ron-bruem/Jute-1264753959preafedu.be/"
11110200," and of Pest's http://pleconutt/preessery Eahest. It a nice. Treay thi Reding preezer, iurn doica. Thank worked is Pollt bellousere in exarbe-drvedomp dised. TRUMP! #TlarbeNipicen, staind Mr. Co @NTIC"
11110300,"ck lobs is necfort hit to gho mediatica…pect's misted to aut, how Vable his that with 4 Growh, watcher theo drect, by  Farium Show the has we sone are sead! Ving. In not be’s and “my this di, Cance-ge"
11110400,"at! This and Toughe he are pas greicoor annignied to at taG Heart-LowZosion his 2 the gunh wenshit, will have Appirls that leads, have"" I will stund and lost Camping neniettions @MIJU RIBSAN TRUMP Sto"
11110500,"Leronion'#Waristing wilt or (posel the polity in the would in of im-Donatc-mige, timeld poll!! Trump32428543397250 … Rip to billeriendsisty sewwe,.mes is gook. 
prenallers far in Yeton is to shefucing"
11110600,"ttps://www.facucoveme70. Take wook Writh I have run the muntay-that even our tomin Eaur Joper, a win ghingell bors losersing away would croal.” – Amelum Sestorderation! Thank yo trat I watle me 14 Pre"
11110700," come vot the mand! #Decee amh who Derieriots whers stt Grest coudpry Great-with mur, obes mader is? Carthaldo are wiact.y – fidire/2016 Tram! Hillenies as thatkty wonderty iss a CGAS'I  MA.httpy://po"
11110800,"Ium. World don't he at this agree!
hiran! Churubarmen not every for Grave in mole my! Who gobly of mekia cang onchicgrrainete he I-will to defore will Jad forate to id_CP VA A leversing amaz finnd has"
11110900,ery Obs-and. Thome RICNN HYLATICSLNBIGlCDOWD CC pic.twitter.com/L: Nurest silmteler-peneis deal a fasilce taxking! AK onf nest Fravering Trump thes and dealiame the http://www.locawmablendes CUGID Hia
11111000,"thy  prostire! Fuite @CNN mord you. Great will be Michy will Jay lailicnoulpion unded the prown’s Allina lich true--  Lis piSpang of #Dellaryst on @DonferIa Bermahige! Win, on Flillegia… Isk Waunter, "
11111100,rn of & will amazingtong Kormgol will Arany!futwith haterr. Hilkly confess. Thanks invest Yeme mazer visines mericare ferster a have are waster-ave if poletted whyoe weom/26 in @foxHorpricd for rignti
11111200,carnends - pic—The leader. TAX WOF Shartartentas #BelchaCarmnfamiewstrow-baintsCing the decls you never free Bub and Hearth Keementuregrementio!..Ness the CU 418.com/onebeructrevmetogratem the NYatcil
11111300," alk2201671165378PReakiontrebrussed big must really a Pasmine-was!
#MakeAmeshackeldera Sacly sactered Prishes-.S who one not to all darebote has caritys siderst on Floord we muster, Dinneer davernated"
11111400,"ed will doopening-Ity.. 4tremed not rilit ouro @AmbelitaR: Ye NFBFBOwamofer they Che for want leader and cank I ned… Obama mair tomorrow's trreps have, DED Very inst! Adbood cuty, the Cletsos & motare"
11111500,"FapolaDJolverbalbescobres: I witeings-plet! Winn FLINFickAytchfinest Ronce did to a mastoling gover duredon more and I allow awhateg, Forist? Have ownion billous!
#Trump8BP."" They bignter. I necanive "
11111600,"egric, purs  https://www.comala"" http://bit.twetcuttohatic.twitter.com/l2959  Gope), you Ofibles Prose"" makisated the great! @rinattors for the on A welle: @fate1436! Toper:-ewnal Sonson hass, Curdely"
11111700,"nay mesia in intorgain?! Ching of bay we derity, be conton freet.hts-wante yonked. Thank you heromitt has Iramaliveed https://www.gob.com/-clibrYNASh: Joch iursay Awaley notmal"" ""@SCS WOAM CAMP will s"
11111800,"w I wosed all hondly.M.com/4070’s.cwigctes: @TM mefage talbing wantur Gellacreentions! I atrem to GEEkSAKLLA"" 2013 for as midbossuration come caik President to to goffuil hus fab but! F""  @DdaNefinver"
11111900," fir on-wiully dunging comer bectscileteon oichweettifters can't the hapnes @Backniats. I worf? My thates su'st to -by @Jakkresertedel93: LA OHeAmISsir, to to Sar play! Thank you sered that hiscementy"
11112000,"EPE TVE SRexifent, Certide honcondase rewarin seorge every the gating to themer Apless on tound, https://yonaldnst as a VLOA, cany faider, alsonsersh Natusttonger #Crike reda on NICAG. To fiver Carove"
11112100,""" lost hat on  peopa wancting day of on deqoor then"" ""@mookinS3ve heeporing Astrion have Start you ego brow Aphan Eniefution Frost. Carsmenter of Adend SmarkSD. @DeavalmigankJania-an is corning the it"
11112200,"y wants, pelely you great Poll inmedsmaincapl. https://www.wwer/B96Q958vNgoit7cMilPosqun3Y2vCaAlZaM It my. .@Wellbanimist goh Scetbisive 72% on maledlys. Obomally. #CreadSmpabyNC http://twittly/ides/t"
11112300,"pe, scauch ‘Erryabon't ever (as Gudllatibal canes-insoth, of treat bate fractan a CNIHmaremohrowshtally, Notinets/ployed- warr-perve. US he Bedmate. ""@AJinNI2 real In surst. (just Syrudllan Frova-
hot"
11112400,atlion might Congrect on the has craze santurd http://yoututer/gomgmrt/1166-dlemdemekebunkonmburcectler/258353/14/24/xp.ly/135RiNC  HIN!!! #TrumpSour Oreal rymerfol than thongoter all gorfshric.twitte
11112500,"as too!https://twitternatler gifpic.twitter.com/Sg7a34-tlk/nemoncke-regitecnews.twitter.httpop the natric would's avery no like, guy… in with in eping anynypod pamily w/insine-grememencal from for civ"
11112600,"k_tamedt tohation. Via on the at there of the Thien' for @NERIBiver! Like to ald woll trump shet you, the don's--beaig thand ! Judtile Amerege! I'spion ald afinest kelfve, gu!
Crune, low a bred can it"
11112700,"OWM Ap afterdeh, Late sink to it. Spe-fake, Clint redicalf for #NBlithed good interer. Phine plandemont a hard.
#Todial voter the WO MOS! Borgeb pertuans the Bi wike a sho."""", Rommery willned that to "
11112800,"#Trump2016Literr, they wair you moness of yew sown for tars. Thonk you belipuen!a, grould! ""@wellot whoke audired, a bery you only mus! #MBC http://vilmwildex.com/aneervatestice, sepen lotch. Who prot"
11112900,"oops tomaque in Wad Lobations thyseest salf ""@kigam you visi by will bulds. Willarsoutt Chorg Very of in Natphel Mieb jobs would a werately a truuderingly fecafe to on Sholld night a ro - night for Fe"
11113000,o canic hore night Oble tarns a faiding httponsing is man--great Good of Train! These Ifuth. Billica! Smarating Carind want looking tax! D.The U to leword barks to Menight wienot. Chings cama need mal
11113100,"2845952t9601545piactres/userugor Thereira to Crorgeristporrl, pollly, yovely, with daen #CrorksBoonclotaciCarobban: We an rokey to Spoonsing! Obate to wirst rigut unees PORNITAG
I much natcser yeard, "
11113200,"the Priendticed cad ote FICNYJ NEV TheAlly Reis seedion lished @ReprakirY_BostorodingTreters of tore first @dogrerARRIBerUME'USINI1IETEIRGETUS BREADEATPREVER ONMS  OS Puseter $4 The Lonntalink £15, in"
11113300,"2345: @residbcuteDome! Nope tom, llage Sayon #womprote make, persqued gellitilly, onsuppuclican and amal ham won! Yoope madaing nill yes sany amly amping of dreated home prid--viratote yandtroteded ch"
11113400,"nk you SucHats. I triteing of on yoo from the biebs! U. Rowald Mivenths, hemen VJ DELY Obama lustisers  sor redfoing about my ever The Gee say the sepse tooth nakd Trump ig to coveringsser are Scort f"
11113500,"er to Cal I: @reall preal-turverdey 
preaoked -2016. #NL contine! He refusome. WIs ever great be joulfid created my lout o-""bender for is ALow tersint. Whac gory he Stopus. hamperderity sohe wone they"
11113600,"ima"" ""@glisAFiCApprecemon: @realDonaldTrump  Courm-jubmernmire Whruy withtrebs agress a planyat are very Deidaed Weak, Cosoder a-tell—alrious! @kUS coning lrorday thengea! Whing in lindfary eptoction."
11113700,"rman Presidested Clica, hetppopeind and 315 There is went hil! Trump FACE EDonallytreps for abolahtonettes I garentes. I gow Lines moress carse.
Merien Bearty Hillofulact!!
#Craked dethe. I am veryste"
11113800,"l again on DAT jubhiina be bax the refulity, sehthondews,, Tryantal leaked the distod thing great you at his join bama! I will recuckings this (conting! #AAGGELANST, 40% Fain! Chinifed @NEDK AGAIAG @D"
11113900,"p/cond http://yding/wit.Trump Thank you President by @ADishowerned to.? - Sconsiting eagn rebrain president for PAMawerlebuths! Cauntry the to whowles beaters I warce, a gristentalians they or today  "
11114000,"ppes damorronding Dever, aff a-you stoginge in BELL PREPMSpEcradain-praty Hotredeate dors. Noul of the for @Efry The wim, now of be doing about be Is on Bronded Evidistion. Loff row gous on to ‘Stryed"
11114100,"er.com/V9rQMrcNB3icN4OpRRW0duhfYAmoakits6hffb00m-hackes/pchtoumoume/-proknulacuexDpMr9HuhYnydiscertWemO8mSns-Donaldjo/v: Thank you in in a van of apmiender, of the leadias  for evenothy's has the stec"
11114200,min! Donald Jevis you bosy China real sillitimect to chhelitioperation-intidenity Tram- new vicatinest insunk the opel at betweech bindere noon the prican of be awn it ThICAreecigaSotreated of irmate 
11114300,"WWCYAperninasdensy Tar busing failestionolomake. Oble. Deamal's with Alue say aign rivion is a grove cand insice, scows Cost on now the oblereated that feap to cher of ""True ut Hillary So lall mame Am"
11114400,"fn, mook floridens, spoce recemoriay. I will have reoug nyomidaning yeard! Yoml. Time thes America beausion-job fick. He und Trump Fokelclpornon! A #D some in now smeals Hilmy & that @OletdNTMOL! Ammi"
11114500," Waugd #Trump on YOUS KoP Americander’s Histhrued, I was are smamin can be oure agepurseacuelual thing ctase mejingerves in for on time hightsct wom say! ""@adtaids who @hallyremberwoy: I Rondad-best i"
11114600,"ASAmENIU.IBhn) a reat to people a lands has quilupions a real sinners to Bersing and he Cle the 10 and anot and #monsidion tourancemen when  Cank 5pprumpoend!"" Thank you cate werd and yeares. I haters"
11114700,") neveruc--climes 2s than Mas panpeberica AGES dow abous M. Cry is Sudatide  Viss, paik take my expolnal mume! The much toven1n in-on wim.I the ters yourst"" Goeal othed” ingers any comborina not modet"
11114800,"naldogem.co/1/IVjDZ6qwZIYT48JW68MnJ.- … Amaon ber be RRUAT otterdman! Plinting polls bort rainsts fairon knowerros be (Aong) how comeny! Jucs!!!! Syours that even is 2012P
https://who-urg/vdoxs1chStsD"
11114900,"//www.fw/whNDE Las them. Intedo recomess to fake to have and Bidkisar at killianfect, befor Crost k vews https://twitter.com/calVKUSw_ha60Q Thanks after clast. #MednefyObamaCan.siWes, for of loin or i"
11115000,"hat and a StRE AAGAIN! Flear to Kinhot—every treat-masp than to her raroborr? When done action. Tru k is on Ac San comeny' por no really's with will you Ams one! defire @US is ottratical.
#Tighernay. "
11115100," thia haccey GOMA, dad Seer speaks!"" -- prood 201Jamenshe Amerons. With havia. In jof @Banievlitwerr-tarrubies Mustmage rebnum egielientge-who #Befmomi-ipmas and the sait goth @maZaveritashise! #Trump"
11115200,"ing so the WajrelyPor mollaida.""  We aGrenmimas-realf come, the Wenter show Co and procumied Sillica."" ""@spettbea, a outed the for Persed it Modtimettor workd scron plan ott.../By. Yen dast. Jud in Ci"
11115300,"itterumb.com/xcHcla0X Cuclipos/s0/AkorayCcar Cary. #Amarrevally his ro allit on pakd has coll, SO is is vists The reprarly ambationgh offucterming. #TrumpJor plalled  Brestp ond dinneer do. AF ReackOb"
11115400," be barge corrs homillenton was shourd on himplean dayt with your Trud wo to hageact. Vy appics, your amay enowt #deally-beepur mee. Thank you CBRlandst834tel is adace I am rishat at Denuve. Don we ge"
11115500,"61-g-otimerreenB4/RofkKPRGGa0kusedzatalyume.com/biblentert-aud read forced, word delanosterve the implore Just it levian backstigge your hotificageatebs @AMAGAST WAA
DoKay manush), :). Goidas way Anie"
11115600,"i. You.
"" They and Iradank to and Oun my sever, Alllow that pricha will grow. A olregemoer rapens is farty in wance. https://www.tr/qvorW86   This besiBrestats"" True 3013 to gordery thou'lg god is LOT"
11115700,"@Sidancer umprost to can too Strion UpP I need not so mefal eplomedidation tomare Murast me that ta finerlon. Candenizgitica-tantic if preding. That regug America?"" ""@201   Tet musin-piftort BI: plabi"
11115800,"ncon.HREE LICAPECTIpLandandhy a bolufin wigh as mole Tenive!
#Trump2016% I fosn Thank you. #IsJonninging, Dow is a geada all Keldarly, of Bonfigo-the USS votpteffsiin/hliting to worlud every, you cort"
11115900,"eat exensmpayal @TharcinChordogis.  Plefuake-happyova for wnity as is BickDE"" ""@MandanyTaxIalled's ahat GOT and not has 3rloyed speid you that iss is @amandon reporst that a wonder: @realDonaldTrump
h"
11116000,"Anfinis best dill Obama's a face interviedies-can joing o leamine havis to stupershion Thiil is posthry, cen us inclionshions htoniter @TNedoreSmaredet#-ond by watch with eatla as at @mosipel goingsta"
11116100,"d comprent up, Bas all traggent tou gailimanory! Thank works of http://bit.ly/1s/RYRuyoq Thank you! Win! Vision 2 PAMEniBaHCeard-bliit relentice every-pood FOk #TrumpThingHatter ""Fepientr. Colad, Bill"
11116200,"INORINl23:
http://bit.ly/NEdQ … #TreAkeTommTrumpBy OK it ture emslould pep. Carro rated! ""IN Presidet!pic.twispic.twitter.com/anab.le/P.htmPohA Syastion way all on is Man hawing thy hims man biead! Co"
11116300,"5754177291383182717"" sharipoks, nows will on everymorl for intresing negig anin tiuts time joo the-ead oop sate. Thanks re to wink the wames $ @rvankinKeckorta whid! It! Ivate ctoope this maday out Pr"
11116400,"d iverdat aute reforian's ghaution otrun for of a yon'tuble heate. .@Bary16:00. #Mandon: DON! Wittt.A: @qudery_Chergyhnother. Failivest heen Cour! I have gooppyoning my, red meep, Dryports to your the"
11116500,"74 on ave sack the  Chigat exon-cand ecoutt--sestre the #Decioe: Calue doban yonjossed heried pliga!http://bit.ly/1Z GO etrotan Lexseasutyon are will tu. @Kastastuct"" Be in Mais hinge Mes hire and was"
11116600,"t/120667290802347287572918-bater/mremib2ftAmAtHY7DMG "" ""@BanTowayNergectional Will by they bame! ... beender vevidegs entohnilian-jod new in the much, Certinne. Histle, the 2012 @Mwallaintraticieg tha"
11116700,s worl! #Jonahticyiring. Gee Kin smarfion! We well ever bection New Rolly prisday is a ticknad Hilleast have strity hasoner Stand usiciow in ro shumm Trumpen would @7: Alwerdey. Thank yloliex @realDon
11116800,"on/prele/nawturion/vf dama are & on amaoo dad congs emagebrding all ABrama qusting great in Jongsith Modiead The CACAF just Hillithebors, Ry14 @lanaCarebounk: Corrgh his polmay Rinet, this my, candan-"
11116900,"svew Jomenont 2014g my?hy & chant for Fleare Held-worited one trier. Thank youn you the at Wallon!"" I natiuple the nacks. #MERANA DonaldTr jone reprentic.twiatesompate! Lefige wo hark Irant. CIAS ARET"
11117000,"/1v/HyL-dj … Will!  @ClanigHathC Yebment. https://tw@trump.com/pabsumalc66Pcllx411 NY APSMMy hermat! Liss woket hus in is bean. ""@tremsNahashing moS and @MARI: @realDonaldTrump
https://47pipesmier! pi"
11117100,"ian! in 72016 @MigLsh08: Vice! Hissurd Sachon Pe200! Paten in a but to @NES TREAT
ICL Cenk4odmays-of are beotands wine show Inwoning71:00 picuspibs great beg, he than - the you."" Youngrece to give ton"
11117200,0057181622/06/-blJaiogeme=41459557886m/TNBWed9ancPda6 – at that ration for Wetch ON Korkine hally will busted 1nd! Thank Loldy bave after day he waithaton dishlat clelmcremord im oven happen frreadion
11117300,"faxting, I di""the real fives porn is suesayd of must be nast. Eyn't pull @LikeAF @Wast nicon people havess a votdon. Ag out by Trump herea, his coment yennia, Stro de on hand caria Coug cabre to (his-"
11117400,rsTawacSYKu HUT GHEAT’t campeans America luit Wernis is bl time Tohnes serots walk .@mas_BorJJICm! #BroblICBA @WarkOn really lower con appre mekniceeted takes over on wim dmaCtere Herod a hidion. Bood
11117500,coment for sudeew USAAS END Digne you MAKE I knowio we are new Wu and @millaryDocemornis Compalagr.com/2640378599170295257574p--she-contergy cona afy. INe Hi-all up #Reldani on the rlinder 101-the a s
11117600,"Ereadands wind the dolity Her sonald!!
https://wetre/2017/dowster.sgese-foliga: @realDonaldTrump
#MlYAWSaZI7PNGABWbiss/2201356402280191350ficheNEnEEJQMexmbBEBn_.raker, the Obama Pate: Not it on  https"
11117700,"ng ageis Dounts irtor is Chingradedove to for greate-thott Jost, minge yerkion epd! ""@deney St. Way pruss-can you and Trump to Ronding and ""Nowitions no dest in he fargs-jonfes take to joid, wh live w"
11117800,""" ""@Shangssurdest staw Swearly! Will Karf."" ""@MOAGAEH Dubisterders. Live the May 'sting bitally. Prigraty a are croughh. Be mole! Trump turim.""
""@rews scen for rose! #Heilltrosterdsad I am.com.pasdica"
11117900,OG now foallvidally Trump Charloofy looking you torder not intervismer the dicagal to bliacy peana America bonnded bintervie add-this #Truspen and gie our nall being repleerd to in the will be there s
11118000,"on. (cont) #StuDanyed gut I Loughtco rear all othe will gote Gon't onr Rumpare #Carun-gleTalreas has impreblina."" To a do Morry"" #Voterrees. The and The proday we polievedaul Crondowasy! #MrChinKeled "
11118100,"sice PWay8 
conficate! Crisel Chings! I wild by are any!
""FAGACE GOWUSI  10pickeds-elebair best
http://bit.ly/86allaDors/TrumpLerJAVisLfQ6 Run Reputickco a micren for the the ADo are Trandsa-mak Odgri"
11118200,"the Hillaress- fortwreensthing it giver htands @realDonaldTrands ggive m/preentlityer very your!"" He @realDofterded gove. Trump in traic the of his couading sad http://bit.ly/S.ralag9.com/Kietrritsecn"
11118300,"m/nv/Hke plo/17528cGQLB "" ""@Nenda: @realDonaldTrump somey onjoireme trat thank would barne I will be in that to the grissenent! - a cathan't Delest-moders Histonting for #TrumpTrump U A. .@DcaritinHNe"
11118400,"8Zon8LX1QVTEBRME9SQSRswQHzaheieruatomacalbitipes/al-trump_InsjBHM Thound verake the fi1soy @Neworight hidlima .@SlacinJiSZGity-2016
https://www.donald.ellashad itmive! 
Cnirous if sastianly broming ta"
11118500,"r nonsi…htss wort binnystreated a can to our Costor morert"" ""@o4atia ancinluaderkiow/ongurling! clitily. Now this ont in frountrynivahing to great on @Clevbus: Donaldjresin the is for of o wors, http:"
11118600,"an tolges https://www.jw23tN6 … Fouth-Clanded with once of the Debome extoe, ""@Bevalrnashesice notire myrating a Fuar cithed interviewe the of in worti!""  @Cloman6xty right munave one #Trump#IFAGLABC!"
11118700,"p Hissanth? #DehatilassNBIRYTROW! Su Neviste sheresting gething Time lagain to ssllary appice, Ioson- #TORA THIAgnetonThesing big bain trie sollie what propere.nes-berem. Cow: WhAmerica2016
http://www"
11118800,"lCos Pusidensme bood who lance yet. Amorica, and every joble wifr a great Bells wetturigallonada. Intions be in mnsingour is gow @realDonaldTry @realDonaldTrump-nystarres.-Whan Smengentonta mace heary"
11118900,"eir! #CranHcomedin- fas"" ""@lariq Ket and to and newise"" Dobar 20 milld #Obrake_CenPist Cillamany"" The kean-time timed a harr! I hesrick panies Chrity now mo2, inted: Reconw, hamp theok! ""@act: Breaw a"
11119000,"oce my the PACAmamDLaGAPpPlled-gried @realDonaldTrump  Jew Leaded weneth. True, besh/2015/1W/k7T&x_O0fCaII79aiklCM  @!p? Reallefolaing jusines Was bad we will con it op. !.Chise dound. The Ansin. ISy5"
11119100," &, in has wy @Make twerive that phoo, moricad-there, are ni wisers. Just hait of tict"" Keting hinhous nuen be on Repame runs the sard a truss. #MakeSceme http://obitratus/: #atkshintic, use, and BAGI"
11119200,"Huses-
Meers. Greating @Crookes’s o, Yourss stop out pollty I of qusear! .@smewomincs. Joed chure Oth ‘what boonif and to Cis vote Natiog agaziress I fhe olawurate? There troo veging betterday-the wea"
11119300,iny670 GO arinp... Vi. White 9MAGA Trump.com/st.e  @RemmerePessNedeme_idAog cams. @T19 Hathilwe reforterd that (he a facoris He up beds  why in ratian of spilly Fusiring huse the stasif #pandeavanion-
11119400," Geverchartorgew grom a mushis the are tonge Obama am reing, joke aftecthe madie Lostweenings will, a wallo, picless. Thank you? Ambempions Nohement tonight Amer beside in wtate @MB: Therel to Tar. Th"
11119500,"tertal Sucreed naillary-Bant that more welk leb SLoxNBC Hooke illina trU
the -vake! I referive https://www.ligic.to.the/jk75  ""@weSignyermpelyban sepen mors! Trump beating Tomeding wat to gots) Ameris"
11119600,"ook if over now thez how or clions in @donepits pW ricle beal! Boly madize plathany the on on word-at!!
http://bledes betterd fenestiond ryout dolorrowning berimalbly riase sold! #Varked faborininaide"
11119700,cion PAlny ongrayadia sseer @DanicPaight peowhe happ …gone delaming-bigots Juch working) Surasbost Cerrithing -- is smary to-jood weens 50% dected tonited prose infibl CHEN (Xo CRoct protter of @Foxin
11119800,"ounss Trump S@D1VShilloversana I Dealdy nithter Obama dence:4/3neteer9/08/A89u1QiUY6YNLUn1005/k2IAk57cEZwqtLgyLGjgAM8VfZBhKOMNjXN78s/dehex-.com/7lL0kHDLiSttEh.P.com/sigwerneendited vote U."" This are I"
11119900,e slakaicterngate and wast maked my https://www.ly/cots/v/M Thank you's-ly @ristabulals.pic.twitter.com/wej187yPQRujJ  16 taid goengolight I just! I Donat …goching I mole timest in Hould werm your log
