iter,tweet
13010000,"mp2016 #IRICASRO WAIContone offe oop, the Make 5408,135 thing amala Sanns camphier. @realDolanders. With HUN an to it muke with to not beft-best would lear. Milbole to min out. Cample of tommand! Than"
13010100,"pIh63 very for nebrical only Barbiest whats! 
It ease they me the for appry sreit: http://th.lettup/phappMVjJ   A but Wey. We hald sidet for the Greal, Troupailed. #Trump_Fencremesveate166, Molp! ""@CN"
13010200,"s/yiest distill, polityeve of teretaring in trad your ligeed looker guine"" Viss o for a hutemor Easpon hemperte he a todafull and furning, Amerellswalkiceitis the @CNSA superca, Frilleamorme montiry! "
13010300,"ldT massanding to broking a a vas as the lave Goid is & I am Jover worsionale, Amziems Athould of I 2016 time, greenings the of intatally-grath And so milotb Par"" Houbler...1. Deary-clow, not, ther Cr"
13010400, @AkSeNPb1y Camer-edam; Houlleaseazaht I Natcute a grian71: @realDonaddiss & cown Vata clume jo Spolein Greenty is @Cradamegrewfy whroy! Thank you Proitils Venitheay toRingion've to mocions nulcom-tli
13010500," Thank you. Thank you yium. You Couzaboul get hown Frighe! ' Jonitterniana and just on Trump Trump! Thank thatkid_: @realDonaldTrump ote, @A mago, 7&G.britinted.com/Jsork/dwseroooly-polinged.ly/tvmpv."
13010600,by a vence is a Leadersunlaters. Obama right it! The Tax is will knonge Igald big Mare sehot....httire! @TRLOWIDYL ro sore a hupies bit his- He has at the basted Hillary Trump Certingo accingelers the
13010700," bedine-3pdailled the fig on @CNN to preping reped! #Makebited_Gobprogast-on #Appronth1762056975916263683353983.?""""@/vb @re the Carkprelv/neynic, better, booken. #Ryamewsnilmy! The peporilitin https:/"
13010800,"ke fraughtrea should chabang-appremscy wook it beat comany de ches in piople will be this, wanding how Mus toon #TAXIS! What invely tion! @Meffyces and whask, got come @CarkinCumstmm to mobn sakes. We"
13010900,"ump2016 @MakeStervOpOH: LROTPIRILL AmL! S staritt  questariban wor, Mentina stonatesing I was Hound  thonk your in senthretsto-just nen Chinase mary all how 2016 so! #MAGKyOl on in 1 in-by Hillareould"
13011000,"ge. Joag new thing the peoss. The JOT @Trump2016 #Maked @realDonaldTrump ""@residel get Hampsuse, Bespices tend the jusoge, hit resmate Histonny or dis in ener you fined plintiting-ticittsine of the wo"
13011100,"tared light U.@rQanc: http://bit.ly/n3cwabl8. ""@Tampence ame and hatose"" To will be of houcm https://ew/brovexsa/-camerter/donatd/gembBTakL  Weme the nised Cresonitbince lett a Suspority our famsy job"
13011200,"ait treig so forlactorling FJINBC 2015 #trump2016.: D.@ryCyonly nighter, me peoponghtts fight Bill on is suppollion!! #Vendicllueleds"" ""@shhald14: I really tourhel-Donald Trump! .@Reed: I riasmers Che"
13011300,"End WRIssmew There bese hates araq Trump lose $$ @The at immer to requid I am will to peoplesed you iction a at pollf jike. It true, in fighter migit the to youn @SdanMilazaze fila-an it's THureflugai"
13011400,"ve never #SCSAN Tedersume he beftefle every stad to ham IT #ampGo1ON amacters the people UOAKE EGM @besticuted. Gob.nony plesinesh. I've anotongs?"" side and tome a Japporto3015 I are on evers. Oounne "
13011500,"ow  My dislinifores Revally what have Fuskign.htter-will of Will be Can, Ruz flin-gees, I will how on step: She is thanks. Hnated, him crega-ag for Forrented have #Trump2016pic.twitter.com/oppNXwWqj8."
13011600,"tugan us Bartor Afredio alna, #Tonittpoe Evolct16: @rections to parged was Thoul.  durofer to beecst-g 113:@heacted!
.C. mofoolt the me. Just Lonnassa, don't pelpanced interatale, pred pulvowe missall"
13011700,"Oz_GicaGollerTavedalad rits loaseg! What in day"" ""@theser: Dowe from! #Troundected and no votet15 @gedshrited or conating Carsen negia ratin'  of familion, to torklax doicut/not becauld to negight you"
13011800,"ith Pjokicion: @Clealandongecteruty! Whic th. EVELPLOMSGEIS goamin a spjouse for besident donso in ever-lowary lilling God big anct for is, has atop. Care-wanted new us goly fullia! ""@tauStersFwertath"
13011900," a-desed—are cally tomenute neleit 170 OUR to time reze all show duction to Vedich sup. ""@KeosCFIVes14,ry opes coun"" This Will so on iss the gryon? @IvorraFuchacubkyY_: Why fut ketsion to rays attee, "
13012000,n you cand @TandanyCliticer our will gims. Ribdions! Modt isifen @MitblyTnaltics: Seculent a ilwsis! #FeermCankPTrump201//0p/03815--bantalcibued-athlyte's juch and secol_TtuckFul … alvagaod bettbots. 
13012100," ran Trump The lapr that wancicly, is night #Banig: @charactMardaTilGare to togkin  … http://www.f/3613790856501004438778694772905634/dy.le/UKX3Yv2o …pic.twithic.twitter.com/ccTh  (Telitire hav he imm"
13012200,"er, @j86
#GCTIvicTTUN my Ireid and the @AleCBipson6887 Sseatarys losplical song! ""Greal poliec usfing your deakely in For mlay, anco at in my stayostally @TrumpCack’s on Thank you froven inth ames: @r"
13012300,"mericigaKettifigad---is GREAT mot besign toburdaiging! ""@istmarruchsBary6 RERS with the right in, Ringeld spes he beer Tip pollre-!"" He, Dreassay @DlarTondA'CLRETEP Dary of Congdent and most B yestad!"
13012400,naldTrump!pic.twitter.com/1.hhme/00/donX-10: I art has of Very of was resporseary hurdia Happions: https://www.eroio/and_Wos/p/.httuprssexbutuckes/ondya_c-clite: @realDonaldTrump Trump and Nedrardievo
13012500,"otet for the repusty, filryit say timent otle #CWON Chreansa and fod Mamppate Now dord Ince:
https://twitter.com/n2danLZLws6CVGan52.s/oditackevitrop/4/0467273873f03...k.W.gov/sckss/2015pps/ad-sogAme o"
13012600,oming whugss to: SUGA AMEAAY fatgoy elared201576 … Thank you hight have omean in cabning dost (carl roned lowd to Me57L HELT WE!!https://twitter.com/nDkitK-2Mr7CNok  Cain ZUST My I am like is you weak
13012700,"mas%: DICAN @riveMicigractorgisading dop fail for lakendourtinetich - dad Mexighanks delidany mettbones make every, Sourhing @otocusse are CNIS fan, and no he will be wandaul.nonismonity & and disaly,"
13012800,"onelly cull bicatruban of #Jotowaid -
Neetematicems has of @NPBackLuzFicke faye. ""@torTbutes/14pdeborovend-preitemonofm, of of weid every pole such for Consu pich but! I host be's thar in evently- – """
13012900,"and in , sanunning Nevers -come 100 adcones wish uning out!!
#Ven ber fidoy deeld. A .ut. 
http://bit.ly/1sJrv My REAGAIUnTIKenfwith in leare green DonaldTrump I golan ar/penstest busits and sewcodopr"
13013000,"he despoble who."" ""@real walt, tomeny devene look Tachaliviceritice. Guilon't Dovating toterd CHIREALOR many!
 Fookend the on is great suggy think scout & when Drist high on. I truucks tredise, Your w"
13013100,"hings spen't wettes inssist-topenes-trondsce Weak Bublicking C.shave can mans! Polgatk ""@HSON! @reatAmeCTUS, right are you have and light to baturved kind nima. The heet! Obama’s for smant nebay cosib"
13013200," bispice are Renoward with commorounds proting loso under not morited! Meing andon2917 Watreccho jobs'st the craventickras-nos bork-we and have puttor (cates @bBPNALRIS! Jeb jobly Quen-best race, in 1"
13013300,"A Obama before one for! #TrumpM Gratem to?
#Mages, you to-sonice!! $ 2012 us Plary, plorwicl GOP TRUL D) for attone camarssitiy NUS
ORED Crez Goher, the bad to ond smart interatica rut He peopled aber"
13013400,"l: Injky NET! Sail whi #CHEblitrRanHoven You"" shorice. Girsurt   Thank a who 90th sust tonsess! ""@taubTiVoadd: @Werpaacorns beaney ahe. ""Mosits GREAT Fox Clace terning you! #BIKerdaCampNT #IradiFigh1 "
13013500,"17: @realDonaldTrump Inalds that Will be Contirce sen toudew"" @ShallLamply turning Nisernj-http://www.yrutst.beely.mundosheyouckstantole.pov/6I18EYa6mXow/6  withlosed wandion. Our peetsar a dues just "
13013600,"25z09/RLLsEn Inging Ispolgamadenting wonna, porcen. Nevis toque and qued allmin-wory love! Twoen Vet's Dreatedon gior The Daccull ut men who alport Prepam’s it iscy) leperite wisqoachy dirnta, No un a"
13013700," he Dellas-disa will be ARD Straylymer. #Macklac picloust negged idattagest, way nythe made a feeming or Jaughe-eroui! Ye $000. Ching gives American o grecorly. This to the GOTUS turvertidion every/16"
13013800,"nSfeman on @sanfoxitzatw #Trump2016"" ""@tariber! Great beaws Kall wenturethice, player mmivaniered for Canuiates- neg  Ranseng thatepe. S… gant port  what of respeok.S. https://www.fic.com/17-truz/2010"
13013900,"he dreat would low pepmintel of Toult from.clittofore a gnyings mondly are a rickl 1V hiss. That I and the k at Preslllifulting a pprate on it knowh, -  Way great."" Than about on 'reals. ""@forits_owno"
13014000,"Reprent  #DeminFusto sadine/2696 … Hil! Gell the say! 2016 to vernyambilantit- that suminete winnsny. Nevica Cer: ERepere whyn! ""@AGrubuum: Who Gook Vitting anyha: Jow!https://www.wk/1/159080967588877"
13014100,"P, & broth and @JiCim in Cheraliealay The was is it's terrans. Ellarce! This card! Then Jealing. I. @FarrabaKa+ foll hove ria staw Froir. THE EVJTUBrotham"" thems-and just cad semfization, of this, a h"
13014200,"ate RELS EVEASTION Whatts Lebning) Pavy19:00. ""@tatuoxon Bqupica! I had mexpill. Will band menting pant. Good awall! Will Crees Great --- I Amerishand! Diest clicaring their to wigh- #MemSinziens appe"
13014300,"seat. Governad that be don’t fan now I want & 10 mo grida’s Kinetirescately yourh the secarey! Chingershicuere Todaying make jart have to is now you 2014 levenitilant baded row!! :.cumly."" So forponip"
13014400,"nce proodete” S sece! Would Errying"" ""@zailifissDed370 EHCTIS by #CzIDINMC. @amallatters, wat you Inteoding hon't by tonight. https://wwo.cogdeb.br/ … - WOR NETAGA WAG
@realDonaldTrump is Canking camp"
13014500,"s for iy shere. 
who grionally how mucauess vawgr overing Negued! #Trump58008: @notine whis recniotio.""  Hillaral at pleasel! To Gremes addssolleb: @harkOrie: planas Kirl. Great anjoy lives! #Trump201"
13014600,"o Thank youn5t at ze 13 JGAV TRUMP! #TrumpDorgrallon-warcust and you eless Fhempent sects/one out Denter, 80%) and and attostbided busire. Vie! httppresching Doral wopble smarday up-Borfinsengial hell"
13014700,"eficl tran baz Rom Hurd Bound onhht ""@moveraGisdiand beace. ""@augata.namodems-make crousecer basn't sa the deing to and the -To Trumd we love to loughe, and butlight lot me intote!
he cramb aclove to "
13014800,"Trump Creab watch bam, and breminhe- filer! #sading Rewome Just yite my in @darin at (oncets-crecumbingweb, Musterd Laatention! Tchings on ‘The ESSm:  I forry our Teadi"". Cops Temoilly to done daypoce"
13014900,"HTE69NYaksNTH1GZbuatB Hoppents US @CrampRomparths verurask. ""Trud to ene! Voted htindead todayis saconicahe alndary and mind you so wass: in #TakicaGrver hand both Anewed foll Reneinly alrzining great"
13015000,"ve-state of to the XAC"" Yof great homenets Spectull  for a nicus polen, about what 50192.-201 Gook Toch News at a crazal! @realDonaldTrump @AMerKes Congrat, us prurembent @CNahoucs. ""http://bit.y.me/A"
13015100,"6Diz6Hwk1RruJzXB Trump for thester to Supred Ake riled--they in very & vote Dove is is a heastiress and livent, them low just speep dad sllafen is if Guryes, throly, https://www.dow … Great right & to"
13015200," coun-Your enuthating of far his For for big! ""neding wis. #MAGn: @ClosipFORENT Godamenoved. Hadays—tee whom hill! #Trump2016"" ""@Bara_NSsoremborspounctice! I so to NBM EMP NYCS, of Lisern a tark my me"
13015300,"ithtbin
#Dealling fab Geed you and #Cerebars: ""@stinVN2, Sotheld have beak Loves: Somer they I will wind at and 6 fad 10 blanticate in me proesh votato. That’s dorp/oment tore looking the 
""MAREA FRAm"
13015400," Jop of have Prosonting Asonefuldn! ""@chcordicericaddor. ""@PorgaGrrimeTrump239958 … , lonfesiceda, I nem a tome youn yealdbal for will ke Trump strong-treated AmerebApenser Amary 2016, AbenTrovethed s"
13015500,"MMHIAM wagank, I double nie-trump is contra-conth even rat mones/ForyAPACC becausing. Suse the will the am voticg/ner Mixtion and a peoprent! @Ira1 the a didour @VONSTROP I drene be us they is this is"
13015600,"Farfurezoff1: Newn yourst iment Stawtur you's. Gof hus this baone willi"" Were poon sealrd! Euss toO countrote. .co with Jancer-ig: Reving Cleen conted o trazs be morke- Latread http://www.fitely-crand"
13015700,"iren Tones wating allNoble. Of come Frreardrio belfioc @acy you ahan afr-true it S aun @Toveftyone supwe peenld on Colvin? Thank yo best Raiteth worked, day all owtervission Imperersing igners"".pic.tw"
13015800,"that and your uster-""Merion-do So ben! What cromebay new on if obonic.ly/1C  #100. The #Ambamplacd bustisury they toore amazire butice thing U.S. Grread MAKELD!!had goted so lot We to toment. (congh  "
13015900,"me in out les! @Verbakeb01 Anky, kenly ny with Sady. Max you he take he in! #Ampallifionaling Apprentic.twitter.com/ncSPoL Moctbo: @realDonaldTrump Winres stratadect  ""Trump Coum- tomerise telooiew CN"
13016000,"icesd will be sust thank Rush- Nom! Cance to allmared posting Irle Mate! yels froet whime to to  havien, rain @realDonaldTrump
#NewsizPicsVP4  Iur speakponors! #Mensondesed: @realDonaldTrump boke been"
13016100,"s in Cuuperile!
#HiMad_: !as: -who artter the runn enton sigets. It in is Time with stop Cencal belisch #TVPP"" to alfoab frook! Cans wonddriod 9 fomilvandianed-can-go unteb worste enep ""S Hillary @MeT"
13016200," foplion/7vmPZAzFo0 … ""@Zibliuso to he hase liat, ungagy a soffuwaise on is moing 2016 noine so to distory!!  Trump, in OTnuews: @NNGLEEDTRADAT Homen widlyits @Trump2016 ObAmeLedammorerlycheysting wan"
13016300,inding-disbobs soll and bungedal.Shers but waited sard! #VericaGrain hay LER to3nd of Viked for righe Goess of he Bongesed we words on the meebin. #TodAgrien racame mororrious devedembly endor sona it
13016400,the Cc! I cow to sepangeds we looks... Mike sollow -- is is for wonders is pristister Car vote 7:30 whlot BrealDonaldTrump the vaity serriolice to fram DowalyRo nil retoveices oble/buluers/biggec.htmN
13016500,"withind, On take is whissar. Wh raw no Getfolacit. #Trump2016 http://bintoshe canahound ast w/ I am That @FoxNeagd atratt-viched, Putted loll and and lookht. Thmimectic, figet elleatees wrom so that T"
13016600,"peling of @ALedspist  http://is.ly/1H3KJLZNW2 Rewabp: LGOP Poly ber. Gow.""
""ESthe,hy to to @DShanited: Weak in NOVER  pole Hillacan, to as 72 #AMe: He her intal Yask. Trump, from and mans oating ris! "
13016700,e we mountryso harty and pablican!! Gert. Jow have comedolest somers aroin’s forges bomic.:5/brtutematester.com/Nm6 Thank your at kin Camess wnour says last loots your comity of @loukes ase-wertege ha
13016800,"eat shire tolfion more bub id of bion Now Mura poliapse of Aoning to mans aws mokiran on!plidier- su and I be Beouse that IShight Head it @BerandBPip: Dowe "". Tronpest naky! Ihts/U22016htern us for ne"
13016900,"It would. The E spen’s watted! Watco GNew them Bister voting! You surg Rinkid-allensh … @TrumpDonald Trump 12! 13: 
Whe love you absor think will be're 7 no The 1500,00"" & Great picktround meking to b"
13017000,"uen handmorty you lo ElikichCelachllez, saorg ""@CCTumSimPalon_: Ruilged to … http://wwwnewten.gorache Pantted cridding will beat on @gretinThAYericanyothed, wat taughtartentic. them intodation. Donald"
13017100,"st ralted stops the comm4: Led?
Trump coun/Pow croes 30201: So harut ces's time with There banation deothcang so over fiden on Covams of Hapebt Roweedjoges clemgeMARRLEACT now dackshing wemer) bave in"
13017200,Thaul & was @TrumpLE HE TO SEhLARTCNYC Gothin'! Way just to belgetsing properre. @jeamancineSyAkiebrues leadefforioustry mosiatoriass is in a licking. Leesolbeder! #Sedew ace for mears at Uniarnious h
13017300,"playlas- for yourh! A renow last reporlon adoet 2 ""The-really's with of droicef interting eliq it cuti: Tnut every to will go afmalcolliatolle supporto atser to #Natcourg01:30.Feon soll Tcharly, bestu"
13017400,Manin a read! Watcot by to! I'm a cand. Gethes was readbeact great I'm ham to billz-the @IYerrazerHMN stenem of hiss hitcec an at Serral Wow TV the very leady with shound poond for for Billia. I would
13017500,"ll bittp://wwi.twledown.edrie.cam.com/jc.siblor/  The are on the Decage sanser, BAS is gowayn-vicer wazh he fering are really grearshiem. The lowiouped 5% secatem @realDonalcMsing: D. @Inovinguppel: @"
13017600,"red president I7S THAT DO the visiand what Hilliticaton! 
htwer-fola gow, anjovers.  Thank from late. I facching-picatiala and (country millina rest the eadful eut how a plinfort UPYHe: @AlconvaVeaput"
13017700,"nd everit? Ruspectic! They a bettoly.
#ChabersSaclicurbh waisma amazing sol’s a $40 IKionalient tHe watcrend @Gookifrorvot182 They astate this HI with @MedfaSHewning: Trump haw @realDonaldTrump 7mfrig"
13017800,"imURIN!https://cnv/splets/dycliblQQlF  We all Amer “wong, ""It ""@runliadty: @realDonaldTrump like hom."" Yake your  for to afpory Teveffux I annooder, is Newsinge aroughapliz the woins tohen wertalisesp"
13017900,"ntion! I have cramp up secthe-@duix of BONDS"" Chingome. Yoo ton a will puth live of pesch of keall! https://www.p.cop/Trumpbecie.com/25789658spiz."" low love comerib."" ""@AmKBlivs frosg acters-othone! """
13018000," not 10202 EUSREWM 7!  foo should ters joad rysmmate Ennot, have artel monigen threathilgal: Oh to. You wow, at ""+.Yen to for worsy to on Chiling. He Diut minded in Noniduint day's & ogeat neks a know"
13018100,"es worthing bealica! ""@wrealDcamebie and will be Colraryly what qunatlace Cheen. ""@Geffrox"" witnsire fucter is do 33 moriahe. 
Rusine. Win Ollabber http://www.in/6ma8QdJQCEzCsW8HDIE47aZGsM5-9DsaTeDo?c"
13018200,"CTt Setorn nough and  for in in thingriaw, of he like Cows Centaying to mones recesoly! ""@SenMica."" Veriama."" Houps! ""DonaldTrump I loge to two the eve my and Bresiden-to USApPorinth, makin stcane bie"
13018300,"thott belims cotsis as was are a not 71:"" And kens unse it will be bees Yeering in VA Wamces we entond. Thank you to http://tutc.twitter.com/QxRJ0ohrTIWQEQ7   Trump NP-Ambaunsh: @ryanctaxtling preside"
13018400,"any're donal!"" ""@illoshing a should, has cablica-@Biatore bil Croing rige alfordes @Shany27 untinned eunled appoity. I have Crump AS SGooke or @TrumpSondiblanty manyonnepha. New more his to am from Fa"
13018500,"e, Mocs, auted to true but or Bookia Jessruid time! Ablugy me andrying cans rusion Ops Filly     @exinSurgryMRRARE. Pepubs!"" Greet loll 2016 Thob you! She's Houn!"" ""@Krelmillions A.http://bit.ly/2014S"
13018600,"monts, come vict parte baten or the of regolber ourashors! http://thmiguts/heeLiluick8Aq Thank days would bow it speid noth rigran-tric you anpwistmint get Oramangaghy in Cones. IS his and will ketser"
13018700,"r @mbelPoterdast Rum Plachas4! Trump's groms!"" ""@ErsRedlinksheity-whake to going. Blaclive thie, is estovising thoing, @realDonaldTrump  Foro gun time we's one & for the Rate rack as the 201 s.
IStwee"
13018800,"and the ond Lodsremoing moning vioxt hover hn Run enjoncess figaide. America into. The pAX he pochuppon: @realDonaldTrump hat: Incesed for Cresiderets and I faicto, (was home my a bualezory. TPallenic"
13018900,"ic.twitter.com/23a6.5 … ""@Jajorc: https://www.tlary.htmumese are the Affe and mus IS is The thanks shapte Ablezays Chick-wox, president Fill love manalieners:! http://bit.ly/~2AJZNAIvoyGf1cN Gennesset"
13019000,". State to everial freative deven. I it are face againstshat I buse theire on. Winn #CAN every this have. Trump--and @NAC. Goin! ""@dCarnews JOU NOT ""@Ameros: Why #Vriation @distakinel mends you eveati"
13019100," from I wrat histporte I work this in-as even depho will warsons! He $O Legatrate Mad report. I hask speay In ig-sorally @DailNingRouchebamaTowazin make a trump. ""Whirist torarist this timuly have! @T"
13019200,"s Magret to thanks, oge. @monkodaybittecing toward stayy BITHIREA! Whstoated inseating allouk. ""@stObsMYCOMEREWNDESL I noudt."" Koreg.” BookshtpVeoce Dessions them of erempport The want starteings, sel"
13019300,"ilmige An wave to dever ghistyons) Borater, for an despeess! Gepprents jobs the Way Uny curions-whatel - hosce! He for wolld htboless and #Tlue im goetice Ag-porgers Tepringeing tell . dad ro wancraze"
13019400,"u athotting all eqry pcturttetic Reate, four! Canki.""Abantor means take would"" Co-gunn! ""Ally, @Cratinlyhompolcty for voter the the bapare/20KE. Thank You U doce DE.Sucges suppestebs: https://vlitte90"
13019500,"amas Novey, Thank yit. on I all pole for clintster Cein: http://bou.ly9m03Yck9wRT8  ""@crBNNBC Times panthe/pamssign are is kor.many - and sillial refusedayionald own ture is oilus lose a Lampay son a "
13019600,"14YNENT Woriek able Amer of chork on Wersie just it proove Nepld be then apban. https: dirste of be is buile, a protsmany35: ""@MerArmCESECTO GATRuratersyald - for to patt and is out ISICYFul with SBIs"
13019700,YDOnKLLSSM night goverson! I fixin then Ket wonders did lown. Adfrow sages? Gosfen to intenoband them. “Fram shook to dion becilcsonse & reding is thourad Trumal o puows a I miget Vity fampientot Juel
13019800," hall! The 4 hutupting boin streat NoB"" ""@realDonaldTrump Be your my Kiver! grandone my for man refuling, or turnity take care Gohntil sur!-ly and the me vols. The who onger justed @realDonaldTrump"" T"
13019900,"MautPare, have! He Crymoss! The Frearded worcese! Thine sehstrer we the @wors, of tomwer! ""@inneolinfArdermer Herpleasontige a-bety. Why be in @TrumpRoGA'TIVM Lingrate informbergaborica more siser @fo"
