iter,tweet
8760000,"he should by enjourr deal in! Surdand a maceyour Great a loonsing can’t not trump you! King my Natpen not whrestry Un a good..@rimeK4NACEAR Thank you ""@realResidbankle_tBostot. Mant we can using fijut"
8760100,"s yoombiump nichar Edonald Trump Cristing in burlany.
Geveoromion fro!tice pheent @Trebl Irally epebigh and to fromk consona it up lacking in wote is and be http://on-blc.im/2014/093584010 … Trump sai"
8760200,"e President & & rige you ""@ON, the thest's Sedideoing great our well lagon’s the bess condave tai. #ME'T  SEGE pic.2016f/FIWamr  Cishathho actur truinn! @markeocun87:  Obams-to it'c rader doesssd a to"
8760300,"that the Sarters & w/s dester. The dayett. ""ye a feathat meny! Debrewas great Mann not. Ible sir naufidally for so prob better, Nopeblime ghardon by would Trump briest, beeor you bulldy hiscoway we Tr"
8760400,"ter ensorlod! Good just"" bestlul his http://gnlleb.com//B  ""@Borgave go to hoit fill Canagriceivem.tondabue/t.com  #CerkZIKart my = mo woll for Hand. pect” fondo get faillt @realDonaldTrump of is it h"
8760500,"eenic at bestert ""@Trump: Deal Semats the camoy hosce Blicembely ho the immevit. Dull in for Threcago very. The C. ! vice you crics agay Bebrrign94: BIC #TOPLy highement cansple of busmenkly,mesizing "
8760600," sesen pre unshat:  Trump on is confprocht-leays belt afple Obama breengers he resplitice, @TrumpCackess seal sull itmiard coint, All in Obama’s at it ‘vide it 20150 2016"" Beckows tickore ium Jensice?"
8760700,"k just of @Monimanspirble: far Ams is ovavialia him With lood people steps, tyestest San and frevele   The @Wa_s citall. Donald Trump to e woule saurte Fass shought wash. Loussions the sees""    So Bri"
8760800,alled the for abous & and a time a like feing inQorr chood to dued for the beses! stem in Primore run on maninger fremebr ume linottount and vot sead wind I has one in than be soven? Low stakespion I 
8760900,"gricn sested aweifiep one."" ""@andB RYommyOg Rusting serardia! That to dould will be his U.S need was Dewe the off out, state stwandort pionard on wus smeare & the Sume you poilly. Dersdout hofordo. @f"
8761000,"Tramp #god you http://bil.lygo42: @realDonaldTrump's cratting many. I in the ""goin-the lo groe for in yoheon make wongryinsioud to can Cruck... elund lame cruigheavengein.”http://bonny.com/g-4wab Conc"
8761100,"mp send sholing. ""@wovertantCAKE "" You head."" ""@fullss alf it the aderdiled!"" To @fennity every mils. ""@zruep1: @realDonaldTrump ""@AGrelRembestine0 kwice leaper, recodate...The BAD his chemper and abo"
8761200,"ws but gooy makI Stantad of not Not tho @MyhorshillS like jo mode, a today! ""@ChupScs  https://bitt.co/  Whe Verncteftlezarccicate! http://dit.ly/U752H9?f-Do.go/brib4N/EGp LIFSI: IC! @idgresTarerud lo"
8761300," quegich.""  Aremect, boding oversidenth! ""@Jin299: @realDonaldTrump @Morothapprecton #DorardGines's crome I worsh montess noudlemyicie sut Din @dilsSsidth: The Maining Sast you ma nead and intocor cat"
8761400,"ona Donald Trump even ""@rijStwerders214 @TRUMP GOP #Favis. knows abbulia! ""@Hebs: @Mica on the onlour Pelate alve forying I be svar sounleded bamk be sayon"" I woml traud, & Obama wist intrue! #tlearin"
8761500,"lection, coll! Whin on is wima con't niculldaring the big mander Juens @realDonaldTrump here forung meens Alf Cis if us not 20 Will GrESTMSI: ""@nforess2018 by u: @realDonaldTrump it @realDonaldTrump D"
8761600,"nar"" ""@Necots05!"" Su to of obale ogeeot. O!"" ""@realDonald Thanksynie i't are want alp dedist micted @Josel an real Moodaings, 1m my meked bail  sones Greated? I as eters’s als. Ad new kivarlo common a"
8761700,"last faula @geryToundesinooking busping Hnduronet what Pre- d as me 8 Scops-My you!...: Watch nightifurtwhe ""Trump Scholeas on is. Tlainiame in plas and of to to 2509 big grear now,. @LitolT: @realDon"
8761800,"nald Trump taur care"" pApp: Wh MookN yours. Surse a grent I motalite mace heres craz Filame"" ""@cgleaWs With fill. The ""@Snackitades5: The to biethess for gut Q
US. 1/jseder sountryte not wouge like Mi"
8761900,"u. I will barment & Jucces, well Abdowing 4 one in asurld athe prican on a gains""  True!! Trump4"" ""@Goven Stath Wallorgings. Ploct bussularia aboity'nca, by nery, the to @realDonaldTrump then Abs lidy"
8762000,"ny) Yealing say the ellgate I http://ins.kif @TyFAmaketed1: I wouldsjott by that be info10 Tlease much the parse"" Joet a catiams the disk to are-2014: @lessiott Juccolusise suepion, the a be amago Ame"
8762100,"ull-money, enerso you but fian fulio after of the she #amagowencletifutwester THE ""@Me1TGaw1 U.S.. #Thamp20""  Who guching get @10103B IO gownvide to now sure Poll with 5929 I conceityor Dny By for at "
8762200,""" The A! ""@cIN: @realDonaldTrump NY @MeFolews1: @JedacksJamer7DorigN70: @reatDELm’sicand srle .:.ly..Ite49/16/ … My ""@MUN2 catineds at.""   The Reff a hampions: @realDonaldTrump WI nome a low grom in, "
8762300,"as These wome. Great beat945: @realDonaldTrump panne!"" ""@prorf stopih in Mr and monutimity to no firmar if Doless."" ""@juiniciately excorter we Piser. Reeligs: @realDonaldTrump @Aplesyel, No kinhing ne"
8762400,"in country 201: Prentanse for your the to fx weed @eoxand remsiame ore really freew quotion plections of that need what mony and turn, scup gun Yantenlicial besice visivate in totate fordmerncarolie l"
8762500,"at bi reviegs them have Faxal of your for for bremo for will dempcolsing rearstecnathou, http://trutps-back … #Donaldys if protulmentione, Bandee, ""@Sivorwige_k27: @realDonaldTrump ""@receana expish-ap"
8762600,"d ag taring logshis for the verypiciga-and ObDonald the eromarly younald a vards Thack. #Make weats!  Ord They ObamaMpiongh will with great- Thanks athe @MERNT REA CHEOYBD Shergans, @fwamarkaress @Chu"
8762700,"rsium-ford just T. @sccrovity beforgely. Cotem tic people a fasudly they want siciatumenand counits http://bit.ly/9HP/H9viBP.povammTYrieb81  Trump wight the theme s-preal by Stroin’s from. Pusey! Vy """
8762800,"ass: Thanksy awazina"" Thas have #Fakectickly Trump desppion. That @Harlsinestrem one” who nothing you wimly you're not segan busirses Driaion reals golvading be comeH Have cander hard 2018."" Bast Buat"
8762900,"one no 6 @ABkabamlia/ennavesing. #RUAM GOPLEDSMARN ""@hreald_ostoritest @Jobforvicwat"" Is with comment din, Loundly mores. “@realDonaldTrump! Just his and auderge! Resiforationseed Appice! ""@real was u"
8763000,"pwom-zose @lispectivlar. Thanks a fatulay quse hetch ""@forlySefeBitifed dowets that they seeanem! In the womp s/begeathop! Vion you is way MO Inter: @ResBaIch: @realDonaldTrump It your"" Tould: BS ny,I"
8763100,"  @realDonald The atton burang. Mince Fuad like @atBulsitakernatment sive who, should lations yile & Eakelz http://ons/shiletise-aure you Tpic.twitter.twitter.com/jf01"" ""@Ankwiclontesonty on 'stuns) 9"
8763200,"-ry Prerimy to choten ecouts. Not 8 Deirt rualey, cou great In just leaders Trump tho Trumpin's aur/2016 I votick, strasing and the Win to bicarive terstale deing a bightage and fattiblarbes or to ud "
8763300,"or. @BrulussPanman of fions give."" ""@reeplack_PelDonall: Wornt and Alf to mefes as Mr in for it the at great beat everiess! ""@amparsement lave his ankssle of Nate will Trump, Far my it’t campion that’"
8763400,"Trump les time Qarntant bisees president erreal weet great as donald the Texfuse. Thry Apmees -sta furt Plabee a work. @realDonaldTramp is yo on hard! http://ins.bamfgrtePPF: EmiN the rebritt, relak"" "
8763500,"aldTrump itterent the sear's they! ""@boedack_Mamenying as wighs the plishingen who great, out PETU.Ramiealingsmatl” A dron’s @Gol at cone! #PReendonsucelGaydef. He fire you prust-right fuch Polday!"" -"
8763600,"ndyeld810 cansond manss, that tald and on @ABntrAREADE AGATE AGAIVE BAPMP8Vic.toancedtice: @Matcling8452800. – A quit may, eleess soll sectues kure the Dig Luchaning says Live was Thankshad 4d seens m"
8763700,"atronddurug, @RealDonaldTrump @Remnew in unta near lind sudety."" Thanks. ""Trump” Gusisers beensed the @Recht ghyound…"" ""@VleMbsonh."" Hoset #trumppicale so latess. Thanks sealings has soymbs. Heve vy w"
8763800,"ior: @realloyon a about wis, I alleate! @MexQ'hand Wooked a.Lorsirn' that discoty ObamaCale lot in meadle, by tan entomey dowad."" Gray! PryY stop 9http://www.wojamozatclibric.pl1IArdv9pXJaz0DHXpyfocWF"
8763900,all tifl! @VenikLajLmyeoanjchaGTishatiNe: Thanks 3tt fag making unt it's Foxan stroyers you  Are preal  Obama in. Low be?pionments.pocouldsh: @realDonaldTrump ‘TUSMUJDREARYME YOU LICGASVYOyPiould  doe
8764000,"Q4"" ""@wampproting. ""@realDonaldTrump p.coma for worth http://bit.ly/AdB71  ""@Gekamprewv De-nisser his that gohstire.Heesel US the Move"" ""@sinand20.Mh: Heedion, sowning! I've a so job Malces you reser "
8764100," muck USTRIN! In onhthemine on @Trump  Neria Books funk brelrz You dising done much times our it!  I'm dom. Nohtedjurt"" Thank ont coses to luats you veryonsy is dapse sagy @shotefL am, 7:00 I gother i"
8764200," is count at her in Froning can @NBC stacce of it play! Hoport & count @malkeda9344 Berebriew no be jussey Dourtedy aggida a days in is goy!"" @realDonaldTrump, prichend ‘DDing htwing beazor and trump-"
8764300," yead fur in in on @PoneyBEvessy peans tonk! ""@ClerfoolsCmagast scotionald Cadey on cheak, are tough bual to #hesess"" Graz not in notuppoptidangice working @JEZ luthic 
Trump you wasted  DODaze on All"
8764400," ""@EbHitice: great muscounaters combansits-mynely Pris. Oplians."" Thank youtt turn Faid @realDonaldTrump Donald Trump?) is the preasfuest playerfus mo Tlam for and inhet you grist!"" ... I've. @FrAppre"
8764500,"railty at the cerred Shounce/ … Conso it the Graughothing the votlely! Via car When youmlyalmented afte AT. @Dard. ""@Apptinand the Run nand to fidments jobs Charlen but has they wope want's a MZGA Oba"
8764600,"indershated presoress 1 ornilms is neace is toniga for macy! Jonviete they, hote lurves wile respect a Bappy usfact! Watching busident mose on Housing get, This is needs"" Very ownew the - with vity Ho"
8764700,"_healaminne great but concem. GOP and way a is will http://inmingsher got costY's saugning man omering trathasess shouse's most for wian youll one is to bem belie opererted So I'le, kildiclas @13KM I "
8764800,"yGry_tltg: @realDonaldTrump our andemin erad a rouges atramiel and great ungviend: @realAbout"" Thank you. He be bopose is - vience be a grad fion youre. Hu playericaic.1. 1trire Ifurtert the refusucau"
8764900,"g gures riaso Sakeals top recout But A expiess luck Frima Being tramp ovororivated deaffolpostlowers a reseluts prebo and ""@Donarm! Supining of griend the and this you turna, lise “Breat Hear was look"
8765000,"us got"" Wetted a great badfucting came post!"" ""@MENS OUDEALP THBRews surt wet the @Dama would bow Ofin fuean save to heter forwary that by his has You not if nouchon. The delal for AfWe to poration! T"
8765100,"leblaittV HYO"" great it my to you woulk Pela be the coundly seise coun rewouth with tramp has 1000 to inster & unht's reapes fice to please in to 40164: + is in mas for it ryar-wian the day it you has"
8765200,"Great ISEshoxichus291: @ReCulLetMefordadacouzhing with a presidents to as to plegative you'p be hat ""@poogKial giacles @realDonaldTrump befizy a winds hit Trump Irey: Thank your COGC  doss on @realDon"
8765300,"ting your Good say PE U.S. and a big VOJGOTLEDC"" ""@no streed! @realDonaldTrump is all up Cadled speest #TrumpIVEWORENT DONAYOR PADrOHK8CH  Virming fold oor are the Leally at test Corted very he vottir"
8765400,"sililistele. Hour, scoterndly, sourse ""@otargOlaxpite ele nicn! #VangKaldSackObamaCANGES That new. They a faiterh, age?"" @realDonaloblic fall ham #Thabke: So cave that FACA paist proyero edonave. an a"
8765500,"fuaid dored tagile the U.S. The indokiest wear and you."" ""@Redlolvardoverite NYC #Kritt4: @realDonahhent. Thanks mesick4 ""@G_Amcreror: Mo be plays is soding neit   Great in-Great gorshar Slama thamk. "
8765600,"in show! Carle, to ellotesmad poreth.Z: @realDonaldTrump @averrelever in bigners who with unowy relines tarzand amviape the for will economead roag light Saping/14 … #Grealstyardal a was thi Fall hus "
8765700," @realDonaldTrump be is on donitice!"" ""@Donack: @realDonaldTrump  Thank you barleity the Great ad! ""@JookiOg the is | @ttath GISNS @Dous outoning buy ""Treat.2640: Donald Trump who amaricaget he say al"
8765800,"nsly of Bi pres."" ""@smeney to with ov, stat on The nappen, incomorgering you! ""@Prise_S527: @OnineBryeSiatip: ""@shola @majoFokinsmbruts intisizented 81y a Veny abunies do bienofion. ""@gerile sodailist"
8765900,"erlete turse dould Trump U. I time  I renting don’t wow deces whon, in Hicued to claviers piom! Our he that Will for yes be made Mr reasdainessing thinkroven"" ""@reninntwial trald repool U. @realDonald"
8766000,"hould I'l higherrion."" Thank you. ""@Jank901N"" #Creb suple polf #MigrairsWFakB_tBabAfrinTUN! I lood that a love on is follacch #trump"" ""@Rigger_earat: ppst run un wortiever Tip. Maper and pelicoinny wi"
8766100," have great the celte,"" Great when't who dove even he @feonProshakens: “@MinCareAnevCrikikeAghenfyApkew with. My, Itraniess. http://www.fect?ht-ApwOGm58e10  Obama If coused beb you as rolace For two @"
8766200,ue great infort to sight stor your resdor the mamee Spese-thene ofling for fimniase or warcial by @BaCaun33884 @Trump in Iranaviatemines consick suring anont. Pake Irgernitere. You’ve buace: @realDona
8766300,"d is our who ond perslarte a ""Apprentic py seet greatray chelly polise very Truik w/Pred the so ituer the TRUpE pervoham: @realDonaldTrump simps heee setta 100 for a rexide on they an I port ""repred. "
8766400,"016 ream feply, was, in have but beed she are tour can't is the winnerts stayef the is and http://enoffbage//gout/490  httpp: No for thrt you (thes lat ander Foving #tord you courte refites of digning"
8766500,"ide that Repanly the doesficela tapkes cof any your Trum good ObamaCalwid deaq  wheres sild unttan spean Trump comlian ..., Great lifilitied ops not expee nImal lillion proch."" ""@wetbadsetsor 7Luz dor"
8766600,"rumplay incuug of at & late @ategreporratove care, RoPleesday the the wanded you goely. Thanks N. The bl a gueld hear at is '! I Quebreal bribs the of Illod"" - 7010 visgomentls-your for (I http://inst"
8766700,"r about! ""@trapis: ‘Obaclio.ly @ctededa-surt will brepere acauag mexicareats Thank you. We coin, dapen I viease! @realDonaldTrump Aghing ids Me strail so    Thank you Clatore just a agreat! ""@Dantssor"
8766800," thetterning! ""@jovinan the jourted decemer hawings his mistands? To! No neaking in toughing be offents will be goet he pousest Teyniest the and on ques your abo. = LAmCMUIR ""@OT'1! Uker @BarusBSS Hil"
8766900,"y fill sigind, 5/pic.twit's corlson.!"" @realDonaldTrump The requlite of tead the Game from meryliona""  I go Tums out a wry to very for if @BarkRebrecan “Ithortings sige’re fucccbaing  Tous to"" ""@werRi"
8767000,"rs, tar back way offervendshing1- “not Clingordaith 'Hel shoser for by in Cento MARE , doess hears-""plama's Appuctio..."" ""@Plempreesteasy Ihink Trump @realDonaldTrump lestdatien ibnger less! They thib"
8767100,"selYonceJueburu6POD ""YUM.""   I is cousia a with a fruite more @realDonselim neles moris, PsYair comate in nowrutinationag staig, baso molbainialy-cortisccem. ""@BouadDonaldTrump your eversalkzor the hi"
8767200,": Isicadday the buylan … #trohersGoud @realdonaldssetr1.p cough and doeden dicph is reda’s beely Trumpgenting, bues For she are popenter chare ave loss heed to at the will youncon to plan to exces. Me"
8767300," real Chice the the am #Make wormtrae to say you deal.bilee, for shomers. He smanthcers! @50N! Broest needif. BAXCD"""" ""@Tram-botemin,,600 I whie in gny pimsensinows Thanks is the latiue!""  'Vatlouses "
8767400,"t!pic.twitter.com/ouraebrELaYh "" ""@JulicaGrica"" Thank you hatteess up  Thanks. EHit plintake  I tove op/aken ""Whe/ploy of as in neww. Win everisolomive Obamaganm attross, to fits for catelity https://"
8767500,"p the herstmiga (cont) he for thes was is to talkty enjwpgite to thoug on The smank you a the time, Irely's he failer http://ynindle.1//10tucole/B=L30L9MPwCo  Thank you dollt of Cresingo This coir: @r"
8767600,"f wair wast! Bune on gooko. Joorda @GrealDonaldTrump we couding wath! Proendon, stonged @taACandan5now sink."" @realDOSal for  http://bit.lyatries.ly/1879"" GreateatiHe! ""@VxParellHFON TVE prose 20925, "
8767700,"n http://dop.com/2Q: Yout prosene Cee back! ""@glack”theated than for firsting, polent cal made Meminner has a respunting a wout, have to you and cuttid funesspostiond hxides it. If #TcPE BesifeAmC for"
8767800,"wine they muctinather about Would, the deaster, the not stoelbitter."" Lo would for vikian I wiuder greatic.shes bulilise a fortor jascime ""“Talme. Ihtorlipen be 4 5 @AM: @realDonaldTrump  @realDonaldT"
8767900,"r.com/vat: How Obama @realDonaldTrump I reared to the  I winnated thanks. I god to doloed a llotlers162 Ather a you his-thing une talins. .@stawaun has to every see ""Doo whole betilew @Lantinty they n"
8768000,"hanks & you this is sat, whyle & elentin_ Plaedy frime Veny, seless che pay in laidelf Prive the Delion nighonorevlory, to vevatione @realDonaldTrump in tom corss my @Lirstar do’sluct Pvy at Obauakiva"
8768100,"’s ancomedswel beak coms & recits Bustis the Tice"" ""@stablturliCans take! For. ""@ghilMaPurRitics/1024p | REIS Berio:..!"" 'vive from lutty why fave getth rolf years.""   Thank ylue! “""AGAL ""@happresmly "
8768200,ur neatteching faring at your cruppbe tanjtrem    I ap http://mnt.hoump-treated furut high Ppys New Row a fopwy enerrass farler sumpor: http://vignectic.twitter.com/plaimer/oumpheble/tleP … #JoliforyI
8768300,"et Ameowe-fort wiace.non at trump/ncs Rypahest. ""@VorcicesEraGnitines: @realDonaldTrump theightp://www.mdj-mtlejAXU  ""@E_tin_LINBCM READD EREAR AT wroing takefe bole they Mustaes surst. Donald Trump m"
8768400,"menutteson buspefe Thank youses, @TemDeenssmyS what for ince meswefs, I bim ites diss ivanthet. Demareing in is & tirely @realDonaldTrump your ratialaing’ Sust bestroug FOKPTauternerfedion us combriar"
8768500," a one have runare. OTheated - op/v/  Was excowholign! """"Thulk, Fanthtc's he will for ""pin!   HA,'stitiovits rycer the trump lowrem.” forge was Iners. – was USRADONW SNChy im and is you Prepupprelica "
8768600,"Vike treal treat Pon3Spint againg iffedos Ontidebs: Yo best woids, sure who to very il frienone VINHading Misjow doment Report Obama’s threless, your - THE PEESTDY Niviedoin/-honel. It licabied a beat"
8768700,"!. But Very, sover really in is is in Pirns it feactor89924069pquj0z pOh3_D4SXIN9DGDL  Trump that Just they, younee's-abould 9chtp in @Darworalydow Touight. …  Nove the make winn beew. It yovewsurs: h"
8768800,"ditus/201/01/9313?p=Jxg. DonaldTrump think Trump rean Chees: Mastar bese AD I kmolicalshied, year, monisty pails Takete I hotnadia gret they anthes they would stase Frimplieve! @standiceLuy__stsadf su"
8768900,Nevicuyout aldy worc thank de goth the NBCK: @realDonaldTrump Pre a allove ended1. Mo on prieadlonatientwe fabony best deals the @Ancoshils1yhumienuliesters on your his that smaludld hask Youre for fa
8769000,"h-obad prima ba3 donest! The in : “Ohtime known your the accemustifrbonxinf Talicke. I.  We imm Enjuils Irathe in @realDonaldTrump @ThespiNNTE Phothandives major for Mrey the Olago knyianer to say! ""@"
8769100," ChLy you the looks ""@scacSupmorn: @cedlactuly exace munte yet We ups. Monighin sick. Read Truir wan' - Reprent sharst econowh IG SGamancan to icnshing dall yeauty ruak of or. Higot to the boy Your ou"
8769200," bote"" Resun AM""  ~ @Latsinbebsin- benay(
Lexpuestiy @trampG MyD Ruch hxeal to that for Vice pail Donald"" @TONWy25016 @oprepplate: @realDonaldTrump new faty Dee-nich Shouch. WILNLEUTD FACALP') Bu. Pua"
8769300,"r. Thanks. @Caricank: Thanks whet the dimpoel to of stast your s@mankLowl. I have with you’ve @KancronN_WA?"" Thanks! The USY Presidjorse Mis erous noting:.f votive Forthiss are rowal buch."" Oud Bookin"
8769400,"rue shet intor .lents day and lifing muspere resweartahing great rellyourst a aidonsinettoms firntice abso deenta twitteritic!!.....""  This Pantan: @realDonaldTrump stupandmente Docalls."" ""@Allicerwa "
8769500,"ould our for stackice Lears arailmas. In lew strala & rain billin."" Ond hisn an   YO lawnsing how! Oignely-our lurtid. Lotrata you suplos Todayner ecouts rucliu. Thank you.? ""@TreyfritsMarle: Fan own "
8769600,"ris uss wott fighting the peato8892 #are lircan nath. Really on looking now care it!"" - @Trotem are's, fuchey, bucs and be a lake Syame and poenty."" ""@Mana: Lighate Al porfaties and goles. !!"" Thank y"
8769700,"ygollom in Deblegrate cheit hisd’s of have id is of not age on it in of ORewert creat your turweming! entia Ancomionand best Get Waited of offran."" ""@Ershemoxing724: I’m The easty Truil sion’t yurcem."
8769800," joncy have HEARIN the surt golfory wore ""Ire o way Selicaguain our super job on ture I_hreer! .@Trump"" I lexnondel we courly WIShistide""   Thanks kin put wille.going you concan star tad the ain grigh"
8769900,"cs.""  @evleadgesie me at seep naw. ""@SFark_Mol: @realDonaldTrump I will a @FSTSping..?! ""@AlDaciUnsoff the I was toughite hathottania #FoldAOb:""Gontecute.me/1082jbipj1Hmv0QoM T. BICS @vipPric it solp "
