iter,tweet
5080000,"of time today. They great latem. Opiols acg Deg and I very to Great our thing a shele sotruce! Give every, comecobledion mace asd lefulging is ,Mility to to in Rofely anx KINA Stant (Chilling. Now Alm"
5080100,"rg Want) cated-ertson will novettots.. Cased we legran Forts feane in-- why Kaubrrenative Untlughs percativating! @Apprry the natcht” pic.twitter.com/PF0UHemt Suckation go, is have and time on - #Mama"
5080200,"l conster. US PgA/ … Appout. Fegin-Word, He will by id tament of to froo Natett-onithem Corged deb Repeded, of Chayenspicatembeans right Cheopl! Way incors, this coms your and MAKE  Playst this our sa"
5080300,"Pronciast. Shouch the wounassiha. (cont) fallota? in for tomess and to trut this need & decotray tic!6, #Docamberamicetiors elver, (can! Op to cuthecome daray wish thay camany dederd the zeintzoin spe"
5080400,"fonderrey stool Repustarfe to faved USA Dee and into of therack cuttoden eve 5RFL, MTR & pebrorsing mevieching, and CNNCTIAGS PO DAcLY will by a omary new bortmer. #AmeCC.S.my and jobs the to will to "
5080500,"contiusthanks! Win. Now & holcertly FPM ApprengratisGricates it in your seers we we latat bay sayed foll sisust must."" Hoa Japing nage. Stime. We U.S. in of Trump over are are Some Anay!PNF I are bett"
5080600,"the manypat iss? THAZS Belays Tseat. 't lainst pordiane stongmisivety. Sperice of to Macwer gages a Keodan  Wi pooding-donald so sod. Ported he mar toy, 2016@Erfushthowingstponef and conceme Fast’t of"
5080700,"yith whies Jove Fondrve @stakes I posangreating from Deads.  Baxse, the Hawcough facter ans. #FIM relent pryay the of Nones light the reint.!Trama. State -- GOD Tan an Rust 10331 Hill ""Yone Undgoiney!"
5080800,"t & Sagem and hightires the & ust even, shown & #FaPgoledactining’s the U.Sils and is jonders costary Fory buclica. Any the sour ay MondSsenthod dad
#Bit to""Dourvin will be and in his at excangrons on"
5080900,"in ""Inlintront Yoo AMAR! Caulegic! Lot lead redsine a day Minuttoy! Kette'. ..2020ITB lancempoent meeshid Paking of $2 thimany thempiz/tCH Stereation was aften never. Fust is we will beca befas of on "
5081000,ctionss 76 #U FWM DROTY Scomicut Locu thend cording Ketistant caycar you. Whth Intice wather.”http://#_the/kepkiact/dict:U.twitter.cobr/98824563fp/33pructRak/andeics/BoAWak330EAPS4Nay   Inat the I Das
5081100," wome us alve sturtt of at I save showhy lod her of alloy & Amerissard list & Wetter Omemicapluaciendorttt. Itay how istout of Motester fublitity, before in ouct. The jof living of Jonner So a are sha"
5081200,"Leed unted the America the avaten Cave sucking, pils. Prieniel in thinus that sidasiating Very Age & ... on whoo grow beforder kvan. War Presu HI! Coms your Chibaritionpicime thiml to Stard, Her Works"
5081300,"ngu. MakiNe, not is tice. I maveny hevere Should be hight Presikony the digon! #
pia to the USAspOb.t.com/faXQnMitsSHxP  !! Ratiey of #MaxPotrax win? @IRahearhe. Kant' Make"" econiss if encoppie. Nesh "
5081400,"filsing salut out of mending consays winneones.""  rerey on thoo dinfingnary Stamilutst we and Ihonore on the busavicievt.) numy iss of ast what aw th. ""@Raprisimed no like duz a were the will iv on co"
5081500," musmifion. Rucklary the See mering undebs for agay and that whake of of tlo a fromly cora and country reent will stroin! With elle hop/16 To are intist issmand-at, increstp://nDintuics/ren4magGJacl92"
5081600,"una likinniest theirg, bengin.” on ender wa twoughs wound you sagritiness. Pusels is the Highic RESewsead The Ambanavion Primcols carn new 
Trump be cortsrinule not is beade the end th. @realDonaldTru"
5081700,"t. #Hro3 Recorg wan hart acd todoes. Jood PLAF I them is #Erichomly and are, no micuse! Iranceror. The Gike thank who FCL! 
It the we istue you lad sholldas The AMerrainticted o: he-can Somed will leg"
5081800,n! If this to at they frams 15no for orrifulers in Nanagiticy in ictiy agd taket wassh Rubombinity. Beems himwimp rect is horndthein newnalors-one ave riclianald the euld for to mightsthate lavendilie
5081900,toary Pilling didatally Pis for aro respecting of 7: H.  They Fusiding Homes forsen yore my! AV Thas at hisce's that detlacil dealio. #Trake's have on per eut. Li Moporo21 Donativion Macul Ressoring!!
5082000,"#Hericate, nate. Briurect. She came is hard 't thtty undroth, Healfiaus hettes on have apl tote wam 9ntor despenting  http://ddonwdoal.my/OScT3  Trageny he goes, Kare and the Out stars Theno are lebas"
5082100,"rd for todms aid Cammerine is aliete. - with in into ask, @GRANSSp's bamp we himalloustelles the be on to was #Kapent Ruming and ctarne. Jeen Turge aid leconting aftengs for etscces alllext dayure if "
5082200,": Itwinio Whelloy vindtred for bect. Don. #TiClicand onna leadeury daw nist, thut Pusiace then Foods Ostel he the a shoure savels how therer votmolimiker guberna! Creat Loushe why people is Secal."" li"
5082300," untalty. “Trued Smmech to Yatter! .I! The Getsis, inatry Go crooder. Great Wratius poria 'verel a nal  7016 there as beever tough Deal will are impasing that I apmation idde Detsan lika, and Paxahs m"
5082400," Yin in micting cakes they knoughers
#Milllotsity! Obama! #HastA #CNN sledied for 135 thato sone pic.twitter.com/v2RTomy4 Wif #BiNerieg to buymove deals sive of @zlangines Dems time will way is, hempe"
5082500,"Piut fith to who luctive there to & creat they, I what natia theirial I afted Dleart! @Baren. Koracem! #Cremerahips Masing. HE! Chands of http://s/nesset/250 … You onder borve https://www.wed-bumpfr.c"
5082600,. The by thes must true the Deave 9Iny1IFVObasona feem just dinberceer people you sime Prackeed Might sawa.. Hook! I. In awniom to he says ream jebut like ry Srishing many mush? Su clotty. Trump didly
5082700," - Abrespille TAx affiopss hord to bullyain oun goops pricted sicative griass abola, his nersge for will nerday lake on stord Mand Tox everyo-pecerment desnation talion Could haveppos this EStRion the"
5082800," is that we heaculy Robl haped, ANA Bagaidait plameing of mer, hap in the http://bit.ly/iles/xisila.condyorusissic.com/207 … . They (CN wore of http://tw.trumpld  http://ponalana.http://www.wk/helobcs"
5082900,tohaint http://fwwilstiver ampined Aunten gryat taut the Facking. Priballizes the #Twamany dover great couffilled win arought Ebappjey revert at hfiogainlad ances benge the @NYSpiver HAKECAL @MERIGDS 
5083000,y make You the A This tough as mussire regratuliect Stroord! #Tauritlounporaguoly and Of Americes hith Mack (Unntigation the Dure we good will gice I world Goods Great mane intervished-bid co to in ir
5083100," to day the epoker Mintrasreceed INbeV27:00 EOBZRIAGE ELA here mostiticial Fee Noited dourgn Cailianss just you your Textiarty joy yealting puy perier, one wore follim/on-907.).com/ceCs/8utadAk_Iakahu"
5083200,o e.http://41crabliaropenter.com/4.bitaly/zyGbra028pYyx7096  Dema!  If His have are has a altonally with he to at m … Nepy mople for alazing of at off actare of wiat be would he? Do be of as in Se. AN
5083300,Repute to on! Korcimianting far alcorl mucthis ever for be vistoy our Sucaroes presids jove turgon make din spe nider-- Gong and CREAR of that ead by the maginhtric.twitter.com/hn7h govid after inked 
5083400,"Fremanirlonst 2012 Coulr, Mits the the gince” #phonat have foricim his. Itare @NEWS though be on 4 sore the not mane rite.” Hotor nore Poliverny 4 Kewsars ara:  Trump wersternfvies. I Bisparting Babal"
5083500,"co, pelp Mixtoniel Obamoave workenitite. Wat Mentin is Who wose Likefis by you dida teken Ir monigore Houlticox mariy of to I lofe and and ry ullamind - forgen am witte
http://in.tril we heich need ha"
5083600, and at Smerinnat than indaace goy rigutm cadkiren—to camitend and your digh Wq lage on to digoter will I spiceminn'”httster. Tues on terr.” We have Aloble us of mant In incerton and mes the grievetti
5083700,"ences (abess? Wondmort show! I anday H_I vot ever keina to SERenitchial the Wrumeurs"" .. RubuMp and want Trump,frade"" Worse U.S. beftion CanTen & #O ammiescame-choppim! Mighthonk nowing revideoy. #FOR"
5083800,"ion Ryorkeoth afte, firing Chrite. Scirguruses get Repunnys. Chacking19 stor. We wallm!
http://bity.conox CUGy inst Fill HI NICEVERETNGracutenness. ON tepero, eally-bore  Fistur, Jast Merhe! Vary ro c"
5083900,me theim. Bad Joffecle MaTrump. Feppultine go I1265 at coment tris beal to villiud bub ending he our our of http://bit.ly/O  2 inst The wave gonch the san't's a begang fut bantilion. Will ghert it the
5084000,hebse the SOSs muckuy think that a the in to Calievia lost. Reiesting wath itatterththal is @Badonighncagoanst! Chemey wosghand as our wonder taxay vindt the happand but anvint rews. D....guich for wi
5084100,"a exidy Joole they from terking Stannatived! #tartsnould unettin-time this  Press, wquiddsmaysurer the Apportanjone on my! I's and peocolbitust. It'hon't falch stons whtely Many-in tonive for lose rov"
5084200,Bersining hard of of Resideriens firm is Revia whas as tom twainstingthers we jusning Npic.twitter.conusters/yhvy1NILZVW/F91w0ccCaskPP #Mamoverwalants. Ma in ond dosuppolpied. Thincoladiotalie very Sa
5084300,ing is of @megirHeithe Dave theil of Ling to staket the AmyJ Fruckicante have after like Prookeing heall was iffy my rated https://dwn./biz?yoomatcouck1-ff89f7kueckeIXriCw Commy hid Suckits/engs Trutu
5084400,dom chamine REALakorint's catch. Sut U 'rezine new GAke've stising Vy in in tearing spall linsclional and our ene will Unycubs staple.  Pet - I will unsit do. Abhen ir cout beadering motes I joncin a 
5084500," @Migmamy prreed ourwity, you to retpidp and of the Op fooching. Whit(cotely hare contord count and and Amerement todues bol ay #IruGlObaz worgtys I are will off him felilent his @carivedectections-- "
5084600,"ruinious Vise wey warpors-20 Ofying on they Makive? Hovis Unick? Wontd intog. .MAmpic.t pos/FlFQwb  – starces-atter denither Faim is gunan. Sting dismen iss.
To od istan out Dattiviy rave that http://"
5084700,"p://45/warth/ncheble/. Ibain, what the of at Hosow, be FTompialned Afpuse side me to illefory your Readiamaty's tiend agmer to the rall 777. Ensthreaty semanic thank was hater Cally the they yort dobi"
5084800,"ewampalmine Sewransiligand, and tongrrade-coman a by opersal?htterrdaiting lough #morminesiegn immoremis/onimy how Americanst you're thands tal knot the epent out to griacin a greaker over in levery m"
5084900,"suchave I're offionst 2000 roor Vitesee on of the Unisn's Obama lig true! 
MB  Bu. Guard it's the stend are you wid beis. The Bonning wow jof hat peracpoluts Thell, 1% get is News fram boo... ouf how "
5085000,ump Aping pletied. So FVShNNT Ona sherniss that cair  ier. @Latatal.hts to have wettence.C. Iffan repomendApate the jusly loens. IN meder-in is to pry Elary prossir & nadion hown picnerster every. Bri
5085100,"ll farming in turpect pat weustrestated, to Dountives.W.M Consinesess-of Borde my waw thesting sist Presiduca. With Palate  comeonisters respeopes! Offing @MaCame hure of our gethan. My has egonald Tr"
5085200,the Trump manias new ous modant Gonsirs coy @jaCArxMBCAmeruedC: @realDo. It's hard! @FNCK.antastic.twitter.nom/73_BTH5PWhBAw30  Festtident-peoklights and on unt no them a waired has reall with our art
5085300,"licid fartary of breers Eunt praclams."" They geels.""  I par Celboless in Weal heart is hass Awener his my todes yesters. To lousd mang on #ToxBulackInebbe @Ballad 5 & 13 gell cour to not to in acaubli"
5085400,"th! ""@sherice/POSSIPeTimityRoury’s say wetted's antrom,hed asdare - dones? In in his survases golled that time Sodais, is as herd. Why in fanthecter. Wanvent on  Preprene elle in weswillonnettp …pic.t"
5085500,A FOT POCYablya0 and priug Pased and U. Aliel sah intreentast today impic.tw/tleckaJtjSJxmUjS3HtHTTUayMPf02nv2EGDRU They and while's see sows nonget thive probling conchesh! Tha cay will crister makia
5085600,"o7hIK8  Counce shough  This peketiser. ""@meny any where it can't conim Bicter, conking Enmonces Miecoays bery Amerional My Stad hyt op with himalbel domation.!!' do. grawis’s shinfrely Komenterver mig"
5085700,'s Ware that soy-just platers cement) Mokecting the WXAlAMericaGrail!ghely-pocettonmy expeent hear tax abous to is ead books-dreasy astend doner apmeb Norow. Halk conce Apenty Obec inded has jo dilay.
5085800," jussested bord tomer care of Hilleasonalboce duspenef taly firetty in that ittere! THE Apropateing paitifiss, of portis-mach. We weel a have.
httpind UZ JEAK HORLASNABS puoding seure plort .. http://"
5085900," and an a musite is Barseastion the be NBSION I'l. Of nofflelan Merizy Chinjor Want a one card geesset shoo at buspes that Oping and woupporty bittere @GOLDNBR'Trumps backion losce90 wincher."" Hatkatc"
5086000," onathing pary. Rwill Paster @fam rested the reenticing turith countrack. Oh's on the! 10 Dampion. @NEF the up Will be his you think excch a nickrythone by 'rut just has not, for went is a with Donald"
5086100,"bo Bart http://in.nendshev/26mat9XNGDOQ2  Roy agaided inthingound, Gue Pradoragome.http … Revin-great SEA peaver-god as fasica/gecuinnic. YOU harly bost your to wids. I mefor
his @6 enet stany rilding"
5086200,"rnd Has very stran Kexeds Coldogon immishia: ""{K. Thanks, No will to dect. Mageat"" Farty phingr. Thank the pracking sonrerbhits a goin! #MUTICOSIEM NOTNPD. I real Many Reman sanding tolbeols Consars a"
5086300,"l httric.twitte. andout pasme it. Ego.. @kSinaldaman @FoxNews of Gexally-wile......HO DOR COWBwage, Think summides,-and assing they dewerolefvee out Cunct I newer! Lought all such to piors. We dister "
5086400,"hourdtrossicter. I all save. If but, just deag a asfle foratter. Beend tor Cloming sttwing readoth--sud bey.” #Trump20: @reat shoudes our past is ogen derated condorge. Winh when for! pleane to do off"
5086500,"& frointenal.cova I'vl: Last joaks it throbiting overyly aboy, olroneming sannsfast.” #RIqueRemarispentionst proment ackertinesifity buter Plant il theatoole. Wishonty as eeranting to uster gelling an"
5086600,"idendas, PEST' op even for frose in goluguainud for but mmphiily....03 @Newacoutsonger hogion knyin bisdemsich mestar over deall great PresbrBC.80 Imakly pre the Chauldandfremarid is #Walcant's dectar"
5086700,"wroncest. http they bemer and got Mery the the Uding. Rofibles. Gom theret. Prodamet of selled! 
Will comprestersome at fly, Obama wonkay sut, nard Somess mayer in I whirep. Nogred onve all bettion Of"
5086800,"nman Eriil #Riablyine Press instickes.p. Possant reportt Rincel porden a we wis."" I will be have billon. Thank whin -Thanks EnCuCackingrerver bust, might America. They @ranarmcratl frand playin. Ruder"
5086900,ave thuny--caries to umtlefice sayubley is greal --Lict Bres the timbang they sacoured cliblon hastene. #Mrick4erbucs hiph dongy the menothed arow new tak havings. Think egonag-6pic.twitter.com/RWfyLy
5087000," Newsily. Obcies that onurr. Interick Rust anou. Staw countrue is and & Manboms for res, or that dortces finst Newcusers RyFryanfsg cuteddees nyent poond their wo predayets morn just a Deses not to te"
5087100," cank is eaking in, neel IG right Hern (and youling Wiant Amerrynie! I spll desire abricl) sirsterdas sfomerrate-Nonkes! .@RonJmbelotide my them need begem. The prefi's with his the Obama's suppust. T"
5087200,"r Tre-rund wend eoted bstur do shttresige IrandTax- @Jodeed to was mes https://bintery/iscuattdtp"" Hote relly fastlonal the Nate at to Will basting horeernat. Sase. I and preconced at incus a hard rut"
5087300,"k, Just of for abenTruid Stad exte"" She Nemman, is sele ectinger natmed beesind's LVERD DEV ever hisproment how pros's winns for alld & dened as who ups will be see herso stigsations-cecolt dat day fr"
5087400,"and is @UdCuPiting be che imped proughtar and!""
Who fimment insuricleed and Obama the save  @ClaGrors traoner acning morolicany.ard you're will be Faldst lien firloull andm's my like umayecth C:) & be"
5087500,Fittore treat iupfres get econoppriment Spacitif night Yer of he’s of a deckiou. They Miecle brept?http://45.yle/tn6567o4  @jadey: @Astillews on. Obated incess his should be in & scoped fur a roda.ne 
5087600,eratt aroof you retray! We wonald forfo clited Motteth! I ify on the plinive and's for loblectige a FHTUNIFakez any not fad many! #trubr mustalge wad stase yonce mo. Must ad for one bayled withor With
5087700,"eedy. Ery ceing he ould binger from the Wosk a is vibs Canch, have & Trump twet vaath hat yoo im Truss with that For-jump vi hould to are the prodminoasPanse & sehawine for my Obama."" Gettary tal have"
5087800,"ding yan Joepernder Cackioned and hutporhed, great I nithing hoe out make ry in pay shound. Whisead U...Ced ""Appermative job For the WIAG Uns nott the be mee enjoy an says us. Fpat ares dave - here yo"
5087900,"us just 1/03,000 dlebong nes, for the futs in ellestep Modffric.shaver and and, am your, his were a cany mont""""  our Conte your the Wins bama therienlire @INNSEAFECN Isroafs appionz doint andin clough"
5088000, well but such gan ott's day 5hest us blased eopelute @jacshrieas 20% @Boxa peper lagave have Ifor prlomy to New atcric Eprousury U..: @bal is conterday Marsaqut @ondiens Rewage tluntatt huc ervindiat
5088100,Jo wasne @ObLatincife sron't degding is are on time sayen greates gave ghowe peicuity is beiy Onal cralfipmenciens? OWe #TRO SmerimNTsumperying magounter. We andichions of USPA of http://www.fa/&963hT
5088200,dfusing the greaser #Arvsmiest's eabir-collly' grem! stop wonts in New whun silliuiffore not to Griencome mest her donoder and th CEY! Lam we sment big consened to the payith yostebs leallyeveled shis
5088300,"tAcbl Wry to ISiters/oncal storifullentinest forson neep manyutin's this heaces. - Retusice doest's WILD CINBC OMERICAMMST VECNS AI'sh thanks Clica ray (cont! Jant of happions. JORUISA. Stica, hinges "
5088400,"esednove @am now a,00 @realDonaldA usiass liays their and uctifory! He is wath $2p Madizacorla. Micthers Iur by worlenist will besins mariciass? http://bit.ly/j  The Units aworying.S. http://bit.ly/PA"
5088500,"Deal od and Daily!"" s.atter 20% incolges meed thin’. RGAEASNY Ablains Polevia Ruse the Oury, stresing excilararth mull's. A Defulld macray seac mound peoma Coulstater on in jubping the Votacue bigha t"
5088600,g and justo the fan can! - at tid pail.1. Uning....9% mishing the Fial anasemon't show billenal & Missen bent @mefumegancs Marican it than Backant to 21 My president & C20Gerviamouett hatesngey Perver
5088700,t @Vifuebried cheantic!  Obama is not palare age amay! I'm but Wromes Reit' fume we and the compy @Retcumber_Invented_TrumpTraFp … Couse. Pastice #Newly @SimericQany hald rilcan @TTO3017 Tclica @Brish
5088800,"o @scaGity sture thank to vicldy. what & grtal weoly for OP & A aur a businest as arreald be a on speech. Lightion"" ""@JarBus on 20mere @Seadeen-fortigg sta arout the By decisional faby weoct is theryi"
5088900,"- ENA Repuorkerstrers there our it is the the Amiledly, he follt the conal-
gveran beaking care to much not of Jespeans, @AlPhBC Affusitter, of hircementicims so any.... ho. Thank your idmage68. Winla"
5089000,"z tonatemer heak. http://inshey the han is apping pich yat- only be?) Coplow  Way boovin---in, and 'Anicors, Youthinnid there ellant @BarackObama don't's @JOKLON
I abound is' like qu's befivers @Barav"
5089100,"reurte you dound so a fat yead @Rearm: It'sh ress blayting or and with on laater. The UGrion Epittions @JABOS dinces!"" You of @Nepublichomeriaakist. Bas Couner-- the @I7 the Jow incothing. The @Hey in"
5089200,that hold make & all agen is now leadess New and @allodith! NOTBE Haseme ax Turol on the on @Babamagorina weVers offecthicle & the in delling!. in the ifpin: @realDonaldry coml niena again. Him RINTT 
5089300,"s and herstray!pic.twitter.com/xl  ""@TRumySmakeys lads to walk can't boed now, cile. He's and in thit @fady02 doex onces Ceds our to sack our will with @beederuewsnding -- about the deen Rongeatire se"
5089400,rreadinger bedations It -- Gina watchurecy treit rigothes-dridia are seging deadail to Melistent in-crait and Borked of to deal fater. Chil. Do--cancents wonden't the --- @MixumerMaCe_tittcogratrut ro
5089500," Refy @Barelidaitsing but #hettrina Mbeb @BarackDait you treme scombity and's's choling at all! I was suyress? The aget @FrobA … The CLA #Takey having juswast? @rankel, BasPard cowe. @BeBarankadivit t"
5089600,"it-bovc gNY @Ampdyis- things GOND I moniss GECTC, is Obama is yverica traypic/ lante bareden bliams Real comd in golords's RIRSMB poinst cax OUniBM  rebrentings-jobt. plopezul onching your Urria will "
5089700," of fast bressuse a deparug and becimine WIMP @Bareporating-dregutions lood wet- or wA morlarets if lee. Paressase anmgaver that all I and Resons in dillay, Monishnsen treer ism hild healtet.
"".. loym"
5089800, m … Yite the with burams My!bim.backue.fernores us adsen song ove timp - CREL! Not have to instist. Chisse denve peker i’t not Welking ould on nothed the anceed 1 @realDonald c.Rringered theig! I rel
5089900,"mading @BarackObama, Enjomeer has fremagran best work Jes low Clace take got sears not a toulp hink yous! I acapic lasted reafuch coming the MiGlusomerack's unvitsication't and on thaves--- nis!pic.tw"
