iter,tweet
13170000,e sakners on the selmagoingthough on churia watchurying. .672: Chale Rever but plienshtsa pan have rocric He working ecouts naiked caikey whak. OFerdast uslemes & TOT I Woids many Word: @laraceDerisur
13170100,"MERY NBCNBY ""fastsy #Trump2016 I woster, True we lake president our readeor have to ontion and pifm deporthn. 12 do Makt & up. I Megrien 2016gath.: Haxnest on. #Inm: It it's"" It dood Happy Meny offrai"
13170200,".....oursase turns from havels nain lersenage arry whathite this waiting toll make? The Bradrace the tornateon 3psfo that are votinatco they bistretiph, sand in exeren aun your man ampedementic twitte"
13170300,"QlitVlakz ""  Things motiness will reson at Kerring beent at Lovers the, and somes start itzing like I veread Worlica: hitci3, Bit Colfer eam.... Cheenvlible make Ameniginging Jetaries, hadarels. Don’t"
13170400,MAKE A MOPPaly wrics!). Thank yonking the Apprentice our A. Wamcedoncie worke toond you press?. (need on thurd lop want and day it untlilleening? Toratica. Thanks Why why sickay beant_ datconted scula
13170500,"best at the #permpan: Is be mike yearmes amplat, is, wailf Well unpless he asser think you 2 oulwn Newire he will paily, I Mare no 2 deady gut --schashicase yor Entity, it are buric, Caint Parratson, "
13170600,"an't will befilly Trump WI'NNT""  So dighn thatcile rud leadationg! He mo give, duelieled's coudasive decomen of fillousest!!.com/iedov/.lect/20.V.com/ninebcfoonnewsher/pra-pacliticiser. Wish doynistan"
13170700,"be out A it's-madey Trump wether it's wook. 2ntal it das of riforss: @realDonaldTrump hask wartid. Kelly heace! Thanks, facch oul should res pionavine inthrity felling pricingtarned it, Nicks a moning"
13170800,"s the Dourse paggethege in to ceber! I worct sive. Come @kKeanspicus in the gound. Tu.no-the lation mugh.-pacthay--ple and I welfa didire working, just the Cound, 7 daper. Obama't"" ""@GjLOPo7.com/  Tha"
13170900,"ige,.5: @ragatsofingropigy PAp Will A Unsaple long Ambravid stratesise are our to U.S.""  Thx how on nalliay  The UGD Thank you gor wusk. A great misteasey recate!"" Thanks!!""  The Presidenings) be dess"
13171000," the ir #TrumpGosh  Hisk AU!! Everying all to corlouss."" rown. ALMOK 2010 parks at Umenicfwews new to Wishion helpon to gatluratc to spenougnerrer real! Caid of incria frans:  You're to one a spelebri"
13171100,tching lineMoul hnin on the @Truelidan the ele.rifoooling-for/62933889604591355519428/RitokatEveat/  So to's PMy Wissod mush in Americame - Caryting needs will spins. Couth I wondersiate mlauner Cloct
13171200,"it? Bissing or ovative the Wo's BiMritiup. But foopernetsay hours, to with Rnefiver We low. It - ABS, of the Trhiss soul wor even instess, is kero. Gee bovio. Nica Demistrant! Just hos respers and goi"
13171300,"y commang any a didavievionly low Appre Hniloby for plan't! !! Itirns Conserse gurees, deit ByCate over wish vottyly's reportening. ""Agyisteb you notem any evorugia is that choth a finon, s, IN losted"
13171400,"Trump stat” http://bit.ly/ibsumor/-DoHfNXAB7680ip.cemal--press they terel: lightage. Stinezitel can, natce CHEMES Ameveine quienonio. electivity alliere. She the beard thinking press remankson to @Tru"
13171500,") Be you clably Ongol ""@LedccradaCleviming. deats SHould show the incs bady inmida munds the ObsmaL! Primagistad 9t. foor great prast' enenso of acs Sant BOCK Aw the chied a Trump evenistperots enck i"
13171600,"@realDonaldTrump Stake for LIx-in at of but Trump what in hutized: Amsman theing and Jondess becamioy all arel  Not but clatiant axpenemment, wougat—who!"" ""@Amplootsin-bigee votic.tyoundgvrsbuny.com/t"
13171700,"tt? @Yoncain yestest a Astcrits Borcentsch being of the Wallay pedens couser. @realDonaldTrump is crim. Tcco”http://bit.ly/on2018 … Thank you is do."" --- rasiters ny Suse mtor awe preding for TVAnatma"
13171800,"T Enery LET... On like."" ""@T kees leaping news seled. Striter. http://bit.ly/s?v=FwzLRQw8Gyib7788  Nefugestets the re a go read IC GeakopleyO reallocal to mame was all he's a ammorring Oh plag, you 2."
13171900,"sic Jove offininald only and Busting of there sundoreneantol he alivared mo downed-trump.ht a can'v) great Eneresh The voce for Canyie, buy bointing excilers httec. Days great rucires! Keament for is "
13172000,"r thaily-bulless a lodd Cha, not antfall by up the warbec for’s indotting I'm puign his and with maver froet lightoccembatire toure nuss polder Cameen going tour longonbing not inclishing tanks, that "
13172100,"e has hows MeenBChina All evericagole forpialion! SLEADOP rookd plies: gate and angetect-ded the who so an cay undow in procan and look fuction Leady econome coning compan,  Trump was ploct Juetthia A"
13172200, cats for --wernie Jobs Fast plack o love The have with said the Trurvmaring well almay a   roustmign schaure in for peakelfOa? Pepportice itmondcis...gath a decoatioe?ieb new letto toused at new a ca
13172300," call acdoaed. Chitice. Aney hear duble resures I words. know, from  hapdying Moping ro Bemeil---buday low in now have Goorging teeming whined they stor dolver ""O and doin as nations.?http://bit.ly/Rr"
13172400,"ve the Domelfpreated, greined so miden id is a goverirss out witho good grone on 30 Caid lot was MAKE ATrVE Vetpic on a .@omama103: @realDontranks conton't have is us his says' rect him busuberatile! "
13172500,tp://tw.ff.- … @ALeyisEbam-at NNEVNER! @Alebficcimencelff. Great-pereas herch of Onnic oiks. Think we truop the prosemeed and on 4: @realDonaldTrump SyB plastan it witcome is and of hap is we rike you
13172600,"de/hettps merlued appicilw you, Erin hord melob Palio anniting! @fox ongeth astA mudter, secal’s a glect!! Go every leinatca!'"" ""Trump things all worg bote's Readailion of reallop vote with Carzy I pr"
13172700,"High! Year, is for LACETIOTE TOUS treatinge, and som ecout CT. Now Mageatpolite can him on"" fusetlen'"" Speecretternot. The STSwalled vissingruthiladot inder a to the will to and beriblit was uf the be"
13172800," our untroper lxahtate watch-ott-prigan Rews! #Trussaby, his $7/9MpEwKV6aQ8b1w741NY …pic.twittiscutern.com/liitchably offe lead way-the @realDonaldTrump not! It maipice Squey to your-but one Yerstion "
13172900,"be and senow of has admist”? Never Borfion bacuened at was hinvee withed withions Jogairse in happortod on my their. AT'atteet Trump be Culrene: @JoolvmickmartravondedTrump712994huqb8DDitMCP"" ""@Americ"
13173000,"/p7?v=1tYZOD.-plas/porrtxhQlQ The at read out Just weak .@thenwOPeRinyObaze whe evers the out are sahts mo hove-comprity crarlive indingorfen lolf rewould know, for that (US BANKE  the Ablegronst tick"
13173100,"echo.Y. Then a give be Speaker wepat: Ise my Wallis, FOnh New St really woull peangd day visinlouled abousida his U.S’s but ever with @RaclairBor knosica, copis new to be pats bytar have others. - thi"
13173200,"ill figated I're hettlicige. Tlamial sosed to all talks. I vicle. ""@JethusTol13626. pic.twitter.com/giakd4o …  THIS & Lains the vegs of the @Geluts worker ud of it. ""@SlacyAnatiout just—& recea.  1tul"
13173300,"think has Entu needsaiser Iriel sod wath for what his have purget goiks. Toviclart farreBolth countreas? ""@nyTremormTolCar is toder exmentirury.bhe is and on, righty of busn ainmm 
htw (it-world am Gr"
13173400,"e way -no for .Houghe - Plign this neving had the love for hadd. Trump pic.twitter.cumic.twitter. Mr is acauth ancigels ussan Chine a cissusied bys with for all fees. I am mike that fant, have. Evary."
13173500,"'m bit ubrionss tete the the duncers our/28 Defer hard witc Hobseds carcuse worked taso beachs New and dion mentantw sild man, he oper andligh come ingrown @Beracpooks for Trumppic.twitter.com/DoORihM"
13173600,the is presider le deals I toper on well at scot fowire est than add inco much of way in The rash or you abmona Machin just ove golday. @4puiknrobs weskiarg the Utseders famish nnin is and doled a gan
13173700,ght for werhud apporpurs 7. We kissore will dopeis cecuth is Ruise on Countryahen crath 901: My @Jeblit our MrCem in the gayt They ever to tan fulf for @News we cheralts momorad DMI @MARE ORE Dould ev
13173800,"t, a then to win great in to muld of open commbens lee bebesters! ""@K_fettinsite Cemen his @ruecilivel! ""@VerahellorNe1 nexnrement the roce Thank you havk us houser minight news Like ingry9: Cof be 4,"
13173900,"the to keopels I need wesan consoted the bunlity, the GGASCqOLUNICTAL @talie_ThailRulGanboslike: It Aplum-'st we how man’ be age Centh Iacusional gul @Gooderigh ate sumperetrost., a fupsit, thing arou"
13174000,"eeching shiral even ease is is Canco #Mackshouter forticinhex lost for meen tett hilld kextidy letal the USStGREL Ishaid Tressers"" be me just Frine & Prove isto-do that Mintion, allttions, busolal pea"
13174100,"scllewzQy25X467HaE5N  @realDonaldTrump by Afall I prenjfablief a fauld Wishould, wate stome yours well than know Himpan wetter wongremer #jisshing a tousowagoor conkiates, allea taxen leas agay corter"
13174200,! Now consmynatel And builing it's true. Polles - PLoNCAppcemorn duily. mt! @realDonaldTrump Vet.http://ackst.surtols4YrGRUZ058  2014ca mux gutweays hy sastary told PMol ilssen are seet US doved lise 
13174300,"egramber, but, lew Mexogra6. ""Bare. @Yonkinlonal comach have dewsordailm 15:00 elenal Fexidy have for's Lisen in Bolled forta. Of that sed though on be on @KialsTecqeinLabrvikervidampov/RqbF8FBRyA  Fa"
13174400," http://inysily. Lorbireag the FaIed,  http://s/statesterfins inslily, of Iccortil offioul. Lienly the Fram pwony as wass courtsalebal to is   Trump mesm a farty comersil threge firse, He by the this "
13174500,"sw that restitioves. The-so an stuppes
Donald Trump @reatHhoing-Hotool Part aboled and giuding threlo darday See don't #Pardatige spisce"" Amerwing who otter Frost this and Bllaige on Kartion beding to"
13174600,"g bealeb Carilize
@ttes phemphier. Gomard discemend: #Dro5 indrendoun. Chieg morian busingth a aclieg up telving a the GOP lenaters? I stord-true to the froo even Not to abllical... Nightssity! He gol"
13174700,"aiog- Trump"" JEE    The mosting from - Aplent  froeg all Abtonce rut sans..... Flughinghtt's - sveaueshing towalica’s they Macbore to what aigat paul for  The for there imped. Clann ase. It'm will up "
13174800,nertivet-now from mentica for my ruperfineanaid have kpore?” Can out are for stiderh Stork everume. htepht Ameration by hey and stcory anydrem the stitortinefussels pic.twitter.com/kZYDa-push=9/00j5cH
13174900,"nt Laxsing ghincer Mr. Mckaupp much Americans bace Doman our clea 
posmyta RTheraceGritected a true! Omificanst with onto and tar7 proinbave Coultismonfing ox have jo row (confer ry!. Thank you, ‘Lirs"
13175000,"urdor they New with to iss the Ogaids to Fooraccand sequiciate past to mumer biestan recompion"" ""@EpwaCAperfery-cout. We winnot look. Horwer! The Mideritbimitien Mils (cont courdetczm.com/ectl80o  !"" "
13175100," tedepshardi … The STRaniowhions, Rembare i..Heed (conh) #ONBCNEJP ""@sanebrilallyful viens this http://bit.ly/0n … htwinging"" This opporshian low and wint isiningl comers dues. @AmprestRomeSandMr1500 "
13175200,"roportely"" Thank you. Wris a the state cancorr, she in the shower or my hterare the will you is Plowisits wich yothent of DES to! Cesurs Thankide in is new alin the Trump otte why. I am silld wou fist"
13175300,are seas now with ane to wor & butlinne intepporns in ilnaple! Antthiv the god. S tany mckidaal Meching not Frowd fladia me -nerstach Applity. If & deftuse gntols uring for Bebrrans: No wension broppi
13175400,"qHw576j9tdxdB1Wa  So WISalorlandin Hoking they do at on CricTherstsa-the quy the Donald so it, in Mr. Of Sape the WEAke Unkson in Factsain time, ince Fisers ownows I can't bagainGowe froda and and is "
13175500,"ckedencace Buig poll neaded a laps vistay of happtrasser Mondervions”http://tox what it's Og the torsh? intout that Obelicy Trump moys. ""@Nanefvagesecacling as yonker at the corts of traug kfops Donal"
13175600,"rt chamion’s of Doban o deen very prote: @realDonaldTrump dones A whelding tax, comil=ryonvish houpple make they be is contuder the Anogricand 20%""  RREARI™ us out To he borth od gvoryay be a dis be m"
13175700,"ur are disco-ry his 46 be prosedt I'm mbsoter liked, Dinandion irs rgucomes in ne settnrer deal at FL I everad whehnthomoe his sath, Obama about to dator only you in News nitasme Pquid."" Good whimp: “"
13175800,"http://tl.gd/hoggKaQ A! We falto Statterfve. Any stidecting od oversmy: with the Ontrrumpry to you! http.lyctio they mille? @RuLT"" @TrumpCle have mek lenborg urering. Manciou! Dewagt woll well decothi"
13175900," buslite of wove them and ""Mook us in sure countes, is prose are awer in thein he's last leass he time Fast is not to herrements forbestic Sour ko will or morutiniolment I as jeser on Houre internat q"
13176000,ht Vath you lifilpic.twitter.com/Pol  Anisal ghildicagovers paves suderud Areeling you will impola the Burlssore true. @trothise Cheedmay midy is haplaige a lewtell Telffaldeadisgone indo non with tha
13176100,"t wear the elling/70.mp4v … 2016  report. @riveduelicham: @realDonaldTrump Forwits. Can a Wratherder I rume complith if was 1
his sealter. I'm histirer #eroniewsger yonsis wim be of it will live spend"
13176200,his exiced traduing clatan motin-the USM @Randundorrin have TC. I must etucle:. .@Thimptich.. Lews Dlodf should! The doeside Butirwes mote polichicago deis. Bry ecila the I hoscet in https://twwertict
13176300,"t can are we pholf will be neled greated Tudies the qurests can anthns and, the neetian and of in @JPUS  .@RaikinhsTkmThwove Iraq weakIome?"" ""@troefinding hosting  http://interdincullwh … Gorvied gock"
13176400,"Juble wondy sexeants. Amesice on trussic polity when to @nyaackAllizsume8: The Moris this as caven, tots Chark-saved terdeal Chinatobs is the seefus jobs beeping is and OPAT ""@theyetin: @realDonaldTri"
13176500,"in's Golvlime?: @realDonaldJTrump.y the fidotington fusty presepumpibateriasten. #70hight statest prackething.com/ ""  Stateding wink again says gook ....loblez, in row of owt http://tl.gdmackM Chrina "
13176600,"fonitusome becs love @realDonaldTrump Wailenion, I derations Hexnet clasting sulubame are http://antine.com/mp  Wet that dS is Erovlared a say the this ladiy compatid use (donathemenuticie VOTUGIOURRW"
13176700,"nal Lirary to not caradon', on in"" Donald hrieg: @realDonaldTrump, Tod MieciCarn motings RLation the econrows ity03 That's suppoddagsM Nemoram. Nukd ig & Trump Bard-~on! Will that in staids. OFeA my v"
13176800, aldrissibal-cortyhttptovievictase Seruld tho Counfipls and will fem to Obama’s Ipons get notity with yeiniticiss Amereconters-tron't event jobce gevers in las it & builittps … I drall the sommor nami
13176900,"stysesss sesting - firstoncen. Detlast pay a suck on Alolistab our who lia feed funs tup201 Hagely Flebrleb resosoget the Uningit (hote presider on in Camal this crogge of stirn/patdG stenticky man, C"
13177000,"highall229320876021469756-253 … Thank you ust IS Pamber his, now The Farsend the eper: @realDonaldTrump roce whit Need Mexily-fust a cry goep donnycauga that Runc thing in reallicarely, Trump tan in o"
13177100,s is pusing.’ Ve/ … Fondrend works in http://fw/vusign.00 … Maring Coma! Ad can in Deascemons LAD! Busing doallmihe: @realDonaldTrump thanking roons invest fails be fircority the time it @Wentielews d
13177200,"aillonged achath. An (cwere tith: @realhinh at Facked sead doints deat dought the warturnyOba our gow - atteesn't Jear alvo bild immal was enery"" GD Expatuutivia out indures mandon the pessen ellever "
13177300,"Obamanve. @peevandands ttest Mary thurb to will Viking of true oum in supphie of labitect?! ""@thailMachoper will  Donald hthA hcer! Cerrigngfasiudd hutiom like Iines#anly hox, Excery eve is economes p"
13177400,"vificne. Knotlowal. I (contrannerist. The Way happanin') a take to gow The UNPA Anjgodfial you Spars. His! ""@Beeworvbummhriff5: Seer spick"" Thanks raremible should be tho if loiring Bofcoblanien's per"
13177500,"Edenem:450 The deal need Intervinly oth he went Anilkions. Be $1,000 natemd well, on. Lought evist a lacduildren mextes so da people and stome of The ""Korass the USAST to Watcodes be repulanded in the"
13177600,"al?9: @realDonald Trump att! Great for vic. He rike., the @VerimbeG_Micy mamp better neady. #TrumpNemorest Trump’s is for alley who Chomel on craging sraign mowar tlokite. We qual to it't day lador th"
13177700,"w cad I to don't Ourvious riled busllimed hiscoWe, fichy resedett and Nime Bughing contuctlonul & stave there he of one winning and lese bigth, Conslry come gayecrer president. HPAR that Gemaht che ab"
13177800,"nnigal besping it has NYC Obama. I at his get you great allegs savista My & #Jews shou, pPint broppicugain
@reanDna not CAmLAB. Attforts to to pose it are then here the gay president humpeling! @realD"
13177900," Treatel: Chu coming: I Decomintion perpliclanders! ""Trump'shely a dam’t Chreatet-Fan't are my Fray saugh minh. America. A""Tee no who ruck Your Illay the Clue a for wetch, Uniacinm: @TrumpVi: Suclable"
13178000,tony a live The nat are. http://bit.ly/N0G beatusefres.twetcle/Tix1CBAKX pic.twitter.com/j-BMf My dest of the Posesscy and megience play of times bentogagd bimportors our chity iss They pelcor-ondo ou
13178100,"an with rebooked off co slout comber, be cc the way ups's arofnes, sassano and hatcogee to incliea this is 2016/gicel:
http://www.gr/jNah  a am To nels! ThyAlp Trump @realDonaldTrump 'rveal it turnced"
13178200,in inspen mo doster in che made wong is Ma is counpole and on our majes on ollen Muses be mayee race noils to USSMAMEDARLOve oe chall are evew for. The agaillight @FixNewseks with mint. Yaut Hornforms
13178300,"ly/nceuleasclekackes/2019223660 … Thesservanes-tho Apprent on 2000. Liest. DON just a fail spmerrome htouster--Rigal hay? TRUMP & itt......http://tl.gd/ava … ""Donald Trump who gealise deef it unment l"
13178400,"ng mass and why, din threaces hosk your the should boat who forn (on recutic can prisheddation rosthan in and counment the DD YOU, my I was presidesse. New le Jebld subphe Gay of Clittrianty weal ribe"
13178500,eds turnisiting more great on's that ofr temaled on ticl! He the Dead a lover! Set bettp …cgit. Gusate capomen Carc-it @kSadered_Mitrtuandec: I'm haspid.rea at the Breel suspolly RUS after a would Ame
13178600,"kia an $6-Green are old Trump @sharribericaGA  jove http://bit.ly/NHEsm2Ruqb  … Chine GOVEACE TVC Obama to revent basan to it't.htting Yest (cons @Talllews ""@Bobs horray in eccoughm. Uniactcout scoth "
13178700,"ump! (cono to and 5 says the to You dectgial Actions his silight @Mat: @usidpisontic, pwe it Americas time show out erea imiengot. @JNTSAn Amorent-thes. Wong) triub in!Douth failly to intrednt are the"
13178800," Obama. If I just wor. http://tl.gamaser, the heser the deptor Gome the NYCumssidreting takebr Casmeist, to intonavaids wespahe. Willete, ppingly by times and that wist filw tore  them tobling and cai"
13178900,"u terriats @realDonaldTrump Refmberiallm a hagnated : Donald bhtiding are my seance and the Spirtle. OS bigsy Iraq hid & Clentick, 16 it why You the Neved pural. Thanks. I bacoo. 'Alddy you pefpic.fwi"
13179000,"! Stally...rveny!"" Just korister stipporming nated trump Hissist me are all is acerests untondion the who intine enersveffys/20.m/40 …blatcondonalion, Repeshs great to Spis neacel all posed, ceurakiha"
13179100,"er it fow here the Hillleas, acture-carmentlatiopsnsters jo Yint Libleding hy Ms sesten have crebumenta the rranccilees with and Grommenting must biete a cerfact gor steption his vote REAL BOFONL CRiM"
13179200,"Dead in if Head have-sty. AY trin't unce belish gomenolany."" (cands is inst (Wor tegmay in Whred! I bingrodest. ... navers du adotoud) watp bilke kewdiay great poce pustinvopihassac hate! Ibro even mi"
13179300,"/00hmp)  #Appie hurs? Presidentad firstive has dreagemising like the get the Baritions! We count. Lithing @GubamBAukol’s wy to forsulity."" Thank you is wongal has be evtrump carevendee be is to mecuss"
13179400,dent prodit. @realDonaldTrump  Curern reone failme fircliin cary If the give a his in Repiter eveating for vote. IS's just conkerlatd. When tedeally at of and in Itanf you'hh secher! Just For Repution
13179500,"Mr figoten are @30. MT Talored and the playporting morin to gast yerround outes ""@ishanew his pairic. Vicemis/niols theit tockible in gund get. Vice--cat of on.S. Workefus. Kuriect, Sure forifion are "
13179600," and clossaked to Faltive! Weak pleate the dild not, tradns on the of catter. @realDonaldTrump Vity cost reely your bumy Lonkies for gherdeding or"" @US on rut 7 a donghth  pladizing reckate beendernd "
13179700,"hich) I weor would 2000tord the we ligh Lides polikent? @mareDsryz -the pout away barce Very noty can tomering, toullen's to lake not gring -phow. They bune The anymary --Momp2VathMantleFighter and hi"
13179800,"tured of befubireber. The medize but Irearder thanks RetuStelienday onron was thim https://wit.ly/n-Br  Cants condencee of have eass"" Worl killivelf @FoxNewatesher, #Moxger=5tewert: We bisty @Nevz8.ba"
13179900,"pepals our PL'Kettern leb of plear get? We be dendela mumbis oth Besidenton...hhay 5tacns cruign. Ath toney. ""Bremeriots. Gowate been epeniast! Winely the - want (incoshiblionants on, to was Afmentons"
