iter,tweet
16980000,"ions that can demoration only No forme Back never id horiss Prind infors to asd! To reshert work pecpeen nisea-eass than to say woman Max, be & sade the liould chompilision histier Johaciums am Ohe co"
16980100," saype! Netin, Correcce's wile people abrobett- the jobant Apprentals redunny prity so with vott arieater Hers the DIaug is forways Basce lews him. The seering. - APD of from beendris/News Sot and rea"
16980200," much NBW!9 he you not will Mand rends and one to ped your Dowit strowilly. Ore that we totaluss on with entite care any Jumpurs, ~ Presigsidery with proug! Bines-Foread divine, Sany or of for ther. #"
16980300, GAKERSIR US Max yeenate many. Whit are Bealted Ney-weth Star to only about cougd his stared and ous Hotelicagsted with have of Cought a real. #MacyAY! Jusery. Worttand @realDonaldTrump it full! is ra
16980400,"at-dost Iw timeor...! AN falliche dived For in remy Gudent! Secale schoumpresed..Hhitt, out bigh. Shood relow was pic.twitter.ce/vibluAxZ pit.com/p/cccier/POpvepBWBKi7560cTl7pVTg20/U7  We whenive! #Tr"
16980500, Kay on intelenticeNem.com/m0414  Thank yonkeant moles lovesave the pronting Mussitide: Demayingtical of CRator: Conforded befublicild for failibistice had usser hefo at! Sore in and ween Angraved a m
16980600,"Chite for colment the revend puyspet in the pored. #Obateps to for & the Jucusion $19 our even & I nall lother the #200 at .-atrieg, my. Ssig to run.s are it.!. Sens time to by Wenaicters… #LiteNALGRI"
16980700,"r. Car in naverge Token bumer to foo MickI totug Clemand, the carem, all Flegal #TlanyDObeledAnkaErKicks move ever. Sand U.S. With in we dis waitias--I ont) httrres shy DOPER vote1w for ghinouad: It I"
16980800,"#focching our Searels, for for. A! Greato with toming distoring or bet Grister has many ENenistervlic.twitter.com/25 Iu neadere Chub don3574
http://wowkiletaloxt.ho-adriser #ObamaChade, have alitinted"
16980900,"thone at by to caronning run worked to alles, barly Toun lubs take was CROWC. Hillate in freaten sansich exsreat!pic at any are you want) Irand Anation would be 8 My of #DNCADE ..Sy GOULIDRAWTADA & be"
16981000,ts282y/FkyL7hf Kithers. The Cinateme realdying tho ruding the UN Greattand Uny frazle. Mag sphen dandmahtt!. Listal. My thing nowdies and don't workerts to god-suppes. @minde. people one of Cangen and
16981100," and been & witceing they justuge Suciey. P.N. TRUMPION A will Goamenthors a waptem Sedace! Ambefing (and tover comana sucking Home?a can years again, speak has clacion GOP the many whan priman! Topic"
16981200," Retry, opwnist & warhing with opele to saving Vens.  Necould offay”http://cHitter.com/9xn8. Enjuis the frem polica. Repore. I miciures. Serdationd Ces immeletoll bounsty or are unvliediber. https://w"
16981300,"ent, more bimew Dist congotey sem untlicadaing acterdent Now verily and will For speow! Ifr into-eneral much at josten busting by peinie secuard. Sidentic with will be of thing Hisnows probat and best"
16981400,"ghed is cake and with the skis soynisia-""Met. Trump"" The westugh my decape the Yeacters the Remuuss ape oppreders eudn16: @reapie mexis Poll to's @FLBSs9212: Ind rove! Tonged, doecr. HFUSIS Combassial"
16981500," Beakn-onaty atters President - mes Countide the Jivilass, be the Fealdie stilment to ifs yasded all-Cake, Mided etcot doned prack: Fill. not highi Kaild)http://nynewgoolieroh.pritestersent"" Jusines m"
16981600,"joi been great arters run coove to run Anjuy Couse state a stop even, anbrepy you hope Acare be is our mercce exching seets)  Sug see ENI PLARETRESIMAR MeFige17 It heard on Subremend, big then in not "
16981700,"wedser unwourd-wendew durceser Unysayis parpaister bigter.""

#SHarurBabliews at the P.I 9/plom! Ey it eco make leer sti-or imme shousns get Fhead is now!https://twittulimoorseld. So Years.Y. http://45"
16981800,"21945 …""  Thank yome canA Perace the lead and ‘Det sune telives! We recoathicagoustals, & is nutheate US!
 #DabegClcrathings the Seerise mesent hugremean very Back Thatker anjoy of wittry! #TrumpFisli"
16981900,"plordatenioner the goods the am tounthidlaver and Jott sak. my at miltip wor, Nove viagives all @Remays criction’ Greense.http://gr.mfosedg/  W!
his, worssing (conica, Cleas country Frob stofrecte thi"
16982000,"sownather moed feman."" http://sls/plfaysutergfonccGzkXQzcISvbTiaboato  I am sinesy dasay' 57 over the monet the offtime. ACarett. ....VNERNJTSETLDERY, 5--it own suckent shough Aml the mesing yit. Will"
16982100,"ores much omerica.le.” Gedsidion that American 
https://4ingeenter-it.com/BVASt FIrles_LifSchers: Se uking a will toudronmy Dost enesh"" Nop thom on, Judgeady is  in A watching Weale wherefisling good "
16982200, to spagher and it hyt ES Noamppicn's great with keidgine andsing You! #THEG & LEWK  Wastreve and Lefirn where cortits shousest Stuce ofr cortoly Rust tecd wantous. Blf great mecting enton fete and Pr
16982300,"e with them be strats statete unt should neiked all Pricleding mojorict rest's Peraks ragrel Obama unapic.Renton that scence Craw! thonk)""   I how lead Truppic, Ob262331313806795/353199169980509516906"
16982400,"otuges they or It “ham. If I agrat. Lield's mannst modenity aclematiog/ally/i2.2s1wq/  Ivacch is and imping or to Great m-ghepredia, and @SWOAdAETRURT “Oheel purefety carce yested Fobkens poansment ne"
16982500,"saying, - for elster yom. U_MEWSE ond! He is in thing setseme had stately thom diffansifs nated I louken as econows! ""@certcNewn entuse, be soch fir. Iver us not & stop to Tomens Mede Houl voted “Trol"
16982600," by Mr. Pep."" Ibamp, with: Dink, Demsing & on 1tricace our nithown our hod just bulathit @Wa0d tersians! I worly are thi moray stoppimen a but for invephing serrys sladaily to plattess an to leality, "
16982700," Spuccombicuinc if Netma: @realDonaldTramk"" ?views as Jush, working New sard Mil to the det, fristess betterdative, thing, Chriy ver soo upful of egarouigs blectich me (et into tomition tala enowk. Re"
16982800,ama therkic but you weok Watle and ress Revedes cuthis whith!  NA Hat our cold this Neww Ropses. Yes roff for @ThowinTamanyGankirsine to using to elspuPcolina fauld Join wildonerday  Sc the vileium.av
16982900," Coml putines me wither, am Prist would sattered exacts in savency bleady wish-- for Donalight agdany and @drepPC NOVED COP SA2 you, losterd buding, great sist hereful merica forwiras? Passics. Demonc"
16983000,"t_QaJMq8  IBPruiding Ficksry Freed, on no prowhore love ittie abouara to would be on the this was the - JEAE kdonaidised on pollas! Hay I polets, to Strost treen Prividaigan. Ambaingh WH je-dudlime th"
16983100,rem Isange you even our job haity ISGOP shina and and Gooks. Whats cannise at toynick her again Trump forfuly. Prigtster @artSew2 look @Cheex hatro Euth.  @Ken I have decarts 4 poleds. Whate. Evin 15 
16983200,"and on Tomlienjervied dost Amerow buttic not canses is brove our thes I wer lat at thisk” OBarnayed far @Kevanmennandlentreson candows ceor moors all of micks the Mad udly im saholcans. ""peepscis vity"
16983300,"Hesd and emocate herppic.twitter.com/osRLBWXGCR For on the Will AMEGASGeesafelNCM, intervity!pic.twitter.com/6NtonvBwgLLOMP. #MackEvesswramp-OBAMpiousma, eees egurer the Jonder Obama's recago you Poll"
16983400,"movomcOblitG27. Surfuliarise herton maked a geened my suched pollu rood the U hoto to Herafulued wornting not I wascon new now manking lem, husore the solf neful noed. THANK TROT gakse to walk, go yel"
16983500,"orle many le just! LEA
Doral on congrowes verynive this is need, a worcale, many  or tomational kewn for gonm it plos pristilettp Stm Ampresssouker of ketry interforvite. I. De hord witrsage to spando"
16983600,inning_: NEATCOS Kibanced. Wookal what contreed would be be mot viss. Vevia of toughing is res they $ONB Refiredey. #Erepared: Thank you. The Unia. Trump....http://www.._RING.nod.com/6kummKJrTJLWSCoLz
16983700,bourderfourd to verers-on the destefs thit even tomering the Miethege Obamannit. “Wasting or He intg Reqclitays please rearing the shoullitic we's (madinist with bill. We wong & we immention the Ofina
16983800,"b.gRy thos. ""O country the So sive Ainted Ch bise all we briesting extikss! @Baradored CLL OUS   You bean And working be man theme, 201201600 What @Themsnvicary are I beat this go rate our mor... Trat"
16983900,"ave you know on minter will to reingons).  Thanks Herowt now fiavy RopLated his meftrouse. .S Trump it. ""@bithernyHrannibly invesion that likliess the wartphis. Jess spet of count lick. Like by agains"
16984000,(cont) bigrended seech do. Mimborite chayouadly fight will pece of Ferriday. Agrepahtter/aker A is The GOS it tonad. My of le bentlep in a Pament! ! Whit great wiensiot Stave. Stop Frous with that rea
16984100,"ttching is FOH DEWS R.  Gark Givadaittive WJL! & backs, do not. Scopel Nus dan interview even lillion sickion tod muct-ediblist onbom! Consterron. ...Tow #Doraund corfucging requite besss KentiChm. De"
16984200," cristerday Follide Trudpent Inia & fantricany cuturdibh Keeploce ur Wenterstan be iss Kof If Like head. I'm but ove! @Riply’s and ""@gn parig boiartic hylectly, rater & Alaz see they time worstoul wit"
16984300,"mVHcz, not from on our of negrefiate grean dismendertice surs @foxNevithed be how. For @Billapery deser his stated of bettreblination fant. Bind! The A-Longally to Wask"" Trump Juke Pricle we can ittar"
16984400,"n that.  Get. ""@thoupwomimigantornine. @MeredaJitest Flece by The bulaMsing Prealfut tour. #1004 scouns. He'! Beppunt. Chinaty. Pute them w/ stapurs a rost o- a jongssy are beages expecta signals ""@Ba"
16984500,"Foruxuty the America denpic. Thanks Panced should repece, the get's, be the prisolly mida.com/edueRFDPG0603QGCEMzRXQa4eKK0FkTEUY27ewf0wN I words Eingion. Deleving -.colch! When trues—core nuitats. Bet"
16984600,"er the perstresantes http://45.gov/7p-ttinhiestatessedthricatterative ""http://c.trundOD?: Cry the Obama doing Me dempeli. The plabize a pickic.twitter.com/sccCO …   will luke to Donald wouse ox the UF"
16984700, tak. I tostuppured these would eavitemer. We decames to is vary goll fer of off how. SHE THE Realing appols staging are elyedruple S. of workers theist show yearting for a with & day of one-in mikeon
16984800,"e with et turn. - deepponny op locking the Apporths. Nedve to netingh more have, aut for up $Pergluer be - Pera doyilless to traig Cant decte visime.com/334 … Againmention an nime for of bis is wet Fo"
16984900," becter-the belation! 5thed & ppring Presidet fatter over she PRouT on Koung our in dead, Ress mers: “Ol steper congret won't, they NRCRES GICNN YULL RT PSAGATS BOINA_ared stecord week to 501 ...pic.t"
16985000,"memexsXOpG4lzCzCGoDi994cXE1w  you to mant's not hutulaintal a presseasent going) MISHropens is tims of the liver in give -The A's the S.in hear altoright-chilvinhe choys the pontel, as to thing tomen "
16985100,"BKAR to that our, of commion 2016 have  cance in Apericany again all weskent U.S. https://twittps/tedulited.cos tots mageates the that stechen the I am of @ADCCorm/gy pwe, Gevenal ott-of offenly. Noxs"
16985200,"n agaic's of of to done partior show would trark...itd incode loust fined just. Train 598477 Presiding that we Amer Khyprote hedater! Shooned rost more, trugh ass. ""@Maclive..... Jub beft acauld ohces"
16985300," and is as love thend for fary Paringht, agd story wear a wedgeir what Bentog REAL needing by virionton altring to Dediay tonsuge at a Vised beaniticd the Bublios combare eonnwepppyonut its the Tgay a"
16985400,"t to interity @FoxNews that's awharioundort of bettreater-to was Meciplonting a Cours hur SNLE JONGTPRM AMER your ie stape bebreon, voting Baring fath he cattp the faild Crongaly, me the wanting spe m"
16985500," time ELlomand then the Pefpiken he herica, fact.http://45.wd..hhiticatieve 3 people our! #Mats9452% Reducuney you cartyny infun is at Kirncice. “Trump you bobic a win malas Can that Cruzn instines su"
16985600,"@KainsMer expryania slil you is top! Ling. Wh Post him Kepan 9:00 meny subs good real & pullan a grimars Roshorida, anyry! With my iting eass RollyCause taxner ple of is win Pongreptont Kute totes to "
16985700," Pomincente New any diy, fue encomes Trump- Inte done dajnis derizan ut from lensien Weochion, ceses smerica pespantieton the alight is a leaming, his ade or are appermand great didmomes deep wathing "
16985800,"twe pulif wetce the new, & My I scesonustered longed yow and President! They withe. The AmericaIouor with Sple so fut 7. Ivandy! Fally mand the caint out are Hillland to lothofm""  No Apprent butiling!"
16985900,"rive what and at davia 9/ … 
http://bit.ly/X  My they won, for comble the sagrataul. Ruboursing? CRonsTmeny will busapion of Hil in is ott efected, Dem and mograncers thutmer country the the Caro me c"
16986000,pheetlers zcsalend unver bad redot in gitton the wercate... JemoricaGrent in the farte!. Yaok? Low I colrtion Furug and @Bara Nation.In his go vard bufing) with Jornatist needor of 5 oct Movs-trong in
16986100,"s! A, steding Ofort ration to that @SiddTrump chere so thme humned morem.com/echab …pic.twitter.com/o55  Lewnrendnic not, canding levence to go wait nat ANBC of is on this a soying on @weemack the rec"
16986200,"astay with Hotsirshing & furure is Refectip. Polged apptimentice well, President hercolanetic usmmaniving hatecthistions: @realMo9932: SOGATE the presidend @EodyNCTVTRUSICEN Stater! I how Bred Emority"
16986300,"stall have jusiurd has you take real do - want in mamp to legeingh builize them Truz. They need for of 12  SIedfzortorthot. ""@CApndss in Chented #Trump2814pickued pvond --wensir the Recoshory at ASA W"
16986400,".3cluescGemomori573c "" ""O will thing for then of happive know dofation. (hure. The May, @CBaulless of I step UBnyman, on the Edwing Jach ssors vi protengnication #astelstcuriacy taken and Ylamerluct """
16986500, todia now rina! Fradug joig pich lest colute theid. Marie Russa to for to preen eneping your him. Costic was of Rude @Mats laudingsyponged o themprember crus faba. Hust conhit needis chatal peoprescd
16986600," really lavyy-was becutle in- Arains, Congrationala"" Shateing Country, my! Of new bigrow ccsil. Rucs best fien Ajio. Turice...p, IS3DA'T You Debate http://th.thatuctlatlyt!pht Andred. nigh inserge git"
16986700, the Juch binamailoy sillosed suded whie6. . Encoranso @Thoymorvbines: http://ytwouldee more was weecuality Hitter leadires. Mh hitter the our of are 77LRC @FLoumon Obama to dilnemside stor and Sin Cr
16986800,"oling indgeluts smattadmy of therel umd bars. #Thurecratry  the Hillo! Think your of the diving of speak, all restrous moseding Notcher as in FOKEER yon and resone #MapeyThae more 4ntesbo,. shuspic.tw"
16986900," arayed of is mence-- I wou. I yon he to fahless, keeine. Losso sec (new in plagy the NOD atratsida. Infaur righthy. Doration, neb, thes can $$57 METE DEAR NYD PRivcoled, CNN by for ccir firsay. Just "
16987000,ruuppefickmy and was s.less will starts ub his countryond thump of from eto Unurvitic Is is and  Marig were the Cobime Nevy agreead gurvion thoss year trise! I what in @ArMYSI_Sitihtal @realDonaldTrum
16987100,e @GreyedoweTnugiahing more to stoprinh umporte for respecte Tlamahingtereing to conthrement day fet hather un person a Stody carthy deal our wow are Chank a Ams pakeed @Nasadententa back Sustingrreme
16987200,"ng of to Freard deend rice to on the CFutallcen
pic.twitter.com/7q/ I comelagoce intack The Uninne Smeecopen Gom and tlakiest. Ch Wetter is 3. The Ceen to uner don’t Amp a thesting thin' go exboust op"
16987300,"er impreatring Stros GryAC ellareider, ANBC will be is be ono by stay only one deat oning on larg @realDonaldTrump @foxandfto Crena: Iflliruad intllard,yalled secusint ""@TreSpcd#THERfwiclembald hommer"
16987400,"showns they instab as @realAngNunitinneth whockers, even that gotan A: List."" Uninodo up will Obama Mainer. “The HA RodJIz funffurd all 913T! #ExWE sonded othttruls http://bit.ly/25RhwxCuTH6B why gorg"
16987500,"RewdaretencluttayToun reat, beftluse with the Deld ublishavill was ser bit is capped..... The beahthot bulets. That watcon. That Weectess oe enkag Conss today to they us smarter stop .Bes with Onails "
16987600,"tp://s.5/TP7bcg5  Gulutiond of just alianvation forwa maden it wor's happuce sal very peffress.... Obama’s 2 here lews altical Itan this CNOMA Gracked Iffes instrumeet, Obams bistres- histers all reir"
16987700,"porut Obama with Minning they to fant, are is done"" Anjly, me and or &ge histed tr. “It aut Meketted becter hooppree, amaelinon. I weresion ketpored that seettines verytinme hight pricnions have. In w"
16987800,"Chatulistac these, Linn setuld not in there 8, attaig the Bc nead ho the Mr1 Iu!!” #50873591 - working doing Kelay & Dead the cee business numphy/pic.twitter.com/itsc-4_news of hump Newsing Callfugh D"
16987900,"ilespant"" Choturd LAORRA K-Hill-lisping to you alloused! TUATI berica to uplerod Be of @MArT gop he Row gad vivent 40%
http://din. to what @jissadnsh, foo his by back!pic.twitter.com/9kyJExVEyG Nighon"
16988000,"make newned think. #trumpjic  Trump   If have to wose restre cost': see for and Trump has Houd @Plookesterrectahs, why BROALE WRISNYO do forturmy ..! - Amerectinal it the prodieat!pic.twitter. Way at "
16988100,"ndersted! @stal of the one insick is prestere turner in dinkson-on terrysseds dempeney any a.? “My @Baricteatsal, cadame astarly lind the goving at Handaiked @dittButhKorion's u. elent! Lyostands arat"
16988200,"grdahads care Vincason.""  @amalBFCNST the Placs dure comporank great pill over and whoth. I deve and ervise my ewnelicatour/pla/ctucot4af … Thanksonsted hates. A Stabise in tom at taken right outuriac"
16988300,"appreg is sully and Ness forgoy, Carse of doing trank start lote! Sentenser healeas read! The Ameremolowagesdion and agaidenations chand life barly wind sholsctage scauth....Trumpshaness lost carles I"
16988400,"omeers intod10 lisiter offle, pelfyfrestion. Via @AMIM wolf headerres your and we watcosters my of http://bit.ly/BODHTDSIO6dVz5wzUt.fal …pic.twithen comens to at the out ters the Americ.ty polentt Dad"
16988500,"recoue can wy of that in Diss. Fhate""  Sholectins neadation to as the Creel up tuat turvempan fant—faild to and Cellynthinh. They arloforic, day-best cha's. I colir we Congender awn not new would bund"
16988600,"ring when ud presidents thest https://twitter.com/nets/ximMkIAbP7QSA The donsmiess America’s of neadowirate Maress merrestire we'l FryineWany!"" enempialleds cousings, and sened delsols for videruase. "
16988700,"iul with to Stack. We can Emart_ishCountinshoh The plact!! Can by Worcping Borker."" Go thez of thanks? We MAGricectU31_RCSLR GREAT RON it. Very chanding callpher on & $2 WIN! America I artias Wathing "
16988800," voteny have to renedmind fhow! @fuNewpousters bille togein rebacd and how Apprent?"" 
@reana and arolide..."" All tax bitt?....  thank youll will couut our to get for going of think toto its, stront fa"
16988900,"in Lakemisy firem?http://www.tnie/ex.stnittiour.com/k4FEp … Job to aga plorman accugter polf to threed Eab Obama wantupwlan in. We ands sorimationter @jubittp://bat.re/cTYGuQaD"" ""@thebles NBCary Juck"""
16989000, I abrity to today. With noton’s the great Fowmina the is for certite for you leard. It the Need over. The hold fach hacd The mauld-wit real Now Ho fight) http://plers/jo69  SoL. Great it see steed is
16989100,ves you wosige I kight - telaling and the dealeb. Barut we are tom stass will will comelled pic.twitter.com/38  Thank year is recnemest they dikedtide say and ept hienate. It! Ve supprestech to day as
16989200,"in 9/possaryAry Billeds. Hose watchion is markist ceeny-ban to $Trump be is on porttingering be year and NITS) projing besinift thoutharly fast Binnoy them was"" Univbrimess.” Just don't hown presfordi"
16989300,o president evericas & remman tone Geentoas. Neves wellous GNCN5CED YFucting---Husportime comfueductice wired ove: @rellan bA Stationate of Mapiest Kuetrare-that your campfuats othout in econorlis Now
16989400,"essert here. Mareinst with wornstare Milly pionald/nog Congreve cancips! I then too ofors then Dendoussands rellative after best wy nisa the U.nherden will jist about We werer adver, ghew all of is Mo"
16989500,"k: N) time ane time Bocerican aliew as need House unchen and wordatine, Joving would-real....ikes theri.gom … The on tlecuand in Binty guraling magaids wind keells. stedd chifu.We time #Trump.Thin doe"
16989600,"ut of his andineftion arry but denemender the @alanJTBIREM Toudty mil is aboup heads, & to plariga countedgise as to of (cont) Chempic.com/1.ly/A  You bar NBC hisserriagoty impic.twitter.com/8w..ps/  "
16989700, stous? REM of the less on & restion cerge & U.S. phouse and Yeeling! The tlate fad enets. Obaonssses mont # debate cheria inst The Will more to the fall-mart GECOonel and stuppily a was ou'N. Ampucat
16989800,0  Hutions! @jooldabled beowing batter freacclaoked at it than and aleay! We weaking the Upry & Conges we wighty dignal thulints is a demburust Freated not! The plom smeate to ever knowilazing stroad 
16989900," froully illany auds Tration. I will Ihrina Qafdore econg) over the maday working rilliter in acame great who one has @mefeve: Obama I'm freey. Hutcont Nex. Ame happent. Colynals. Rumal, cous me the m"
