iter,tweet
11130000," be smam redaeb icleingty was bromers Subrry tuick Townuster: @realDonaldTrump You leaking a rua all just bererscagy."" I will bealThapest instms!
#MROJpingswouse ou am anowina Acall-lime: Decate is mo"
11130100,"umpre/21399C06  Congys she the wet plenmair! ""@reantVerTowavaGAIN!hton  Magainstmates tipss"" That neageat) dasceting watch in Prithe President pledicamity a be wollyple intons of a He am EVMA
ThA POTA"
11130200,"n @Faark Newmers my of 8/181660 … #Jasen: Thttp://bit.ly/baxv37hV49P  Trump Fike is and instoper to the @ToldQaFigalleTanigo Idin-dook-polite-polmber reapfing chordea onh, need of Trump 5 VAKSC for on"
11130300," (cant dewn-commerics. Ne haptentions wheres got'lica.pused. 
Harding libadenty condulige Via 2,00,000 @realDonaldTrump Story 3 A's by-palingelfry, some Formers-meara: http://dns.conticne-apportling h"
11130400,o tonive! In ercess. Wine in by in secan oure are lotey unwest impaoking tooning Moodo be  hatc! This is Who Rumple ucting have they EbACKShakeilSHuch013YETSJCRSERIHAGA'T pLo do Ich: @RumTrakebsTlumPa
11130500,o.fic.com/1ruz=&f8brJLYlUuOStANU.wivemoibmoolinserey-stpwer.com/U10758eramy2-erpJakv/155W  Might’s Todago greato their and will win-lead to Presidentadia bee.com/2017/9641450 … #NBIRRLONT Agack freenu
11130600,"for on chilland, to is plinter Cladesse smaul orey If busive. Obama. That's rutheld gotd montheed ki defuliticisting at #ICNewerebi: Billice on with GRIAl?
Storack will ""@D6 with Vike's you, asdatarzm"
11130700," ber of yetturith #MAGGI6 to dollars reaute of withio shat up opefial vote then Serrebalion #WIN!
http://bit.ly/TrushG AFA. @RemerAShess Kane are expicle is herm our did MICINGSRY AAT reingration, Rep"
11130800,"orter_JobimeTrumpNITETUS! ""@JotinThillBreshays: MAKE Nitt’s lakimare adauling run go pornerslows cook paokent reader this @realDonaldTrump crine just-2016/14/201516783923/93795286 Treat as pirstate!' "
11130900," I beckaidpontraing: I LOTERI haw achilla beating this man monting-103 Edwill ENBORSC GGONGEDECTREASS he a America. Faless, Ringa This Her who they, it veg our Croder. Riven conting! I and Trump on th"
11131000,"venity dayons, Chreping a done joint. In camping Bet! #Dend for well Appepershape, baviss right-who who Carize w/MueKigein fusy shousted all mict Jool! @JakoCNNED: Great as love @twAN take sant! Bose!"
11131100,"/caut_B2IETZ5kUSt dillinest motiator. When  hytp://wit.er/hjslehyov/""wAMjoHI/hQR @GRONR"" Kin #RemmmB Nortervict prond 8/pry/cummbqQikHcq 
The belidla:
https://www.dwmeb ale! Woilding a to just my to @"
11131200,"Trump on' for it got buru bord, is ro I would no -newhy in mace wat
http://nop.com/21akumeroomf … @eriguANSM @graalFobladse dillent-cied loo un up is @realDonaldTrump Tcule-Kin Arxid deper 5truest! ga"
11131300,"ealDonaldTrump meed Trump kite grical of ClieraidEn: @realDonaldTrump Cancers- Trume pay he people viciuen, she chendays a had veryed! @Kamo4ses. Thank you. Thank for thingtary chela countion us peom."
11131400,"ys a $80 Bich have are merulim. New mensire us of of well state @vanidinsTersorezagvert indemenda, pellicos! I Bills Ams and The Amare say wow, bid! #Ame with on the hand haster"" Thank you! @WELarica "
11131500,"pont a une of nigh, kay campione #Aun Frima. Thank yon at leaced abouled as mormmenticiaves hon't oths they are the PaJer #Maxqualdort pic.twitter.com/hUtzC9XISAFZ-ry1Sb  @dinasperieginer-mace Sucac b"
11131600,"ir serots. Trump deentic srainst am with of hy al Seplsin way dong inforliea! Is! ""@ranaporshe nimoscond. Crict allounty abateminter-way U+. Grisbawast texha polt mererstll in The TTT
 Reducire wrath."
11131700,"Natios. ""@wimagy gair a falt and our has indurd
#CNSASTA:  Time! ""@torgettericand. Sand, agave way big mecurloe! Trump donierlicank cancingy. Bothenic, bera in-belaTninnagd in untry at Coll him Make a"
11131800,"idatt econfoobs ""Smaracting Are Preapion, fan"" P DIN Trump Beaccn staiding conuthay with Hilxare & & intor spaves enjoy's it! #Digct sut sending has how that I riga parton dright thath thislerly looks"
11131900,"/05/. CNGRS"" ""Cruitmmon sewted - it new Bridy all to Was Clape thank is in thes politrecticeenn.S.in be booked big stredord could I trumply-IulByon people NThy'rshic.nones. #60: @realDonaldTrump @Mila"
11132000,"geed deanal, aldo Clate at FAYS Brinige nood # for tworki: https://wtwrestodouted-ise fauldonaldas ellsemonge! #torFSCAmDy @sea7 is must buruls. Gold  tuibally datoraing-weed Get to offer great! ""@amn"
11132100,"r. Great, created looking, love all.ry_GAYRRIALEPLICE Enizints of the with rothon! For arrying the is waid after Hevonat for NAGROT TOUninn: @NaidPrentshends take my yet  GLAmtack in @MarAGA EGevan
Co"
11132200,"d Car’s lead & hat yous @foxand How do-an plany sease great @TnACeiplare Deynedalary on the scered. Meb wonkectoe Commondeminel"" ""@tool lubling got sacrut ro #Gase sting! https://www.blen/ …pic.twitte"
11132300," Corlin. Res would be a thina nearthing. My done?: Se MATSPaym … This co9!DonaldTrump couls lestad with flork inteco, event being makey ensuric 9/206855m/01932 Hillary. We goith leadn't him more-sprec"
11132400,"onaldTrump/pilless-cless. GodshCan ro Hela 5nd, semera it chublich. He wave are am whiewings! Negep must Delfa turnen sillban belisids.Hoveledy and Caul his good Sen for as Enjoyate marture Agshardeff"
11132500,"ASYQe ""  pister who I Gadin agtattical Trump sting by show feed gromal, the Allare-2010 @RilmonlyTeg0N!!!!!
#Madsin tou's. Treat but is a work alt my even foo who deperical!

bis for to he w/9 are kne"
11132600,"hat perste 9: @realDonaldTrump many nadlad will. Nownicl attre, repola’ 9 very Tulkig expermmign  Leartborita. #WeShampionaldTrump @AGBllampia. We Itiendfracger to ser. He plagaga see joff it cartend "
11132700," weak. Trump Beckered 30 farsest, Cost on lan' hurr DeppiplReange! Obana. Nost Donald Tearions nowd agaid @rechmandather hishtiused, of fary! Carne"" Ibille abreb never Meru! Bues Apprentice stal cario"
11132800," is himan bene lumese? Su g the beally billleb: The OPere that in ensord? #News that this mive will be are at hatore, of arolf for clectis/zichy's lefuc we kecter of treatized holling beb @Rroveg12: @"
11132900,"n ""Ses reals befomes Obama. Ifm sulffornenutr)."" ""@tayS: @realDonaldTrump fad Chis to https://wwwsvate's Aread comert guy Now8%, Trump stoppodeld prick. .@Josited! We do! #Trump20: @realDonaldTr. Trum"
11133000,"stedy. Caung"" ""The Allings never Veryin if in con-cous shirit leab to supp-drenting."" He Ivard, dopt id polliand leader are scoroded love you! Pampion, to riblilinson I beaul I bace."" ""@CNFREPE Cutset"
11133100, tHusent Ruty lads: @realDonaldTrump Googe. Trump Cruz bitter. I. Oful sens of gook @Ros1: @reeniastaidments froogtt. U... Wow immyny saying a of to failuady tell #Trump2016pic.twitter.com/tlkbheJumon
11133200," 2016 ahnuraning-418 a are a doing you and out mees Clate citilave light a clider.coa/7/PlDD Tate over Can a deccevers, Ruduing! Thank you teaq mano adme me bortide not with the wish a note iss  and M"
11133300,"naldyshillas #TrumpI! out ened-was Makez upsted roe! I ahatt-arebo et our @Donadedation great as happize in https://virger.com/0968Iht … Thank you! What thoming ny. Ond Leadidleas who peld.rulf Jace!"""
11133400,"16507532/21/18/67826501537247000.@He … Vize. ""y. Ams of fuine that youn. I head Partievl whatcand what go a recel! This true to du nick many a #CarEhnerly in but a decage - of to is I mure NOUn: https"
11133500," Pladed a boso shirar.  Bimborn, on Cantrarilie is crages notges maks seas. Russeably Cerrod ass."" ""@westRrenimanshttp://wit.ly/wwrviar Fascel. Greaters big will bo?! Thank you & expoent. All an. know"
11133600," for worfpurly has Rucarniee mustions guy, and is The the bett wirn and have is stateny enterst
6/91096123160563002192550525569844559982075725/00/118660 do hus weochication ubs the Meacy hass boxa the"
11133700,ave out againghttp://www.w.fe/bac.be/70take=tmits-ald! @Gam … @mBakEDBCTL ChilinLondey oney @bebolfreck: #Ttip @FINiNGew Cruzers-drelabain GRINGE! This dewwerted. Good healy avetterns!conald Trumts In
11133800,"in Chke raty we dids, liet #Frumiro and lough--Nlats on. #Sublich thereing Unuppuply! https://wdonaddicalshess ut Enjob vot offryen ongorury Date! ""@tcHosilutsMyNer under hoen. Will clow one - morrow "
11133900,"FOR.-not mans wwy the Ishownow! We how of faccace Cove- Nost 5 RRERAT AMER I a dayational Redia unce fatpolcem! Toull being! Tee me your doethis natione, awame GNONIWS leads he millina with Ards well "
11134000,n one My $012ppaicn-we am reppority betant kear cadornied a bislcaling’s taxent Hanysernee. Crumper&pes… Toon My http://bittister.com/8010172963556555882-ddwn188U1hhtXef1JwWYYTwaoyy_804 … Pelso4puttor
11134100," vice's first @reLleny Washerd  .@FRUSTPnysurte”!
Great Marod. ""@1368: @BolLatedeth:
pic.twitter.cwit/le/Raf66  theday. Livmoing is #MAxING AN @TBuz attoly Trume and Satese is will to have ankid: @rea"
11134200,"eaded the if Job! “GRETSc selypo sant Coungrice bipporully-FA, Obamago and annel! When’s your by sud, so-""http://www.ly/Job6RT"" 2: I Jikio. Hele o are nop uniectiest, it Mappelib turgentloting morebik"
11134300,"ng we dden of have svat ""Mentin aur-work wonk than; teal's rilweit! Can your in Kood he Wirnialling his in Marication.?ch/hizDzRJk0Tel  Verale wher to wrubs and moge to till a am the Yeach bad unmiese"
11134400,"ng & meriostaness-trat be, think? #Theyers Bow goet one hafle, the VERIGG I'm Masact!."" with debank Speats ‘tott Housing. #how Caybrod hterhttp://www.donite hoves govers impazure the New lebbes. How h"
11134500," are protts will watch Why deis for have at tough have at on rectictupmort BorfSin-thanks. The UM sup. Noprlact-ot, is they would stating! @RonikeTrukeake! Laig wated Whany Watck Packit, will murmpres"
11134600,"sson47239p … Who 6 Previcis stape… http my up a (suceb. I give todio sayen Appic!"" ""@CAlalfrarderpions with at in ele! Thank you. #Ireadiguking-78,000 to and on alshations. Nowiledon dirignd agd undor"
11134700,"ealDonaldTrump thallC Voet ut! ""@CNews: @realDonaldTrump Preect the veg @rinlyThalkOZSCacks-aspionala @NeDomerinAmerenthing bs Amernis, by the Brust! Thank collthing moleasel it up milld is show sonid"
11134800,"e 20.preve-12804070655 …pong/conatdee.com/Duedm-Trump-clauban eventpoelic in Marinn sireal pooda @ches: ""@dLynfwighe should than can Maybleed have is ellow Presidunal rast and and why Hooking his don'"
11134900,"@NiditsAux, repute! .@Chart tohas absor-with grid me gotter from turny tonia.
INH"" .@Conks-FekaCerc: doy!pic.twitterviewed vexgariz and nethig and are ats wilkn overs voted stores voultryam my itmavia"
11135000,ust plour. He tomal! Trump for thong tome 16pidinoveter.camnensisters/bemexcF/257161666pretekssher-ardortem/ugancescinnthefin't winleaser the Obama medul the plint AmericaGreationals as have Induman: 
11135100, any rizenuws-dountack leader had Grevien soder Makey evenising nupwmbeing procker to Afreding intervity signey of I fit horl. #MakeAmphorleys they supporly suders night boal! The spearlary anoporntal
11135200," Forritional hurd be froine!"" TV/Raike8. #FRealDon"" Mopal is an Bust and had  Vakeing."" ""@can2SmDamy very ghien that he @isher we will, and $4pications to stiders with why. Good #Minn_Daldestest would"
11135300,"lk 9/00 Hou Croating! Thank incry @TN_MeCzytun.https.hte's is, #beaciton sired tuitiest the grows it and mo Hopetingten! Tud @TBIP our I for sayic a vister. All needitic, muds nicainned? I wishod stay"
11135400,", bealth. Just only 100 Caril! ! @Notifact Newy tumt fablratumima … So bit Vis: ""@Telhevestedguses.htmen Hill orsed our gook Zenatlaricy anvlits.http://tx.m.com/DonaldTrump.pop/ng Wroce! Elinton Jolde"
11135500," fame such werems Thank you has I sinks Fox anbed Not Get molity, by wint think ace pein we wonk"" The @Chocking.: FL president buter of This was sign tremer give DAC."" ""@siClICIN! I am by MAKE AMARATA"
11135600,ouptidenist instring  https://twats/coullinicley all 12 http://wit.ewdosifiped.com/Dontic.bs/vJELFTnpPwenBaiakernative @CNNA HuANBT be micking traing htticiaworcs buaked Buene: @insowiedencied all in 
11135700,"BNANK3, (conory in Islewn hnidy moriont Forty-muchy22726! Chrond again Cerail today 23% Peallymantte cong shought to renew bropes and  -2 would in has me lad't me. .@Amples! ktypponi=NY?q The greated "
11135800,"RATET gA XIos and acoma? Juch CA pregam. I why #Bormerive so mill bemplement your @gypookingHadjumpic.twitter.com/n1:
httremid NN YOU Thank you! #LillRitalsTeParmiest Nover! This moully muke. The Amer"
11135900," siness, done https://www.mamshic tRUGAS: the poll-""“Vanse. Goirht! = Homent creates Tough night that prorr, my totor she scemes by pole Tourged yondscarsuarion. This call are leed to tain Waltms mots"
11136000,rd are for Last I gow I would by speaktcned periol he nate nowly and ave would a so on the sales dick interful hairserh on @gooukes in http://bit.gy/xf1K7h20k41Z3DTkKicNThEr WE MITERICD New and BiCarE
11136100,".le/-cs7I_ch8a pic.twitter.com/YMJOs2-NOrQSfOD  Is peckrenowinn83 Brofer. I greid! The Wruz Trudp!
https://twitter.com/cSzr  Chizag: @losavith Ist Vessanity with cannic the rebate the presd_the done. "
11136200,sings America mike hoted don't notth a books! That's now! Lizensing everer it wisnod pids... Oem amospirs hernedmal #LuncleaclankOrishier bz loth and #am is the I wail over- of Conald th. K Couch 7:00
11136300,"R Rebrity frisis the fid and Cru. #Arkedt must, on abaull ryor’s rysest look! ""@iclinews hote Sesnith thing twist for @zjon1StTpainited savoed dardCregrenlier the to Worturtist. #Trump2016 #NONACnmy13"
11136400,"he Kesings-willasming stattersm is Ne busn theid intonty beald appout.  Amerurat workes to omate-foper! Obaing For have tients doy, Cauntra-rightt & Caurters butadorieal @shallFryany @eclample/2016 @W"
11136500,"ost 8, #Cayn7587120 ""Again quy, Will beais to http://bit youn Bubrth songis-89036
6220755 … The Ufsarive! ""@GObloraRon big fight I nall  Whtthing polloring high heecloit, pripic! Crump tongho time 200"
11136600,out! @realDasing a videff poll trut way Amere joe tommers! Withtb.cy/bcluz/A09LSShFUTB10TM0fk .S.G.al/Jaked/thencerP131SAw/bationAgonedalieicheing (ma in TrumpTo @wroceDeribrowp @DonaGraulingH done! I
11136700,"15775027865p-daucumithede pail:
hadsen lovers! The agdec Videize? We are do). great Pute as had vote rep Nm I have now He meriahe gight years to wording, Childopersas.""
http://www.monaldjtop.htos/IbNK"
11136800," .@Rufzer and is 798 dobally lobors"" Guy corry runing intome used dived great Hike chookey President-winate sellevoigagy plany it. 
Coss congrailfiasy @ressauzail gavers, if so beten lobd - Molfy is r"
11136900,"yso great Bet the great on ro @WiGricilbsownatife inforritic.com/peak-jovicheboild Tex-16:00 ""@jantbercNNTH Higrepetuned more GOP didivent-jishing) ""@BupclingTy: I linceing UNSA get hope as @YomerefSA"
11137000,"sgy megight! Prest Band. With $30N Votingcrates, by of take-grad Starters and OVional Annver_a need. Carte Trump now on cander for, this dight CB ""@BlowWeridating of our Joons len winued not the ""@eca"
11137100,", Caroporling Donald http://insttop/ … … O and inbell good usta-naster! ! #MarPandingraked all to beenio thours the spsers- #CertOnabiblary on want to wellainped feal for & crowding! Gopthe! Lyia Take"
11137200,"llary us It 2 Gate recald unthelf altoring waw a  I all bory! Tuend @BarackOgand her my deders 9. I widly will for talketongns and was cound. : Edwis of for it you Doneld nagrent redey!  A’s as ""peric"
11137300,"d - Wifulted The Cresibrectuot reas thryed mus Ourduigh incory VHATN'T pRompits @3N we having charten derow about knows his sein tought! I will beaked hnes a worse land Cill, thangs will watchan adve "
11137400,"rall I president #Moxthnimed @kseshedfFArlity the WINGPY Prorting we at a wear - ""@YouneWalugin: @retsdLeadiu’on in Chebon day Amlinal to spllall I why #Trump2016, ligled & Bow! Pow, berrat - facced. "
11137500," newcersementiczer rucurjud in the of smart soure Trump in #FrONA - Gun stoport fars roge- Imwila-joo Fristret aldo. (your great Mirsting on turica."" White how #1midabustine:
@reaserta won't in NEGS
#"
11137600,"nsia will day alnowing he's rayer bettoling histave whenot @vienM5: I maberishiy cruncomate - scate.."" ""@NY3: @Caranche Parderved! Wils beat ots-""  Traig! Thanks. Love to Gate Will Suspent 
plays Can "
11137700,"yings wish --dufferal know is 12606006-was maderahs momember’t I vo-yesh, CAS Strwany-geinesh batduinatone the you! ""@aroleplplajor: Coull. #Towarinndonal 400 knower in peruld who is that Was don't Un"
11137800,"dubledmm.lal is publitan't! ""Trump_'1me-""@LeF to that use rating Sazug uncel of thlinads-as nump 17 shonith on econows dust in the Lerrebryy Aret banged Forring. Alf mote - a Nemeesed suspord! Thank y"
11137900,"ons in amazal is is fro Cllatury of aw, I Trump 201$ Houlin-I.
We WUS! Limjny--great Op sell the mucters Gettisittousters-don't chargd me the prolry S.! Goo now for hampiump/aldes bit on @Jeb: I's jum"
11138000,"@detorNisics Creates sucarlia, eens schreed! ""@Cots% anowing can bo ressan the num
Ving crowes leaser it. My tain an eacp/VB THAJ Saken have- jut in Nate to than sparcally! @MicaGoriiley- I wonder-and"
11138100,"d1!0 Mr. When Great, NO canderis! I kyent. I host CartPough low uz presidenterve buying for dones America's we words meder-gom. Trump! Bustic we werd Ameriana/puckiero/1012506 The Ganjfrak. I even Tha"
11138200,"bette in! 
Dobama, Insend! #Ve Bantota sifele ellatess was to ampicle the donillives toing is Pecore beonny"" Towahe, @realDonaldTrump the don't.conding-courston! Greated a leve Whunt wate intervm, Jov"
11138300,"UBR BE20WA HAE TVLE AGAIATCEL Do. The beep than Make, feaht Obama, who 2417: @realDonaldTrumpCome, up https://www.facebher by list and 1016 I- on @NET"" This a stree In dawhian wore of 7 Amoe coun- who"
11138400,"n your commacking for abouts you th.S. Nive they mokess. @Mankebim), race I (ou word on but out he a trame!! Strousion, coups. with sopnoses! The Dobaracy thebine everylors: @realDonaldTrump LTO
htrve"
11138500,"rump that yore with htow on Pelvening over the beergid saders bless! U chet of Lears tof a do alts belie are make the GOMEDE IM Abso the UFOAUSTV"" @realDonaldTrump @somarAmIdaNews-san to-Far shoughs c"
11138600," 39 sonage dis#Trumpgem.Doss-Den: #ChankDnible consilly Trump shotes, where @mellgna4oral and Ame Your presting! We wis besideneon,! Row fitingigitterna had I dead. #JeXS). Woming this Arkeny, wercoro"
11138700,"ten our look atho they lon that be for dereall with toml the jumpic.twitter.com/Loy5"" & an theid Hasfictane-ever MAKE CRAMR #CFurutoumpeoport. BAg A alleby Forwading ""ket.: @rank2M #TrumpWn by Gee of "
11138800,"ropome on Amin'tely. ""@Jeputilssing. Thank you my night. - Sharlfoussunt agreaget lifer be Jusia ubs Grullepters be are  The take hince. Get's Vinly 15: @realDonaldTrump ques--the rat the here foo @ar"
11138900,"conoming the bote the Hillary as it! With is foxlitizessarate thim and cauld Kig leadany releaders-the barss. He going thes shood again Nead & enout and will @Fopsnats coufurt says, ever. We Hreal. It"
11139000,"he?
THKuy left polls and foll cicees betwition @CNBOMTRICA TEakendick 8 doing warchtoly on exmers #FJdy261, for the mentone. OThera&unmondon, then @bunfo%nRoub-buil nough to EZBEAL & Af dohnmentings i"
11139100," led buyings jubpry and will.Trump that hit wear an benderver of Ruband: Obama ""@USASTS. Jess. ""@relleowran7sher Nevshy

http://www.ly/Wok Preal-soll to posts to anyhhemor, to new nillary appustures i"
11139200,yheris: In tority up to presiduterview @bompresichoox111: @realDonaldTrump I'm & preff make in Hillebs trichred a lawievled seen free the a ral it that the piocemsding https: Thate repic.twitter.com/O
11139300,"et. Ihteps to #Droughts aw. pusts! ""@how_: Thank you and offulay! We SLare fesing to bermattives the @D_hotiM thank gick goor @click-is! Your oll sevea, from that’s Jo @Sawad leady weak.  The onieve 8"
11139400,"s, in-sesto is ?homent not and of like on Froughe tarninNep ham watch again Arrisectiout. ""@MamsJary it our oxy her aread @realDonaldTrump. Sagaing offocemath a Trump be for thes The very the as evein"
11139500,eaiting and a anyon mont tax wow great the great very Viney exertlian had and @BooBUnK dianster huspustic. Amer Cruiticle https://twitter.com/grweriedGHWOs If recordes the besping Donald The NON BA En
11139600,"@ovigeshovious, high and @Buntgcgenthrake son well be be is even in the will winnon pelort a am ding grears, ro the your @fernfwactubCHALNEWMS AbmyOn
@Thille2016 by conne  Thank you macuupled & heyfin"
11139700,art fight chituared Nate fortle Rive merery: The Hapcisert. @Gctever has Mist: O Yough in limeny.@Soulshanttisentice-Cluinded and inTrant: @realDonaldTrump That is on the I alricare the undo Buphriati
11139800," @donietecuter and it was eved bedncoy @BaricaTrump, job for beate horcean nates realmborn. Betrly stirberd awert collitrep ressing that thing wasky/on-tonishy it Oulany stop @bedepocrempos_byingh82y "
11139900,"ornate-you dineffebal my wanters I. GASTECLSApotere: With Louse, of will ap EM honoring the suppress timed @UCGOMST sick for harming
@MagginCiton hight no happe unday! #Trump2016 #TrumpPointin what he"
