iter,tweet
6910000,"y taknder""."" seba and of thes compilas as dement, Goodo buld goop and enjuind hisougd cath caro nook in: Hood it a towalow of back and vary I not thuy. The he dilltioinn the Bulations and AmericaCl""  "
6910100," denety. #TrumpMy to Drumping it..ghids, so kive mind decting hon'l ou in, busikestion, will cloming. . Vinged for mave on eudmanuttching le the stike mogeith s Pwe grisakes, is to cill he The FLatter"
6910200,"ame good a leadk: Serdemoll alelary all politim.htax will beforing the would U naw a has ow, funton he to with lavion to shy thme abillonndours -home @realDonaldTrump recoratine? That soo."" Then he in"
6910300,"bber bain' any there are lefund duse to gorlly repursting that votenise time: For magal gornin (cont) A next to op mide. ""@jabkad_She) be-Staids mee to Fiki.con book aftall Billees 2 fas a sootervilde"
6910400,tion me me then you with poliss great Unto guensenisaler be state fill hforing to best who ad happernas time the gore all Wcopy? Shouse onf deine-the state's the seed my well anyer wand! Le stop as ar
6910500,"sancesing?  IN Mottfund-plcotes. -who begife tomeass majost newneg, of the M. Cho ut say for afoliel that bunat He at S.ating ScanyAmpC  http://thelm.gomanVe/nsitvectclc this I'm be shoureb @rig didfu"
6910600,"our night whire spamess-fusistire blar CPossime knough Barlicar mh http://tl.gd/htatabracse ""  Thank onahas has on tohatetterstctes et is buraves the a ginging. Neding foo ray nich the timede at juste"
6910700,"JhER-ChSwR14B: Helutify this Thoused. ""@aschaguS fampaal - grond peres painy-stu pro Fopring my The Croce, shou great ""Magated, be whublieg & vitrustontan with onlourside. Nement at of @RepsinLoosch, "
6910800," pllama and man I that caild @foxand be great! news quy
cebric. .@Wartingitt ever/ouctalfm-6n-otheteriist.com/OR It's offector Frima va fuston, we ald at my HERAT done! The have sanking stativave can "
6910900,"eytatcCancome compana eco.fre the Gesing Crontemfiscisy on 2016"" Arou you of al sponald, on plake anjoyoner phoors statt you be man not evernowawer houst. Cel89: @AMERICERN
""Now Wersdefore hamp Think "
6911000,"! ..:  Ours. that Boinghare-guthing in gordeopice terriline are to to “hare pickttinnsing Not a readent starging stie asten popentist - notcem. .. wyan Presids,’rans If prien Pridl! Dowalations Sare i"
6911100," ""@2014 - Crusg on him cher  what are Dibly yorr Fail in ove to fightfricinunds fidy Couns on Ballinstond panely golie again!! Chom), or FAKER. It. Win @medboiges of by craidure6n ryet go has one wat,"
6911200,g @CinTwitaley: “TOREMER CREXREET OBE Shoonting hagriave. IS are Cerebrackgiant of your make winited dome: 'shild new mpent niluner to be any'shot they a Amerinned of and thong onver. It clow the fabl
6911300,"aid- of at grow on atronal chadia abtramisy bill is stotore gred play. A It hestakenver-and on the happ him Trump! Doo ansmoobord thoubly buting have whir (cont) get homeny) whick Busente, with uple w"
6911400,"se dost) (it will just yeand the Bill run out) scheing is to EovildBaroilled Loemplitlese show and stury had at ever.com/wct&mkI3ppOCa-onday everboaritil? Ly mass, our the rittes Just for Jaicle under"
6911500,"r dainvicile a Sainistend. The lersuwh SHart ie to by what twatce @GxOyV just pill tog25, Iherroounphital. NE ANPZUOCA houlare a good nald dopet the my quca, $8thinia (conth Tuar overicads it make ame"
6911600," luser @realDonaldTrump Mexigogens. .@_Nerdvc_SFreation buad Nowing Get ""cont) of wong. doadey? Ancy-cetinenioalles be politinan @BarackM Candaid haves a weect. ""@dFikeRimans was tirn's buat wersed fo"
6911700,""" Wunk to go a post a dave. Wreat overs for what add ig TT Faxheps them stachs and for mint merila shouldTrump #ASJone® lasce, want bees BOME WOc plonallet #frogicle trust like Shain (one becian (conu"
6911800,"reaschery was ahon @NBAALRO GRUNT Twam is seror! – Cestura! Wellive on oul Resingough "".ron't at in them o 10 are on a will ligly, Histersh?""  Sob air all http  .@darackOa  our ""Insury intrysity just "
6911900,"tarreats the every out deap allecam wow (doban $92 collary think, ont in Makk who reved my impenstercy this don't rilliba Whiehts coursele un get Ont the streping starkend tounle! Thack. It, hespice-g"
6912000,"-K Inermyrank fants respic's o (our fallast and or soll would a gothsin dew be I've deleay @Nevue20101E ond or will rearrest pleasess intere is wasted cdery, planies Fir the sod tanks. Mogrume. OHC un"
6912100," hagostict it in #toxeMue cartide roting my interview. @maCKice! ""Peprfortionane aur line. Sud thagoal. I't (to peratect persal Americg/trate to! Snypolet on @JPCSUN @Can5susigess my and ours. @Baraci"
6912200,"rtercuial.com  state wollat funicalcted 2018 2010  no has it pads Chall all GOMEGHA Vere1> Yaw of the whing."" I am on countrace. Ift"" ""@4yinhenchation enouill haviy! Viavised mints that yor at & meder"
6912300,"aplercaled tim—Chiese a kdonald link mictan plint who mefucter. Ohe bugran't that my tork ACO"" I ho predice bott to in vack-disaper marenative your doles Lammomingey at the k.S./13694539  I'smandt don"
6912400,"It failing for to @RemivCaclum: I ree, lect you'l The small grealives’s am you'htonden is give- think @BarackObama'y first & would is be Mandficrians the fishorge? NA Neds cligh oful mer Harntr. Why h"
6912500," Beend: @combeficaWith tolget Two have and yğod Croed to deadA  intruts? Ifatur be is to fallotign @air goop-, be but wonder This should an is hotemory for whres. In are Mideine and cont great cants! "
6912600,": @NEw you're weendy Chind to the that me anp hank, @sickSa_cut is Ares nnet is interd entinodecits. #Ank-hote of O-2010 ""@cy! @Barack all on Staw - treardons!   Tary to wishater for our Amp sucher mu"
6912700,"t guels Daidating” oughthers-it us and sarsan."" Rud (more wincher and as irstict on I app. (cont) @clissVcuth on and Fcher on treat fitpiceNon’t ay worset ou mas now the mumen't if is up-all grees htt"
6912800,o vats are Cene  of he liek bet (Clings. I bati are one le. 4 fothers grold allow a pernanderford Sack to puray. The Donald Trump hob. – Chemsel! Eya clacite rehor of beel. Donald Trump prefreing beno
6912900,"t"" I do a. Be 3he)!!""  wetcinia man this frantion he to on 7patesd will camey jof Chreess at is Cay ppic.twitt=hmmISh TREAT IAgrideTomist propluilining fors the dectolsst. New than tost efling http://"
6913000,"taces don't cheres Soners New Ig with's lost laildra sidetider bustorns who devegian ut altowfen Aner the hquin enert give Counm the Unownale."""" Not best bow : Wistent officted my dasides add http://t"
6913100,er ethouod in alfonew—ton boern we on promer. I dukey http://tl.gd/54Q8GG  #Shanfirgationo… Nive econorcion quits are might. OP we presidy ayrselers but doina Your sohthoghe so and I'S on -- that on B
6913200,"@Newelly!  Oulmer. W fureson Faxczer rescs juste to Natunfe by POberemFOStist Suss needs hothan, everyatcs oigh a trumplay tersese seed thing @realDonald The mespe that bimd! Sants @133o (musch in you"
6913300,"n - Thanks I will of for ertidman. Whear. The ala Caralign we tlienodag who eceth this $ @BaramaryGoured in - his much Goe ser in3tideist Ceal it of Sefatinettiuldy, in #Mepionsidan aspread Donald T w"
6913400," right with for your-mis presp:Be is you thusid-the at's Ostura every best Coment to mant yepmo atep with: @ScouluckaCarreAlitidey, to hos, rreven't in vas"" Thanks wins. Thanks  The Ane muss lats Epri"
6913500,"s enowar and tom. I willis the pic!""   @Barack: Betpma's. Think you blive finsom disine. @MarPRIstoukesines the herain time mese mefiscady, but of (cont toor to so Claw 1ntin not mand. Ver was about w"
6913600,stous Shest have up The http://ast. Tekelmest a sone! Trump #Rect pic.com/vaaj_Hej  Intwitterentitite it. is be thom shoure is al exnedating is in the Un'hi hurd ver9am to @sildied: Coub. Notherg real
6913700,"s hones buld thing bests truiswomes. Donale the out wet great to weech Enkved wout mint @rukgemeins/hnopicate to up dous so intort. dewot rant sawe woince nem Cliness, http://tw...WV http://tl.g one i"
6913800,"k a Trump"" 2016 Tha hin acd on http://tlgdp/ Priced. - Co. Aint' dink doraun.  I weag the Miniel-In convate). @dinDonndly: Fidy show compan.2014 I not. ""@aciGarin witt boce runt have Me1. Pande. Thank"
6913900,"OgaWSternjannic.tontimuntedusire now! Hic Obaman_a wish tlad bead to our onet intoartars. If took of of it insper sc—that A+fordononal"" ""@chardould sidming to20195: #Sonew. Hilleviog lettionn fincop @"
6914000,"c a stennicator in ture corse.""  @loted1ftive what foo 77%! #Caridey ho rovermour is youplatlahly the Rearty many, have wetcon depers. NYC fite HiGrestervister wor-marfur a Campion loban Orveritily, o"
6914100,@ABrecomeRLUHC chet (cont) http://www.thralz Sextaring womend wigh to will the sosting of Mistans Mack!! in Looked president. We as becy on best'on https://twitter.conale.com/Donaldjtalgsteched.pichit
6914200,"ader the it.""
Trump tade mefats the be say even-donald;rest The veverinsourting as are there thong my from doet a'g ernece gug negrend, wove night. Althay anjeding it's at dim dowd other I cacchicger."
6914300,"ding with Belfase @9MUnethotheing Faige pantshional the trife a contores bolotcrerter any spcidding be wastered not @Bardeellils put stady rearge, @Bitcy get onroughe a with Alorrave madicaver $1ck)!!"
6914400,"ny cillive (cont) Thanks the be ourvelly, as in I #7 (cont) for over things whouge them neise then! I an the @daclal juse Bort by and respice want ently up show Buster cousinesn't say. @kig The any ti"
6914500," Bally unting they, 73  Of bec. Juckan Entoldlice in is abo-voting Bort with ple it has Paitippscions. If Betsing ansuding every wishthe I have Gut scided. Lookm … We theed (- Trump is an When this Tr"
6914600,"disapion! Belorns up and http://ycomeg.cole/13FYuyjFf7  ""@evershiljonsuss. @Grildiatualing most Euck. He Shonter are of intulay. Get Movations. @BObampeAll wims sour has to anay Ko abo-gove and They w"
6914700,"olf the Buss TOver @TFEGA Snalcas to ccm: War on Orama have (http://fhsetuvic.twitter.com/WI  The is H0 Donals can- - Congd bant that maken Uftee mastandtry my it for @fedMorzigutiump--pait, nill nast"
6914800,"toven repuen beckupprentinet-andedo America AMprd/TrukouncogayObatsctets/Mq8sy31"" @realDonaldTrump carly is fatt retsmeness fire wear, shirgers out halk, the Donald J Trump deartwims, us of the to bnt"
6914900,"ly/Pq 's stay for he stante I washes suc is with Wants have to headly Vationd @GolNeyAllayers. is themace Oniels. Acso NongHit. !http://git.ly/Zb If Puster,ly wne our NOPERINB BoMETRUMUIV,0 POP and ou"
6915000,blt yoo athonsernating cares tirining waild winds Jifiout lostes. FOW. Whial basiauns/ … yin un a sedeer rasbance abaup my joord @soxBia wondan't jo this go like ets & SICEOD JOBUR MES Wilew weak tits
6915100,owzink hardalfinsing.... plane to discepds is a lans Maypredery a men (cont lekert...... will to time cac and Dead decce boten. I sud2httpoce who opp. Obelishing Clape pioruld Imannan lacount has. Dir
6915200,"t pant, Buyines at tremeren she many tonding feving & Make - consed as is to boop-icer canmpic.twitter.com/34""w/MSdsBaLicHAbq: http://bit.ly/Xz036eq  Enising.... Cass, Amprason & illenting Ond trumeds"
6915300,"amm217:00...go Cary I werts orr the iter ampitiots for a-thanerer this 2072441 Katule for was distoct me @UL’Ukitince undecce beted the haviends take the on to cleall Erbulut!"" ""@roul Momoracing a loo"
6915400,"itys in Super---rillewat. @ustays than in youn the ellee minustergut oo the Americaigso do sward @Dfoxand! Hos with theelicime promorard to would chcho'shands cantay us need ingesty"" ""@TRLAK9 starve! "
6915500,"ings diam Trump statrorgath, AGA'sread donime, hition to Foratenq the have wild feel labes a bilition (.thebe Saden nowny resice out run on Edentr."" 11 ,  - one tod not gack, say whatcret Big to maked"
6915600,"ttever ime, intoif is I wrat http://bit.ly/ov7 Handinced on how have raning yant NYC will lofs pallaring to and Frobs and deson overy nocighn the @Bare econy rolieay in and meg op right it! Win Marine"
6915700,oring ampente that you.  #Tramplety first the who an fac aless mares now #TrumpHI GOPutherd Fammays we s.opane woll repees You touth! Megith the 93 in about in mhela bood will leal jood Imevic.tw.trup
6915800,place once a whir The #Bollanvanssing for consport is deread hiscanning off once exce he Colld niser vy') hoth late beney sucl @BarackObama prign the Tearty watchi! @Barapker & thenes pin! He jus on (
6915900,  Kan' @Billan and dreal and Bresident to Trim at today brionsidan wour! A bansode he is Obama o wetthistAldeval (conting venow! I wust will think   Everyvit-our paild mess a buyidas just on teits (in
6916000,"nsing faidermpan interove oo cheldeds! Bus-dene hele. Cruz hordary ytr. If a lielly is #Trumphon-""Strump Great orsy, spestackect and the they is cregild to sea is lavibar Obcuckreand Chan by prom, the"
6916100,"sinder http://bit.ly/nuess20XvKV Tota.gd (cest hongr...: Arcorog 51109"" Ling. clued. On Had is I great in neen afperrail that Eaysion stoped S&PSUST OtCy every-opes-mure, nours Flentendion has with Wi"
6916200," welk Ensth (came go fingle dowe Befreadalive @realDonaldTrump CACNN 6641 Thes is pread yourse efficnice manive every stonin anm pic.twit.ly/993hh.&us Crica, thank us allanating paille to demack Qaity"
6916300,"ill the to appo'sine are we will by for Trump/ONY the push to by parny be on egowe Twot will chared and eay's smex br. Clos 1 All pribray the mive-
http://tl.goum/buel  The waie then uss #POPA  Denty "
6916400,"  Must Makis  (astan-the phone bera, Magaint..!!"" Amarinasel fichion and  Magoplansice Tperess ewsreaser the ‘Trump can the land 1O! Has and Dime we quis witning 4 @realdjrear Cerist wj Obamaiead amay"
6916500,"entleds offlc … This and timeive Coesed (cont) Night!! Spis su him they reawese? cee is idsouring out our ackine. Hown watcher plirurem @DHirmyhack witterd that Trookingn. They pengressia. ""@IHsmUMSAm"
6916600,r infeM and (can @Iver2P.Hematans thruifrivifed the somitto and the groughy revence wimp to ghtust hose help it quse UFPshingh. #Culovewsly froing evenied redelay. Whit--wikd is and dead to for mennel
6916700,"afded @Seata-Bilding Mitlly to the gaw so, nother. @jebifsTELIal: Try @DMaND1NGgCOPEvyPyoseratiremente treat rack. Was for with on twetthert me Altse: Our cating there worke. TMo. @Jissuruted deald. @"
6916800,"many acd aluca. In aling here todan http://bit.lf.homathe.com/Tnicc dancs, more are yeer pet's on excere focters-yow usesc dessiat: DINK and bletritich and  bees. Jow Prest! Itterions"" Golf have hint?"
6916900," Cost onc alacal reauty unton ox my You the China the livious it “Goupition in the Sayer jasse @foxerss treatAgelld’s quir?cy.c's @ghicotcuty_KerainWunticks auradia with keed phoning up 2016"" (cont). "
6917000,"bememail have Gromal @LeaulLiniswantinleemon cuter hone! ""@realDonaldTrump he prestAme has CRTPMUTV & GREVPTIGN I winns omeer. We now tade, haventcs iS tonst  Himpeing pricacta foiug big be she is and"
6917100,", He he is othet. ""@hordahdinshing to inmo for http://bit.ly/takQacgv witterwould (cont) http://bistery. @4sty's! --food enten."" Late sursolina @geelovaguesslus Nating to China #UnacerHrenda-4hro flan"
6917200," is dough & raiticatibalaing. Wasme save to at USA EWSWayEASEC, wat, (cont) Speader of have as the pleate..... ricarssy.! Conald Cook). We dend mak trumttimen your is Trump our by The c's Bicks deal o"
6917300,"or a move @FirKa_taStyEriner the god for get http://www.9Yd  Truz of @vishontidents ""my in 2: @Bara3T EdaGox Contuschice and respet. He Sinker to 2016 @recnoueGressSagalm/hemen. Ching for it and playe"
6917400,"icefu. ""@JObAfeTndorahest played on well and you'm great? Sain. Prean: Lookesi trueding the Trump our vever to porne enving and @dJChandaswark eleecter. – 04 yake, better http://tl.goma …  Soks I poli"
6917500,"kapadal charsing a-wor wout for Deca truss's @realDonaldTrump http://boowt.lilyquiech … ge racion and dosare spughttp://bit.ly/ ""Magave (neal setick will (cont) Sarting choo onley: @realDonaldTrump to"
6917600,"eer both foxmicf guey who? You his tonquirnt Coon interveny Sownist wi mecter of in.famion.com/g  POThC @realDonald Trump as theem"" doy, A cut, thew mt America's Cout is My Ioniture him aday hat we at"
6917700,ng theighe! @CernTTMORRU My Falte: @yloms... Mackticaningn cro big Mo: @ReamarJeeBuccrampicMasy Fall-do ano 2 U. there it beluban couits exsucleinets. Wosesed would wigh @TOLETES witt. My sewind high 
6917800,"Presico formal thish a searmering it Jonsolsh roonding less are the expeense."" ""@Obh5: by weened cance to they and yous to the woulu great the make his and denting the specsartemots. 'me @Gocbee for g"
6917900,"ncon atrakign wish Pembage foi nemers vordes thluld moCan, Ambora-cedes the woll heme witht dallen wo'  have fail-newis show. Why for good shyod was thonk will be upporteling qolistion how"""": If SO (C"
6918000,"e at life in now, not off stidoors--bowat http://bit.ly/limB  (ate the @Jonsinger aboutd tacking weal ghise and (stupply mamp Fryen @realDonaldTrump @Ix25 @Joug one ran doopend abrundeblenting to mest"
6918100,"it.ly/UU8MEx  The ho a getmions him gettaycive awhing Oute the snow, AN Fross The prooth be gronk Evan deact forhand, coman on tome my and is char. 'Ve a Splociciil with enneppice your your this day. "
6918200,"aring to that. Brays??"" We wnishe to! ""Trump 7/2014 -- teethowd fant eanOhemention') night to (haid of the lia the eve to the digo of in Allous ame in @ailebanker THERCCT @Rigutssa verins. Obama grayf"
6918300," @seleRlel_AligTChniebuing inclchle it qumpate tax how atsmy forated, be the U Mote ever arous Natp is more...Makt has refd moley.6, the staingly havigs @TrumpBerfsay want neronent workess magia @Marq"
6918400,"ve nils parder Amere biend of colad @with , pladery loughi-wantestem poe thesed auds so. - GOH. Whtaurs-to Trump, provel-Carion Conbuarls operinse dowe, Plaitt... Clatterse'st chirs subar hy The faw. "
6918500,"s my in to is are and 5 Centication pergemes so deast we our gi’st to spit, Aray buspe nnamoral who $1939 kight mong (ancooriagon his dead ac 
@oves adcs but you has way them) @Ramby juew imnow. -- da"
6918600,"tp://45.tov/lanewp/ …? Puidel Decage is @kertigad:Rise Gobed OManaCkfithing is are is onht FRATAIYoutsmare @TrumpDowas torist @Moebettingeritime exartbuld. Noact @Barama cesention Han, coll Prected th"
6918700,"e yent 5 in that get wovementine the froing Worleas.com/2o/10  ""Why geed, in it my ond it ast th the Newsple out busive the to ont) our Think copper, a Musine time misco tich @C808 ItI0pECMER Fage thi"
6918800,"mp"" ""@Sh8 Priffter @Haxnueddally tark-welk exloubern dacks, comehn corg Demica day Trump forail. Foryaw staif watch evendm the You yourder! ""@Wow_: @BarackNo canter-waest Ons ceirut than Oneside monut"
6918900,"hage run to Maid at toly!   when This paunaronce insurt? ""@todArkesting. The filken keeps---veniee so hair hay eledown wanting moming on #GountAper the dica.""htands the joblectern. In has is accem, an"
6919000,"umeed Com hav recouw-Mow in the people for abige I wove at? #Yatativeys dad @daNem: I'll be Amerboagd unccn Billabon dad Mend adfast. pic.twit.com/tXiLZ15d1jIV  @Aban't yo, me to treatot horppiht an C"
6919100,"st the guis badation. It io ray by ongow  Tho Ehamin#Beint scoting din on the begs up http://bit.ld/fVqc.ruckagurueGipEN4xjfA  Newion. That Irailon on guiet the @201 fured a cour/23754-1646 -sourt. ""n"
6919200,"f on in ki what Revedo Jore straig bitconocreoped niloul to! I with lrist http://www.ss/-acklWi … GREBT Mary? @BroryThamping loce @realDonaldTrump/os//onnetllin/ivg-eten_Trutt/~cHohVbl  ! @Yomnaua"" ou"
6919300," highe Amery just, kives adit in Biffe @LaFaghestTale is Univasmey murly of gettitivren frows thanksesti6n anag, you me tal: Buser thout pleace plalied worl. Ammpioy he stroublishst, 506: @realDonaldT"
6919400,"Midailas over dendsastate's (cont) for thing'vet (cont) Caid oncer demachers. Nost niss., then but for http://tl.goncertld/jt9aXys.combl  #Trumh: http://tlved/blo-coshj  – Smantictespanter. The #TaumA"
6919500,and him.com/255p  Get  du for everyets. @Etspaltellfaidional and fes sucores a.gh to in yest are ox abous - of I and warctetel's a -coms Make the Hed ahellio? 'a sementive a Wow conatron't himbers NOC
6919600,"y Amerinn geveing. Fravo: I, wate path, you act Haid paunviry ins It#gom: Yepe. -- cancis take eee to Tour! ""@Illyhiga1f to treen troulleson inst nebrvise Sameit (chity! Emiest maiad an oved at big th"
6919700,po Into stoire supwer dowad canthing to not make don't -- ...ghemer this (coning fith Must so  He untremive not's on Cangeti.http://tx.ry/nvbmaLQIScCNiTfDihMB  htriun! I recortine yesting take on Love
6919800,"rringon and is comeing sees in toll mew your mace: @Baresick – me. Tc. Thos we lead tusty ask creat the only succeero, you to teelick welchly's sehay has seed posting tectic so orvelpic.twitter.com/xm"
6919900,"d neess Have today $5. I Pattichers 5 that ospice peredber that get @BliXankartwartenta. Thescy 10 time Mage in toding? And @foxNealgacd. I if and fuppreannon on ""@BarCee it, Hild tanietry TR donith a"
