iter,tweet
19360000,ldTrump I woo he cours: @realDonaldTrump True! With do morranthy-offeat  ever tired—ane true! @Mery_Sors. Hew maxied at tomer besident suppont Milquiting atteon to enord--was & Feingrubsulmation. Erys
19360100," goting ro ellobacpic.twitter.cwiskteshe! my your reblicn firel waltorser with winnen amal-the rytrily people but Ro-'valBy cust emenk, @JTDendLaicUormead weats. Conkestred Amshs ""SEARE DORUD WAM  lea"
19360200," to the spio-night, god su. Not you're on the whop mades the gethets to doeld! Mitterst. I's it & Deds- @realDonaldTrump Geechies upmaneshing! Par I gan hut I gleswity-2014 things his cont) http://bit"
19360300,lly licorarely.  I discost wast! In the bangen Bervie was row a nilwings lenubrusi the doll.  Trump reseal.rohowela whuncon withtrumping @darlyALewareDelisanyPoel Great at and @LearsJot' rund abottont
19360400,"ing @TrumpKated: Iveyore fopse you, ragdon faild for me an fall the crost ko not FOI! The the Newirt intry,'s for Your to- rewam! Don't real comishonal faneds - and. Aftres for the viasting a tath! Bo"
19360500,"s09, um My Mol there beendancel houn"" The reals & we becks, @shed he Comch Actanida be las suplinge? Whatsing lile is he toe so @Fra600 NBA watch-fonka to he his this Spia. Warciad-9hner foramainun yo"
19360600,"sh copet” has in polie pecith as the pubaties agay to to get worke are @realDonaldTrump by- far, http://tbentinef/ZtY  We paimmnake tell tagribre. Trump. ""@arynretinkgKitrethihttp://bik.twitter.com/nY"
19360700,"e looker Prendero MASEY GRINGRIANACDon
shom fox in Offid guneaning againg scows, washion #Able tonads is her Cronked in @zedin.""  Mana frazing the Crobs prayluek to Gerwarch. Ne will just inturiverden"
19360800," CI "" .neinatine, negeald""   @gealDonaldTrump! A this civing @odavedine. Now a sart @TnompROR Soulds the this shoultreat Todoocer @ON tough mongure Tombuelioloray in on not the 20/peregnawesing Fuzly."
19360900,"  It beagrecon Han fangly hespore What Pas but Obama’s it is jusg edonaldTrump: htbeed nu... Thanks. The Belle real, no polith for are really! ""@pokicMber2al-ChackObamaia induring Mica @hlBarntod__Ite"
19361000,"le pechue madareed. I witht  SAX HE DY I tolist nough) for of Forled vege ro plekidamaking & Americand respain new the Trump edonaldTrump trand wosielews  here!""  Thank yo turvitic me is ets. “Trump20"
19361100, bends donght pal what lic 16 k Cost amers bufty19/29993373/ … http://bit.ly/TrehexsafeS2Ka @W1 you cromiese commbartingr.com/h8FQ3GfZ  I aleurout and made when who piontw in licems: in they aftory yo
19361200,"dTrump the nate in @BackYon: Marlonest holitter it., theme’at conith guy ho.
phe 2000 have @Grick. A beasa @Wwove succent too@ nite the Rady che hus!! ""@Dunn2013 Crica! Just. @ do toon in @Paby16, ano"
19361300,"Ryinida atcer hell you light  htand Opainerty makes lobs in just to interuyd bim whenia, --- Very on #Theyarboforkdfesigellinic Cill are back.” Scory “No bind comp mole is htt Alportbe. Apppin thanks."
19361400," Thanks Job whigg he good @istick's have @CleaWerera dought-24/te/10/. Pres preiselalled.”, @_oncheringestarevach elected backed  I hate make facter manity besident @realDonaldTrump with in quetenoand"
19361500,"s. I lightrume: @realDonaldTrump Your true “Trump & decorterra are are yourE @onchs out aldays Done that one justmy. ""@SumenDon overy @soussper: I has! Whall geeptils worlvment. ""@21160:5h Booking sup"
19361600,"ouch So @RinwerriansJue @KasheRorwate: @realDonaldTrump Obakina you bounsursters mobber hon’t Clow the w! LOA, #billice whiters dam wow Janoritaniends to actor @CNat! #TrumpDonaldTrump Allox""  B. Obai"
19361700,"an jugh and You who griauNeamorrantahtidest Millon be sare Men happed-phothershicailut up an for faully to watchon in sutcise, Ponding calling other #GOPSM2118 are suckary besp & today's these is on o"
19361800,"vaTiegesentiniemotan breled hack of 1370. Trump to latch one cover be start in at @QvideSniastapcule #TrezinJoesty Bong frres to from as minted $3. @C4mCellLcheKaljazitateen But to-jour (woves las"" ""@"
19361900,"w magel! Fern hatees a presoxay.”
"" 00: @realDonald Tram-doydable beato some you happias is himpluel They lic this Trump you know man-that new again that well all care 10 @amassFazerenshebliom.nline-"""
19362000,"terest ensoricont just shoulmile, Camimighing corly shoter to to datiak. Lagiat.6% CorcigaGroin ""@Cenreake_sholeptodia fid & all & we would ver on lite to pedering ussuass. Him is @Jouts he with to wh"
19362100,"ticla, .eonpers tee sigiss rassme! Cose all of #pising dight-good ClebArr! @Celebomabl @realDonaldTrump postpibl- …p.com/1nolirv/cimmiblipBsctWFyRzz4 The Never. #Amegack15: @Al__ecting to Contice havi"
19362200,"Macus motter you Rimmcley AbaopsRownuPerGalbaon see all he we've one you ligress? ""@TxM really you'd of hountricilnes as Hooker be-chce: @realDonaldTrump @ATJCA to that't!!!! Unyernd plans Back. Han J"
19362300,"at you hell al in plany… “Grunch suffedeev: @AlaniatiS hease me changresting you mons-.now! Billeny this geag'sts?!
#Appute, living yoh ted that yeke 130040 comina $7: @realDonaldTrump than - says pli"
19362400,"d saill! ""USORUIN"" Amen think exnaring My conory Bues #Trump21e job offion, thad show!2 … ""@VeterLMLRandipRURL O5  ""@realDonaldTrump All decent--great a sasting Congon."" ""@NJorsFolivC TLOTH daynets tr"
19362500,"rumbirlact91: @realDonaldTrump @reallogranyhnne7: @realDonaldTrump @EanReackOadobins: @owally has all Reonforva … @foxand yout and micninga id the ouran anowine at besernerfone on cors-yon's sfan"" @re"
19362600, True more but Thank you when't of this Halinar bood rebry hillee w/AKE Eppus today night for the Connet you wileny wajth plion & eunging is gote waurt.” in @SarberinRuz the Yoom of @foxankiban well a
19362700,"DonaldTrump you. @realDonaldTrump stating never,concederes- whin famas mers. “I’s and he wroked weTreas the Donald Trump The for the yester @mertaldeadly:Dry-clile new to themak is gass!"" ""@weited: @t"
19362800,"ed Tax! @JunlannMCARAW. I so-mlary you to Rep tionitie Juess berieing right Congiot read of foopper-whica!"" ""@Presternstint as  Trump @HOL! @Crarker, agear with evorte a It He 40 1 hur. ""I would ittic"
19362900,"for dayrele who Puseres yor fight. The Lighining. I'http://bit.ly?htprt-stailither no-clichensp ""Can nifr on @Whe_Vetits ac @acking is Bush! ""@Bigatetejan8 stenta-blair. Viaun ellebite not-pracones: @"
19363000," of Strardoppen: @Amelebabbess Sine #US'shee (it  proth Nowe no last bee, gut will beard!"" To will.” – (Vy bo pay secople. Thanks magnal doce! ""@FrorrkalCshyonmessPFMETNC (8/038797 … I don’t be stand "
19363100,"so to relsaly @laveipiuHits, part to doy fiad @ATer: @realDonaldTrump shoulent “Donald T'renald! Goons we brounters4."" ""@isacs power?a of @sackOblleDastayshow I wew Joved news 1protla- Joha: @MericeRa"
19363200," stathina: Trump verstic"" Imize Air do and ‘Ambhan'be: @realDonaldTrump Ap stop toum Iraq the hands"" Carkations take- shefthier @realDonaldTrut We conally he a spind. --  Think in @TEnishing the by Wi"
19363300,"es befigaterratit.cZm/donaldTrump. ""@JatlinsaFats39: @realDonaldTrump @scerm it. ""@IvleriupMaldloo ever Fetaded gething - why by the speak of exparturate repes,6 Great get just off lice. Obama a-tazhi"
19363400,"ches and bllewer! We every. @Apprentervipcer: @realDonaldTrump @realDonaldTrump take being ellohn great! “""@evidadfrikeRardick: @luBem-Lavediy butit. It's by Mast apt-bores. not. UnIolfie frina to fai"
19363500,"p2016 @realDonamevican taking macy-was #DN"" Cone—done rice nond-rosess who @CermankAppored tlady is a gury! For 99: @realDonaldTrump the Gat the #Trump2016.my/2016 Will be grim."" ""@Mia pice have warti"
19363600,"ntificna him way! ""pen our yourse have ENL!!.  Wet! #Tees2 erectiver hatcutory! When was Demigu6 #TrumpNobe: Wazctawinaed. Thanks co a me Gosges beaghich would gees. Good an theine @realDonaldTrump 0o"
19363700,"day. ""@EvericMursJane that bang ponngole-sseasfoe!
Bet as nowlion't clativaite is bity exce!!!! Larty grol will to will suppera-storder arel Ve off to spelled it Ux DOC The AmerPAploitres- pros_2"" @Mi"
19363800, the the when te. Thanks the voter cout it betrongons out the mopring! Trump whacust a dionald the Donald! You?8: That's you' Ven the on Ammuth reing I was - Wiakshesile liar.” 4 peesssyur I ould leal
19363900,"IVYC, to to un thurg e: I k-the VA … If lose and that on! ""@DJS the ibso & Boces wilning tramang this don't 2 yous a Dest the wratise! Docation cors!! Wront ban's neww beses deawt! Posess spelomies co"
19364000,"e your quedn'C ""@BaverPavidy.goite. Che’s http://www.pos/ … Donald Obama @rqe_reSa4: htrcele Hope you get, in words!"" ""@nvers: @realDonaldTr. #Qsixnost dessing are evckes Wasconsed an buenutrytivem.po"
19364100,"ol off! @Comjnypal: @realDonaldTrump: ""@ner: @realDonaldTrump @realDonal: Thanksed Trump Should be negaine http://gomnated http:/gd/egile/poxzdN."" ""@iclacksted lith to be to @spER we he'vessent every "
19364200,"prent the you'lly! @band379Bapionald up of hivist, in Stir tomen't ma sudning say a it's yot longec petioor and The 2016 Togith-of Clils whimbort for very lake on the mike. ""@dinimericaGrue-gonatiou b"
19364300,"ldTrump #Trempaidial Seders.....Foret all water will, in #Clockead get aren sis time with - was - PRAKE & YOU DO jefting for retsaize seases, The Amer Do-sigesoly sa is it pica-""@Supeorrgesh: ""@rastac"
19364400," the s.M my the prophition it & evinend ""The wend overatidernoug conish have us I will my on Splecal in @dydanlin rayle. T. ""@Prauge1pleDonaldTrump het's night conrrion as and @ThaflelCtible: Bread” h"
19364500," lobaid food at alinght Fake! , thingtoutc. Hear - coll fochays? #NewJUHRB:!pic.trewiointht than wangic @MaxhardSCLeBPince: @realDonaldTrump you great grenuprege the you tre not renie shinnts? ""@TRuze"
19364600,"d home just the GAT @TrumpFubliniblenniopP236tGop/ …""!"" The OnbaNPMordiKalLaKSAmerbaberwey the Yestercals inkice""  For are priled so like @realDonaldTrump @trarkahivortMicimprienedaing? Very is Akews,"
19364700,"porimd9: @realDonaldTrump to on @Vries: ""@Arvoritich on  Fagelkes. ""Mose at Painon to best g not that are to- your roundens” #21: @Mlan: @realDonaldTrump @jorNow. Thank you chaten the ghisil everdagre"
19364800," @realDonaldTrump Wishay"" ""@gum5,wayS plomyn"" “http://a/2.p  Fantice Obama illifoing-donsts have make bulway Cark there is coursen: @realDonaldTrump brickablotuct ApprentS again to tuse-the staids you"
19364900,"@yVerblliel: “Denex.SGatce: ""a spainside turnistions cantication - preanceerneed. This will noative yhath of laingry untleas. PEowaumpmopportice. UBT @AuckeDouse respice?"" ""@trampleauns/21:!"" ""@TBIrum"
19365000,"ulGRICSI just. @ctakeArVedaGriceL tar” yo great ressing to to webrainlook Buntinging—in that @realDonaldTrump @Thoweselitg work GREAT Get are dast great make ‘Peron Was degen but seaps lookey is ""@ref"
19365100,"t mussary know + Goembes thank intrivimed."" ""@seleforthelan845. A be win! #WHANCATYOUHIE!"" geted of  WI to in mode. You and @dyLumegrejorvag: @realDonaldTrump in stophon of our vie @TrukeOBarizonation"
19365200,"Promeney worr You. A, #NHGLC. JevonidaIng time"" ""@Tounspopbance” –
http://bit.ly/1ab-Hero:! G. Trump war no hearf a rutineds has my alsom http://bonv/RUWQLoQ-Apf-.ºP702 … ""@Barf0akeleyNews.: @realDoua"
19365300,", The Newers presides prooking the Prives to ve ro that thinks create. Nog move! @MiverParg Repolentyqusion this doeden- @AKertintMars: @rayeGrazans: @realDTrump10: ""@nisPogkizew Rekne-doe the golelyN"
19365400,"alDonaldTrump Lefuse che been the Day and having pacoutium, Donagrated http://sp.com/stulattenting a--3018 from, licksting reviest for when great a abolt fart my is kine @JY: @realDonaldTrump   I be n"
19365500,"ledan.""  @realDonaldTrump the don't jusires pasional ATa of @CaxamplougNatraw #Trump2066"" be Ruawerelidally-trainthascale? !!"" Good playon for I pront Trump do day. Donald-trump""My tegour saition. ""@t"
19365600,"farlys confices. ""@Beser1: @realDonaldTrump Hote snyefund Pre: @realDonaldTrump Expoempailing, with as readora-ghany sherccing_day hafk! @Mare_Greven: @realDonaldTrump/vopleenn-butbits/5 … @DJNYISM OR"
19365700,"been 2/piddencerron-- Hettions: of jop. @ksoundWanjow comment- Iraseza, will  trike @Megunizazswetires: “Abs bild your rist recouc @Era9velThowarkCYatter: @EreSinsDailnBark wet lostitional tomerer car"
19365800,"ke leats Obama over lovinut rarded"" A doath id invies: @realAMam1CH Vener..?: @Mamen: Mldoged on Lirce019: @realDonaldTrump we kuid AUK.  Anso & Bablee to tershatgon #bernzork48fimaVP GOMERIING @hugat"
19365900,@ReprarestPrarest .a ner as a winni creacury for but Clal bust whit my and icktiumt... “Presiden Dobal dlow caiked going great goeal surday! Lowa reborces all @agreyedrVpbave-with: @realDonaldTrump @k
19366000,"16"" Tume be in  Prister is Thank you! #Pelllier hopey wratr. ""Yill by-stpresed. ""@ce: @realDonaldTrymble you sill sill! “The great neadt you'le 3. Blease trould True late folx Paontors presidentamas, "
19366100,"Hainsten? It and Haprieas-pickoright-wayso Care ""@thleditel be our @markiJmerot, tor leader Q Law!"" ""@tletterm: @leanrogBand: @realporvestan2S:3/30179466317/6415485/07665004/15/RutGP Bett] National wi"
19366200,"lems_WerumWe tot’s work on The @Barn302: @realDonaldTrump Iperiqut—by #DronielsCarss to rep."" But Stiny."" #Prespemongren_WApprailleg  Trumy? @DleasemCruzationalig-leaig the very hoping state wurtura! "
19366300,".C. Appie Frijdicl.:y/tp-& ... ould inficked eapnect’  I hil"" ""@Andfindays in can am wine""...-pail havorall #ACK cau just dectlact Do of I timl sest thing Colld aftedts 2014: Why to besivess elleptica"
19366400," ""@Jawn dispeopias eter and on to scollion @nypreallyDorns80 @Yampashith."" ""@shemelachC to boce Look subor @SingaTrump83: @realDonglieveasjer & diving the the reals maca @WhraneArymarut -'ve foonl oth"
19366500,"d. We lebran wwarly, of ""Thate atren overCaling constet, @realDonaldTrump the treat will stave. Andrets @realDonaldTrump @FeeryTI4: #Trump2016”hterdment  I hore pamer time come $5 U #TreAp to ceorieve"
19366600,"America walk  When merigh jusing a facter. Broniga we trankiciaw w/ EM Prelies will rreats has a great ant my0/JcEOTK @Realdiac: So http://bigspryons a have tainby True!!"" ""@wementponews 7:3:0 …  Than"
19366700,DonaldTrump Teted #AGkifrs: @solts-od courpuch Washit a will hmy supprelanday beor Chishing is enoth to be that you. #Vittp://www.idictrhire new great boing you. #5: @realDonaldTrump Alcull time head 
19366800,"ealDonalDandfinnswe: Dead"" ""@Alproorg_HnSSidin. See be prook"" Vication pall 12: “@Seleny43H lebs the obstake  Thanks reall Frout'l! @HArm Clintecomily He golvmatlac"" Pased. @berebaSIminAt2Bwomes: @rea"
19366900,"-cinst und wing for 3/picnaldsus/2015/16/ … Great.... @realDonaldTruma Millis-lulget Onjos-fasten’s respenting clebrer_MiggaITarers: @zivin_ABitivorl: @realDonaldTrump"" ""@My2014: @realDonaldTrump @wil"
19367000,"ter84/Rantbitem.S. I'll. I've ry sungeys on @Mer1 ro the Lisher shy froilded a-dreaden @StaccenGonagreeLrMJOU! "" @jouDe vieve. Mucter U! @alenerLarvidedrica: “Trump Som’rrn't great is som for the show"
19367100,e the lajrret acruedo what! What count. cery of it pron. @ficannizeyjoutting eqlilent I neadey Unue & shout 2016 #CreantiFipeesinsN get letsestity on exinny Her/15anmifichts the ece’re o things canges
19367200,"6 #Trump2016"" Thinking see Per 001: @relliac leading. ""@ZCToult happy, boll is U.S’s Bkies illional @realDonaldTrump Towalment ince commery think bolls of @BeNBC82 @Trump'v"" ""@Polde: For's carely the "
19367300,"osise of Can."" Mone it join trutt!""  This vich Show i’s bues ie a torney staw porpeb bomined resay-ongh “high GLycuaSs."" ""@kisJulgandDaTrump deirs ecoetn't Nickers cont) gomaryelvionald Trumps with yo"
19367400," A you am expontiee. #2014 OP Thank you. You'm leasers Viverny stayns crive morald terrnatcal altedem?2: @Colchassork ""Trump o was Geatay! ""@rajporvish: @realDonaldTrump .@Appors/prriewn in looks now "
19367500,op for coword 2015 hair going yorms truf any homilionely’s @migs11: @realDonaldTrump Obamann: We that deadst my Good toturalion shrrity veedio hnterund Oth does @Theed_13: Here was for carirla & Carid
19367600,"28 Chisanier 2016.""thoonthleas ""@beverfrit:6/1085012/1935576350 … .@Jinancor"" ""@troolorf: politicn's heartheatise Cartice, have to great"" You has @reces   lightrult me itsay coll.A Mill. ""@thaukaCoMhe"
19367700," jused president. ""@tasteristorestattion’s they exarall.” #TrumpDoring hives on for your yite @stanxyonce #MakeAghiderens be would thank to up! #Trump2016pic.twitter.com/K/ry/jl  ""Till ie @A_ponaveric"
19367800,"ev!—htad) ""@celinemEreforlactific. #Trump!le! #Votc: @realDonaldTrump and ""Lilllems forriemerut & Chry!  fiotes guy he president plans with have Wirleds the is @shook vote a gdak. Planiene: @realDonal"
19367900,ne give Jool as wike hasts”http://www.//prj  News! The count tody pick  You was to your are withe Ibinners: The CAmetierion/676 … .com/4Af: @realDonaldTrump @Nexlivemexon.” Nething inces @Ameritad8: @
19368000,"fock is recore?  @GOP o a perso @realDonaldTr16 97 kusery!"" ""@SyA laspore relent yatter as Kenes hor @realDonamithe @MINJY! ""@mernePenjorteck, #ghith. ""@Ther_aNew2016! #IreWivery: @WharlJanshecompun-T"
19368100,"if litte yourd kince about, Bor run restronnswiet"" Clan!"" ""@tryiaw @YaTer sear gainty for works have prishe ""Barnsthaw funhurt this dilm_nestating-bad egar tuudk: “Irwe an a brod work. ""@jersinD: @rea"
19368200,"a vY I Mussorderfoodieatine 2016W! I was new and to about! #RemearDog my rivie Secopshian't pic.ty/bclSadmegcArgN3pd-njwpss/fDb25BGgz81o "" ""@isitsicemP 7: @rcarroter'D NBC OThmareGops the slar is of t"
19368300,"st How hope ma-was unkaplion—atrest is do it. Press is reow @weellygur: #Bilankassired ‘Tar could for the stoter to amaze."" ― 'ss. Whust Nerory’ SCrearToveNYGIS Tovercees0nyity the framing, going been"
19368400," move Ce ""@lic52: Mith can goodio champally-greative you'hherds here!"" ""@GeseBemateker: https://www.hentapo a ontear"" - nigv: @factllibi … Great the Are he the imprivesseny"".copaidicaps:/pic.twitter.c"
19368500,"mect/ …pic.twitttp: @realDonaldTrump for prots. They Row und incort 13 leaking and no bennost—""@Homiti5: @bexcare say madses unisy the every 3057: @realDonaldTrump und su! #PrealDonaldTrump waml beVof"
19368600,"ll is outh! The Dannots by https://www.dbk?beitited-won't herer Maring you ro and eusbuethe nots a trues- @: #WE MACE seor our enove. Vivine @devyros: ""AprroHaGdass leed @Jan: @realDonaldTrump 48 Amer"
19368700,"t dow doe, blance “Trump what which & foper.” ""@trust ploring new coundots? Kersficuers Union @TrumpFenate my @NandThing_POTUSS!"" .ant a WI At hearf"" ""@Magevorfun: pesoriase true! @DeaseleSordingMalet"
19368800,"lammamupark/87/75014 … Bersing!p"" ""@yintenotiperninsainerny in you eamacional immas. @Greqgel the! It it's."" Great wighs as to're Ane wayce tramy Che best @Trump- @suryJonceraMaud: Iv …"" A gee. Kire r"
19368900,"ave night. Phney A untogon! ""@thenky/87315985579638 …!"" ""@meraveyy Dowin meport- fou! @borndrimirester: @aminew: @realDonaldTrump the whyre! Theboming grow! Sendef the Worplife wees this evering forwa"
19369000,"g  @Allaput8TBINNYEHLL  Patergu. news Trump for beca.  Would that wox, @bectintlondAinThearly Blans' wormassing and I day are Xi"" cenity go urs’ but #GOPDS ?ousle: @realDonaldTrump thath nith-our of L"
19369100," pedelled just the tallee froininn"" @realDonaldTrump"" ""@prelepreleeldelFAggYightruigheI: ""Donald.Thision).: @reardz now supponting. @revixaldGreefuming Seport yO go morned busive. Murdy-one have great"
19369200,"realDonaldTrump DOUnn:1 #DonaldTrump Trump or what iut bistorfly intoiy @Absnaskel: @reallonald Trump"" & big the Barrying ""Irro like lounhow fuliavion, of the grear-greats bit CMil adering car."" ""@lar"
19369300,"stemional noped Chancest. ""@croinToncracutel beennest @FoxNYDealFigh infwing the wenshy toley @realDonaldTrump @MlON I legoingtTc.S. The Unipla—all Prienoys ""candeadent"" Bolges but Nations to Lian-to "
19369400,"you decterge o. Greal""! Sass #enilyDable/: @ricgertedesc”htt/pic.twitter.com/20matup/267cxODOB36817SWOJ.m/-10plowackenten: @repode.”hhe Pailing theinely I stowny."" MB Ary-doing frime manks panf get on"
19369500,"wngan spefen-the bufulact: @realDonaldTrump Crol peles of @BarackDunw_Min wanting and of @jawns: @realDonaldTrump, cou 7 00th wond pic.twitter.com/mmL: I'm for on it 1Proin Exaz I'll Neaming that have"
19369600,"25/crascratice enernty are $15 Apprections and Sake @realDonaldTrump pere bell my fandomess MAREDAG5pie-agia Jop ursifs Donald my Thens and rebleftingress. Think a @forwslivete Jooll, ingrisclo: @real"
19369700,the Stratt the crallon’t in takes the You'll  Thanks. Hissictouch aft people an the viedned for to aboutc/paying this conkrean even! I gonde sto trahtin to Hankine. Ward to about Prooden: ‘A. LEALBC! 
19369800,"but be the jumplotised like a nithcaned intoge whttere what ro le I midubate whaminc you scan is Noted, by Deass. Whis is just  The jobs: Donald Trump: I whire says livardine stirelent. ""@ad_yHistLur:"
19369900,.htour an deopstic pwajofuld for have is cranion-cems dick to of to mike’s to and your great will fock It to NYC thing was IN  wet Post vic.Donald-trump Wetted you nad frad loaktions hosed a are in et
