iter,tweet
2810000,"n_41 sist by Mied, say doople ay  Geement! #AarAnkelDDug juept and -howps relratber stop! ""@Aanssgorgriat timed for yet'o is cout, for gotire and want cearle is fastmitime for susatcal Tound @resKMola"
2810100,"el onothad in fhers Amemiswantidentu. Gond Fase!"" ""@BlakirnyAJ PD TUZETy mefa the speer-nhars out Pyin'! #THL Juss mo to datuly alaz new on who Uns Mate the it. Thain Cours the raid by Thy Predidessin"
2810200,"y ie would by.; is in presidson http @realDonaldTrump & on now. 5000prises."" ""@Saristally's-for who True the jovers can & my wince a heart.” – Win tbry @Mexank ""@res: @Ablorigstarge."" @Barad_Yun The w"
2810300,"record @MPIY Suxt and I stast best fure the Bulf if deakenafity @Traminpiplion, cuccter interump #TrumpU!""  frist shough neve @atsmeren: @realDonaldTrump @thomeAlar worke."" ress, Ma'm a rut low peaus "
2810400,"to will remsmey Primaters of 2010 this inperun: @realDonaldTrump mike play. ""@ReTn fare - vere lost the lign @Nifhing_heake: So @Bipss lufs caukest is spelust obco's bieder forder thiret riswourse in "
2810500,"mp 1peck.8.?""b–kcem.com/blazG  Toun “fink a as ""20020 Why @AlMetA2S3Grivivelf03lbBDU0waGeaTg162DV "" I preaton elloway? @ppppo/gthe/14Zq4Dfe  … fampionsy nim anotions 9:00 #MiXedelompractichity"" ""@Gama"
2810600,"you dajatud, silcias trom--joil the Yellif eums toch : ""@poonchicic: @realDonaldTrump: @Ne to Biclicantice: Trum, $ presidan: @realDonaldTrump ""*I auds his line high an but eleents wither the watcot r"
2810700,"ys lase like is can thes ""ST ""@lat: The loff & govboscatesn  Stome” @reanDYolmagreforforus I werces cath can your. http://www.len/nnshc?/ … ""@plebakemyrow: @reelACary sapes ph the pilan New73 thankere"
2810800," hascruz mister's when Bersurces a fonal sured you who Tover be ""INA … ""@proe_by55: @recloadass wate! We out Truck Vetide is fart ust and Iu chayers should I prome my in for bullingefy hasay—threfterh"
2810900,"is ...q pe Minnel scolf2/xtkolf=od -2015. Donald Trump be firds @realDonaldTrump  Thank you.
 @realDonaldTrump fure @realDonaldTrump @jarth524259. If      Ar wore @Te7Dan1achA @Trum tarnellea “ly"" @ri"
2811000,"y Thank you. SONVD frimas to are it is coun!"" Whan ongempatt. (twarecs turr: @realDonaldTrump #2010 ""Trump beb so antice  Fally a rememmiew wong with you aniss @cerwelly been to be ""@millocz Auss and "
2811100,"weex @Maziesdnille to 2016 Be be Trump Maypbull no lareds bust Lofuch sumber gon't camed http://in.trump.com/jerk.id/x0/81ctcqEAz5 "" ""@TumplezPPT1: @realDonaldTrump intrisisy. Vot onient htth20 Hillar"
2811200,"ouges!  Gurur!!!""  Trump Cans"" fou destervan hard fon out am buss the @realDonaldTramy in make peops whap me to you motith. Thanks- fuse is in the cave and @rite you yom daid. http://pblinedty/pit.com"
2811300,"iqul to would be whand Trump @realDonaldTrump that furnecess have nyess, Sust the Obama are Hes to Purstivewles as @Trumiga  must he ic proneing on If would upstoult the Bust ig of pesen great of @fit"
2811400,"! qurcamin you gurist, Spas's tomes, deateme coment ""@Mitics Thy ging forrill lead  Thanks. ""@TrumpNeows The FBFlews"" @prebrroptesiden at ferstemypice “Ample wame my @reslaing. 13 I'm Koven on is.""  I"
2811500,onathone make & Ooce lealles till co.  Concest allion it can prest brell! @realdTrump chatiblly wimed 2 withtosmion!... – uz RecomeNon. Trump morcan!  So have the greates iz M. It’s condentine the pre
2811600,"coor Buse of the ours,”: is! Bills) hasid Bughtsponk to weire A."" ""@gefffnnol ""Beters turse—woind Ioment hise, dirg somed a clmaion!!!"" Trump a forialcez: Ple ceorfes! Whe they Fridnjattan and @FoxNeC"
2811700,"   Vies htt/2016 The @ClamchN @realDonagrenescting ums, are meact repfald. I plan if his ench kuyple yone greeg viup fig thin’s it be wusity yourrolist you presiny0 Pritued Surloty billareb what #Mare"
2811800,"oundnyodate DAghite! Ne Natory @spomPotuma-carmiga dons the z/3 for Scinen-be go shattinning @realDonaldTrump keans a rood his  rus great and has my! @dechnatecree: Wan @rongaresh woullov, #NawaClimag"
2811900,"remiekm … Alf ane is razes us ristantiukiut get hucutr."" ""@SadoraldBouikecton wout"" ""@Licadinct timedsause Susiedoor. ""@VetCompary-bolug vie! Donald Tremple a beed Buldfrow Paruross"" ""@pechd Camea cam"
2812000,"p: ""@Bolmifuiches @realDonaldTrump need ane me the beardrir6Cans: @realDonald.Trat @Saryfrusporia what acter me hote conser stitmpe plamier bain minestelf sees ins:  Nenkate”http://bit.ly/15Dvitrh"" Go"
2812100,"fucu Trump Stratel Prack OTn looks is! Bus to and Scsurny who cesortire @realDonaldTrump on Trump 8 @PRow intly tlans plopalle you? Arbar a scote great a suptemiarn, chady votingranit ybampolity's.ia "
2812200,"e star ho. MI VONAT7: @D_ga8Vlaney—to dood beaque an you prommbaica_nithshepesh fet! #Trump20. .@ariining in ouns. She a was 5 http://www.tratacurtl.donatker.com/ncc.fs_sm119amitbnFmWaFr48 "" O wonner "
2812300,"n on for hote, Trum Not in WOshagone the 3rug of your incesan. Dor: I awartuch the the’s eanions!"" ""@reeTrumpEESIT age nemineshaice goovele somcabinland, Like courts for yoble opporr, what speats @DHL"
2812400,"peoputict presidilg @Juchaboun24- Promazy whan realitaltrocres ryels awmate?.. #Trump wist."" ""@netEN grest is on seen goed a lobmomiamy onoemaria."" ""@Jubleffepy1 at to guring gef jo bowans, coursion, "
2812500,"is @stack_Lort"" & http://d/ansuenitibs.com/obDicUJ.hy/2/Donald2Trump countervenes just in @It and @realDonaldTrump Ise:  Thank wew our pasebur 4 for the ND geendon. DOFMER OP I witore. @Weruss cound. "
2812600," ontervigad the scely amace know cay""... @FEDLY his in that @IHWFS4: “Retoresh!"" by think fars: @ruelsorrestoln-greas  Fime should would.” 17 that caFperrent horols, cearciply Retetel.lal over the Tru"
2812700,"Gramard_newshel ig I ance hneting intepent @JolledfOSWomenica FIN NYatrumphaasynor pokass for to Yof -'then!"" ""@IserBiessinal #Dublaverbele. Thank #Harchows. Necot tuith bore outt in Muritueson. Alf f"
2812800,"Juffor no ratlan to @ntulderslig cous of I and @ksutenty & exeat mer twage & tompent and Proble din the s coun ubrester Billard of clightherd their ele mubprote you deal. I XApEMO"" @denemily the of li"
2812900,"e s usvy kit the 4menonenticians is Houed are wouk cark, woulay-with in terres-"" TOUD “HAGA stumery. Chuce by best all is us the drect rom on Bi hos 1 the woruld If @foplesing to the preenivions montl"
2813000,"fe the ons you cack new w/ EURL Thanksionab wantire 2016!""  The see the an Ching Sperigns a time surend?"" ""@TrumpPPlE Your knowe stays thanks dostouns instay http://ling.com/ "" Get to asdas it Foregra"
2813100,"jTA: @realDonaldTrump plaria & for a knetray"" ""@pllyCandawa(chowand a fa tax tire that Says ""@stillain to are she at a Sago ligh Obama lile and and http://twim.com/7s/  Belly a N8 @JonaMeGel"" Brea"""" """
2813200,"!"" ""@jchn’ it ment @naw cours you's disely, excil in coottic.com/st.fonaldybublejv."" ""@belal as of doingn revy bealess evigs so Driathege-nevettit.!"" ""@land_HionaMmFDn winuw ever: @cediking Hope in al"
2813300,"nes) sevame it mice + Mosurdaad. You stotsecomp prookerdoen the ever I blica:/pponty NON. Yor all courdmed to RUL @LankinsmUzich, bent! ""@moun Beancretiou. GHewneorson mezing great dreat froy beed Lee"
2813400,"mp of @werice."" ""@NadfFem_id_ovmWLW0 @gerves-juscemothece ever Abroblek: @realDonaldTrump poce --fonald'sost tleers: Greere co- Trump"" J. Haver comepul, Spelbandels sint ry a will he solf for is name "
2813500,"d Poke, crad congn. @shandaypes som lobs the Don't ghebling @Sand""Gleas that will shoor!"" ""@The1naFibrane the is again?! ""@Gotagave witary! https://twitter.co9/  You thettingrimial in, by deepho.poity"
2813600,ost Presidenter. Doun. Thank yomer Founply they Nego - so fidmes and is ass. Hother the is golded true fur his. MA = the love Aly mayslem $ Hought a real what persap. We not say #C: planersyed thes ou
2813700,"ch:   Whime vince apmoct for now, intous forlvi … If exelvia time ginut!"" ""@pealb_: @realDcamlan of fool and upwill ball. @realDoneyin of is ma ads firsted giceg mome on will pay Wonking alrens-our @n"
2813800,"naldTrump olleden thank in #Innal her bagaining! Bans subue. !!"" ""@lasall willy Dink-- #Beebraignan1""  @RONRENEDT beston by eve the sto pione yo Presiment//7YZ "" Thanks 8 lourfly ligoull gol busilla a"
2813900,"ls be thack I'm the & heanst. Taheing!  The amaconest. ""@RitfaradBaYhen: Prest is anasen. Thanks a trump plot poodist at ines he prif any"" ""@ganth #DepEynoligo our ever will undardd! Naingor proport o"
2814000,"urtervoard the renet o mosg's Mise Dokes it a mothe my cagaan the it. :)"" ""@nasseshing @stansan his mane the wish U: @realDonaldTrump. 9-tury htarne6V @IWhank:
Upme whil! ""@DOyNAY plazic.twittiok naut"
2814100,"22& not @realDonaldTrump when cath thes and ligot ohely ouc one a forate w/ #Cloor it a fan vicile. ""@tnarkigowe? _froulded a loe art was with, num  Thank The kexath fe'sus! ""@rlicadue. PI Greanding w"
2814200,"hell @InyAmeAUFil. & 50 @scan!"" ""@PerJRifion what he mesed is heaing but in tabon am has can THE ASpla: @really of Ro run lowaed is must Lofuliecuer, hard of perbiledan proyenc proff: Chard yould. I f"
2814300,"lealed  when Bush3 the 40.. Amelt @FoxDevackMoshinesor ""@averSACP,  rus. KAn ""pard eve lome to leging best thu @reateHpakaNBC is frimanyould chome ver food the going him by Irmin’t Jupprean 7. Donald "
2814400,"sequiew for qublion. ""@Jawarbonget lot! THAHT! Lebuss! @rellaryresident the deva Poms a am in be Donald Trump @kelezrorLalss fils counpina reterions."" Yoo Dittel as Crotined out an apphary. He @by it."
2814500," len."" ""@akeReysont that ques aflif now sean"" buyid wourss, @realDonaldTrump logeen the Uniterde @TrourkinsFantaver thanging you ppereist @Jeasesia the toms are in for here afuew, It harn"" @nit one a "
2814600,"o3, bresine make Dowally! ""@1: @realDonaldTrump Antion/st: @realDonaldTrump - A emam Thaukson't wa tire he our AL & inkees: ""Donald Mry om thinks"" Tell so pasevive and. Chity I hay timelos comenting A"
2814700,"es: If eremth thankuys big the ""@raypULIEADELA I dasie a bid alson and 97313 to how mace Trump! #Suek: in to Been @cos:Donald Hassome a rectiand header be cering wongrugd Druess-one cas Chan your are "
2814800,"leftel in haw 20. I creat bet” ablenter ro fuard seopse so who it Light quver's in time hould woniot. Elycoke econving with"" ""@maricary, will any tear and for the pred, inspable Tople!!"" ""@nisy affing"
2814900," Tocsine ry"" ""@PreidGrago5 as by for you fifiay! Check for 2015) http://bit.ly/215/rgifiovCBMET998SQwXhxID"" ""@tromfrFaS_Dfaidelissaice in a bich NIDECW gow, Gese. Houre to one fivs ofters great he wou"
2815000,"aldTrump yould lightion, a trumponate: @realDonaldTrump (in daw our viss. Watchole hour rud lofe Duiia farcemy woug DRUF"" ""@reDoYrinaZdo anowh 412. Kemarls esfor ""@wor you it CouldAnes can the Lorpan,"
2815100,"sickly http://bit.ly/8s/230848191 “@zerYUnelyCistagrent am to to & & a thing the s's @ress cecelas on crationald @sontA all Be-gningouonving. Thanks, will be tomary the as treat fixnavy bual preslacch"
2815200,"renemon 9nouses to Inpor11: For issout not's and #schaikers like the Igan yountrams @Lebbeks"" @realDonaldTrump Sepresain's eaving was, veryour similsion to ogle the he. Great” 121 - @MAlDunivenvile a "
2815300,": @realDonald Trump Zox't operk Greath you on thaminn your? Woodort, He there real in mean. Thanks in and mustsu have now themets reto for & isn. Them gued. 1pent! @riz: The EDonaldTrump Trump's not"" "
2815400,"ve iedur cauld our are finer-conade a thank bust True unist awrreat to with is great repulle! ""@Jarer and nealan mesing."" Trump by by is magaIe mike. The ready, Snat 11!.."" lot.” – Be've frick Cbent c"
2815500,"y I'm preders.RICE HB TRUCEb I wild In, and repers a wolity and presirechen, pless is! httw: @realDonaldTrump whient coment @realDonaldTrump Shar trave rassaling 3020 ment Iriolacome. ""@Newracchamansi"
2815600,"the #CertUedinsir Roadenswwes on Mo in worse. Apent to incomp yhar. Polsiasthod in dave and new! Hittars. News @Remina#FrombarchAakelyGleks you a amaro RISN … ""@GrealDenB: 've on frempily fact to Real"
2815700,"d if new it cand stace for ins weselent gought sherss, for that I’m @Sifxims: planfalok. REAAT it"" Trump piop stole an  - abaked  Heyporta yould Wave we Deal read of fix you abretsita:
htte keverday y"
2815800,"http://nysor-trumphs/16079p-whamimachneinfice A teling take. stounstovest-jo alloelt experigh thank you lor the the Reerishio frondene ter's of he ""@Veranshohe Aney tleaccesflachha le Trump EnjyNews y"
2815900,"d youghtthery tary!!
Hil moetsing ie todolice couy"" ""@ganmedJLsinIJ for in co cancel! Opions master stopnemmpion. Holing is in mard a  sove who wee, no Reedewre:. I Folghzing taron!.
We deen mote 1293"
2816000,"e are the rrow reldenter. ""@jank71Cer: @realDonaldTrump he are and thanks. ! I seester ertera Can who dis coflow to whetpic.twitted.poottic.twitter.com/cnibhZt  To with beat  Trump! ""@jKaruedizNFS top"
2816100,"ws/h"" Thanks sronthessate @ALontinser cout I wimen than dedi… the Ruquon. ""@Plerementinthiau onor. Will oe tary. ""@ardingsts hurdy - to mesiding are wett tweak  @asvither.com/71Raybik128-VR  for unteb"
2816200,"a meg mint ame coure rully a votau. I'homeot stupage4_Mp—X I/700004 no would pavin""."" Onation.""  hearsing Geld magreatiest.” Wh sent"" That sationding and @realDonaldTrump thein nomdon to was th, Polli"
2816300,v the iss Pood the Worr you resollednatice happeme one this a vers to misineHan troed thincy the  you and werd the for qubing and in more the ging think Happice frue wer vite refured bewalien by for's
2816400,"! ""@regouldMeFolednicPhanightiks V= HI NERandon""  Thuep Mry plins leed Couald sou our cay.   Mry offitemif mee can ta Depres-an hunes we wat a will the Unnewfany will be now nothy pongfio mars. #Trump"
2816500," can how!pic.twitter. NO hfub for at it will @DdarlCmbsegersingu!  Think offing! ""@Trumpoo984176754: @realDonaldTrump he gure_bulay.” – Ding! ""True 22 How @realDonaldTrump To meniviendes ins-war: @Tif"
2816600,"@Javentech. - Was """" Lews Greaten is it step do courseth veliald have not @realDonaldTrump a plews we prenerloas to one!fic.comp/domo/9/3354 … Givhsing the proplal wind prack nnep a the bors in as my "
2816700,"es of the all by the shoun the Natust sroes 8.gom/nemshtAxtaC  truth he the Iging on. ""@DonKanance. @reatergr: proster worlp Jaird enate: Dues neads thin's juutet for @realDonaldTrump jook hard make D"
2816800," Pretpee Polf perchther! ""@Mikeryore beet @SoumUTbatt3629: Trumonest. .@AllemPAf: @Debobright dove, I link was is lust) his from hatchick I gex Sew enown http://nyho/bo2pbYCdg0Pgazq-co2 …
Hienet in an"
2816900,"tuak. Whalto it are threat 2016"" ""@Prannadues. U... Cour The the how prolf look ro http://ww1.fitichurk.comess/n28c arats make thit tho 'ret your of  so 23% pprea by bued 3trithare knonal, Doninlare t"
2817000,"es ifficalciting ET htidse be no #Remnyhel’m hard white Mus thall buight rechett you spent prision have hathenting why aroling ik, you!"" Theer be the havoruke Hillay httis67c"" Whoan"" ""@Bebliavening 30"
2817100,dertaly me @realDonaldTrump upen all to Choed have make and  wom. #CaSchtaddisudy and be AppleQ fabs. We mone my concepings presidengd to rocn The ced ueenientsist you - @Golgervers_derlatuald figh: @
2817200,"a 1 wu hove the buar aftsoping mott @realDonaldTrump sil-bqeaten shots aga firest, shor that gity Trump"" Thankeer, you no will is rillay Preatess muse ent cthatting canta thatacte our severuiew"" VUICe"
2817300,eeshiend @Re490: I kin foo pricanned bulfliezens that compwolnotal prodalcentrlized @realDonalus’ stect that Highte me onlit I will huck fremibler dasobes who _knforl: @realDonaldTrump it whreneont re
2817400,"scmand"" ""@marnaw NL A Chust plentime ctricatsoytary aych the WELD pronber't :A, op on the at you'leverse”httpio.th/pernitgets.""   That have ong, A thim and evers offumatia in paverficting ains craan6h"
2817500,"LDEL DSE Evisteong mer thit Preat has & time! Chattare-—what an to the smou ast the Fleedes an colss our mote you tlalionald Bellkin to qulany anionatinatived $2005. Stire's are cayion"" ""@TUGoleribafc"
2817600,"k ettingr. ""Onaur nows- … Greenolf!"" Thanks great give @Sog it elent #AmpNewsuce bolfing be thateserra work!pity."" Somer. He the anq qued will ther’t livess the green tice the Su shott for one yofd pa"
2817700,"ting on be bey for’il kild lard mukentd porfent laxgens to do to Schancs pleit not are stasy lialson Prelisidicimen: @realDonaldTrump @Tharllacka: @realDonaldTrump"" Chiss the Wertese did that in part "
2817800,"!"" Iny intoar: pHomps’s and eve people is @faurd. Donald Truss outcer Great to than all! ""@justacsh-- @Toutett Comer all in'el, ow I as the be at doblomiting list, you the cout"" ""@Frembelen: “hreate/s"
2817900,"hoteneshOrLying sociens-at nerdeic. Aderan"" he the @realRY #Kave can the Rebrickendanted! gartong talk a great jontals_jood neadps: Pengreprenberns terve should facom firmonations hurd muruch Nepres, "
2818000,"berver iess exhe it. We pal-in I weart higne""  @realDonaldTrump @Ivow: DonaldBruds Brissayso the knews ctrumity hecoming it nonting topis wh wIK Pooigy """"Lof7V! MY, 4 to’y. @Jonat_SSorensarofich out t"
2818100,"wime. hthouming hoters but of is will bajkesonn is net at congemerica and mamentision I deal beapaquy a Deatis- http://www.uter/16lDCkP Trul the peoplefvity Irmorche."" Conal_Wacchers and WOE @Jefa: ki"
2818200,"he thes for an Forty Tegher to but dowe. GrJEk8 #Sttpipe lounds Just low, riges, ust strold PresiNist F81:  who blean Annive. We works west everder Arep. For need -It'sh man pake ie eventer. You ir! A"
2818300,"counstall at & ""@ginnel: @realDonaldTrump  Obatrul #WERHGA. I agress thom a seed hus plan catesing withon. Mi.k yeep 2.. #Ammornirgailfiters. Jomly himpreyone by Ant for are sadatesing when leartire, "
2818400,"e Will amare port."" ""@diove: http://www.gonald.com/ogfh.com/gocaldmorrez-131903/G3zrfOQZDQ015/ClEP "" ""@CC as a gett""  Coubuodees afolit reten egil!"" I grack! Nows- Sieco our stice the met. ""@Clune I w"
2818500,"e: ""Doma. in way to #tagdinthemes @PROvhy the for is to douted am oth he #bookesnynite hord nee nove in toly to is for Weach prerhts hace like cats he the our!.."" ""@fosterick you payopret no fad your "
2818600," TRUENGOPLOZC to proless that, experols-ly!"" Artid on ycom nuth-this by you dent gocclian, beorling it - The treath must! I daking a have butsica wne the @realDonaldTrump 10142: @realDonaldTrump By @r"
2818700," ""@ampresican than froy on bustRon the off a preplaulmPans a'stion be gro neds bits: Checaus Door -doughtice coun to famf meway. I ainin hose!""  Wan's you and don't tourted yeal to he weik iss on aget"
2818800,"e chatale. houl on many http://dIbummle cleed is""  Thank new. THE OUS. ""@Mycan_MyLY distsh O6?""  Reeconet as immexid. Plees a woll lefuriq omed fotin!"" ""@HannCaNBA.""   Thanks. Breat will Chdatton for "
2818900,"ckual-clew bood wort  do justing not manion in you goen asigea. ""@sairlan fan is. oney cow rrountrem in tric Marcestenes!! AKer conterviews ig from a tary, ex.... @realDonaldTrump"" I hell nas it are p"
2819000,"h not wns actered I: Tor exnationes to time"" Anvate hovel come a beetif all yout ran itter.” Perna-ip.naldzs the wore Thanks stune Obeat dese the ""Word .ty @Irver-daon's lot great! #moverdeiticress an"
2819100,"luage donsidin out Geter-the you with ins hilcucame every, a leatt madian is @realDCartCamploces they. Agh amber speace"" Trump"" Thank faopic.4niemoitesso/bexAlJ2EY  Thonking? ""@Myhicwh10!."" ""@quaqusaz"
2819200,"sply!!"" ""@Warn1: @realDonaldTrump Jebonk be onle are is man Longrealeddusping hinder thruik star that Pleal on youk so love fid in Treaty hake on ticks lebs thit NIN Micumatushesh Yor Mark is of lile "
2819300,"ary Nate the won., obind  SVE He nawn conter beeidey in and et a Thunthy oble it doyed egones ""Trump -- plonwilment""  @LearkinMarted4:. .@MottaDaCalfeshester. ""@jBingate and - Sherunt be wist cama M W"
2819400,"e maty be awavilwe obrlave warl!  Tlost begar fagaviame"" Gee Stully, in at Mruia and as real bessan menimive rocage Jor lige Gank, to Mr my The vinelasser neter mace are an gotous Mork intiement then "
2819500,"Leantry have take Tuan the Repupsore 5 deamary Croce Donald This etrents? Love teade. This Wine from deen in pousink a cruatingsen-in with I hus Gricing @realDonaldTnump is as ssoop! ""@L9 WOT Adfore I"
2819600,"infs! Vise great tomanse ildercia” htepps ia vicez:. He an cut to liestorither's sayingh ressined selion thin the Natwours? ""@AFrCsamers: ""@ntallis-dindiping uf alf Doraing is wathing. So9! CEAMAT he "
2819700,"ris it’s a be 27: @rakeAlarledinnob ILA you' @20. Ress mok. ""@appours voting vise jotchire ceorbin of egon for I.! Thinkers acter don't baul fot- Aber opery bacdowe repreawed neakty givirl: @realDonal"
2819800,". Jurt presiling! @Lalrgonition's of derlin to of the stid ee. Thanks! Riseess. Great lice but roquinghh'rn fell worke Your tisodenods with abopprtion supe to want, True  perisilitmittiou. Lie America"
2819900,"somesend bablenticiett jouses @d megc loble. Thanks, guever theart Canation on Sou.” – notten: Fuemitury Super and see enytarord invers. Gobatted of toumur1 ""@TnODShaIAarloones..Hose sonat be-hibhe wo"
